[2026-02-28T08:44:20.713+0000] {processor.py:157} INFO - Started process (PID=174) to work on /opt/airflow/dags/dag.py
[2026-02-28T08:44:20.714+0000] {processor.py:829} INFO - Processing file /opt/airflow/dags/dag.py for tasks to queue
[2026-02-28T08:44:20.715+0000] {logging_mixin.py:151} INFO - [2026-02-28T08:44:20.715+0000] {dagbag.py:539} INFO - Filling up the DagBag from /opt/airflow/dags/dag.py
[2026-02-28T08:44:22.284+0000] {processor.py:839} INFO - DAG(s) dict_keys(['pagination_dag']) retrieved from /opt/airflow/dags/dag.py
[2026-02-28T08:44:22.478+0000] {logging_mixin.py:151} INFO - [2026-02-28T08:44:22.477+0000] {manager.py:499} INFO - Created Permission View: %s
[2026-02-28T08:44:22.489+0000] {logging_mixin.py:151} INFO - [2026-02-28T08:44:22.489+0000] {manager.py:499} INFO - Created Permission View: %s
[2026-02-28T08:44:22.499+0000] {logging_mixin.py:151} INFO - [2026-02-28T08:44:22.499+0000] {manager.py:499} INFO - Created Permission View: %s
[2026-02-28T08:44:22.500+0000] {logging_mixin.py:151} INFO - [2026-02-28T08:44:22.500+0000] {security.py:708} INFO - Not syncing DAG-level permissions for DAG 'DAG:pagination_dag' as access control is unset.
[2026-02-28T08:44:22.501+0000] {logging_mixin.py:151} INFO - [2026-02-28T08:44:22.501+0000] {dag.py:2915} INFO - Sync 1 DAGs
[2026-02-28T08:44:22.511+0000] {logging_mixin.py:151} INFO - [2026-02-28T08:44:22.511+0000] {dag.py:2937} INFO - Creating ORM DAG for pagination_dag
[2026-02-28T08:44:22.512+0000] {logging_mixin.py:151} INFO - [2026-02-28T08:44:22.512+0000] {dag.py:3696} INFO - Setting next_dagrun for pagination_dag to None, run_after=None
[2026-02-28T08:44:22.532+0000] {processor.py:179} INFO - Processing /opt/airflow/dags/dag.py took 1.824 seconds
[2026-02-28T08:44:52.770+0000] {processor.py:157} INFO - Started process (PID=186) to work on /opt/airflow/dags/dag.py
[2026-02-28T08:44:52.772+0000] {processor.py:829} INFO - Processing file /opt/airflow/dags/dag.py for tasks to queue
[2026-02-28T08:44:52.773+0000] {logging_mixin.py:151} INFO - [2026-02-28T08:44:52.772+0000] {dagbag.py:539} INFO - Filling up the DagBag from /opt/airflow/dags/dag.py
[2026-02-28T08:44:53.236+0000] {processor.py:839} INFO - DAG(s) dict_keys(['pagination_dag']) retrieved from /opt/airflow/dags/dag.py
[2026-02-28T08:44:53.267+0000] {logging_mixin.py:151} INFO - [2026-02-28T08:44:53.266+0000] {dag.py:2915} INFO - Sync 1 DAGs
[2026-02-28T08:44:53.280+0000] {logging_mixin.py:151} INFO - [2026-02-28T08:44:53.280+0000] {dag.py:3696} INFO - Setting next_dagrun for pagination_dag to None, run_after=None
[2026-02-28T08:44:53.313+0000] {processor.py:179} INFO - Processing /opt/airflow/dags/dag.py took 0.547 seconds
[2026-02-28T08:45:23.582+0000] {processor.py:157} INFO - Started process (PID=207) to work on /opt/airflow/dags/dag.py
[2026-02-28T08:45:23.583+0000] {processor.py:829} INFO - Processing file /opt/airflow/dags/dag.py for tasks to queue
[2026-02-28T08:45:23.584+0000] {logging_mixin.py:151} INFO - [2026-02-28T08:45:23.584+0000] {dagbag.py:539} INFO - Filling up the DagBag from /opt/airflow/dags/dag.py
[2026-02-28T08:45:24.032+0000] {processor.py:839} INFO - DAG(s) dict_keys(['pagination_dag']) retrieved from /opt/airflow/dags/dag.py
[2026-02-28T08:45:24.058+0000] {logging_mixin.py:151} INFO - [2026-02-28T08:45:24.057+0000] {dag.py:2915} INFO - Sync 1 DAGs
[2026-02-28T08:45:24.068+0000] {logging_mixin.py:151} INFO - [2026-02-28T08:45:24.068+0000] {dag.py:3696} INFO - Setting next_dagrun for pagination_dag to None, run_after=None
[2026-02-28T08:45:24.088+0000] {processor.py:179} INFO - Processing /opt/airflow/dags/dag.py took 0.510 seconds
[2026-02-28T08:45:54.321+0000] {processor.py:157} INFO - Started process (PID=219) to work on /opt/airflow/dags/dag.py
[2026-02-28T08:45:54.322+0000] {processor.py:829} INFO - Processing file /opt/airflow/dags/dag.py for tasks to queue
[2026-02-28T08:45:54.323+0000] {logging_mixin.py:151} INFO - [2026-02-28T08:45:54.322+0000] {dagbag.py:539} INFO - Filling up the DagBag from /opt/airflow/dags/dag.py
[2026-02-28T08:45:54.713+0000] {processor.py:839} INFO - DAG(s) dict_keys(['pagination_dag']) retrieved from /opt/airflow/dags/dag.py
[2026-02-28T08:45:54.738+0000] {logging_mixin.py:151} INFO - [2026-02-28T08:45:54.738+0000] {dag.py:2915} INFO - Sync 1 DAGs
[2026-02-28T08:45:54.748+0000] {logging_mixin.py:151} INFO - [2026-02-28T08:45:54.748+0000] {dag.py:3696} INFO - Setting next_dagrun for pagination_dag to None, run_after=None
[2026-02-28T08:45:54.768+0000] {processor.py:179} INFO - Processing /opt/airflow/dags/dag.py took 0.451 seconds
[2026-02-28T08:46:24.997+0000] {processor.py:157} INFO - Started process (PID=231) to work on /opt/airflow/dags/dag.py
[2026-02-28T08:46:24.998+0000] {processor.py:829} INFO - Processing file /opt/airflow/dags/dag.py for tasks to queue
[2026-02-28T08:46:24.999+0000] {logging_mixin.py:151} INFO - [2026-02-28T08:46:24.999+0000] {dagbag.py:539} INFO - Filling up the DagBag from /opt/airflow/dags/dag.py
[2026-02-28T08:46:25.403+0000] {processor.py:839} INFO - DAG(s) dict_keys(['pagination_dag']) retrieved from /opt/airflow/dags/dag.py
[2026-02-28T08:46:25.425+0000] {logging_mixin.py:151} INFO - [2026-02-28T08:46:25.425+0000] {dag.py:2915} INFO - Sync 1 DAGs
[2026-02-28T08:46:25.435+0000] {logging_mixin.py:151} INFO - [2026-02-28T08:46:25.435+0000] {dag.py:3696} INFO - Setting next_dagrun for pagination_dag to None, run_after=None
[2026-02-28T08:46:25.453+0000] {processor.py:179} INFO - Processing /opt/airflow/dags/dag.py took 0.459 seconds
[2026-02-28T08:46:55.688+0000] {processor.py:157} INFO - Started process (PID=243) to work on /opt/airflow/dags/dag.py
[2026-02-28T08:46:55.689+0000] {processor.py:829} INFO - Processing file /opt/airflow/dags/dag.py for tasks to queue
[2026-02-28T08:46:55.690+0000] {logging_mixin.py:151} INFO - [2026-02-28T08:46:55.690+0000] {dagbag.py:539} INFO - Filling up the DagBag from /opt/airflow/dags/dag.py
[2026-02-28T08:46:56.225+0000] {processor.py:839} INFO - DAG(s) dict_keys(['pagination_dag']) retrieved from /opt/airflow/dags/dag.py
[2026-02-28T08:46:56.255+0000] {logging_mixin.py:151} INFO - [2026-02-28T08:46:56.254+0000] {dag.py:2915} INFO - Sync 1 DAGs
[2026-02-28T08:46:56.271+0000] {logging_mixin.py:151} INFO - [2026-02-28T08:46:56.270+0000] {dag.py:3696} INFO - Setting next_dagrun for pagination_dag to None, run_after=None
[2026-02-28T08:46:56.301+0000] {processor.py:179} INFO - Processing /opt/airflow/dags/dag.py took 0.618 seconds
[2026-02-28T08:47:26.563+0000] {processor.py:157} INFO - Started process (PID=261) to work on /opt/airflow/dags/dag.py
[2026-02-28T08:47:26.564+0000] {processor.py:829} INFO - Processing file /opt/airflow/dags/dag.py for tasks to queue
[2026-02-28T08:47:26.565+0000] {logging_mixin.py:151} INFO - [2026-02-28T08:47:26.565+0000] {dagbag.py:539} INFO - Filling up the DagBag from /opt/airflow/dags/dag.py
[2026-02-28T08:47:26.983+0000] {processor.py:839} INFO - DAG(s) dict_keys(['pagination_dag']) retrieved from /opt/airflow/dags/dag.py
[2026-02-28T08:47:27.005+0000] {logging_mixin.py:151} INFO - [2026-02-28T08:47:27.005+0000] {dag.py:2915} INFO - Sync 1 DAGs
[2026-02-28T08:47:27.017+0000] {logging_mixin.py:151} INFO - [2026-02-28T08:47:27.017+0000] {dag.py:3696} INFO - Setting next_dagrun for pagination_dag to None, run_after=None
[2026-02-28T08:47:27.037+0000] {processor.py:179} INFO - Processing /opt/airflow/dags/dag.py took 0.477 seconds
[2026-02-28T08:47:57.284+0000] {processor.py:157} INFO - Started process (PID=273) to work on /opt/airflow/dags/dag.py
[2026-02-28T08:47:57.285+0000] {processor.py:829} INFO - Processing file /opt/airflow/dags/dag.py for tasks to queue
[2026-02-28T08:47:57.286+0000] {logging_mixin.py:151} INFO - [2026-02-28T08:47:57.285+0000] {dagbag.py:539} INFO - Filling up the DagBag from /opt/airflow/dags/dag.py
[2026-02-28T08:47:57.692+0000] {processor.py:839} INFO - DAG(s) dict_keys(['pagination_dag']) retrieved from /opt/airflow/dags/dag.py
[2026-02-28T08:47:57.716+0000] {logging_mixin.py:151} INFO - [2026-02-28T08:47:57.715+0000] {dag.py:2915} INFO - Sync 1 DAGs
[2026-02-28T08:47:57.726+0000] {logging_mixin.py:151} INFO - [2026-02-28T08:47:57.726+0000] {dag.py:3696} INFO - Setting next_dagrun for pagination_dag to None, run_after=None
[2026-02-28T08:47:57.746+0000] {processor.py:179} INFO - Processing /opt/airflow/dags/dag.py took 0.465 seconds
[2026-02-28T08:48:27.979+0000] {processor.py:157} INFO - Started process (PID=285) to work on /opt/airflow/dags/dag.py
[2026-02-28T08:48:27.980+0000] {processor.py:829} INFO - Processing file /opt/airflow/dags/dag.py for tasks to queue
[2026-02-28T08:48:27.981+0000] {logging_mixin.py:151} INFO - [2026-02-28T08:48:27.980+0000] {dagbag.py:539} INFO - Filling up the DagBag from /opt/airflow/dags/dag.py
[2026-02-28T08:48:28.391+0000] {processor.py:839} INFO - DAG(s) dict_keys(['pagination_dag']) retrieved from /opt/airflow/dags/dag.py
[2026-02-28T08:48:28.418+0000] {logging_mixin.py:151} INFO - [2026-02-28T08:48:28.417+0000] {dag.py:2915} INFO - Sync 1 DAGs
[2026-02-28T08:48:28.440+0000] {logging_mixin.py:151} INFO - [2026-02-28T08:48:28.439+0000] {dag.py:3696} INFO - Setting next_dagrun for pagination_dag to None, run_after=None
[2026-02-28T08:48:28.475+0000] {processor.py:179} INFO - Processing /opt/airflow/dags/dag.py took 0.499 seconds
[2026-02-28T08:48:58.714+0000] {processor.py:157} INFO - Started process (PID=297) to work on /opt/airflow/dags/dag.py
[2026-02-28T08:48:58.715+0000] {processor.py:829} INFO - Processing file /opt/airflow/dags/dag.py for tasks to queue
[2026-02-28T08:48:58.716+0000] {logging_mixin.py:151} INFO - [2026-02-28T08:48:58.716+0000] {dagbag.py:539} INFO - Filling up the DagBag from /opt/airflow/dags/dag.py
[2026-02-28T08:48:59.111+0000] {processor.py:839} INFO - DAG(s) dict_keys(['pagination_dag']) retrieved from /opt/airflow/dags/dag.py
[2026-02-28T08:48:59.135+0000] {logging_mixin.py:151} INFO - [2026-02-28T08:48:59.135+0000] {dag.py:2915} INFO - Sync 1 DAGs
[2026-02-28T08:48:59.146+0000] {logging_mixin.py:151} INFO - [2026-02-28T08:48:59.145+0000] {dag.py:3696} INFO - Setting next_dagrun for pagination_dag to None, run_after=None
[2026-02-28T08:48:59.166+0000] {processor.py:179} INFO - Processing /opt/airflow/dags/dag.py took 0.455 seconds
[2026-02-28T08:49:29.543+0000] {processor.py:157} INFO - Started process (PID=309) to work on /opt/airflow/dags/dag.py
[2026-02-28T08:49:29.544+0000] {processor.py:829} INFO - Processing file /opt/airflow/dags/dag.py for tasks to queue
[2026-02-28T08:49:29.545+0000] {logging_mixin.py:151} INFO - [2026-02-28T08:49:29.545+0000] {dagbag.py:539} INFO - Filling up the DagBag from /opt/airflow/dags/dag.py
[2026-02-28T08:49:29.801+0000] {processor.py:839} INFO - DAG(s) dict_keys(['pagination_dag']) retrieved from /opt/airflow/dags/dag.py
[2026-02-28T08:49:29.831+0000] {logging_mixin.py:151} INFO - [2026-02-28T08:49:29.830+0000] {dag.py:2915} INFO - Sync 1 DAGs
[2026-02-28T08:49:29.844+0000] {logging_mixin.py:151} INFO - [2026-02-28T08:49:29.843+0000] {dag.py:3696} INFO - Setting next_dagrun for pagination_dag to None, run_after=None
[2026-02-28T08:49:29.864+0000] {processor.py:179} INFO - Processing /opt/airflow/dags/dag.py took 0.323 seconds
[2026-02-28T08:50:00.094+0000] {processor.py:157} INFO - Started process (PID=321) to work on /opt/airflow/dags/dag.py
[2026-02-28T08:50:00.095+0000] {processor.py:829} INFO - Processing file /opt/airflow/dags/dag.py for tasks to queue
[2026-02-28T08:50:00.096+0000] {logging_mixin.py:151} INFO - [2026-02-28T08:50:00.096+0000] {dagbag.py:539} INFO - Filling up the DagBag from /opt/airflow/dags/dag.py
[2026-02-28T08:50:00.357+0000] {processor.py:839} INFO - DAG(s) dict_keys(['pagination_dag']) retrieved from /opt/airflow/dags/dag.py
[2026-02-28T08:50:00.384+0000] {logging_mixin.py:151} INFO - [2026-02-28T08:50:00.384+0000] {dag.py:2915} INFO - Sync 1 DAGs
[2026-02-28T08:50:00.397+0000] {logging_mixin.py:151} INFO - [2026-02-28T08:50:00.396+0000] {dag.py:3696} INFO - Setting next_dagrun for pagination_dag to None, run_after=None
[2026-02-28T08:50:00.417+0000] {processor.py:179} INFO - Processing /opt/airflow/dags/dag.py took 0.327 seconds
[2026-02-28T08:50:30.643+0000] {processor.py:157} INFO - Started process (PID=333) to work on /opt/airflow/dags/dag.py
[2026-02-28T08:50:30.644+0000] {processor.py:829} INFO - Processing file /opt/airflow/dags/dag.py for tasks to queue
[2026-02-28T08:50:30.645+0000] {logging_mixin.py:151} INFO - [2026-02-28T08:50:30.644+0000] {dagbag.py:539} INFO - Filling up the DagBag from /opt/airflow/dags/dag.py
[2026-02-28T08:50:30.906+0000] {processor.py:839} INFO - DAG(s) dict_keys(['pagination_dag']) retrieved from /opt/airflow/dags/dag.py
[2026-02-28T08:50:30.935+0000] {logging_mixin.py:151} INFO - [2026-02-28T08:50:30.935+0000] {dag.py:2915} INFO - Sync 1 DAGs
[2026-02-28T08:50:30.948+0000] {logging_mixin.py:151} INFO - [2026-02-28T08:50:30.947+0000] {dag.py:3696} INFO - Setting next_dagrun for pagination_dag to None, run_after=None
[2026-02-28T08:50:30.971+0000] {processor.py:179} INFO - Processing /opt/airflow/dags/dag.py took 0.331 seconds
[2026-02-28T08:51:01.208+0000] {processor.py:157} INFO - Started process (PID=345) to work on /opt/airflow/dags/dag.py
[2026-02-28T08:51:01.210+0000] {processor.py:829} INFO - Processing file /opt/airflow/dags/dag.py for tasks to queue
[2026-02-28T08:51:01.211+0000] {logging_mixin.py:151} INFO - [2026-02-28T08:51:01.210+0000] {dagbag.py:539} INFO - Filling up the DagBag from /opt/airflow/dags/dag.py
[2026-02-28T08:51:01.530+0000] {processor.py:839} INFO - DAG(s) dict_keys(['pagination_dag']) retrieved from /opt/airflow/dags/dag.py
[2026-02-28T08:51:01.562+0000] {logging_mixin.py:151} INFO - [2026-02-28T08:51:01.560+0000] {dag.py:2915} INFO - Sync 1 DAGs
[2026-02-28T08:51:01.577+0000] {logging_mixin.py:151} INFO - [2026-02-28T08:51:01.577+0000] {dag.py:3696} INFO - Setting next_dagrun for pagination_dag to None, run_after=None
[2026-02-28T08:51:01.605+0000] {processor.py:179} INFO - Processing /opt/airflow/dags/dag.py took 0.400 seconds
[2026-02-28T08:51:31.832+0000] {processor.py:157} INFO - Started process (PID=357) to work on /opt/airflow/dags/dag.py
[2026-02-28T08:51:31.833+0000] {processor.py:829} INFO - Processing file /opt/airflow/dags/dag.py for tasks to queue
[2026-02-28T08:51:31.834+0000] {logging_mixin.py:151} INFO - [2026-02-28T08:51:31.834+0000] {dagbag.py:539} INFO - Filling up the DagBag from /opt/airflow/dags/dag.py
[2026-02-28T08:51:32.167+0000] {processor.py:839} INFO - DAG(s) dict_keys(['pagination_dag']) retrieved from /opt/airflow/dags/dag.py
[2026-02-28T08:51:32.205+0000] {logging_mixin.py:151} INFO - [2026-02-28T08:51:32.205+0000] {dag.py:2915} INFO - Sync 1 DAGs
[2026-02-28T08:51:32.222+0000] {logging_mixin.py:151} INFO - [2026-02-28T08:51:32.222+0000] {dag.py:3696} INFO - Setting next_dagrun for pagination_dag to None, run_after=None
[2026-02-28T08:51:32.252+0000] {processor.py:179} INFO - Processing /opt/airflow/dags/dag.py took 0.424 seconds
[2026-02-28T08:52:02.498+0000] {processor.py:157} INFO - Started process (PID=369) to work on /opt/airflow/dags/dag.py
[2026-02-28T08:52:02.500+0000] {processor.py:829} INFO - Processing file /opt/airflow/dags/dag.py for tasks to queue
[2026-02-28T08:52:02.501+0000] {logging_mixin.py:151} INFO - [2026-02-28T08:52:02.500+0000] {dagbag.py:539} INFO - Filling up the DagBag from /opt/airflow/dags/dag.py
[2026-02-28T08:52:02.807+0000] {processor.py:839} INFO - DAG(s) dict_keys(['pagination_dag']) retrieved from /opt/airflow/dags/dag.py
[2026-02-28T08:52:02.839+0000] {logging_mixin.py:151} INFO - [2026-02-28T08:52:02.837+0000] {dag.py:2915} INFO - Sync 1 DAGs
[2026-02-28T08:52:02.853+0000] {logging_mixin.py:151} INFO - [2026-02-28T08:52:02.853+0000] {dag.py:3696} INFO - Setting next_dagrun for pagination_dag to None, run_after=None
[2026-02-28T08:52:02.881+0000] {processor.py:179} INFO - Processing /opt/airflow/dags/dag.py took 0.387 seconds
[2026-02-28T08:52:33.115+0000] {processor.py:157} INFO - Started process (PID=381) to work on /opt/airflow/dags/dag.py
[2026-02-28T08:52:33.116+0000] {processor.py:829} INFO - Processing file /opt/airflow/dags/dag.py for tasks to queue
[2026-02-28T08:52:33.117+0000] {logging_mixin.py:151} INFO - [2026-02-28T08:52:33.117+0000] {dagbag.py:539} INFO - Filling up the DagBag from /opt/airflow/dags/dag.py
[2026-02-28T08:52:33.409+0000] {processor.py:839} INFO - DAG(s) dict_keys(['pagination_dag']) retrieved from /opt/airflow/dags/dag.py
[2026-02-28T08:52:33.437+0000] {logging_mixin.py:151} INFO - [2026-02-28T08:52:33.436+0000] {dag.py:2915} INFO - Sync 1 DAGs
[2026-02-28T08:52:33.449+0000] {logging_mixin.py:151} INFO - [2026-02-28T08:52:33.449+0000] {dag.py:3696} INFO - Setting next_dagrun for pagination_dag to None, run_after=None
[2026-02-28T08:52:33.476+0000] {processor.py:179} INFO - Processing /opt/airflow/dags/dag.py took 0.363 seconds
[2026-02-28T08:53:03.712+0000] {processor.py:157} INFO - Started process (PID=393) to work on /opt/airflow/dags/dag.py
[2026-02-28T08:53:03.713+0000] {processor.py:829} INFO - Processing file /opt/airflow/dags/dag.py for tasks to queue
[2026-02-28T08:53:03.714+0000] {logging_mixin.py:151} INFO - [2026-02-28T08:53:03.714+0000] {dagbag.py:539} INFO - Filling up the DagBag from /opt/airflow/dags/dag.py
[2026-02-28T08:53:03.979+0000] {processor.py:839} INFO - DAG(s) dict_keys(['pagination_dag']) retrieved from /opt/airflow/dags/dag.py
[2026-02-28T08:53:04.006+0000] {logging_mixin.py:151} INFO - [2026-02-28T08:53:04.005+0000] {dag.py:2915} INFO - Sync 1 DAGs
[2026-02-28T08:53:04.019+0000] {logging_mixin.py:151} INFO - [2026-02-28T08:53:04.019+0000] {dag.py:3696} INFO - Setting next_dagrun for pagination_dag to None, run_after=None
[2026-02-28T08:53:04.042+0000] {processor.py:179} INFO - Processing /opt/airflow/dags/dag.py took 0.333 seconds
[2026-02-28T08:53:34.254+0000] {processor.py:157} INFO - Started process (PID=405) to work on /opt/airflow/dags/dag.py
[2026-02-28T08:53:34.255+0000] {processor.py:829} INFO - Processing file /opt/airflow/dags/dag.py for tasks to queue
[2026-02-28T08:53:34.256+0000] {logging_mixin.py:151} INFO - [2026-02-28T08:53:34.256+0000] {dagbag.py:539} INFO - Filling up the DagBag from /opt/airflow/dags/dag.py
[2026-02-28T08:53:34.521+0000] {processor.py:839} INFO - DAG(s) dict_keys(['pagination_dag']) retrieved from /opt/airflow/dags/dag.py
[2026-02-28T08:53:34.550+0000] {logging_mixin.py:151} INFO - [2026-02-28T08:53:34.549+0000] {dag.py:2915} INFO - Sync 1 DAGs
[2026-02-28T08:53:34.563+0000] {logging_mixin.py:151} INFO - [2026-02-28T08:53:34.562+0000] {dag.py:3696} INFO - Setting next_dagrun for pagination_dag to None, run_after=None
[2026-02-28T08:53:34.585+0000] {processor.py:179} INFO - Processing /opt/airflow/dags/dag.py took 0.334 seconds
[2026-02-28T08:54:04.821+0000] {processor.py:157} INFO - Started process (PID=417) to work on /opt/airflow/dags/dag.py
[2026-02-28T08:54:04.822+0000] {processor.py:829} INFO - Processing file /opt/airflow/dags/dag.py for tasks to queue
[2026-02-28T08:54:04.823+0000] {logging_mixin.py:151} INFO - [2026-02-28T08:54:04.823+0000] {dagbag.py:539} INFO - Filling up the DagBag from /opt/airflow/dags/dag.py
[2026-02-28T08:54:05.108+0000] {processor.py:839} INFO - DAG(s) dict_keys(['pagination_dag']) retrieved from /opt/airflow/dags/dag.py
[2026-02-28T08:54:05.135+0000] {logging_mixin.py:151} INFO - [2026-02-28T08:54:05.135+0000] {dag.py:2915} INFO - Sync 1 DAGs
[2026-02-28T08:54:05.146+0000] {logging_mixin.py:151} INFO - [2026-02-28T08:54:05.146+0000] {dag.py:3696} INFO - Setting next_dagrun for pagination_dag to None, run_after=None
[2026-02-28T08:54:05.168+0000] {processor.py:179} INFO - Processing /opt/airflow/dags/dag.py took 0.350 seconds
[2026-02-28T08:54:35.392+0000] {processor.py:157} INFO - Started process (PID=429) to work on /opt/airflow/dags/dag.py
[2026-02-28T08:54:35.393+0000] {processor.py:829} INFO - Processing file /opt/airflow/dags/dag.py for tasks to queue
[2026-02-28T08:54:35.393+0000] {logging_mixin.py:151} INFO - [2026-02-28T08:54:35.393+0000] {dagbag.py:539} INFO - Filling up the DagBag from /opt/airflow/dags/dag.py
[2026-02-28T08:54:35.664+0000] {processor.py:839} INFO - DAG(s) dict_keys(['pagination_dag']) retrieved from /opt/airflow/dags/dag.py
[2026-02-28T08:54:35.695+0000] {logging_mixin.py:151} INFO - [2026-02-28T08:54:35.695+0000] {dag.py:2915} INFO - Sync 1 DAGs
[2026-02-28T08:54:35.708+0000] {logging_mixin.py:151} INFO - [2026-02-28T08:54:35.707+0000] {dag.py:3696} INFO - Setting next_dagrun for pagination_dag to None, run_after=None
[2026-02-28T08:54:35.732+0000] {processor.py:179} INFO - Processing /opt/airflow/dags/dag.py took 0.344 seconds
[2026-02-28T08:55:05.944+0000] {processor.py:157} INFO - Started process (PID=441) to work on /opt/airflow/dags/dag.py
[2026-02-28T08:55:05.945+0000] {processor.py:829} INFO - Processing file /opt/airflow/dags/dag.py for tasks to queue
[2026-02-28T08:55:05.946+0000] {logging_mixin.py:151} INFO - [2026-02-28T08:55:05.946+0000] {dagbag.py:539} INFO - Filling up the DagBag from /opt/airflow/dags/dag.py
[2026-02-28T08:55:06.205+0000] {processor.py:839} INFO - DAG(s) dict_keys(['pagination_dag']) retrieved from /opt/airflow/dags/dag.py
[2026-02-28T08:55:06.232+0000] {logging_mixin.py:151} INFO - [2026-02-28T08:55:06.231+0000] {dag.py:2915} INFO - Sync 1 DAGs
[2026-02-28T08:55:06.244+0000] {logging_mixin.py:151} INFO - [2026-02-28T08:55:06.244+0000] {dag.py:3696} INFO - Setting next_dagrun for pagination_dag to None, run_after=None
[2026-02-28T08:55:06.266+0000] {processor.py:179} INFO - Processing /opt/airflow/dags/dag.py took 0.325 seconds
[2026-02-28T08:55:36.504+0000] {processor.py:157} INFO - Started process (PID=453) to work on /opt/airflow/dags/dag.py
[2026-02-28T08:55:36.505+0000] {processor.py:829} INFO - Processing file /opt/airflow/dags/dag.py for tasks to queue
[2026-02-28T08:55:36.506+0000] {logging_mixin.py:151} INFO - [2026-02-28T08:55:36.506+0000] {dagbag.py:539} INFO - Filling up the DagBag from /opt/airflow/dags/dag.py
[2026-02-28T08:55:36.765+0000] {processor.py:839} INFO - DAG(s) dict_keys(['pagination_dag']) retrieved from /opt/airflow/dags/dag.py
[2026-02-28T08:55:36.792+0000] {logging_mixin.py:151} INFO - [2026-02-28T08:55:36.791+0000] {dag.py:2915} INFO - Sync 1 DAGs
[2026-02-28T08:55:36.804+0000] {logging_mixin.py:151} INFO - [2026-02-28T08:55:36.804+0000] {dag.py:3696} INFO - Setting next_dagrun for pagination_dag to None, run_after=None
[2026-02-28T08:55:36.824+0000] {processor.py:179} INFO - Processing /opt/airflow/dags/dag.py took 0.323 seconds
[2026-02-28T08:56:07.056+0000] {processor.py:157} INFO - Started process (PID=465) to work on /opt/airflow/dags/dag.py
[2026-02-28T08:56:07.057+0000] {processor.py:829} INFO - Processing file /opt/airflow/dags/dag.py for tasks to queue
[2026-02-28T08:56:07.058+0000] {logging_mixin.py:151} INFO - [2026-02-28T08:56:07.058+0000] {dagbag.py:539} INFO - Filling up the DagBag from /opt/airflow/dags/dag.py
[2026-02-28T08:56:07.344+0000] {processor.py:839} INFO - DAG(s) dict_keys(['pagination_dag']) retrieved from /opt/airflow/dags/dag.py
[2026-02-28T08:56:07.375+0000] {logging_mixin.py:151} INFO - [2026-02-28T08:56:07.374+0000] {dag.py:2915} INFO - Sync 1 DAGs
[2026-02-28T08:56:07.389+0000] {logging_mixin.py:151} INFO - [2026-02-28T08:56:07.389+0000] {dag.py:3696} INFO - Setting next_dagrun for pagination_dag to None, run_after=None
[2026-02-28T08:56:07.415+0000] {processor.py:179} INFO - Processing /opt/airflow/dags/dag.py took 0.361 seconds
[2026-02-28T08:56:37.647+0000] {processor.py:157} INFO - Started process (PID=477) to work on /opt/airflow/dags/dag.py
[2026-02-28T08:56:37.648+0000] {processor.py:829} INFO - Processing file /opt/airflow/dags/dag.py for tasks to queue
[2026-02-28T08:56:37.649+0000] {logging_mixin.py:151} INFO - [2026-02-28T08:56:37.648+0000] {dagbag.py:539} INFO - Filling up the DagBag from /opt/airflow/dags/dag.py
[2026-02-28T08:56:37.940+0000] {processor.py:839} INFO - DAG(s) dict_keys(['pagination_dag']) retrieved from /opt/airflow/dags/dag.py
[2026-02-28T08:56:37.968+0000] {logging_mixin.py:151} INFO - [2026-02-28T08:56:37.967+0000] {dag.py:2915} INFO - Sync 1 DAGs
[2026-02-28T08:56:37.982+0000] {logging_mixin.py:151} INFO - [2026-02-28T08:56:37.982+0000] {dag.py:3696} INFO - Setting next_dagrun for pagination_dag to None, run_after=None
[2026-02-28T08:56:38.004+0000] {processor.py:179} INFO - Processing /opt/airflow/dags/dag.py took 0.360 seconds
[2026-02-28T08:57:08.249+0000] {processor.py:157} INFO - Started process (PID=489) to work on /opt/airflow/dags/dag.py
[2026-02-28T08:57:08.250+0000] {processor.py:829} INFO - Processing file /opt/airflow/dags/dag.py for tasks to queue
[2026-02-28T08:57:08.251+0000] {logging_mixin.py:151} INFO - [2026-02-28T08:57:08.251+0000] {dagbag.py:539} INFO - Filling up the DagBag from /opt/airflow/dags/dag.py
[2026-02-28T08:57:08.568+0000] {processor.py:839} INFO - DAG(s) dict_keys(['pagination_dag']) retrieved from /opt/airflow/dags/dag.py
[2026-02-28T08:57:08.604+0000] {logging_mixin.py:151} INFO - [2026-02-28T08:57:08.603+0000] {dag.py:2915} INFO - Sync 1 DAGs
[2026-02-28T08:57:08.616+0000] {logging_mixin.py:151} INFO - [2026-02-28T08:57:08.616+0000] {dag.py:3696} INFO - Setting next_dagrun for pagination_dag to None, run_after=None
[2026-02-28T08:57:08.643+0000] {processor.py:179} INFO - Processing /opt/airflow/dags/dag.py took 0.398 seconds
[2026-02-28T08:57:38.918+0000] {processor.py:157} INFO - Started process (PID=501) to work on /opt/airflow/dags/dag.py
[2026-02-28T08:57:38.919+0000] {processor.py:829} INFO - Processing file /opt/airflow/dags/dag.py for tasks to queue
[2026-02-28T08:57:38.921+0000] {logging_mixin.py:151} INFO - [2026-02-28T08:57:38.920+0000] {dagbag.py:539} INFO - Filling up the DagBag from /opt/airflow/dags/dag.py
[2026-02-28T08:57:39.238+0000] {processor.py:839} INFO - DAG(s) dict_keys(['pagination_dag']) retrieved from /opt/airflow/dags/dag.py
[2026-02-28T08:57:39.271+0000] {logging_mixin.py:151} INFO - [2026-02-28T08:57:39.270+0000] {dag.py:2915} INFO - Sync 1 DAGs
[2026-02-28T08:57:39.283+0000] {logging_mixin.py:151} INFO - [2026-02-28T08:57:39.282+0000] {dag.py:3696} INFO - Setting next_dagrun for pagination_dag to None, run_after=None
[2026-02-28T08:57:39.310+0000] {processor.py:179} INFO - Processing /opt/airflow/dags/dag.py took 0.396 seconds
[2026-02-28T08:58:09.533+0000] {processor.py:157} INFO - Started process (PID=513) to work on /opt/airflow/dags/dag.py
[2026-02-28T08:58:09.534+0000] {processor.py:829} INFO - Processing file /opt/airflow/dags/dag.py for tasks to queue
[2026-02-28T08:58:09.534+0000] {logging_mixin.py:151} INFO - [2026-02-28T08:58:09.534+0000] {dagbag.py:539} INFO - Filling up the DagBag from /opt/airflow/dags/dag.py
[2026-02-28T08:58:09.794+0000] {processor.py:839} INFO - DAG(s) dict_keys(['pagination_dag']) retrieved from /opt/airflow/dags/dag.py
[2026-02-28T08:58:09.823+0000] {logging_mixin.py:151} INFO - [2026-02-28T08:58:09.823+0000] {dag.py:2915} INFO - Sync 1 DAGs
[2026-02-28T08:58:09.837+0000] {logging_mixin.py:151} INFO - [2026-02-28T08:58:09.836+0000] {dag.py:3696} INFO - Setting next_dagrun for pagination_dag to None, run_after=None
[2026-02-28T08:58:09.861+0000] {processor.py:179} INFO - Processing /opt/airflow/dags/dag.py took 0.331 seconds
[2026-02-28T08:58:40.108+0000] {processor.py:157} INFO - Started process (PID=525) to work on /opt/airflow/dags/dag.py
[2026-02-28T08:58:40.109+0000] {processor.py:829} INFO - Processing file /opt/airflow/dags/dag.py for tasks to queue
[2026-02-28T08:58:40.110+0000] {logging_mixin.py:151} INFO - [2026-02-28T08:58:40.110+0000] {dagbag.py:539} INFO - Filling up the DagBag from /opt/airflow/dags/dag.py
[2026-02-28T08:58:40.369+0000] {processor.py:839} INFO - DAG(s) dict_keys(['pagination_dag']) retrieved from /opt/airflow/dags/dag.py
[2026-02-28T08:58:40.399+0000] {logging_mixin.py:151} INFO - [2026-02-28T08:58:40.399+0000] {dag.py:2915} INFO - Sync 1 DAGs
[2026-02-28T08:58:40.411+0000] {logging_mixin.py:151} INFO - [2026-02-28T08:58:40.411+0000] {dag.py:3696} INFO - Setting next_dagrun for pagination_dag to None, run_after=None
[2026-02-28T08:58:40.433+0000] {processor.py:179} INFO - Processing /opt/airflow/dags/dag.py took 0.327 seconds
[2026-02-28T08:59:10.664+0000] {processor.py:157} INFO - Started process (PID=537) to work on /opt/airflow/dags/dag.py
[2026-02-28T08:59:10.664+0000] {processor.py:829} INFO - Processing file /opt/airflow/dags/dag.py for tasks to queue
[2026-02-28T08:59:10.666+0000] {logging_mixin.py:151} INFO - [2026-02-28T08:59:10.665+0000] {dagbag.py:539} INFO - Filling up the DagBag from /opt/airflow/dags/dag.py
[2026-02-28T08:59:10.936+0000] {processor.py:839} INFO - DAG(s) dict_keys(['pagination_dag']) retrieved from /opt/airflow/dags/dag.py
[2026-02-28T08:59:10.964+0000] {logging_mixin.py:151} INFO - [2026-02-28T08:59:10.963+0000] {dag.py:2915} INFO - Sync 1 DAGs
[2026-02-28T08:59:10.975+0000] {logging_mixin.py:151} INFO - [2026-02-28T08:59:10.975+0000] {dag.py:3696} INFO - Setting next_dagrun for pagination_dag to None, run_after=None
[2026-02-28T08:59:10.995+0000] {processor.py:179} INFO - Processing /opt/airflow/dags/dag.py took 0.334 seconds
[2026-02-28T08:59:41.260+0000] {processor.py:157} INFO - Started process (PID=549) to work on /opt/airflow/dags/dag.py
[2026-02-28T08:59:41.261+0000] {processor.py:829} INFO - Processing file /opt/airflow/dags/dag.py for tasks to queue
[2026-02-28T08:59:41.261+0000] {logging_mixin.py:151} INFO - [2026-02-28T08:59:41.261+0000] {dagbag.py:539} INFO - Filling up the DagBag from /opt/airflow/dags/dag.py
[2026-02-28T08:59:41.517+0000] {processor.py:839} INFO - DAG(s) dict_keys(['pagination_dag']) retrieved from /opt/airflow/dags/dag.py
[2026-02-28T08:59:41.546+0000] {logging_mixin.py:151} INFO - [2026-02-28T08:59:41.546+0000] {dag.py:2915} INFO - Sync 1 DAGs
[2026-02-28T08:59:41.558+0000] {logging_mixin.py:151} INFO - [2026-02-28T08:59:41.558+0000] {dag.py:3696} INFO - Setting next_dagrun for pagination_dag to None, run_after=None
[2026-02-28T08:59:41.580+0000] {processor.py:179} INFO - Processing /opt/airflow/dags/dag.py took 0.323 seconds
[2026-02-28T09:00:11.811+0000] {processor.py:157} INFO - Started process (PID=561) to work on /opt/airflow/dags/dag.py
[2026-02-28T09:00:11.811+0000] {processor.py:829} INFO - Processing file /opt/airflow/dags/dag.py for tasks to queue
[2026-02-28T09:00:11.812+0000] {logging_mixin.py:151} INFO - [2026-02-28T09:00:11.812+0000] {dagbag.py:539} INFO - Filling up the DagBag from /opt/airflow/dags/dag.py
[2026-02-28T09:00:12.077+0000] {processor.py:839} INFO - DAG(s) dict_keys(['pagination_dag']) retrieved from /opt/airflow/dags/dag.py
[2026-02-28T09:00:12.104+0000] {logging_mixin.py:151} INFO - [2026-02-28T09:00:12.103+0000] {dag.py:2915} INFO - Sync 1 DAGs
[2026-02-28T09:00:12.116+0000] {logging_mixin.py:151} INFO - [2026-02-28T09:00:12.115+0000] {dag.py:3696} INFO - Setting next_dagrun for pagination_dag to None, run_after=None
[2026-02-28T09:00:12.142+0000] {processor.py:179} INFO - Processing /opt/airflow/dags/dag.py took 0.334 seconds
[2026-02-28T09:00:42.364+0000] {processor.py:157} INFO - Started process (PID=573) to work on /opt/airflow/dags/dag.py
[2026-02-28T09:00:42.365+0000] {processor.py:829} INFO - Processing file /opt/airflow/dags/dag.py for tasks to queue
[2026-02-28T09:00:42.366+0000] {logging_mixin.py:151} INFO - [2026-02-28T09:00:42.365+0000] {dagbag.py:539} INFO - Filling up the DagBag from /opt/airflow/dags/dag.py
[2026-02-28T09:00:42.639+0000] {processor.py:839} INFO - DAG(s) dict_keys(['pagination_dag']) retrieved from /opt/airflow/dags/dag.py
[2026-02-28T09:00:42.666+0000] {logging_mixin.py:151} INFO - [2026-02-28T09:00:42.666+0000] {dag.py:2915} INFO - Sync 1 DAGs
[2026-02-28T09:00:42.681+0000] {logging_mixin.py:151} INFO - [2026-02-28T09:00:42.680+0000] {dag.py:3696} INFO - Setting next_dagrun for pagination_dag to None, run_after=None
[2026-02-28T09:00:42.702+0000] {processor.py:179} INFO - Processing /opt/airflow/dags/dag.py took 0.343 seconds
[2026-02-28T09:01:12.912+0000] {processor.py:157} INFO - Started process (PID=585) to work on /opt/airflow/dags/dag.py
[2026-02-28T09:01:12.913+0000] {processor.py:829} INFO - Processing file /opt/airflow/dags/dag.py for tasks to queue
[2026-02-28T09:01:12.914+0000] {logging_mixin.py:151} INFO - [2026-02-28T09:01:12.914+0000] {dagbag.py:539} INFO - Filling up the DagBag from /opt/airflow/dags/dag.py
[2026-02-28T09:01:13.202+0000] {processor.py:839} INFO - DAG(s) dict_keys(['pagination_dag']) retrieved from /opt/airflow/dags/dag.py
[2026-02-28T09:01:13.233+0000] {logging_mixin.py:151} INFO - [2026-02-28T09:01:13.232+0000] {dag.py:2915} INFO - Sync 1 DAGs
[2026-02-28T09:01:13.245+0000] {logging_mixin.py:151} INFO - [2026-02-28T09:01:13.245+0000] {dag.py:3696} INFO - Setting next_dagrun for pagination_dag to None, run_after=None
[2026-02-28T09:01:13.270+0000] {processor.py:179} INFO - Processing /opt/airflow/dags/dag.py took 0.362 seconds
[2026-02-28T09:01:43.499+0000] {processor.py:157} INFO - Started process (PID=597) to work on /opt/airflow/dags/dag.py
[2026-02-28T09:01:43.501+0000] {processor.py:829} INFO - Processing file /opt/airflow/dags/dag.py for tasks to queue
[2026-02-28T09:01:43.502+0000] {logging_mixin.py:151} INFO - [2026-02-28T09:01:43.501+0000] {dagbag.py:539} INFO - Filling up the DagBag from /opt/airflow/dags/dag.py
[2026-02-28T09:01:43.806+0000] {processor.py:839} INFO - DAG(s) dict_keys(['pagination_dag']) retrieved from /opt/airflow/dags/dag.py
[2026-02-28T09:01:43.841+0000] {logging_mixin.py:151} INFO - [2026-02-28T09:01:43.840+0000] {dag.py:2915} INFO - Sync 1 DAGs
[2026-02-28T09:01:43.855+0000] {logging_mixin.py:151} INFO - [2026-02-28T09:01:43.855+0000] {dag.py:3696} INFO - Setting next_dagrun for pagination_dag to None, run_after=None
[2026-02-28T09:01:43.882+0000] {processor.py:179} INFO - Processing /opt/airflow/dags/dag.py took 0.386 seconds
[2026-02-28T09:02:14.114+0000] {processor.py:157} INFO - Started process (PID=609) to work on /opt/airflow/dags/dag.py
[2026-02-28T09:02:14.116+0000] {processor.py:829} INFO - Processing file /opt/airflow/dags/dag.py for tasks to queue
[2026-02-28T09:02:14.117+0000] {logging_mixin.py:151} INFO - [2026-02-28T09:02:14.116+0000] {dagbag.py:539} INFO - Filling up the DagBag from /opt/airflow/dags/dag.py
[2026-02-28T09:02:14.440+0000] {processor.py:839} INFO - DAG(s) dict_keys(['pagination_dag']) retrieved from /opt/airflow/dags/dag.py
[2026-02-28T09:02:14.477+0000] {logging_mixin.py:151} INFO - [2026-02-28T09:02:14.476+0000] {dag.py:2915} INFO - Sync 1 DAGs
[2026-02-28T09:02:14.497+0000] {logging_mixin.py:151} INFO - [2026-02-28T09:02:14.496+0000] {dag.py:3696} INFO - Setting next_dagrun for pagination_dag to None, run_after=None
[2026-02-28T09:02:14.527+0000] {processor.py:179} INFO - Processing /opt/airflow/dags/dag.py took 0.419 seconds
[2026-02-28T09:02:44.773+0000] {processor.py:157} INFO - Started process (PID=621) to work on /opt/airflow/dags/dag.py
[2026-02-28T09:02:44.774+0000] {processor.py:829} INFO - Processing file /opt/airflow/dags/dag.py for tasks to queue
[2026-02-28T09:02:44.775+0000] {logging_mixin.py:151} INFO - [2026-02-28T09:02:44.774+0000] {dagbag.py:539} INFO - Filling up the DagBag from /opt/airflow/dags/dag.py
[2026-02-28T09:02:45.073+0000] {processor.py:839} INFO - DAG(s) dict_keys(['pagination_dag']) retrieved from /opt/airflow/dags/dag.py
[2026-02-28T09:02:45.107+0000] {logging_mixin.py:151} INFO - [2026-02-28T09:02:45.106+0000] {dag.py:2915} INFO - Sync 1 DAGs
[2026-02-28T09:02:45.119+0000] {logging_mixin.py:151} INFO - [2026-02-28T09:02:45.119+0000] {dag.py:3696} INFO - Setting next_dagrun for pagination_dag to None, run_after=None
[2026-02-28T09:02:45.144+0000] {processor.py:179} INFO - Processing /opt/airflow/dags/dag.py took 0.374 seconds
[2026-02-28T09:03:15.384+0000] {processor.py:157} INFO - Started process (PID=633) to work on /opt/airflow/dags/dag.py
[2026-02-28T09:03:15.385+0000] {processor.py:829} INFO - Processing file /opt/airflow/dags/dag.py for tasks to queue
[2026-02-28T09:03:15.386+0000] {logging_mixin.py:151} INFO - [2026-02-28T09:03:15.385+0000] {dagbag.py:539} INFO - Filling up the DagBag from /opt/airflow/dags/dag.py
[2026-02-28T09:03:15.694+0000] {processor.py:839} INFO - DAG(s) dict_keys(['pagination_dag']) retrieved from /opt/airflow/dags/dag.py
[2026-02-28T09:03:15.726+0000] {logging_mixin.py:151} INFO - [2026-02-28T09:03:15.725+0000] {dag.py:2915} INFO - Sync 1 DAGs
[2026-02-28T09:03:15.740+0000] {logging_mixin.py:151} INFO - [2026-02-28T09:03:15.740+0000] {dag.py:3696} INFO - Setting next_dagrun for pagination_dag to None, run_after=None
[2026-02-28T09:03:15.762+0000] {processor.py:179} INFO - Processing /opt/airflow/dags/dag.py took 0.381 seconds
[2026-02-28T09:03:46.006+0000] {processor.py:157} INFO - Started process (PID=645) to work on /opt/airflow/dags/dag.py
[2026-02-28T09:03:46.007+0000] {processor.py:829} INFO - Processing file /opt/airflow/dags/dag.py for tasks to queue
[2026-02-28T09:03:46.008+0000] {logging_mixin.py:151} INFO - [2026-02-28T09:03:46.008+0000] {dagbag.py:539} INFO - Filling up the DagBag from /opt/airflow/dags/dag.py
[2026-02-28T09:03:46.272+0000] {processor.py:839} INFO - DAG(s) dict_keys(['pagination_dag']) retrieved from /opt/airflow/dags/dag.py
[2026-02-28T09:03:46.299+0000] {logging_mixin.py:151} INFO - [2026-02-28T09:03:46.298+0000] {dag.py:2915} INFO - Sync 1 DAGs
[2026-02-28T09:03:46.313+0000] {logging_mixin.py:151} INFO - [2026-02-28T09:03:46.312+0000] {dag.py:3696} INFO - Setting next_dagrun for pagination_dag to None, run_after=None
[2026-02-28T09:03:46.336+0000] {processor.py:179} INFO - Processing /opt/airflow/dags/dag.py took 0.333 seconds
[2026-02-28T09:04:16.577+0000] {processor.py:157} INFO - Started process (PID=657) to work on /opt/airflow/dags/dag.py
[2026-02-28T09:04:16.578+0000] {processor.py:829} INFO - Processing file /opt/airflow/dags/dag.py for tasks to queue
[2026-02-28T09:04:16.579+0000] {logging_mixin.py:151} INFO - [2026-02-28T09:04:16.579+0000] {dagbag.py:539} INFO - Filling up the DagBag from /opt/airflow/dags/dag.py
[2026-02-28T09:04:16.862+0000] {processor.py:839} INFO - DAG(s) dict_keys(['pagination_dag']) retrieved from /opt/airflow/dags/dag.py
[2026-02-28T09:04:16.889+0000] {logging_mixin.py:151} INFO - [2026-02-28T09:04:16.888+0000] {dag.py:2915} INFO - Sync 1 DAGs
[2026-02-28T09:04:16.901+0000] {logging_mixin.py:151} INFO - [2026-02-28T09:04:16.901+0000] {dag.py:3696} INFO - Setting next_dagrun for pagination_dag to None, run_after=None
[2026-02-28T09:04:16.927+0000] {processor.py:179} INFO - Processing /opt/airflow/dags/dag.py took 0.354 seconds
[2026-02-28T09:04:47.193+0000] {processor.py:157} INFO - Started process (PID=669) to work on /opt/airflow/dags/dag.py
[2026-02-28T09:04:47.194+0000] {processor.py:829} INFO - Processing file /opt/airflow/dags/dag.py for tasks to queue
[2026-02-28T09:04:47.196+0000] {logging_mixin.py:151} INFO - [2026-02-28T09:04:47.195+0000] {dagbag.py:539} INFO - Filling up the DagBag from /opt/airflow/dags/dag.py
[2026-02-28T09:04:47.493+0000] {processor.py:839} INFO - DAG(s) dict_keys(['pagination_dag']) retrieved from /opt/airflow/dags/dag.py
[2026-02-28T09:04:47.519+0000] {logging_mixin.py:151} INFO - [2026-02-28T09:04:47.519+0000] {dag.py:2915} INFO - Sync 1 DAGs
[2026-02-28T09:04:47.532+0000] {logging_mixin.py:151} INFO - [2026-02-28T09:04:47.532+0000] {dag.py:3696} INFO - Setting next_dagrun for pagination_dag to None, run_after=None
[2026-02-28T09:04:47.553+0000] {processor.py:179} INFO - Processing /opt/airflow/dags/dag.py took 0.363 seconds
[2026-02-28T09:05:17.784+0000] {processor.py:157} INFO - Started process (PID=681) to work on /opt/airflow/dags/dag.py
[2026-02-28T09:05:17.785+0000] {processor.py:829} INFO - Processing file /opt/airflow/dags/dag.py for tasks to queue
[2026-02-28T09:05:17.786+0000] {logging_mixin.py:151} INFO - [2026-02-28T09:05:17.786+0000] {dagbag.py:539} INFO - Filling up the DagBag from /opt/airflow/dags/dag.py
[2026-02-28T09:05:18.073+0000] {processor.py:839} INFO - DAG(s) dict_keys(['pagination_dag']) retrieved from /opt/airflow/dags/dag.py
[2026-02-28T09:05:18.107+0000] {logging_mixin.py:151} INFO - [2026-02-28T09:05:18.106+0000] {dag.py:2915} INFO - Sync 1 DAGs
[2026-02-28T09:05:18.122+0000] {logging_mixin.py:151} INFO - [2026-02-28T09:05:18.121+0000] {dag.py:3696} INFO - Setting next_dagrun for pagination_dag to None, run_after=None
[2026-02-28T09:05:18.146+0000] {processor.py:179} INFO - Processing /opt/airflow/dags/dag.py took 0.367 seconds
[2026-02-28T09:05:48.372+0000] {processor.py:157} INFO - Started process (PID=693) to work on /opt/airflow/dags/dag.py
[2026-02-28T09:05:48.373+0000] {processor.py:829} INFO - Processing file /opt/airflow/dags/dag.py for tasks to queue
[2026-02-28T09:05:48.374+0000] {logging_mixin.py:151} INFO - [2026-02-28T09:05:48.374+0000] {dagbag.py:539} INFO - Filling up the DagBag from /opt/airflow/dags/dag.py
[2026-02-28T09:05:48.646+0000] {processor.py:839} INFO - DAG(s) dict_keys(['pagination_dag']) retrieved from /opt/airflow/dags/dag.py
[2026-02-28T09:05:48.674+0000] {logging_mixin.py:151} INFO - [2026-02-28T09:05:48.674+0000] {dag.py:2915} INFO - Sync 1 DAGs
[2026-02-28T09:05:48.686+0000] {logging_mixin.py:151} INFO - [2026-02-28T09:05:48.685+0000] {dag.py:3696} INFO - Setting next_dagrun for pagination_dag to None, run_after=None
[2026-02-28T09:05:48.713+0000] {processor.py:179} INFO - Processing /opt/airflow/dags/dag.py took 0.344 seconds
[2026-02-28T09:06:18.934+0000] {processor.py:157} INFO - Started process (PID=705) to work on /opt/airflow/dags/dag.py
[2026-02-28T09:06:18.936+0000] {processor.py:829} INFO - Processing file /opt/airflow/dags/dag.py for tasks to queue
[2026-02-28T09:06:18.937+0000] {logging_mixin.py:151} INFO - [2026-02-28T09:06:18.937+0000] {dagbag.py:539} INFO - Filling up the DagBag from /opt/airflow/dags/dag.py
[2026-02-28T09:06:19.209+0000] {processor.py:839} INFO - DAG(s) dict_keys(['pagination_dag']) retrieved from /opt/airflow/dags/dag.py
[2026-02-28T09:06:19.240+0000] {logging_mixin.py:151} INFO - [2026-02-28T09:06:19.239+0000] {dag.py:2915} INFO - Sync 1 DAGs
[2026-02-28T09:06:19.256+0000] {logging_mixin.py:151} INFO - [2026-02-28T09:06:19.255+0000] {dag.py:3696} INFO - Setting next_dagrun for pagination_dag to None, run_after=None
[2026-02-28T09:06:19.283+0000] {processor.py:179} INFO - Processing /opt/airflow/dags/dag.py took 0.352 seconds
[2026-02-28T09:06:49.560+0000] {processor.py:157} INFO - Started process (PID=717) to work on /opt/airflow/dags/dag.py
[2026-02-28T09:06:49.561+0000] {processor.py:829} INFO - Processing file /opt/airflow/dags/dag.py for tasks to queue
[2026-02-28T09:06:49.562+0000] {logging_mixin.py:151} INFO - [2026-02-28T09:06:49.561+0000] {dagbag.py:539} INFO - Filling up the DagBag from /opt/airflow/dags/dag.py
[2026-02-28T09:06:49.864+0000] {processor.py:839} INFO - DAG(s) dict_keys(['pagination_dag']) retrieved from /opt/airflow/dags/dag.py
[2026-02-28T09:06:49.896+0000] {logging_mixin.py:151} INFO - [2026-02-28T09:06:49.896+0000] {dag.py:2915} INFO - Sync 1 DAGs
[2026-02-28T09:06:49.911+0000] {logging_mixin.py:151} INFO - [2026-02-28T09:06:49.911+0000] {dag.py:3696} INFO - Setting next_dagrun for pagination_dag to None, run_after=None
[2026-02-28T09:06:49.938+0000] {processor.py:179} INFO - Processing /opt/airflow/dags/dag.py took 0.381 seconds
[2026-02-28T09:07:20.185+0000] {processor.py:157} INFO - Started process (PID=729) to work on /opt/airflow/dags/dag.py
[2026-02-28T09:07:20.186+0000] {processor.py:829} INFO - Processing file /opt/airflow/dags/dag.py for tasks to queue
[2026-02-28T09:07:20.187+0000] {logging_mixin.py:151} INFO - [2026-02-28T09:07:20.186+0000] {dagbag.py:539} INFO - Filling up the DagBag from /opt/airflow/dags/dag.py
[2026-02-28T09:07:20.515+0000] {processor.py:839} INFO - DAG(s) dict_keys(['pagination_dag']) retrieved from /opt/airflow/dags/dag.py
[2026-02-28T09:07:20.549+0000] {logging_mixin.py:151} INFO - [2026-02-28T09:07:20.549+0000] {dag.py:2915} INFO - Sync 1 DAGs
[2026-02-28T09:07:20.563+0000] {logging_mixin.py:151} INFO - [2026-02-28T09:07:20.563+0000] {dag.py:3696} INFO - Setting next_dagrun for pagination_dag to None, run_after=None
[2026-02-28T09:07:20.591+0000] {processor.py:179} INFO - Processing /opt/airflow/dags/dag.py took 0.410 seconds
[2026-02-28T09:07:50.826+0000] {processor.py:157} INFO - Started process (PID=741) to work on /opt/airflow/dags/dag.py
[2026-02-28T09:07:50.827+0000] {processor.py:829} INFO - Processing file /opt/airflow/dags/dag.py for tasks to queue
[2026-02-28T09:07:50.828+0000] {logging_mixin.py:151} INFO - [2026-02-28T09:07:50.828+0000] {dagbag.py:539} INFO - Filling up the DagBag from /opt/airflow/dags/dag.py
[2026-02-28T09:07:51.163+0000] {processor.py:839} INFO - DAG(s) dict_keys(['pagination_dag']) retrieved from /opt/airflow/dags/dag.py
[2026-02-28T09:07:51.199+0000] {logging_mixin.py:151} INFO - [2026-02-28T09:07:51.198+0000] {dag.py:2915} INFO - Sync 1 DAGs
[2026-02-28T09:07:51.215+0000] {logging_mixin.py:151} INFO - [2026-02-28T09:07:51.215+0000] {dag.py:3696} INFO - Setting next_dagrun for pagination_dag to None, run_after=None
[2026-02-28T09:07:51.239+0000] {processor.py:179} INFO - Processing /opt/airflow/dags/dag.py took 0.418 seconds
[2026-02-28T09:08:21.443+0000] {processor.py:157} INFO - Started process (PID=753) to work on /opt/airflow/dags/dag.py
[2026-02-28T09:08:21.444+0000] {processor.py:829} INFO - Processing file /opt/airflow/dags/dag.py for tasks to queue
[2026-02-28T09:08:21.446+0000] {logging_mixin.py:151} INFO - [2026-02-28T09:08:21.445+0000] {dagbag.py:539} INFO - Filling up the DagBag from /opt/airflow/dags/dag.py
[2026-02-28T09:08:21.716+0000] {processor.py:839} INFO - DAG(s) dict_keys(['pagination_dag']) retrieved from /opt/airflow/dags/dag.py
[2026-02-28T09:08:21.748+0000] {logging_mixin.py:151} INFO - [2026-02-28T09:08:21.747+0000] {dag.py:2915} INFO - Sync 1 DAGs
[2026-02-28T09:08:21.759+0000] {logging_mixin.py:151} INFO - [2026-02-28T09:08:21.759+0000] {dag.py:3696} INFO - Setting next_dagrun for pagination_dag to None, run_after=None
[2026-02-28T09:08:21.787+0000] {processor.py:179} INFO - Processing /opt/airflow/dags/dag.py took 0.347 seconds
[2026-02-28T09:08:52.018+0000] {processor.py:157} INFO - Started process (PID=765) to work on /opt/airflow/dags/dag.py
[2026-02-28T09:08:52.019+0000] {processor.py:829} INFO - Processing file /opt/airflow/dags/dag.py for tasks to queue
[2026-02-28T09:08:52.020+0000] {logging_mixin.py:151} INFO - [2026-02-28T09:08:52.020+0000] {dagbag.py:539} INFO - Filling up the DagBag from /opt/airflow/dags/dag.py
[2026-02-28T09:08:52.274+0000] {processor.py:839} INFO - DAG(s) dict_keys(['pagination_dag']) retrieved from /opt/airflow/dags/dag.py
[2026-02-28T09:08:52.303+0000] {logging_mixin.py:151} INFO - [2026-02-28T09:08:52.302+0000] {dag.py:2915} INFO - Sync 1 DAGs
[2026-02-28T09:08:52.315+0000] {logging_mixin.py:151} INFO - [2026-02-28T09:08:52.315+0000] {dag.py:3696} INFO - Setting next_dagrun for pagination_dag to None, run_after=None
[2026-02-28T09:08:52.337+0000] {processor.py:179} INFO - Processing /opt/airflow/dags/dag.py took 0.322 seconds
[2026-02-28T09:09:22.564+0000] {processor.py:157} INFO - Started process (PID=777) to work on /opt/airflow/dags/dag.py
[2026-02-28T09:09:22.565+0000] {processor.py:829} INFO - Processing file /opt/airflow/dags/dag.py for tasks to queue
[2026-02-28T09:09:22.566+0000] {logging_mixin.py:151} INFO - [2026-02-28T09:09:22.565+0000] {dagbag.py:539} INFO - Filling up the DagBag from /opt/airflow/dags/dag.py
[2026-02-28T09:09:22.831+0000] {processor.py:839} INFO - DAG(s) dict_keys(['pagination_dag']) retrieved from /opt/airflow/dags/dag.py
[2026-02-28T09:09:22.861+0000] {logging_mixin.py:151} INFO - [2026-02-28T09:09:22.860+0000] {dag.py:2915} INFO - Sync 1 DAGs
[2026-02-28T09:09:22.872+0000] {logging_mixin.py:151} INFO - [2026-02-28T09:09:22.872+0000] {dag.py:3696} INFO - Setting next_dagrun for pagination_dag to None, run_after=None
[2026-02-28T09:09:22.898+0000] {processor.py:179} INFO - Processing /opt/airflow/dags/dag.py took 0.336 seconds
[2026-02-28T09:09:53.112+0000] {processor.py:157} INFO - Started process (PID=789) to work on /opt/airflow/dags/dag.py
[2026-02-28T09:09:53.113+0000] {processor.py:829} INFO - Processing file /opt/airflow/dags/dag.py for tasks to queue
[2026-02-28T09:09:53.114+0000] {logging_mixin.py:151} INFO - [2026-02-28T09:09:53.114+0000] {dagbag.py:539} INFO - Filling up the DagBag from /opt/airflow/dags/dag.py
[2026-02-28T09:09:53.404+0000] {processor.py:839} INFO - DAG(s) dict_keys(['pagination_dag']) retrieved from /opt/airflow/dags/dag.py
[2026-02-28T09:09:53.432+0000] {logging_mixin.py:151} INFO - [2026-02-28T09:09:53.432+0000] {dag.py:2915} INFO - Sync 1 DAGs
[2026-02-28T09:09:53.443+0000] {logging_mixin.py:151} INFO - [2026-02-28T09:09:53.443+0000] {dag.py:3696} INFO - Setting next_dagrun for pagination_dag to None, run_after=None
[2026-02-28T09:09:53.474+0000] {processor.py:179} INFO - Processing /opt/airflow/dags/dag.py took 0.365 seconds
[2026-02-28T09:10:23.715+0000] {processor.py:157} INFO - Started process (PID=801) to work on /opt/airflow/dags/dag.py
[2026-02-28T09:10:23.716+0000] {processor.py:829} INFO - Processing file /opt/airflow/dags/dag.py for tasks to queue
[2026-02-28T09:10:23.717+0000] {logging_mixin.py:151} INFO - [2026-02-28T09:10:23.716+0000] {dagbag.py:539} INFO - Filling up the DagBag from /opt/airflow/dags/dag.py
[2026-02-28T09:10:23.995+0000] {processor.py:839} INFO - DAG(s) dict_keys(['pagination_dag']) retrieved from /opt/airflow/dags/dag.py
[2026-02-28T09:10:24.022+0000] {logging_mixin.py:151} INFO - [2026-02-28T09:10:24.021+0000] {dag.py:2915} INFO - Sync 1 DAGs
[2026-02-28T09:10:24.033+0000] {logging_mixin.py:151} INFO - [2026-02-28T09:10:24.033+0000] {dag.py:3696} INFO - Setting next_dagrun for pagination_dag to None, run_after=None
[2026-02-28T09:10:24.057+0000] {processor.py:179} INFO - Processing /opt/airflow/dags/dag.py took 0.345 seconds
[2026-02-28T09:10:54.294+0000] {processor.py:157} INFO - Started process (PID=813) to work on /opt/airflow/dags/dag.py
[2026-02-28T09:10:54.296+0000] {processor.py:829} INFO - Processing file /opt/airflow/dags/dag.py for tasks to queue
[2026-02-28T09:10:54.297+0000] {logging_mixin.py:151} INFO - [2026-02-28T09:10:54.296+0000] {dagbag.py:539} INFO - Filling up the DagBag from /opt/airflow/dags/dag.py
[2026-02-28T09:10:54.587+0000] {processor.py:839} INFO - DAG(s) dict_keys(['pagination_dag']) retrieved from /opt/airflow/dags/dag.py
[2026-02-28T09:10:54.615+0000] {logging_mixin.py:151} INFO - [2026-02-28T09:10:54.614+0000] {dag.py:2915} INFO - Sync 1 DAGs
[2026-02-28T09:10:54.629+0000] {logging_mixin.py:151} INFO - [2026-02-28T09:10:54.629+0000] {dag.py:3696} INFO - Setting next_dagrun for pagination_dag to None, run_after=None
[2026-02-28T09:10:54.655+0000] {processor.py:179} INFO - Processing /opt/airflow/dags/dag.py took 0.364 seconds
[2026-02-28T09:11:24.891+0000] {processor.py:157} INFO - Started process (PID=825) to work on /opt/airflow/dags/dag.py
[2026-02-28T09:11:24.893+0000] {processor.py:829} INFO - Processing file /opt/airflow/dags/dag.py for tasks to queue
[2026-02-28T09:11:24.894+0000] {logging_mixin.py:151} INFO - [2026-02-28T09:11:24.894+0000] {dagbag.py:539} INFO - Filling up the DagBag from /opt/airflow/dags/dag.py
[2026-02-28T09:11:25.174+0000] {processor.py:839} INFO - DAG(s) dict_keys(['pagination_dag']) retrieved from /opt/airflow/dags/dag.py
[2026-02-28T09:11:25.204+0000] {logging_mixin.py:151} INFO - [2026-02-28T09:11:25.203+0000] {dag.py:2915} INFO - Sync 1 DAGs
[2026-02-28T09:11:25.217+0000] {logging_mixin.py:151} INFO - [2026-02-28T09:11:25.216+0000] {dag.py:3696} INFO - Setting next_dagrun for pagination_dag to None, run_after=None
[2026-02-28T09:11:25.237+0000] {processor.py:179} INFO - Processing /opt/airflow/dags/dag.py took 0.350 seconds
[2026-02-28T09:11:55.493+0000] {processor.py:157} INFO - Started process (PID=837) to work on /opt/airflow/dags/dag.py
[2026-02-28T09:11:55.494+0000] {processor.py:829} INFO - Processing file /opt/airflow/dags/dag.py for tasks to queue
[2026-02-28T09:11:55.496+0000] {logging_mixin.py:151} INFO - [2026-02-28T09:11:55.495+0000] {dagbag.py:539} INFO - Filling up the DagBag from /opt/airflow/dags/dag.py
[2026-02-28T09:11:55.829+0000] {processor.py:839} INFO - DAG(s) dict_keys(['pagination_dag']) retrieved from /opt/airflow/dags/dag.py
[2026-02-28T09:11:55.865+0000] {logging_mixin.py:151} INFO - [2026-02-28T09:11:55.864+0000] {dag.py:2915} INFO - Sync 1 DAGs
[2026-02-28T09:11:55.881+0000] {logging_mixin.py:151} INFO - [2026-02-28T09:11:55.881+0000] {dag.py:3696} INFO - Setting next_dagrun for pagination_dag to None, run_after=None
[2026-02-28T09:11:55.907+0000] {processor.py:179} INFO - Processing /opt/airflow/dags/dag.py took 0.418 seconds
[2026-02-28T09:12:26.120+0000] {processor.py:157} INFO - Started process (PID=849) to work on /opt/airflow/dags/dag.py
[2026-02-28T09:12:26.121+0000] {processor.py:829} INFO - Processing file /opt/airflow/dags/dag.py for tasks to queue
[2026-02-28T09:12:26.123+0000] {logging_mixin.py:151} INFO - [2026-02-28T09:12:26.122+0000] {dagbag.py:539} INFO - Filling up the DagBag from /opt/airflow/dags/dag.py
[2026-02-28T09:12:26.419+0000] {processor.py:839} INFO - DAG(s) dict_keys(['pagination_dag']) retrieved from /opt/airflow/dags/dag.py
[2026-02-28T09:12:26.452+0000] {logging_mixin.py:151} INFO - [2026-02-28T09:12:26.451+0000] {dag.py:2915} INFO - Sync 1 DAGs
[2026-02-28T09:12:26.469+0000] {logging_mixin.py:151} INFO - [2026-02-28T09:12:26.468+0000] {dag.py:3696} INFO - Setting next_dagrun for pagination_dag to None, run_after=None
[2026-02-28T09:12:26.494+0000] {processor.py:179} INFO - Processing /opt/airflow/dags/dag.py took 0.377 seconds
[2026-02-28T09:12:56.733+0000] {processor.py:157} INFO - Started process (PID=861) to work on /opt/airflow/dags/dag.py
[2026-02-28T09:12:56.733+0000] {processor.py:829} INFO - Processing file /opt/airflow/dags/dag.py for tasks to queue
[2026-02-28T09:12:56.734+0000] {logging_mixin.py:151} INFO - [2026-02-28T09:12:56.734+0000] {dagbag.py:539} INFO - Filling up the DagBag from /opt/airflow/dags/dag.py
[2026-02-28T09:12:57.047+0000] {processor.py:839} INFO - DAG(s) dict_keys(['pagination_dag']) retrieved from /opt/airflow/dags/dag.py
[2026-02-28T09:12:57.085+0000] {logging_mixin.py:151} INFO - [2026-02-28T09:12:57.084+0000] {dag.py:2915} INFO - Sync 1 DAGs
[2026-02-28T09:12:57.098+0000] {logging_mixin.py:151} INFO - [2026-02-28T09:12:57.097+0000] {dag.py:3696} INFO - Setting next_dagrun for pagination_dag to None, run_after=None
[2026-02-28T09:12:57.125+0000] {processor.py:179} INFO - Processing /opt/airflow/dags/dag.py took 0.395 seconds
[2026-02-28T09:13:27.369+0000] {processor.py:157} INFO - Started process (PID=873) to work on /opt/airflow/dags/dag.py
[2026-02-28T09:13:27.370+0000] {processor.py:829} INFO - Processing file /opt/airflow/dags/dag.py for tasks to queue
[2026-02-28T09:13:27.371+0000] {logging_mixin.py:151} INFO - [2026-02-28T09:13:27.371+0000] {dagbag.py:539} INFO - Filling up the DagBag from /opt/airflow/dags/dag.py
[2026-02-28T09:13:27.638+0000] {processor.py:839} INFO - DAG(s) dict_keys(['pagination_dag']) retrieved from /opt/airflow/dags/dag.py
[2026-02-28T09:13:27.666+0000] {logging_mixin.py:151} INFO - [2026-02-28T09:13:27.665+0000] {dag.py:2915} INFO - Sync 1 DAGs
[2026-02-28T09:13:27.679+0000] {logging_mixin.py:151} INFO - [2026-02-28T09:13:27.679+0000] {dag.py:3696} INFO - Setting next_dagrun for pagination_dag to None, run_after=None
[2026-02-28T09:13:27.704+0000] {processor.py:179} INFO - Processing /opt/airflow/dags/dag.py took 0.337 seconds
[2026-02-28T09:13:57.941+0000] {processor.py:157} INFO - Started process (PID=885) to work on /opt/airflow/dags/dag.py
[2026-02-28T09:13:57.942+0000] {processor.py:829} INFO - Processing file /opt/airflow/dags/dag.py for tasks to queue
[2026-02-28T09:13:57.943+0000] {logging_mixin.py:151} INFO - [2026-02-28T09:13:57.943+0000] {dagbag.py:539} INFO - Filling up the DagBag from /opt/airflow/dags/dag.py
[2026-02-28T09:13:58.233+0000] {processor.py:839} INFO - DAG(s) dict_keys(['pagination_dag']) retrieved from /opt/airflow/dags/dag.py
[2026-02-28T09:13:58.262+0000] {logging_mixin.py:151} INFO - [2026-02-28T09:13:58.261+0000] {dag.py:2915} INFO - Sync 1 DAGs
[2026-02-28T09:13:58.278+0000] {logging_mixin.py:151} INFO - [2026-02-28T09:13:58.278+0000] {dag.py:3696} INFO - Setting next_dagrun for pagination_dag to None, run_after=None
[2026-02-28T09:13:58.301+0000] {processor.py:179} INFO - Processing /opt/airflow/dags/dag.py took 0.363 seconds
[2026-02-28T09:14:28.567+0000] {processor.py:157} INFO - Started process (PID=897) to work on /opt/airflow/dags/dag.py
[2026-02-28T09:14:28.568+0000] {processor.py:829} INFO - Processing file /opt/airflow/dags/dag.py for tasks to queue
[2026-02-28T09:14:28.569+0000] {logging_mixin.py:151} INFO - [2026-02-28T09:14:28.569+0000] {dagbag.py:539} INFO - Filling up the DagBag from /opt/airflow/dags/dag.py
[2026-02-28T09:14:28.830+0000] {processor.py:839} INFO - DAG(s) dict_keys(['pagination_dag']) retrieved from /opt/airflow/dags/dag.py
[2026-02-28T09:14:28.863+0000] {logging_mixin.py:151} INFO - [2026-02-28T09:14:28.863+0000] {dag.py:2915} INFO - Sync 1 DAGs
[2026-02-28T09:14:28.876+0000] {logging_mixin.py:151} INFO - [2026-02-28T09:14:28.876+0000] {dag.py:3696} INFO - Setting next_dagrun for pagination_dag to None, run_after=None
[2026-02-28T09:14:28.899+0000] {processor.py:179} INFO - Processing /opt/airflow/dags/dag.py took 0.335 seconds
[2026-02-28T09:14:59.142+0000] {processor.py:157} INFO - Started process (PID=909) to work on /opt/airflow/dags/dag.py
[2026-02-28T09:14:59.143+0000] {processor.py:829} INFO - Processing file /opt/airflow/dags/dag.py for tasks to queue
[2026-02-28T09:14:59.144+0000] {logging_mixin.py:151} INFO - [2026-02-28T09:14:59.144+0000] {dagbag.py:539} INFO - Filling up the DagBag from /opt/airflow/dags/dag.py
[2026-02-28T09:14:59.421+0000] {processor.py:839} INFO - DAG(s) dict_keys(['pagination_dag']) retrieved from /opt/airflow/dags/dag.py
[2026-02-28T09:14:59.450+0000] {logging_mixin.py:151} INFO - [2026-02-28T09:14:59.450+0000] {dag.py:2915} INFO - Sync 1 DAGs
[2026-02-28T09:14:59.464+0000] {logging_mixin.py:151} INFO - [2026-02-28T09:14:59.464+0000] {dag.py:3696} INFO - Setting next_dagrun for pagination_dag to None, run_after=None
[2026-02-28T09:14:59.490+0000] {processor.py:179} INFO - Processing /opt/airflow/dags/dag.py took 0.351 seconds
[2026-02-28T09:15:29.735+0000] {processor.py:157} INFO - Started process (PID=921) to work on /opt/airflow/dags/dag.py
[2026-02-28T09:15:29.737+0000] {processor.py:829} INFO - Processing file /opt/airflow/dags/dag.py for tasks to queue
[2026-02-28T09:15:29.738+0000] {logging_mixin.py:151} INFO - [2026-02-28T09:15:29.737+0000] {dagbag.py:539} INFO - Filling up the DagBag from /opt/airflow/dags/dag.py
[2026-02-28T09:15:30.020+0000] {processor.py:839} INFO - DAG(s) dict_keys(['pagination_dag']) retrieved from /opt/airflow/dags/dag.py
[2026-02-28T09:15:30.046+0000] {logging_mixin.py:151} INFO - [2026-02-28T09:15:30.046+0000] {dag.py:2915} INFO - Sync 1 DAGs
[2026-02-28T09:15:30.058+0000] {logging_mixin.py:151} INFO - [2026-02-28T09:15:30.057+0000] {dag.py:3696} INFO - Setting next_dagrun for pagination_dag to None, run_after=None
[2026-02-28T09:15:30.081+0000] {processor.py:179} INFO - Processing /opt/airflow/dags/dag.py took 0.350 seconds
[2026-02-28T09:16:00.312+0000] {processor.py:157} INFO - Started process (PID=933) to work on /opt/airflow/dags/dag.py
[2026-02-28T09:16:00.313+0000] {processor.py:829} INFO - Processing file /opt/airflow/dags/dag.py for tasks to queue
[2026-02-28T09:16:00.314+0000] {logging_mixin.py:151} INFO - [2026-02-28T09:16:00.314+0000] {dagbag.py:539} INFO - Filling up the DagBag from /opt/airflow/dags/dag.py
[2026-02-28T09:16:00.598+0000] {processor.py:839} INFO - DAG(s) dict_keys(['pagination_dag']) retrieved from /opt/airflow/dags/dag.py
[2026-02-28T09:16:00.624+0000] {logging_mixin.py:151} INFO - [2026-02-28T09:16:00.624+0000] {dag.py:2915} INFO - Sync 1 DAGs
[2026-02-28T09:16:00.635+0000] {logging_mixin.py:151} INFO - [2026-02-28T09:16:00.635+0000] {dag.py:3696} INFO - Setting next_dagrun for pagination_dag to None, run_after=None
[2026-02-28T09:16:00.658+0000] {processor.py:179} INFO - Processing /opt/airflow/dags/dag.py took 0.351 seconds
[2026-02-28T09:16:30.899+0000] {processor.py:157} INFO - Started process (PID=945) to work on /opt/airflow/dags/dag.py
[2026-02-28T09:16:30.900+0000] {processor.py:829} INFO - Processing file /opt/airflow/dags/dag.py for tasks to queue
[2026-02-28T09:16:30.901+0000] {logging_mixin.py:151} INFO - [2026-02-28T09:16:30.901+0000] {dagbag.py:539} INFO - Filling up the DagBag from /opt/airflow/dags/dag.py
[2026-02-28T09:16:31.162+0000] {processor.py:839} INFO - DAG(s) dict_keys(['pagination_dag']) retrieved from /opt/airflow/dags/dag.py
[2026-02-28T09:16:31.189+0000] {logging_mixin.py:151} INFO - [2026-02-28T09:16:31.188+0000] {dag.py:2915} INFO - Sync 1 DAGs
[2026-02-28T09:16:31.203+0000] {logging_mixin.py:151} INFO - [2026-02-28T09:16:31.203+0000] {dag.py:3696} INFO - Setting next_dagrun for pagination_dag to None, run_after=None
[2026-02-28T09:16:31.226+0000] {processor.py:179} INFO - Processing /opt/airflow/dags/dag.py took 0.329 seconds
[2026-02-28T09:17:01.460+0000] {processor.py:157} INFO - Started process (PID=957) to work on /opt/airflow/dags/dag.py
[2026-02-28T09:17:01.461+0000] {processor.py:829} INFO - Processing file /opt/airflow/dags/dag.py for tasks to queue
[2026-02-28T09:17:01.462+0000] {logging_mixin.py:151} INFO - [2026-02-28T09:17:01.461+0000] {dagbag.py:539} INFO - Filling up the DagBag from /opt/airflow/dags/dag.py
[2026-02-28T09:17:01.774+0000] {processor.py:839} INFO - DAG(s) dict_keys(['pagination_dag']) retrieved from /opt/airflow/dags/dag.py
[2026-02-28T09:17:01.808+0000] {logging_mixin.py:151} INFO - [2026-02-28T09:17:01.807+0000] {dag.py:2915} INFO - Sync 1 DAGs
[2026-02-28T09:17:01.823+0000] {logging_mixin.py:151} INFO - [2026-02-28T09:17:01.822+0000] {dag.py:3696} INFO - Setting next_dagrun for pagination_dag to None, run_after=None
[2026-02-28T09:17:01.853+0000] {processor.py:179} INFO - Processing /opt/airflow/dags/dag.py took 0.397 seconds
[2026-02-28T09:17:32.091+0000] {processor.py:157} INFO - Started process (PID=969) to work on /opt/airflow/dags/dag.py
[2026-02-28T09:17:32.092+0000] {processor.py:829} INFO - Processing file /opt/airflow/dags/dag.py for tasks to queue
[2026-02-28T09:17:32.094+0000] {logging_mixin.py:151} INFO - [2026-02-28T09:17:32.093+0000] {dagbag.py:539} INFO - Filling up the DagBag from /opt/airflow/dags/dag.py
[2026-02-28T09:17:32.399+0000] {processor.py:839} INFO - DAG(s) dict_keys(['pagination_dag']) retrieved from /opt/airflow/dags/dag.py
[2026-02-28T09:17:32.433+0000] {logging_mixin.py:151} INFO - [2026-02-28T09:17:32.432+0000] {dag.py:2915} INFO - Sync 1 DAGs
[2026-02-28T09:17:32.447+0000] {logging_mixin.py:151} INFO - [2026-02-28T09:17:32.447+0000] {dag.py:3696} INFO - Setting next_dagrun for pagination_dag to None, run_after=None
[2026-02-28T09:17:32.473+0000] {processor.py:179} INFO - Processing /opt/airflow/dags/dag.py took 0.387 seconds
[2026-02-28T09:18:02.711+0000] {processor.py:157} INFO - Started process (PID=981) to work on /opt/airflow/dags/dag.py
[2026-02-28T09:18:02.712+0000] {processor.py:829} INFO - Processing file /opt/airflow/dags/dag.py for tasks to queue
[2026-02-28T09:18:02.713+0000] {logging_mixin.py:151} INFO - [2026-02-28T09:18:02.712+0000] {dagbag.py:539} INFO - Filling up the DagBag from /opt/airflow/dags/dag.py
[2026-02-28T09:18:03.062+0000] {processor.py:839} INFO - DAG(s) dict_keys(['pagination_dag']) retrieved from /opt/airflow/dags/dag.py
[2026-02-28T09:18:03.090+0000] {logging_mixin.py:151} INFO - [2026-02-28T09:18:03.089+0000] {dag.py:2915} INFO - Sync 1 DAGs
[2026-02-28T09:18:03.104+0000] {logging_mixin.py:151} INFO - [2026-02-28T09:18:03.104+0000] {dag.py:3696} INFO - Setting next_dagrun for pagination_dag to None, run_after=None
[2026-02-28T09:18:03.135+0000] {processor.py:179} INFO - Processing /opt/airflow/dags/dag.py took 0.428 seconds
[2026-02-28T09:18:33.357+0000] {processor.py:157} INFO - Started process (PID=993) to work on /opt/airflow/dags/dag.py
[2026-02-28T09:18:33.358+0000] {processor.py:829} INFO - Processing file /opt/airflow/dags/dag.py for tasks to queue
[2026-02-28T09:18:33.359+0000] {logging_mixin.py:151} INFO - [2026-02-28T09:18:33.359+0000] {dagbag.py:539} INFO - Filling up the DagBag from /opt/airflow/dags/dag.py
[2026-02-28T09:18:33.628+0000] {processor.py:839} INFO - DAG(s) dict_keys(['pagination_dag']) retrieved from /opt/airflow/dags/dag.py
[2026-02-28T09:18:33.656+0000] {logging_mixin.py:151} INFO - [2026-02-28T09:18:33.655+0000] {dag.py:2915} INFO - Sync 1 DAGs
[2026-02-28T09:18:33.668+0000] {logging_mixin.py:151} INFO - [2026-02-28T09:18:33.668+0000] {dag.py:3696} INFO - Setting next_dagrun for pagination_dag to None, run_after=None
[2026-02-28T09:18:33.692+0000] {processor.py:179} INFO - Processing /opt/airflow/dags/dag.py took 0.340 seconds
[2026-02-28T09:19:03.929+0000] {processor.py:157} INFO - Started process (PID=1005) to work on /opt/airflow/dags/dag.py
[2026-02-28T09:19:03.931+0000] {processor.py:829} INFO - Processing file /opt/airflow/dags/dag.py for tasks to queue
[2026-02-28T09:19:03.932+0000] {logging_mixin.py:151} INFO - [2026-02-28T09:19:03.932+0000] {dagbag.py:539} INFO - Filling up the DagBag from /opt/airflow/dags/dag.py
[2026-02-28T09:19:04.212+0000] {processor.py:839} INFO - DAG(s) dict_keys(['pagination_dag']) retrieved from /opt/airflow/dags/dag.py
[2026-02-28T09:19:04.242+0000] {logging_mixin.py:151} INFO - [2026-02-28T09:19:04.241+0000] {dag.py:2915} INFO - Sync 1 DAGs
[2026-02-28T09:19:04.255+0000] {logging_mixin.py:151} INFO - [2026-02-28T09:19:04.255+0000] {dag.py:3696} INFO - Setting next_dagrun for pagination_dag to None, run_after=None
[2026-02-28T09:19:04.277+0000] {processor.py:179} INFO - Processing /opt/airflow/dags/dag.py took 0.352 seconds
[2026-02-28T09:19:34.537+0000] {processor.py:157} INFO - Started process (PID=1017) to work on /opt/airflow/dags/dag.py
[2026-02-28T09:19:34.538+0000] {processor.py:829} INFO - Processing file /opt/airflow/dags/dag.py for tasks to queue
[2026-02-28T09:19:34.540+0000] {logging_mixin.py:151} INFO - [2026-02-28T09:19:34.539+0000] {dagbag.py:539} INFO - Filling up the DagBag from /opt/airflow/dags/dag.py
[2026-02-28T09:19:34.794+0000] {processor.py:839} INFO - DAG(s) dict_keys(['pagination_dag']) retrieved from /opt/airflow/dags/dag.py
[2026-02-28T09:19:34.823+0000] {logging_mixin.py:151} INFO - [2026-02-28T09:19:34.822+0000] {dag.py:2915} INFO - Sync 1 DAGs
[2026-02-28T09:19:34.836+0000] {logging_mixin.py:151} INFO - [2026-02-28T09:19:34.836+0000] {dag.py:3696} INFO - Setting next_dagrun for pagination_dag to None, run_after=None
[2026-02-28T09:19:34.860+0000] {processor.py:179} INFO - Processing /opt/airflow/dags/dag.py took 0.330 seconds
[2026-02-28T09:20:05.101+0000] {processor.py:157} INFO - Started process (PID=1029) to work on /opt/airflow/dags/dag.py
[2026-02-28T09:20:05.102+0000] {processor.py:829} INFO - Processing file /opt/airflow/dags/dag.py for tasks to queue
[2026-02-28T09:20:05.103+0000] {logging_mixin.py:151} INFO - [2026-02-28T09:20:05.102+0000] {dagbag.py:539} INFO - Filling up the DagBag from /opt/airflow/dags/dag.py
[2026-02-28T09:20:05.396+0000] {processor.py:839} INFO - DAG(s) dict_keys(['pagination_dag']) retrieved from /opt/airflow/dags/dag.py
[2026-02-28T09:20:05.427+0000] {logging_mixin.py:151} INFO - [2026-02-28T09:20:05.427+0000] {dag.py:2915} INFO - Sync 1 DAGs
[2026-02-28T09:20:05.440+0000] {logging_mixin.py:151} INFO - [2026-02-28T09:20:05.440+0000] {dag.py:3696} INFO - Setting next_dagrun for pagination_dag to None, run_after=None
[2026-02-28T09:20:05.468+0000] {processor.py:179} INFO - Processing /opt/airflow/dags/dag.py took 0.371 seconds
[2026-02-28T09:20:35.693+0000] {processor.py:157} INFO - Started process (PID=1041) to work on /opt/airflow/dags/dag.py
[2026-02-28T09:20:35.694+0000] {processor.py:829} INFO - Processing file /opt/airflow/dags/dag.py for tasks to queue
[2026-02-28T09:20:35.695+0000] {logging_mixin.py:151} INFO - [2026-02-28T09:20:35.695+0000] {dagbag.py:539} INFO - Filling up the DagBag from /opt/airflow/dags/dag.py
[2026-02-28T09:20:35.977+0000] {processor.py:839} INFO - DAG(s) dict_keys(['pagination_dag']) retrieved from /opt/airflow/dags/dag.py
[2026-02-28T09:20:36.004+0000] {logging_mixin.py:151} INFO - [2026-02-28T09:20:36.004+0000] {dag.py:2915} INFO - Sync 1 DAGs
[2026-02-28T09:20:36.015+0000] {logging_mixin.py:151} INFO - [2026-02-28T09:20:36.015+0000] {dag.py:3696} INFO - Setting next_dagrun for pagination_dag to None, run_after=None
[2026-02-28T09:20:36.037+0000] {processor.py:179} INFO - Processing /opt/airflow/dags/dag.py took 0.347 seconds
[2026-02-28T09:21:06.286+0000] {processor.py:157} INFO - Started process (PID=1053) to work on /opt/airflow/dags/dag.py
[2026-02-28T09:21:06.287+0000] {processor.py:829} INFO - Processing file /opt/airflow/dags/dag.py for tasks to queue
[2026-02-28T09:21:06.288+0000] {logging_mixin.py:151} INFO - [2026-02-28T09:21:06.287+0000] {dagbag.py:539} INFO - Filling up the DagBag from /opt/airflow/dags/dag.py
[2026-02-28T09:21:06.561+0000] {processor.py:839} INFO - DAG(s) dict_keys(['pagination_dag']) retrieved from /opt/airflow/dags/dag.py
[2026-02-28T09:21:06.593+0000] {logging_mixin.py:151} INFO - [2026-02-28T09:21:06.592+0000] {dag.py:2915} INFO - Sync 1 DAGs
[2026-02-28T09:21:06.607+0000] {logging_mixin.py:151} INFO - [2026-02-28T09:21:06.606+0000] {dag.py:3696} INFO - Setting next_dagrun for pagination_dag to None, run_after=None
[2026-02-28T09:21:06.628+0000] {processor.py:179} INFO - Processing /opt/airflow/dags/dag.py took 0.346 seconds
[2026-02-28T09:21:36.866+0000] {processor.py:157} INFO - Started process (PID=1065) to work on /opt/airflow/dags/dag.py
[2026-02-28T09:21:36.867+0000] {processor.py:829} INFO - Processing file /opt/airflow/dags/dag.py for tasks to queue
[2026-02-28T09:21:36.868+0000] {logging_mixin.py:151} INFO - [2026-02-28T09:21:36.867+0000] {dagbag.py:539} INFO - Filling up the DagBag from /opt/airflow/dags/dag.py
[2026-02-28T09:21:37.136+0000] {processor.py:839} INFO - DAG(s) dict_keys(['pagination_dag']) retrieved from /opt/airflow/dags/dag.py
[2026-02-28T09:21:37.160+0000] {logging_mixin.py:151} INFO - [2026-02-28T09:21:37.160+0000] {dag.py:2915} INFO - Sync 1 DAGs
[2026-02-28T09:21:37.172+0000] {logging_mixin.py:151} INFO - [2026-02-28T09:21:37.171+0000] {dag.py:3696} INFO - Setting next_dagrun for pagination_dag to None, run_after=None
[2026-02-28T09:21:37.197+0000] {processor.py:179} INFO - Processing /opt/airflow/dags/dag.py took 0.335 seconds
[2026-02-28T09:22:07.435+0000] {processor.py:157} INFO - Started process (PID=1077) to work on /opt/airflow/dags/dag.py
[2026-02-28T09:22:07.436+0000] {processor.py:829} INFO - Processing file /opt/airflow/dags/dag.py for tasks to queue
[2026-02-28T09:22:07.437+0000] {logging_mixin.py:151} INFO - [2026-02-28T09:22:07.437+0000] {dagbag.py:539} INFO - Filling up the DagBag from /opt/airflow/dags/dag.py
[2026-02-28T09:22:07.761+0000] {processor.py:839} INFO - DAG(s) dict_keys(['pagination_dag']) retrieved from /opt/airflow/dags/dag.py
[2026-02-28T09:22:07.793+0000] {logging_mixin.py:151} INFO - [2026-02-28T09:22:07.793+0000] {dag.py:2915} INFO - Sync 1 DAGs
[2026-02-28T09:22:07.809+0000] {logging_mixin.py:151} INFO - [2026-02-28T09:22:07.808+0000] {dag.py:3696} INFO - Setting next_dagrun for pagination_dag to None, run_after=None
[2026-02-28T09:22:07.834+0000] {processor.py:179} INFO - Processing /opt/airflow/dags/dag.py took 0.402 seconds
[2026-02-28T09:22:38.075+0000] {processor.py:157} INFO - Started process (PID=1089) to work on /opt/airflow/dags/dag.py
[2026-02-28T09:22:38.077+0000] {processor.py:829} INFO - Processing file /opt/airflow/dags/dag.py for tasks to queue
[2026-02-28T09:22:38.078+0000] {logging_mixin.py:151} INFO - [2026-02-28T09:22:38.078+0000] {dagbag.py:539} INFO - Filling up the DagBag from /opt/airflow/dags/dag.py
[2026-02-28T09:22:38.399+0000] {processor.py:839} INFO - DAG(s) dict_keys(['pagination_dag']) retrieved from /opt/airflow/dags/dag.py
[2026-02-28T09:22:38.428+0000] {logging_mixin.py:151} INFO - [2026-02-28T09:22:38.428+0000] {dag.py:2915} INFO - Sync 1 DAGs
[2026-02-28T09:22:38.443+0000] {logging_mixin.py:151} INFO - [2026-02-28T09:22:38.442+0000] {dag.py:3696} INFO - Setting next_dagrun for pagination_dag to None, run_after=None
[2026-02-28T09:22:38.466+0000] {processor.py:179} INFO - Processing /opt/airflow/dags/dag.py took 0.394 seconds
[2026-02-28T09:23:08.698+0000] {processor.py:157} INFO - Started process (PID=1101) to work on /opt/airflow/dags/dag.py
[2026-02-28T09:23:08.699+0000] {processor.py:829} INFO - Processing file /opt/airflow/dags/dag.py for tasks to queue
[2026-02-28T09:23:08.700+0000] {logging_mixin.py:151} INFO - [2026-02-28T09:23:08.700+0000] {dagbag.py:539} INFO - Filling up the DagBag from /opt/airflow/dags/dag.py
[2026-02-28T09:23:09.011+0000] {processor.py:839} INFO - DAG(s) dict_keys(['pagination_dag']) retrieved from /opt/airflow/dags/dag.py
[2026-02-28T09:23:09.041+0000] {logging_mixin.py:151} INFO - [2026-02-28T09:23:09.040+0000] {dag.py:2915} INFO - Sync 1 DAGs
[2026-02-28T09:23:09.054+0000] {logging_mixin.py:151} INFO - [2026-02-28T09:23:09.053+0000] {dag.py:3696} INFO - Setting next_dagrun for pagination_dag to None, run_after=None
[2026-02-28T09:23:09.080+0000] {processor.py:179} INFO - Processing /opt/airflow/dags/dag.py took 0.386 seconds
[2026-02-28T09:23:39.328+0000] {processor.py:157} INFO - Started process (PID=1113) to work on /opt/airflow/dags/dag.py
[2026-02-28T09:23:39.330+0000] {processor.py:829} INFO - Processing file /opt/airflow/dags/dag.py for tasks to queue
[2026-02-28T09:23:39.331+0000] {logging_mixin.py:151} INFO - [2026-02-28T09:23:39.330+0000] {dagbag.py:539} INFO - Filling up the DagBag from /opt/airflow/dags/dag.py
[2026-02-28T09:23:39.598+0000] {processor.py:839} INFO - DAG(s) dict_keys(['pagination_dag']) retrieved from /opt/airflow/dags/dag.py
[2026-02-28T09:23:39.624+0000] {logging_mixin.py:151} INFO - [2026-02-28T09:23:39.624+0000] {dag.py:2915} INFO - Sync 1 DAGs
[2026-02-28T09:23:39.638+0000] {logging_mixin.py:151} INFO - [2026-02-28T09:23:39.638+0000] {dag.py:3696} INFO - Setting next_dagrun for pagination_dag to None, run_after=None
[2026-02-28T09:23:39.661+0000] {processor.py:179} INFO - Processing /opt/airflow/dags/dag.py took 0.337 seconds
[2026-02-28T09:24:09.899+0000] {processor.py:157} INFO - Started process (PID=1125) to work on /opt/airflow/dags/dag.py
[2026-02-28T09:24:09.900+0000] {processor.py:829} INFO - Processing file /opt/airflow/dags/dag.py for tasks to queue
[2026-02-28T09:24:09.901+0000] {logging_mixin.py:151} INFO - [2026-02-28T09:24:09.900+0000] {dagbag.py:539} INFO - Filling up the DagBag from /opt/airflow/dags/dag.py
[2026-02-28T09:24:10.209+0000] {processor.py:839} INFO - DAG(s) dict_keys(['pagination_dag']) retrieved from /opt/airflow/dags/dag.py
[2026-02-28T09:24:10.235+0000] {logging_mixin.py:151} INFO - [2026-02-28T09:24:10.235+0000] {dag.py:2915} INFO - Sync 1 DAGs
[2026-02-28T09:24:10.249+0000] {logging_mixin.py:151} INFO - [2026-02-28T09:24:10.249+0000] {dag.py:3696} INFO - Setting next_dagrun for pagination_dag to None, run_after=None
[2026-02-28T09:24:10.274+0000] {processor.py:179} INFO - Processing /opt/airflow/dags/dag.py took 0.379 seconds
[2026-02-28T09:24:40.509+0000] {processor.py:157} INFO - Started process (PID=1137) to work on /opt/airflow/dags/dag.py
[2026-02-28T09:24:40.510+0000] {processor.py:829} INFO - Processing file /opt/airflow/dags/dag.py for tasks to queue
[2026-02-28T09:24:40.510+0000] {logging_mixin.py:151} INFO - [2026-02-28T09:24:40.510+0000] {dagbag.py:539} INFO - Filling up the DagBag from /opt/airflow/dags/dag.py
[2026-02-28T09:24:40.783+0000] {processor.py:839} INFO - DAG(s) dict_keys(['pagination_dag']) retrieved from /opt/airflow/dags/dag.py
[2026-02-28T09:24:40.810+0000] {logging_mixin.py:151} INFO - [2026-02-28T09:24:40.809+0000] {dag.py:2915} INFO - Sync 1 DAGs
[2026-02-28T09:24:40.822+0000] {logging_mixin.py:151} INFO - [2026-02-28T09:24:40.822+0000] {dag.py:3696} INFO - Setting next_dagrun for pagination_dag to None, run_after=None
[2026-02-28T09:24:40.846+0000] {processor.py:179} INFO - Processing /opt/airflow/dags/dag.py took 0.340 seconds
[2026-02-28T09:25:11.090+0000] {processor.py:157} INFO - Started process (PID=1149) to work on /opt/airflow/dags/dag.py
[2026-02-28T09:25:11.091+0000] {processor.py:829} INFO - Processing file /opt/airflow/dags/dag.py for tasks to queue
[2026-02-28T09:25:11.092+0000] {logging_mixin.py:151} INFO - [2026-02-28T09:25:11.091+0000] {dagbag.py:539} INFO - Filling up the DagBag from /opt/airflow/dags/dag.py
[2026-02-28T09:25:11.364+0000] {processor.py:839} INFO - DAG(s) dict_keys(['pagination_dag']) retrieved from /opt/airflow/dags/dag.py
[2026-02-28T09:25:11.392+0000] {logging_mixin.py:151} INFO - [2026-02-28T09:25:11.391+0000] {dag.py:2915} INFO - Sync 1 DAGs
[2026-02-28T09:25:11.404+0000] {logging_mixin.py:151} INFO - [2026-02-28T09:25:11.404+0000] {dag.py:3696} INFO - Setting next_dagrun for pagination_dag to None, run_after=None
[2026-02-28T09:25:11.426+0000] {processor.py:179} INFO - Processing /opt/airflow/dags/dag.py took 0.339 seconds
[2026-02-28T09:25:41.664+0000] {processor.py:157} INFO - Started process (PID=1161) to work on /opt/airflow/dags/dag.py
[2026-02-28T09:25:41.665+0000] {processor.py:829} INFO - Processing file /opt/airflow/dags/dag.py for tasks to queue
[2026-02-28T09:25:41.666+0000] {logging_mixin.py:151} INFO - [2026-02-28T09:25:41.666+0000] {dagbag.py:539} INFO - Filling up the DagBag from /opt/airflow/dags/dag.py
[2026-02-28T09:25:41.932+0000] {processor.py:839} INFO - DAG(s) dict_keys(['pagination_dag']) retrieved from /opt/airflow/dags/dag.py
[2026-02-28T09:25:41.958+0000] {logging_mixin.py:151} INFO - [2026-02-28T09:25:41.958+0000] {dag.py:2915} INFO - Sync 1 DAGs
[2026-02-28T09:25:41.971+0000] {logging_mixin.py:151} INFO - [2026-02-28T09:25:41.970+0000] {dag.py:3696} INFO - Setting next_dagrun for pagination_dag to None, run_after=None
[2026-02-28T09:25:41.994+0000] {processor.py:179} INFO - Processing /opt/airflow/dags/dag.py took 0.332 seconds
[2026-02-28T09:26:12.204+0000] {processor.py:157} INFO - Started process (PID=1173) to work on /opt/airflow/dags/dag.py
[2026-02-28T09:26:12.205+0000] {processor.py:829} INFO - Processing file /opt/airflow/dags/dag.py for tasks to queue
[2026-02-28T09:26:12.206+0000] {logging_mixin.py:151} INFO - [2026-02-28T09:26:12.206+0000] {dagbag.py:539} INFO - Filling up the DagBag from /opt/airflow/dags/dag.py
[2026-02-28T09:26:12.471+0000] {processor.py:839} INFO - DAG(s) dict_keys(['pagination_dag']) retrieved from /opt/airflow/dags/dag.py
[2026-02-28T09:26:12.500+0000] {logging_mixin.py:151} INFO - [2026-02-28T09:26:12.500+0000] {dag.py:2915} INFO - Sync 1 DAGs
[2026-02-28T09:26:12.513+0000] {logging_mixin.py:151} INFO - [2026-02-28T09:26:12.513+0000] {dag.py:3696} INFO - Setting next_dagrun for pagination_dag to None, run_after=None
[2026-02-28T09:26:12.536+0000] {processor.py:179} INFO - Processing /opt/airflow/dags/dag.py took 0.336 seconds
[2026-02-28T09:26:42.774+0000] {processor.py:157} INFO - Started process (PID=1185) to work on /opt/airflow/dags/dag.py
[2026-02-28T09:26:42.775+0000] {processor.py:829} INFO - Processing file /opt/airflow/dags/dag.py for tasks to queue
[2026-02-28T09:26:42.776+0000] {logging_mixin.py:151} INFO - [2026-02-28T09:26:42.776+0000] {dagbag.py:539} INFO - Filling up the DagBag from /opt/airflow/dags/dag.py
[2026-02-28T09:26:43.049+0000] {processor.py:839} INFO - DAG(s) dict_keys(['pagination_dag']) retrieved from /opt/airflow/dags/dag.py
[2026-02-28T09:26:43.074+0000] {logging_mixin.py:151} INFO - [2026-02-28T09:26:43.074+0000] {dag.py:2915} INFO - Sync 1 DAGs
[2026-02-28T09:26:43.086+0000] {logging_mixin.py:151} INFO - [2026-02-28T09:26:43.086+0000] {dag.py:3696} INFO - Setting next_dagrun for pagination_dag to None, run_after=None
[2026-02-28T09:26:43.112+0000] {processor.py:179} INFO - Processing /opt/airflow/dags/dag.py took 0.340 seconds
[2026-02-28T09:27:13.343+0000] {processor.py:157} INFO - Started process (PID=1197) to work on /opt/airflow/dags/dag.py
[2026-02-28T09:27:13.345+0000] {processor.py:829} INFO - Processing file /opt/airflow/dags/dag.py for tasks to queue
[2026-02-28T09:27:13.347+0000] {logging_mixin.py:151} INFO - [2026-02-28T09:27:13.346+0000] {dagbag.py:539} INFO - Filling up the DagBag from /opt/airflow/dags/dag.py
[2026-02-28T09:27:13.639+0000] {processor.py:839} INFO - DAG(s) dict_keys(['pagination_dag']) retrieved from /opt/airflow/dags/dag.py
[2026-02-28T09:27:13.670+0000] {logging_mixin.py:151} INFO - [2026-02-28T09:27:13.669+0000] {dag.py:2915} INFO - Sync 1 DAGs
[2026-02-28T09:27:13.685+0000] {logging_mixin.py:151} INFO - [2026-02-28T09:27:13.684+0000] {dag.py:3696} INFO - Setting next_dagrun for pagination_dag to None, run_after=None
[2026-02-28T09:27:13.712+0000] {processor.py:179} INFO - Processing /opt/airflow/dags/dag.py took 0.375 seconds
[2026-02-28T09:27:43.959+0000] {processor.py:157} INFO - Started process (PID=1209) to work on /opt/airflow/dags/dag.py
[2026-02-28T09:27:43.960+0000] {processor.py:829} INFO - Processing file /opt/airflow/dags/dag.py for tasks to queue
[2026-02-28T09:27:43.961+0000] {logging_mixin.py:151} INFO - [2026-02-28T09:27:43.961+0000] {dagbag.py:539} INFO - Filling up the DagBag from /opt/airflow/dags/dag.py
[2026-02-28T09:27:44.289+0000] {processor.py:839} INFO - DAG(s) dict_keys(['pagination_dag']) retrieved from /opt/airflow/dags/dag.py
[2026-02-28T09:27:44.322+0000] {logging_mixin.py:151} INFO - [2026-02-28T09:27:44.322+0000] {dag.py:2915} INFO - Sync 1 DAGs
[2026-02-28T09:27:44.338+0000] {logging_mixin.py:151} INFO - [2026-02-28T09:27:44.338+0000] {dag.py:3696} INFO - Setting next_dagrun for pagination_dag to None, run_after=None
[2026-02-28T09:27:44.370+0000] {processor.py:179} INFO - Processing /opt/airflow/dags/dag.py took 0.414 seconds
[2026-02-28T09:28:14.599+0000] {processor.py:157} INFO - Started process (PID=1221) to work on /opt/airflow/dags/dag.py
[2026-02-28T09:28:14.601+0000] {processor.py:829} INFO - Processing file /opt/airflow/dags/dag.py for tasks to queue
[2026-02-28T09:28:14.602+0000] {logging_mixin.py:151} INFO - [2026-02-28T09:28:14.601+0000] {dagbag.py:539} INFO - Filling up the DagBag from /opt/airflow/dags/dag.py
[2026-02-28T09:28:14.967+0000] {processor.py:839} INFO - DAG(s) dict_keys(['pagination_dag']) retrieved from /opt/airflow/dags/dag.py
[2026-02-28T09:28:15.008+0000] {logging_mixin.py:151} INFO - [2026-02-28T09:28:15.007+0000] {dag.py:2915} INFO - Sync 1 DAGs
[2026-02-28T09:28:15.025+0000] {logging_mixin.py:151} INFO - [2026-02-28T09:28:15.025+0000] {dag.py:3696} INFO - Setting next_dagrun for pagination_dag to None, run_after=None
[2026-02-28T09:28:15.055+0000] {processor.py:179} INFO - Processing /opt/airflow/dags/dag.py took 0.463 seconds
[2026-02-28T09:28:45.276+0000] {processor.py:157} INFO - Started process (PID=1233) to work on /opt/airflow/dags/dag.py
[2026-02-28T09:28:45.277+0000] {processor.py:829} INFO - Processing file /opt/airflow/dags/dag.py for tasks to queue
[2026-02-28T09:28:45.279+0000] {logging_mixin.py:151} INFO - [2026-02-28T09:28:45.279+0000] {dagbag.py:539} INFO - Filling up the DagBag from /opt/airflow/dags/dag.py
[2026-02-28T09:28:45.583+0000] {processor.py:839} INFO - DAG(s) dict_keys(['pagination_dag']) retrieved from /opt/airflow/dags/dag.py
[2026-02-28T09:28:45.615+0000] {logging_mixin.py:151} INFO - [2026-02-28T09:28:45.614+0000] {dag.py:2915} INFO - Sync 1 DAGs
[2026-02-28T09:28:45.629+0000] {logging_mixin.py:151} INFO - [2026-02-28T09:28:45.629+0000] {dag.py:3696} INFO - Setting next_dagrun for pagination_dag to None, run_after=None
[2026-02-28T09:28:45.651+0000] {processor.py:179} INFO - Processing /opt/airflow/dags/dag.py took 0.378 seconds
[2026-02-28T09:29:15.881+0000] {processor.py:157} INFO - Started process (PID=1245) to work on /opt/airflow/dags/dag.py
[2026-02-28T09:29:15.883+0000] {processor.py:829} INFO - Processing file /opt/airflow/dags/dag.py for tasks to queue
[2026-02-28T09:29:15.884+0000] {logging_mixin.py:151} INFO - [2026-02-28T09:29:15.884+0000] {dagbag.py:539} INFO - Filling up the DagBag from /opt/airflow/dags/dag.py
[2026-02-28T09:29:16.182+0000] {processor.py:839} INFO - DAG(s) dict_keys(['pagination_dag']) retrieved from /opt/airflow/dags/dag.py
[2026-02-28T09:29:16.218+0000] {logging_mixin.py:151} INFO - [2026-02-28T09:29:16.217+0000] {dag.py:2915} INFO - Sync 1 DAGs
[2026-02-28T09:29:16.231+0000] {logging_mixin.py:151} INFO - [2026-02-28T09:29:16.231+0000] {dag.py:3696} INFO - Setting next_dagrun for pagination_dag to None, run_after=None
[2026-02-28T09:29:16.254+0000] {processor.py:179} INFO - Processing /opt/airflow/dags/dag.py took 0.376 seconds
[2026-02-28T09:29:46.530+0000] {processor.py:157} INFO - Started process (PID=1257) to work on /opt/airflow/dags/dag.py
[2026-02-28T09:29:46.531+0000] {processor.py:829} INFO - Processing file /opt/airflow/dags/dag.py for tasks to queue
[2026-02-28T09:29:46.532+0000] {logging_mixin.py:151} INFO - [2026-02-28T09:29:46.532+0000] {dagbag.py:539} INFO - Filling up the DagBag from /opt/airflow/dags/dag.py
[2026-02-28T09:29:46.804+0000] {processor.py:839} INFO - DAG(s) dict_keys(['pagination_dag']) retrieved from /opt/airflow/dags/dag.py
[2026-02-28T09:29:46.838+0000] {logging_mixin.py:151} INFO - [2026-02-28T09:29:46.838+0000] {dag.py:2915} INFO - Sync 1 DAGs
[2026-02-28T09:29:46.852+0000] {logging_mixin.py:151} INFO - [2026-02-28T09:29:46.852+0000] {dag.py:3696} INFO - Setting next_dagrun for pagination_dag to None, run_after=None
[2026-02-28T09:29:46.874+0000] {processor.py:179} INFO - Processing /opt/airflow/dags/dag.py took 0.348 seconds
[2026-02-28T09:30:17.117+0000] {processor.py:157} INFO - Started process (PID=1269) to work on /opt/airflow/dags/dag.py
[2026-02-28T09:30:17.119+0000] {processor.py:829} INFO - Processing file /opt/airflow/dags/dag.py for tasks to queue
[2026-02-28T09:30:17.120+0000] {logging_mixin.py:151} INFO - [2026-02-28T09:30:17.119+0000] {dagbag.py:539} INFO - Filling up the DagBag from /opt/airflow/dags/dag.py
[2026-02-28T09:30:17.423+0000] {processor.py:839} INFO - DAG(s) dict_keys(['pagination_dag']) retrieved from /opt/airflow/dags/dag.py
[2026-02-28T09:30:17.456+0000] {logging_mixin.py:151} INFO - [2026-02-28T09:30:17.456+0000] {dag.py:2915} INFO - Sync 1 DAGs
[2026-02-28T09:30:17.473+0000] {logging_mixin.py:151} INFO - [2026-02-28T09:30:17.472+0000] {dag.py:3696} INFO - Setting next_dagrun for pagination_dag to None, run_after=None
[2026-02-28T09:30:17.499+0000] {processor.py:179} INFO - Processing /opt/airflow/dags/dag.py took 0.385 seconds
[2026-02-28T09:30:47.712+0000] {processor.py:157} INFO - Started process (PID=1281) to work on /opt/airflow/dags/dag.py
[2026-02-28T09:30:47.713+0000] {processor.py:829} INFO - Processing file /opt/airflow/dags/dag.py for tasks to queue
[2026-02-28T09:30:47.714+0000] {logging_mixin.py:151} INFO - [2026-02-28T09:30:47.713+0000] {dagbag.py:539} INFO - Filling up the DagBag from /opt/airflow/dags/dag.py
[2026-02-28T09:30:47.986+0000] {processor.py:839} INFO - DAG(s) dict_keys(['pagination_dag']) retrieved from /opt/airflow/dags/dag.py
[2026-02-28T09:30:48.014+0000] {logging_mixin.py:151} INFO - [2026-02-28T09:30:48.014+0000] {dag.py:2915} INFO - Sync 1 DAGs
[2026-02-28T09:30:48.026+0000] {logging_mixin.py:151} INFO - [2026-02-28T09:30:48.026+0000] {dag.py:3696} INFO - Setting next_dagrun for pagination_dag to None, run_after=None
[2026-02-28T09:30:48.049+0000] {processor.py:179} INFO - Processing /opt/airflow/dags/dag.py took 0.340 seconds
[2026-02-28T09:31:18.275+0000] {processor.py:157} INFO - Started process (PID=1293) to work on /opt/airflow/dags/dag.py
[2026-02-28T09:31:18.276+0000] {processor.py:829} INFO - Processing file /opt/airflow/dags/dag.py for tasks to queue
[2026-02-28T09:31:18.277+0000] {logging_mixin.py:151} INFO - [2026-02-28T09:31:18.277+0000] {dagbag.py:539} INFO - Filling up the DagBag from /opt/airflow/dags/dag.py
[2026-02-28T09:31:18.561+0000] {processor.py:839} INFO - DAG(s) dict_keys(['pagination_dag']) retrieved from /opt/airflow/dags/dag.py
[2026-02-28T09:31:18.591+0000] {logging_mixin.py:151} INFO - [2026-02-28T09:31:18.590+0000] {dag.py:2915} INFO - Sync 1 DAGs
[2026-02-28T09:31:18.603+0000] {logging_mixin.py:151} INFO - [2026-02-28T09:31:18.603+0000] {dag.py:3696} INFO - Setting next_dagrun for pagination_dag to None, run_after=None
[2026-02-28T09:31:18.622+0000] {processor.py:179} INFO - Processing /opt/airflow/dags/dag.py took 0.350 seconds
[2026-02-28T09:31:48.872+0000] {processor.py:157} INFO - Started process (PID=1305) to work on /opt/airflow/dags/dag.py
[2026-02-28T09:31:48.873+0000] {processor.py:829} INFO - Processing file /opt/airflow/dags/dag.py for tasks to queue
[2026-02-28T09:31:48.874+0000] {logging_mixin.py:151} INFO - [2026-02-28T09:31:48.874+0000] {dagbag.py:539} INFO - Filling up the DagBag from /opt/airflow/dags/dag.py
[2026-02-28T09:31:49.166+0000] {processor.py:839} INFO - DAG(s) dict_keys(['pagination_dag']) retrieved from /opt/airflow/dags/dag.py
[2026-02-28T09:31:49.194+0000] {logging_mixin.py:151} INFO - [2026-02-28T09:31:49.194+0000] {dag.py:2915} INFO - Sync 1 DAGs
[2026-02-28T09:31:49.206+0000] {logging_mixin.py:151} INFO - [2026-02-28T09:31:49.205+0000] {dag.py:3696} INFO - Setting next_dagrun for pagination_dag to None, run_after=None
[2026-02-28T09:31:49.232+0000] {processor.py:179} INFO - Processing /opt/airflow/dags/dag.py took 0.363 seconds
[2026-02-28T09:32:19.480+0000] {processor.py:157} INFO - Started process (PID=1317) to work on /opt/airflow/dags/dag.py
[2026-02-28T09:32:19.482+0000] {processor.py:829} INFO - Processing file /opt/airflow/dags/dag.py for tasks to queue
[2026-02-28T09:32:19.483+0000] {logging_mixin.py:151} INFO - [2026-02-28T09:32:19.482+0000] {dagbag.py:539} INFO - Filling up the DagBag from /opt/airflow/dags/dag.py
[2026-02-28T09:32:19.791+0000] {processor.py:839} INFO - DAG(s) dict_keys(['pagination_dag']) retrieved from /opt/airflow/dags/dag.py
[2026-02-28T09:32:19.821+0000] {logging_mixin.py:151} INFO - [2026-02-28T09:32:19.820+0000] {dag.py:2915} INFO - Sync 1 DAGs
[2026-02-28T09:32:19.837+0000] {logging_mixin.py:151} INFO - [2026-02-28T09:32:19.837+0000] {dag.py:3696} INFO - Setting next_dagrun for pagination_dag to None, run_after=None
[2026-02-28T09:32:19.863+0000] {processor.py:179} INFO - Processing /opt/airflow/dags/dag.py took 0.387 seconds
[2026-02-28T09:32:50.100+0000] {processor.py:157} INFO - Started process (PID=1329) to work on /opt/airflow/dags/dag.py
[2026-02-28T09:32:50.101+0000] {processor.py:829} INFO - Processing file /opt/airflow/dags/dag.py for tasks to queue
[2026-02-28T09:32:50.103+0000] {logging_mixin.py:151} INFO - [2026-02-28T09:32:50.102+0000] {dagbag.py:539} INFO - Filling up the DagBag from /opt/airflow/dags/dag.py
[2026-02-28T09:32:50.456+0000] {processor.py:839} INFO - DAG(s) dict_keys(['pagination_dag']) retrieved from /opt/airflow/dags/dag.py
[2026-02-28T09:32:50.493+0000] {logging_mixin.py:151} INFO - [2026-02-28T09:32:50.492+0000] {dag.py:2915} INFO - Sync 1 DAGs
[2026-02-28T09:32:50.515+0000] {logging_mixin.py:151} INFO - [2026-02-28T09:32:50.514+0000] {dag.py:3696} INFO - Setting next_dagrun for pagination_dag to None, run_after=None
[2026-02-28T09:32:50.550+0000] {processor.py:179} INFO - Processing /opt/airflow/dags/dag.py took 0.455 seconds
[2026-02-28T09:33:20.747+0000] {processor.py:157} INFO - Started process (PID=1341) to work on /opt/airflow/dags/dag.py
[2026-02-28T09:33:20.748+0000] {processor.py:829} INFO - Processing file /opt/airflow/dags/dag.py for tasks to queue
[2026-02-28T09:33:20.749+0000] {logging_mixin.py:151} INFO - [2026-02-28T09:33:20.748+0000] {dagbag.py:539} INFO - Filling up the DagBag from /opt/airflow/dags/dag.py
[2026-02-28T09:33:21.060+0000] {processor.py:839} INFO - DAG(s) dict_keys(['pagination_dag']) retrieved from /opt/airflow/dags/dag.py
[2026-02-28T09:33:21.091+0000] {logging_mixin.py:151} INFO - [2026-02-28T09:33:21.091+0000] {dag.py:2915} INFO - Sync 1 DAGs
[2026-02-28T09:33:21.107+0000] {logging_mixin.py:151} INFO - [2026-02-28T09:33:21.106+0000] {dag.py:3696} INFO - Setting next_dagrun for pagination_dag to None, run_after=None
[2026-02-28T09:33:21.134+0000] {processor.py:179} INFO - Processing /opt/airflow/dags/dag.py took 0.390 seconds
[2026-02-28T09:33:51.359+0000] {processor.py:157} INFO - Started process (PID=1353) to work on /opt/airflow/dags/dag.py
[2026-02-28T09:33:51.361+0000] {processor.py:829} INFO - Processing file /opt/airflow/dags/dag.py for tasks to queue
[2026-02-28T09:33:51.362+0000] {logging_mixin.py:151} INFO - [2026-02-28T09:33:51.361+0000] {dagbag.py:539} INFO - Filling up the DagBag from /opt/airflow/dags/dag.py
[2026-02-28T09:33:51.652+0000] {processor.py:839} INFO - DAG(s) dict_keys(['pagination_dag']) retrieved from /opt/airflow/dags/dag.py
[2026-02-28T09:33:51.680+0000] {logging_mixin.py:151} INFO - [2026-02-28T09:33:51.680+0000] {dag.py:2915} INFO - Sync 1 DAGs
[2026-02-28T09:33:51.693+0000] {logging_mixin.py:151} INFO - [2026-02-28T09:33:51.692+0000] {dag.py:3696} INFO - Setting next_dagrun for pagination_dag to None, run_after=None
[2026-02-28T09:33:51.718+0000] {processor.py:179} INFO - Processing /opt/airflow/dags/dag.py took 0.362 seconds
[2026-02-28T09:34:21.937+0000] {processor.py:157} INFO - Started process (PID=1365) to work on /opt/airflow/dags/dag.py
[2026-02-28T09:34:21.938+0000] {processor.py:829} INFO - Processing file /opt/airflow/dags/dag.py for tasks to queue
[2026-02-28T09:34:21.939+0000] {logging_mixin.py:151} INFO - [2026-02-28T09:34:21.938+0000] {dagbag.py:539} INFO - Filling up the DagBag from /opt/airflow/dags/dag.py
[2026-02-28T09:34:22.226+0000] {processor.py:839} INFO - DAG(s) dict_keys(['pagination_dag']) retrieved from /opt/airflow/dags/dag.py
[2026-02-28T09:34:22.254+0000] {logging_mixin.py:151} INFO - [2026-02-28T09:34:22.254+0000] {dag.py:2915} INFO - Sync 1 DAGs
[2026-02-28T09:34:22.266+0000] {logging_mixin.py:151} INFO - [2026-02-28T09:34:22.266+0000] {dag.py:3696} INFO - Setting next_dagrun for pagination_dag to None, run_after=None
[2026-02-28T09:34:22.287+0000] {processor.py:179} INFO - Processing /opt/airflow/dags/dag.py took 0.354 seconds
[2026-02-28T09:34:52.554+0000] {processor.py:157} INFO - Started process (PID=1377) to work on /opt/airflow/dags/dag.py
[2026-02-28T09:34:52.555+0000] {processor.py:829} INFO - Processing file /opt/airflow/dags/dag.py for tasks to queue
[2026-02-28T09:34:52.556+0000] {logging_mixin.py:151} INFO - [2026-02-28T09:34:52.555+0000] {dagbag.py:539} INFO - Filling up the DagBag from /opt/airflow/dags/dag.py
[2026-02-28T09:34:52.842+0000] {processor.py:839} INFO - DAG(s) dict_keys(['pagination_dag']) retrieved from /opt/airflow/dags/dag.py
[2026-02-28T09:34:52.871+0000] {logging_mixin.py:151} INFO - [2026-02-28T09:34:52.870+0000] {dag.py:2915} INFO - Sync 1 DAGs
[2026-02-28T09:34:52.885+0000] {logging_mixin.py:151} INFO - [2026-02-28T09:34:52.884+0000] {dag.py:3696} INFO - Setting next_dagrun for pagination_dag to None, run_after=None
[2026-02-28T09:34:52.913+0000] {processor.py:179} INFO - Processing /opt/airflow/dags/dag.py took 0.363 seconds
[2026-02-28T09:35:23.153+0000] {processor.py:157} INFO - Started process (PID=1389) to work on /opt/airflow/dags/dag.py
[2026-02-28T09:35:23.154+0000] {processor.py:829} INFO - Processing file /opt/airflow/dags/dag.py for tasks to queue
[2026-02-28T09:35:23.155+0000] {logging_mixin.py:151} INFO - [2026-02-28T09:35:23.154+0000] {dagbag.py:539} INFO - Filling up the DagBag from /opt/airflow/dags/dag.py
[2026-02-28T09:35:23.431+0000] {processor.py:839} INFO - DAG(s) dict_keys(['pagination_dag']) retrieved from /opt/airflow/dags/dag.py
[2026-02-28T09:35:23.459+0000] {logging_mixin.py:151} INFO - [2026-02-28T09:35:23.458+0000] {dag.py:2915} INFO - Sync 1 DAGs
[2026-02-28T09:35:23.474+0000] {logging_mixin.py:151} INFO - [2026-02-28T09:35:23.474+0000] {dag.py:3696} INFO - Setting next_dagrun for pagination_dag to None, run_after=None
[2026-02-28T09:35:23.498+0000] {processor.py:179} INFO - Processing /opt/airflow/dags/dag.py took 0.349 seconds
[2026-02-28T09:35:53.730+0000] {processor.py:157} INFO - Started process (PID=1401) to work on /opt/airflow/dags/dag.py
[2026-02-28T09:35:53.730+0000] {processor.py:829} INFO - Processing file /opt/airflow/dags/dag.py for tasks to queue
[2026-02-28T09:35:53.731+0000] {logging_mixin.py:151} INFO - [2026-02-28T09:35:53.731+0000] {dagbag.py:539} INFO - Filling up the DagBag from /opt/airflow/dags/dag.py
[2026-02-28T09:35:53.999+0000] {processor.py:839} INFO - DAG(s) dict_keys(['pagination_dag']) retrieved from /opt/airflow/dags/dag.py
[2026-02-28T09:35:54.028+0000] {logging_mixin.py:151} INFO - [2026-02-28T09:35:54.027+0000] {dag.py:2915} INFO - Sync 1 DAGs
[2026-02-28T09:35:54.039+0000] {logging_mixin.py:151} INFO - [2026-02-28T09:35:54.039+0000] {dag.py:3696} INFO - Setting next_dagrun for pagination_dag to None, run_after=None
[2026-02-28T09:35:54.064+0000] {processor.py:179} INFO - Processing /opt/airflow/dags/dag.py took 0.337 seconds
[2026-02-28T09:36:24.278+0000] {processor.py:157} INFO - Started process (PID=1413) to work on /opt/airflow/dags/dag.py
[2026-02-28T09:36:24.279+0000] {processor.py:829} INFO - Processing file /opt/airflow/dags/dag.py for tasks to queue
[2026-02-28T09:36:24.280+0000] {logging_mixin.py:151} INFO - [2026-02-28T09:36:24.280+0000] {dagbag.py:539} INFO - Filling up the DagBag from /opt/airflow/dags/dag.py
[2026-02-28T09:36:24.553+0000] {processor.py:839} INFO - DAG(s) dict_keys(['pagination_dag']) retrieved from /opt/airflow/dags/dag.py
[2026-02-28T09:36:24.581+0000] {logging_mixin.py:151} INFO - [2026-02-28T09:36:24.581+0000] {dag.py:2915} INFO - Sync 1 DAGs
[2026-02-28T09:36:24.593+0000] {logging_mixin.py:151} INFO - [2026-02-28T09:36:24.593+0000] {dag.py:3696} INFO - Setting next_dagrun for pagination_dag to None, run_after=None
[2026-02-28T09:36:24.614+0000] {processor.py:179} INFO - Processing /opt/airflow/dags/dag.py took 0.339 seconds
[2026-02-28T09:36:54.853+0000] {processor.py:157} INFO - Started process (PID=1425) to work on /opt/airflow/dags/dag.py
[2026-02-28T09:36:54.854+0000] {processor.py:829} INFO - Processing file /opt/airflow/dags/dag.py for tasks to queue
[2026-02-28T09:36:54.855+0000] {logging_mixin.py:151} INFO - [2026-02-28T09:36:54.855+0000] {dagbag.py:539} INFO - Filling up the DagBag from /opt/airflow/dags/dag.py
[2026-02-28T09:36:55.120+0000] {processor.py:839} INFO - DAG(s) dict_keys(['pagination_dag']) retrieved from /opt/airflow/dags/dag.py
[2026-02-28T09:36:55.146+0000] {logging_mixin.py:151} INFO - [2026-02-28T09:36:55.145+0000] {dag.py:2915} INFO - Sync 1 DAGs
[2026-02-28T09:36:55.157+0000] {logging_mixin.py:151} INFO - [2026-02-28T09:36:55.157+0000] {dag.py:3696} INFO - Setting next_dagrun for pagination_dag to None, run_after=None
[2026-02-28T09:36:55.177+0000] {processor.py:179} INFO - Processing /opt/airflow/dags/dag.py took 0.327 seconds
[2026-02-28T09:37:25.416+0000] {processor.py:157} INFO - Started process (PID=1437) to work on /opt/airflow/dags/dag.py
[2026-02-28T09:37:25.417+0000] {processor.py:829} INFO - Processing file /opt/airflow/dags/dag.py for tasks to queue
[2026-02-28T09:37:25.419+0000] {logging_mixin.py:151} INFO - [2026-02-28T09:37:25.418+0000] {dagbag.py:539} INFO - Filling up the DagBag from /opt/airflow/dags/dag.py
[2026-02-28T09:37:25.713+0000] {processor.py:839} INFO - DAG(s) dict_keys(['pagination_dag']) retrieved from /opt/airflow/dags/dag.py
[2026-02-28T09:37:25.744+0000] {logging_mixin.py:151} INFO - [2026-02-28T09:37:25.744+0000] {dag.py:2915} INFO - Sync 1 DAGs
[2026-02-28T09:37:25.758+0000] {logging_mixin.py:151} INFO - [2026-02-28T09:37:25.758+0000] {dag.py:3696} INFO - Setting next_dagrun for pagination_dag to None, run_after=None
[2026-02-28T09:37:25.784+0000] {processor.py:179} INFO - Processing /opt/airflow/dags/dag.py took 0.372 seconds
[2026-02-28T09:37:56.022+0000] {processor.py:157} INFO - Started process (PID=1449) to work on /opt/airflow/dags/dag.py
[2026-02-28T09:37:56.024+0000] {processor.py:829} INFO - Processing file /opt/airflow/dags/dag.py for tasks to queue
[2026-02-28T09:37:56.026+0000] {logging_mixin.py:151} INFO - [2026-02-28T09:37:56.025+0000] {dagbag.py:539} INFO - Filling up the DagBag from /opt/airflow/dags/dag.py
[2026-02-28T09:37:56.325+0000] {processor.py:839} INFO - DAG(s) dict_keys(['pagination_dag']) retrieved from /opt/airflow/dags/dag.py
[2026-02-28T09:37:56.359+0000] {logging_mixin.py:151} INFO - [2026-02-28T09:37:56.359+0000] {dag.py:2915} INFO - Sync 1 DAGs
[2026-02-28T09:37:56.375+0000] {logging_mixin.py:151} INFO - [2026-02-28T09:37:56.375+0000] {dag.py:3696} INFO - Setting next_dagrun for pagination_dag to None, run_after=None
[2026-02-28T09:37:56.400+0000] {processor.py:179} INFO - Processing /opt/airflow/dags/dag.py took 0.381 seconds
[2026-02-28T09:38:26.652+0000] {processor.py:157} INFO - Started process (PID=1461) to work on /opt/airflow/dags/dag.py
[2026-02-28T09:38:26.653+0000] {processor.py:829} INFO - Processing file /opt/airflow/dags/dag.py for tasks to queue
[2026-02-28T09:38:26.654+0000] {logging_mixin.py:151} INFO - [2026-02-28T09:38:26.654+0000] {dagbag.py:539} INFO - Filling up the DagBag from /opt/airflow/dags/dag.py
[2026-02-28T09:38:27.010+0000] {processor.py:839} INFO - DAG(s) dict_keys(['pagination_dag']) retrieved from /opt/airflow/dags/dag.py
[2026-02-28T09:38:27.055+0000] {logging_mixin.py:151} INFO - [2026-02-28T09:38:27.054+0000] {dag.py:2915} INFO - Sync 1 DAGs
[2026-02-28T09:38:27.073+0000] {logging_mixin.py:151} INFO - [2026-02-28T09:38:27.073+0000] {dag.py:3696} INFO - Setting next_dagrun for pagination_dag to None, run_after=None
[2026-02-28T09:38:27.105+0000] {processor.py:179} INFO - Processing /opt/airflow/dags/dag.py took 0.457 seconds
[2026-02-28T09:38:57.332+0000] {processor.py:157} INFO - Started process (PID=1473) to work on /opt/airflow/dags/dag.py
[2026-02-28T09:38:57.333+0000] {processor.py:829} INFO - Processing file /opt/airflow/dags/dag.py for tasks to queue
[2026-02-28T09:38:57.334+0000] {logging_mixin.py:151} INFO - [2026-02-28T09:38:57.334+0000] {dagbag.py:539} INFO - Filling up the DagBag from /opt/airflow/dags/dag.py
[2026-02-28T09:38:57.598+0000] {processor.py:839} INFO - DAG(s) dict_keys(['pagination_dag']) retrieved from /opt/airflow/dags/dag.py
[2026-02-28T09:38:57.625+0000] {logging_mixin.py:151} INFO - [2026-02-28T09:38:57.624+0000] {dag.py:2915} INFO - Sync 1 DAGs
[2026-02-28T09:38:57.638+0000] {logging_mixin.py:151} INFO - [2026-02-28T09:38:57.638+0000] {dag.py:3696} INFO - Setting next_dagrun for pagination_dag to None, run_after=None
[2026-02-28T09:38:57.658+0000] {processor.py:179} INFO - Processing /opt/airflow/dags/dag.py took 0.330 seconds
[2026-02-28T09:39:27.906+0000] {processor.py:157} INFO - Started process (PID=1485) to work on /opt/airflow/dags/dag.py
[2026-02-28T09:39:27.907+0000] {processor.py:829} INFO - Processing file /opt/airflow/dags/dag.py for tasks to queue
[2026-02-28T09:39:27.908+0000] {logging_mixin.py:151} INFO - [2026-02-28T09:39:27.908+0000] {dagbag.py:539} INFO - Filling up the DagBag from /opt/airflow/dags/dag.py
[2026-02-28T09:39:28.168+0000] {processor.py:839} INFO - DAG(s) dict_keys(['pagination_dag']) retrieved from /opt/airflow/dags/dag.py
[2026-02-28T09:39:28.199+0000] {logging_mixin.py:151} INFO - [2026-02-28T09:39:28.199+0000] {dag.py:2915} INFO - Sync 1 DAGs
[2026-02-28T09:39:28.212+0000] {logging_mixin.py:151} INFO - [2026-02-28T09:39:28.212+0000] {dag.py:3696} INFO - Setting next_dagrun for pagination_dag to None, run_after=None
[2026-02-28T09:39:28.235+0000] {processor.py:179} INFO - Processing /opt/airflow/dags/dag.py took 0.333 seconds
[2026-02-28T09:39:58.488+0000] {processor.py:157} INFO - Started process (PID=1497) to work on /opt/airflow/dags/dag.py
[2026-02-28T09:39:58.489+0000] {processor.py:829} INFO - Processing file /opt/airflow/dags/dag.py for tasks to queue
[2026-02-28T09:39:58.490+0000] {logging_mixin.py:151} INFO - [2026-02-28T09:39:58.489+0000] {dagbag.py:539} INFO - Filling up the DagBag from /opt/airflow/dags/dag.py
[2026-02-28T09:39:58.745+0000] {processor.py:839} INFO - DAG(s) dict_keys(['pagination_dag']) retrieved from /opt/airflow/dags/dag.py
[2026-02-28T09:39:58.772+0000] {logging_mixin.py:151} INFO - [2026-02-28T09:39:58.772+0000] {dag.py:2915} INFO - Sync 1 DAGs
[2026-02-28T09:39:58.784+0000] {logging_mixin.py:151} INFO - [2026-02-28T09:39:58.783+0000] {dag.py:3696} INFO - Setting next_dagrun for pagination_dag to None, run_after=None
[2026-02-28T09:39:58.806+0000] {processor.py:179} INFO - Processing /opt/airflow/dags/dag.py took 0.321 seconds
[2026-02-28T09:40:29.048+0000] {processor.py:157} INFO - Started process (PID=1509) to work on /opt/airflow/dags/dag.py
[2026-02-28T09:40:29.049+0000] {processor.py:829} INFO - Processing file /opt/airflow/dags/dag.py for tasks to queue
[2026-02-28T09:40:29.050+0000] {logging_mixin.py:151} INFO - [2026-02-28T09:40:29.050+0000] {dagbag.py:539} INFO - Filling up the DagBag from /opt/airflow/dags/dag.py
[2026-02-28T09:40:29.312+0000] {processor.py:839} INFO - DAG(s) dict_keys(['pagination_dag']) retrieved from /opt/airflow/dags/dag.py
[2026-02-28T09:40:29.336+0000] {logging_mixin.py:151} INFO - [2026-02-28T09:40:29.336+0000] {dag.py:2915} INFO - Sync 1 DAGs
[2026-02-28T09:40:29.350+0000] {logging_mixin.py:151} INFO - [2026-02-28T09:40:29.350+0000] {dag.py:3696} INFO - Setting next_dagrun for pagination_dag to None, run_after=None
[2026-02-28T09:40:29.370+0000] {processor.py:179} INFO - Processing /opt/airflow/dags/dag.py took 0.325 seconds
[2026-02-28T09:40:59.585+0000] {processor.py:157} INFO - Started process (PID=1521) to work on /opt/airflow/dags/dag.py
[2026-02-28T09:40:59.586+0000] {processor.py:829} INFO - Processing file /opt/airflow/dags/dag.py for tasks to queue
[2026-02-28T09:40:59.588+0000] {logging_mixin.py:151} INFO - [2026-02-28T09:40:59.587+0000] {dagbag.py:539} INFO - Filling up the DagBag from /opt/airflow/dags/dag.py
[2026-02-28T09:40:59.840+0000] {processor.py:839} INFO - DAG(s) dict_keys(['pagination_dag']) retrieved from /opt/airflow/dags/dag.py
[2026-02-28T09:40:59.867+0000] {logging_mixin.py:151} INFO - [2026-02-28T09:40:59.867+0000] {dag.py:2915} INFO - Sync 1 DAGs
[2026-02-28T09:40:59.880+0000] {logging_mixin.py:151} INFO - [2026-02-28T09:40:59.879+0000] {dag.py:3696} INFO - Setting next_dagrun for pagination_dag to None, run_after=None
[2026-02-28T09:40:59.901+0000] {processor.py:179} INFO - Processing /opt/airflow/dags/dag.py took 0.319 seconds
[2026-02-28T09:41:30.140+0000] {processor.py:157} INFO - Started process (PID=1533) to work on /opt/airflow/dags/dag.py
[2026-02-28T09:41:30.141+0000] {processor.py:829} INFO - Processing file /opt/airflow/dags/dag.py for tasks to queue
[2026-02-28T09:41:30.142+0000] {logging_mixin.py:151} INFO - [2026-02-28T09:41:30.142+0000] {dagbag.py:539} INFO - Filling up the DagBag from /opt/airflow/dags/dag.py
[2026-02-28T09:41:30.397+0000] {processor.py:839} INFO - DAG(s) dict_keys(['pagination_dag']) retrieved from /opt/airflow/dags/dag.py
[2026-02-28T09:41:30.430+0000] {logging_mixin.py:151} INFO - [2026-02-28T09:41:30.430+0000] {dag.py:2915} INFO - Sync 1 DAGs
[2026-02-28T09:41:30.442+0000] {logging_mixin.py:151} INFO - [2026-02-28T09:41:30.442+0000] {dag.py:3696} INFO - Setting next_dagrun for pagination_dag to None, run_after=None
[2026-02-28T09:41:30.466+0000] {processor.py:179} INFO - Processing /opt/airflow/dags/dag.py took 0.328 seconds
[2026-02-28T09:42:00.714+0000] {processor.py:157} INFO - Started process (PID=1545) to work on /opt/airflow/dags/dag.py
[2026-02-28T09:42:00.715+0000] {processor.py:829} INFO - Processing file /opt/airflow/dags/dag.py for tasks to queue
[2026-02-28T09:42:00.716+0000] {logging_mixin.py:151} INFO - [2026-02-28T09:42:00.716+0000] {dagbag.py:539} INFO - Filling up the DagBag from /opt/airflow/dags/dag.py
[2026-02-28T09:42:01.033+0000] {processor.py:839} INFO - DAG(s) dict_keys(['pagination_dag']) retrieved from /opt/airflow/dags/dag.py
[2026-02-28T09:42:01.060+0000] {logging_mixin.py:151} INFO - [2026-02-28T09:42:01.060+0000] {dag.py:2915} INFO - Sync 1 DAGs
[2026-02-28T09:42:01.072+0000] {logging_mixin.py:151} INFO - [2026-02-28T09:42:01.072+0000] {dag.py:3696} INFO - Setting next_dagrun for pagination_dag to None, run_after=None
[2026-02-28T09:42:01.091+0000] {processor.py:179} INFO - Processing /opt/airflow/dags/dag.py took 0.382 seconds
[2026-02-28T09:42:31.364+0000] {processor.py:157} INFO - Started process (PID=1557) to work on /opt/airflow/dags/dag.py
[2026-02-28T09:42:31.365+0000] {processor.py:829} INFO - Processing file /opt/airflow/dags/dag.py for tasks to queue
[2026-02-28T09:42:31.367+0000] {logging_mixin.py:151} INFO - [2026-02-28T09:42:31.366+0000] {dagbag.py:539} INFO - Filling up the DagBag from /opt/airflow/dags/dag.py
[2026-02-28T09:42:31.719+0000] {processor.py:839} INFO - DAG(s) dict_keys(['pagination_dag']) retrieved from /opt/airflow/dags/dag.py
[2026-02-28T09:42:31.756+0000] {logging_mixin.py:151} INFO - [2026-02-28T09:42:31.756+0000] {dag.py:2915} INFO - Sync 1 DAGs
[2026-02-28T09:42:31.775+0000] {logging_mixin.py:151} INFO - [2026-02-28T09:42:31.775+0000] {dag.py:3696} INFO - Setting next_dagrun for pagination_dag to None, run_after=None
[2026-02-28T09:42:31.822+0000] {processor.py:179} INFO - Processing /opt/airflow/dags/dag.py took 0.462 seconds
[2026-02-28T09:43:02.091+0000] {processor.py:157} INFO - Started process (PID=1569) to work on /opt/airflow/dags/dag.py
[2026-02-28T09:43:02.092+0000] {processor.py:829} INFO - Processing file /opt/airflow/dags/dag.py for tasks to queue
[2026-02-28T09:43:02.093+0000] {logging_mixin.py:151} INFO - [2026-02-28T09:43:02.093+0000] {dagbag.py:539} INFO - Filling up the DagBag from /opt/airflow/dags/dag.py
[2026-02-28T09:43:02.486+0000] {processor.py:839} INFO - DAG(s) dict_keys(['pagination_dag']) retrieved from /opt/airflow/dags/dag.py
[2026-02-28T09:43:02.517+0000] {logging_mixin.py:151} INFO - [2026-02-28T09:43:02.517+0000] {dag.py:2915} INFO - Sync 1 DAGs
[2026-02-28T09:43:02.534+0000] {logging_mixin.py:151} INFO - [2026-02-28T09:43:02.534+0000] {dag.py:3696} INFO - Setting next_dagrun for pagination_dag to None, run_after=None
[2026-02-28T09:43:02.561+0000] {processor.py:179} INFO - Processing /opt/airflow/dags/dag.py took 0.474 seconds
[2026-02-28T09:43:32.852+0000] {processor.py:157} INFO - Started process (PID=1581) to work on /opt/airflow/dags/dag.py
[2026-02-28T09:43:32.854+0000] {processor.py:829} INFO - Processing file /opt/airflow/dags/dag.py for tasks to queue
[2026-02-28T09:43:32.855+0000] {logging_mixin.py:151} INFO - [2026-02-28T09:43:32.854+0000] {dagbag.py:539} INFO - Filling up the DagBag from /opt/airflow/dags/dag.py
[2026-02-28T09:43:33.303+0000] {processor.py:839} INFO - DAG(s) dict_keys(['pagination_dag']) retrieved from /opt/airflow/dags/dag.py
[2026-02-28T09:43:33.337+0000] {logging_mixin.py:151} INFO - [2026-02-28T09:43:33.337+0000] {dag.py:2915} INFO - Sync 1 DAGs
[2026-02-28T09:43:33.350+0000] {logging_mixin.py:151} INFO - [2026-02-28T09:43:33.350+0000] {dag.py:3696} INFO - Setting next_dagrun for pagination_dag to None, run_after=None
[2026-02-28T09:43:33.372+0000] {processor.py:179} INFO - Processing /opt/airflow/dags/dag.py took 0.528 seconds
[2026-02-28T09:44:03.616+0000] {processor.py:157} INFO - Started process (PID=1593) to work on /opt/airflow/dags/dag.py
[2026-02-28T09:44:03.617+0000] {processor.py:829} INFO - Processing file /opt/airflow/dags/dag.py for tasks to queue
[2026-02-28T09:44:03.618+0000] {logging_mixin.py:151} INFO - [2026-02-28T09:44:03.618+0000] {dagbag.py:539} INFO - Filling up the DagBag from /opt/airflow/dags/dag.py
[2026-02-28T09:44:03.886+0000] {processor.py:839} INFO - DAG(s) dict_keys(['pagination_dag']) retrieved from /opt/airflow/dags/dag.py
[2026-02-28T09:44:03.921+0000] {logging_mixin.py:151} INFO - [2026-02-28T09:44:03.920+0000] {dag.py:2915} INFO - Sync 1 DAGs
[2026-02-28T09:44:03.932+0000] {logging_mixin.py:151} INFO - [2026-02-28T09:44:03.932+0000] {dag.py:3696} INFO - Setting next_dagrun for pagination_dag to None, run_after=None
[2026-02-28T09:44:03.952+0000] {processor.py:179} INFO - Processing /opt/airflow/dags/dag.py took 0.339 seconds
[2026-02-28T09:44:34.238+0000] {processor.py:157} INFO - Started process (PID=1605) to work on /opt/airflow/dags/dag.py
[2026-02-28T09:44:34.239+0000] {processor.py:829} INFO - Processing file /opt/airflow/dags/dag.py for tasks to queue
[2026-02-28T09:44:34.240+0000] {logging_mixin.py:151} INFO - [2026-02-28T09:44:34.240+0000] {dagbag.py:539} INFO - Filling up the DagBag from /opt/airflow/dags/dag.py
[2026-02-28T09:44:34.519+0000] {processor.py:839} INFO - DAG(s) dict_keys(['pagination_dag']) retrieved from /opt/airflow/dags/dag.py
[2026-02-28T09:44:34.547+0000] {logging_mixin.py:151} INFO - [2026-02-28T09:44:34.546+0000] {dag.py:2915} INFO - Sync 1 DAGs
[2026-02-28T09:44:34.559+0000] {logging_mixin.py:151} INFO - [2026-02-28T09:44:34.559+0000] {dag.py:3696} INFO - Setting next_dagrun for pagination_dag to None, run_after=None
[2026-02-28T09:44:34.583+0000] {processor.py:179} INFO - Processing /opt/airflow/dags/dag.py took 0.348 seconds
[2026-02-28T09:45:04.850+0000] {processor.py:157} INFO - Started process (PID=1617) to work on /opt/airflow/dags/dag.py
[2026-02-28T09:45:04.851+0000] {processor.py:829} INFO - Processing file /opt/airflow/dags/dag.py for tasks to queue
[2026-02-28T09:45:04.852+0000] {logging_mixin.py:151} INFO - [2026-02-28T09:45:04.851+0000] {dagbag.py:539} INFO - Filling up the DagBag from /opt/airflow/dags/dag.py
[2026-02-28T09:45:05.115+0000] {processor.py:839} INFO - DAG(s) dict_keys(['pagination_dag']) retrieved from /opt/airflow/dags/dag.py
[2026-02-28T09:45:05.142+0000] {logging_mixin.py:151} INFO - [2026-02-28T09:45:05.142+0000] {dag.py:2915} INFO - Sync 1 DAGs
[2026-02-28T09:45:05.153+0000] {logging_mixin.py:151} INFO - [2026-02-28T09:45:05.153+0000] {dag.py:3696} INFO - Setting next_dagrun for pagination_dag to None, run_after=None
[2026-02-28T09:45:05.176+0000] {processor.py:179} INFO - Processing /opt/airflow/dags/dag.py took 0.330 seconds
[2026-02-28T09:45:35.408+0000] {processor.py:157} INFO - Started process (PID=1629) to work on /opt/airflow/dags/dag.py
[2026-02-28T09:45:35.409+0000] {processor.py:829} INFO - Processing file /opt/airflow/dags/dag.py for tasks to queue
[2026-02-28T09:45:35.410+0000] {logging_mixin.py:151} INFO - [2026-02-28T09:45:35.409+0000] {dagbag.py:539} INFO - Filling up the DagBag from /opt/airflow/dags/dag.py
[2026-02-28T09:45:35.674+0000] {processor.py:839} INFO - DAG(s) dict_keys(['pagination_dag']) retrieved from /opt/airflow/dags/dag.py
[2026-02-28T09:45:35.699+0000] {logging_mixin.py:151} INFO - [2026-02-28T09:45:35.699+0000] {dag.py:2915} INFO - Sync 1 DAGs
[2026-02-28T09:45:35.712+0000] {logging_mixin.py:151} INFO - [2026-02-28T09:45:35.711+0000] {dag.py:3696} INFO - Setting next_dagrun for pagination_dag to None, run_after=None
[2026-02-28T09:45:35.731+0000] {processor.py:179} INFO - Processing /opt/airflow/dags/dag.py took 0.327 seconds
[2026-02-28T09:46:05.980+0000] {processor.py:157} INFO - Started process (PID=1641) to work on /opt/airflow/dags/dag.py
[2026-02-28T09:46:05.981+0000] {processor.py:829} INFO - Processing file /opt/airflow/dags/dag.py for tasks to queue
[2026-02-28T09:46:05.982+0000] {logging_mixin.py:151} INFO - [2026-02-28T09:46:05.982+0000] {dagbag.py:539} INFO - Filling up the DagBag from /opt/airflow/dags/dag.py
[2026-02-28T09:46:06.252+0000] {processor.py:839} INFO - DAG(s) dict_keys(['pagination_dag']) retrieved from /opt/airflow/dags/dag.py
[2026-02-28T09:46:06.280+0000] {logging_mixin.py:151} INFO - [2026-02-28T09:46:06.279+0000] {dag.py:2915} INFO - Sync 1 DAGs
[2026-02-28T09:46:06.293+0000] {logging_mixin.py:151} INFO - [2026-02-28T09:46:06.293+0000] {dag.py:3696} INFO - Setting next_dagrun for pagination_dag to None, run_after=None
[2026-02-28T09:46:06.321+0000] {processor.py:179} INFO - Processing /opt/airflow/dags/dag.py took 0.347 seconds
[2026-02-28T09:46:36.565+0000] {processor.py:157} INFO - Started process (PID=1653) to work on /opt/airflow/dags/dag.py
[2026-02-28T09:46:36.566+0000] {processor.py:829} INFO - Processing file /opt/airflow/dags/dag.py for tasks to queue
[2026-02-28T09:46:36.567+0000] {logging_mixin.py:151} INFO - [2026-02-28T09:46:36.567+0000] {dagbag.py:539} INFO - Filling up the DagBag from /opt/airflow/dags/dag.py
[2026-02-28T09:46:36.836+0000] {processor.py:839} INFO - DAG(s) dict_keys(['pagination_dag']) retrieved from /opt/airflow/dags/dag.py
[2026-02-28T09:46:36.863+0000] {logging_mixin.py:151} INFO - [2026-02-28T09:46:36.863+0000] {dag.py:2915} INFO - Sync 1 DAGs
[2026-02-28T09:46:36.876+0000] {logging_mixin.py:151} INFO - [2026-02-28T09:46:36.876+0000] {dag.py:3696} INFO - Setting next_dagrun for pagination_dag to None, run_after=None
[2026-02-28T09:46:36.897+0000] {processor.py:179} INFO - Processing /opt/airflow/dags/dag.py took 0.335 seconds
[2026-02-28T09:47:07.146+0000] {processor.py:157} INFO - Started process (PID=1665) to work on /opt/airflow/dags/dag.py
[2026-02-28T09:47:07.147+0000] {processor.py:829} INFO - Processing file /opt/airflow/dags/dag.py for tasks to queue
[2026-02-28T09:47:07.148+0000] {logging_mixin.py:151} INFO - [2026-02-28T09:47:07.148+0000] {dagbag.py:539} INFO - Filling up the DagBag from /opt/airflow/dags/dag.py
[2026-02-28T09:47:07.435+0000] {processor.py:839} INFO - DAG(s) dict_keys(['pagination_dag']) retrieved from /opt/airflow/dags/dag.py
[2026-02-28T09:47:07.464+0000] {logging_mixin.py:151} INFO - [2026-02-28T09:47:07.463+0000] {dag.py:2915} INFO - Sync 1 DAGs
[2026-02-28T09:47:07.476+0000] {logging_mixin.py:151} INFO - [2026-02-28T09:47:07.476+0000] {dag.py:3696} INFO - Setting next_dagrun for pagination_dag to None, run_after=None
[2026-02-28T09:47:07.500+0000] {processor.py:179} INFO - Processing /opt/airflow/dags/dag.py took 0.357 seconds
[2026-02-28T09:47:37.749+0000] {processor.py:157} INFO - Started process (PID=1677) to work on /opt/airflow/dags/dag.py
[2026-02-28T09:47:37.750+0000] {processor.py:829} INFO - Processing file /opt/airflow/dags/dag.py for tasks to queue
[2026-02-28T09:47:37.752+0000] {logging_mixin.py:151} INFO - [2026-02-28T09:47:37.751+0000] {dagbag.py:539} INFO - Filling up the DagBag from /opt/airflow/dags/dag.py
[2026-02-28T09:47:38.038+0000] {processor.py:839} INFO - DAG(s) dict_keys(['pagination_dag']) retrieved from /opt/airflow/dags/dag.py
[2026-02-28T09:47:38.075+0000] {logging_mixin.py:151} INFO - [2026-02-28T09:47:38.074+0000] {dag.py:2915} INFO - Sync 1 DAGs
[2026-02-28T09:47:38.090+0000] {logging_mixin.py:151} INFO - [2026-02-28T09:47:38.090+0000] {dag.py:3696} INFO - Setting next_dagrun for pagination_dag to None, run_after=None
[2026-02-28T09:47:38.123+0000] {processor.py:179} INFO - Processing /opt/airflow/dags/dag.py took 0.378 seconds
[2026-02-28T09:48:08.369+0000] {processor.py:157} INFO - Started process (PID=1689) to work on /opt/airflow/dags/dag.py
[2026-02-28T09:48:08.370+0000] {processor.py:829} INFO - Processing file /opt/airflow/dags/dag.py for tasks to queue
[2026-02-28T09:48:08.372+0000] {logging_mixin.py:151} INFO - [2026-02-28T09:48:08.371+0000] {dagbag.py:539} INFO - Filling up the DagBag from /opt/airflow/dags/dag.py
[2026-02-28T09:48:08.646+0000] {processor.py:839} INFO - DAG(s) dict_keys(['pagination_dag']) retrieved from /opt/airflow/dags/dag.py
[2026-02-28T09:48:08.678+0000] {logging_mixin.py:151} INFO - [2026-02-28T09:48:08.677+0000] {dag.py:2915} INFO - Sync 1 DAGs
[2026-02-28T09:48:08.692+0000] {logging_mixin.py:151} INFO - [2026-02-28T09:48:08.691+0000] {dag.py:3696} INFO - Setting next_dagrun for pagination_dag to None, run_after=None
[2026-02-28T09:48:08.716+0000] {processor.py:179} INFO - Processing /opt/airflow/dags/dag.py took 0.351 seconds
[2026-02-28T09:48:38.962+0000] {processor.py:157} INFO - Started process (PID=1701) to work on /opt/airflow/dags/dag.py
[2026-02-28T09:48:38.963+0000] {processor.py:829} INFO - Processing file /opt/airflow/dags/dag.py for tasks to queue
[2026-02-28T09:48:38.963+0000] {logging_mixin.py:151} INFO - [2026-02-28T09:48:38.963+0000] {dagbag.py:539} INFO - Filling up the DagBag from /opt/airflow/dags/dag.py
[2026-02-28T09:48:39.214+0000] {processor.py:839} INFO - DAG(s) dict_keys(['pagination_dag']) retrieved from /opt/airflow/dags/dag.py
[2026-02-28T09:48:39.239+0000] {logging_mixin.py:151} INFO - [2026-02-28T09:48:39.238+0000] {dag.py:2915} INFO - Sync 1 DAGs
[2026-02-28T09:48:39.250+0000] {logging_mixin.py:151} INFO - [2026-02-28T09:48:39.250+0000] {dag.py:3696} INFO - Setting next_dagrun for pagination_dag to None, run_after=None
[2026-02-28T09:48:39.276+0000] {processor.py:179} INFO - Processing /opt/airflow/dags/dag.py took 0.318 seconds
[2026-02-28T09:49:09.488+0000] {processor.py:157} INFO - Started process (PID=1713) to work on /opt/airflow/dags/dag.py
[2026-02-28T09:49:09.489+0000] {processor.py:829} INFO - Processing file /opt/airflow/dags/dag.py for tasks to queue
[2026-02-28T09:49:09.490+0000] {logging_mixin.py:151} INFO - [2026-02-28T09:49:09.489+0000] {dagbag.py:539} INFO - Filling up the DagBag from /opt/airflow/dags/dag.py
[2026-02-28T09:49:09.758+0000] {processor.py:839} INFO - DAG(s) dict_keys(['pagination_dag']) retrieved from /opt/airflow/dags/dag.py
[2026-02-28T09:49:09.784+0000] {logging_mixin.py:151} INFO - [2026-02-28T09:49:09.783+0000] {dag.py:2915} INFO - Sync 1 DAGs
[2026-02-28T09:49:09.794+0000] {logging_mixin.py:151} INFO - [2026-02-28T09:49:09.794+0000] {dag.py:3696} INFO - Setting next_dagrun for pagination_dag to None, run_after=None
[2026-02-28T09:49:09.816+0000] {processor.py:179} INFO - Processing /opt/airflow/dags/dag.py took 0.331 seconds
[2026-02-28T09:49:40.039+0000] {processor.py:157} INFO - Started process (PID=1725) to work on /opt/airflow/dags/dag.py
[2026-02-28T09:49:40.040+0000] {processor.py:829} INFO - Processing file /opt/airflow/dags/dag.py for tasks to queue
[2026-02-28T09:49:40.041+0000] {logging_mixin.py:151} INFO - [2026-02-28T09:49:40.040+0000] {dagbag.py:539} INFO - Filling up the DagBag from /opt/airflow/dags/dag.py
[2026-02-28T09:49:40.299+0000] {processor.py:839} INFO - DAG(s) dict_keys(['pagination_dag']) retrieved from /opt/airflow/dags/dag.py
[2026-02-28T09:49:40.327+0000] {logging_mixin.py:151} INFO - [2026-02-28T09:49:40.326+0000] {dag.py:2915} INFO - Sync 1 DAGs
[2026-02-28T09:49:40.339+0000] {logging_mixin.py:151} INFO - [2026-02-28T09:49:40.339+0000] {dag.py:3696} INFO - Setting next_dagrun for pagination_dag to None, run_after=None
[2026-02-28T09:49:40.361+0000] {processor.py:179} INFO - Processing /opt/airflow/dags/dag.py took 0.326 seconds
[2026-02-28T09:50:10.605+0000] {processor.py:157} INFO - Started process (PID=1737) to work on /opt/airflow/dags/dag.py
[2026-02-28T09:50:10.606+0000] {processor.py:829} INFO - Processing file /opt/airflow/dags/dag.py for tasks to queue
[2026-02-28T09:50:10.607+0000] {logging_mixin.py:151} INFO - [2026-02-28T09:50:10.607+0000] {dagbag.py:539} INFO - Filling up the DagBag from /opt/airflow/dags/dag.py
[2026-02-28T09:50:10.856+0000] {processor.py:839} INFO - DAG(s) dict_keys(['pagination_dag']) retrieved from /opt/airflow/dags/dag.py
[2026-02-28T09:50:10.884+0000] {logging_mixin.py:151} INFO - [2026-02-28T09:50:10.884+0000] {dag.py:2915} INFO - Sync 1 DAGs
[2026-02-28T09:50:10.896+0000] {logging_mixin.py:151} INFO - [2026-02-28T09:50:10.895+0000] {dag.py:3696} INFO - Setting next_dagrun for pagination_dag to None, run_after=None
[2026-02-28T09:50:10.917+0000] {processor.py:179} INFO - Processing /opt/airflow/dags/dag.py took 0.314 seconds
[2026-02-28T09:50:41.153+0000] {processor.py:157} INFO - Started process (PID=1749) to work on /opt/airflow/dags/dag.py
[2026-02-28T09:50:41.154+0000] {processor.py:829} INFO - Processing file /opt/airflow/dags/dag.py for tasks to queue
[2026-02-28T09:50:41.155+0000] {logging_mixin.py:151} INFO - [2026-02-28T09:50:41.155+0000] {dagbag.py:539} INFO - Filling up the DagBag from /opt/airflow/dags/dag.py
[2026-02-28T09:50:41.468+0000] {processor.py:839} INFO - DAG(s) dict_keys(['pagination_dag']) retrieved from /opt/airflow/dags/dag.py
[2026-02-28T09:50:41.496+0000] {logging_mixin.py:151} INFO - [2026-02-28T09:50:41.496+0000] {dag.py:2915} INFO - Sync 1 DAGs
[2026-02-28T09:50:41.507+0000] {logging_mixin.py:151} INFO - [2026-02-28T09:50:41.507+0000] {dag.py:3696} INFO - Setting next_dagrun for pagination_dag to None, run_after=None
[2026-02-28T09:50:41.529+0000] {processor.py:179} INFO - Processing /opt/airflow/dags/dag.py took 0.379 seconds
[2026-02-28T09:51:11.775+0000] {processor.py:157} INFO - Started process (PID=1761) to work on /opt/airflow/dags/dag.py
[2026-02-28T09:51:11.776+0000] {processor.py:829} INFO - Processing file /opt/airflow/dags/dag.py for tasks to queue
[2026-02-28T09:51:11.777+0000] {logging_mixin.py:151} INFO - [2026-02-28T09:51:11.777+0000] {dagbag.py:539} INFO - Filling up the DagBag from /opt/airflow/dags/dag.py
[2026-02-28T09:51:12.088+0000] {processor.py:839} INFO - DAG(s) dict_keys(['pagination_dag']) retrieved from /opt/airflow/dags/dag.py
[2026-02-28T09:51:12.118+0000] {logging_mixin.py:151} INFO - [2026-02-28T09:51:12.117+0000] {dag.py:2915} INFO - Sync 1 DAGs
[2026-02-28T09:51:12.132+0000] {logging_mixin.py:151} INFO - [2026-02-28T09:51:12.131+0000] {dag.py:3696} INFO - Setting next_dagrun for pagination_dag to None, run_after=None
[2026-02-28T09:51:12.154+0000] {processor.py:179} INFO - Processing /opt/airflow/dags/dag.py took 0.383 seconds
[2026-02-28T09:51:42.403+0000] {processor.py:157} INFO - Started process (PID=1773) to work on /opt/airflow/dags/dag.py
[2026-02-28T09:51:42.403+0000] {processor.py:829} INFO - Processing file /opt/airflow/dags/dag.py for tasks to queue
[2026-02-28T09:51:42.404+0000] {logging_mixin.py:151} INFO - [2026-02-28T09:51:42.404+0000] {dagbag.py:539} INFO - Filling up the DagBag from /opt/airflow/dags/dag.py
[2026-02-28T09:51:42.678+0000] {processor.py:839} INFO - DAG(s) dict_keys(['pagination_dag']) retrieved from /opt/airflow/dags/dag.py
[2026-02-28T09:51:42.712+0000] {logging_mixin.py:151} INFO - [2026-02-28T09:51:42.712+0000] {dag.py:2915} INFO - Sync 1 DAGs
[2026-02-28T09:51:42.724+0000] {logging_mixin.py:151} INFO - [2026-02-28T09:51:42.724+0000] {dag.py:3696} INFO - Setting next_dagrun for pagination_dag to None, run_after=None
[2026-02-28T09:51:42.749+0000] {processor.py:179} INFO - Processing /opt/airflow/dags/dag.py took 0.349 seconds
[2026-02-28T09:52:12.995+0000] {processor.py:157} INFO - Started process (PID=1785) to work on /opt/airflow/dags/dag.py
[2026-02-28T09:52:12.996+0000] {processor.py:829} INFO - Processing file /opt/airflow/dags/dag.py for tasks to queue
[2026-02-28T09:52:12.997+0000] {logging_mixin.py:151} INFO - [2026-02-28T09:52:12.996+0000] {dagbag.py:539} INFO - Filling up the DagBag from /opt/airflow/dags/dag.py
[2026-02-28T09:52:13.305+0000] {processor.py:839} INFO - DAG(s) dict_keys(['pagination_dag']) retrieved from /opt/airflow/dags/dag.py
[2026-02-28T09:52:13.341+0000] {logging_mixin.py:151} INFO - [2026-02-28T09:52:13.340+0000] {dag.py:2915} INFO - Sync 1 DAGs
[2026-02-28T09:52:13.359+0000] {logging_mixin.py:151} INFO - [2026-02-28T09:52:13.359+0000] {dag.py:3696} INFO - Setting next_dagrun for pagination_dag to None, run_after=None
[2026-02-28T09:52:13.387+0000] {processor.py:179} INFO - Processing /opt/airflow/dags/dag.py took 0.395 seconds
[2026-02-28T09:52:43.636+0000] {processor.py:157} INFO - Started process (PID=1797) to work on /opt/airflow/dags/dag.py
[2026-02-28T09:52:43.638+0000] {processor.py:829} INFO - Processing file /opt/airflow/dags/dag.py for tasks to queue
[2026-02-28T09:52:43.639+0000] {logging_mixin.py:151} INFO - [2026-02-28T09:52:43.639+0000] {dagbag.py:539} INFO - Filling up the DagBag from /opt/airflow/dags/dag.py
[2026-02-28T09:52:43.919+0000] {processor.py:839} INFO - DAG(s) dict_keys(['pagination_dag']) retrieved from /opt/airflow/dags/dag.py
[2026-02-28T09:52:43.947+0000] {logging_mixin.py:151} INFO - [2026-02-28T09:52:43.946+0000] {dag.py:2915} INFO - Sync 1 DAGs
[2026-02-28T09:52:43.962+0000] {logging_mixin.py:151} INFO - [2026-02-28T09:52:43.962+0000] {dag.py:3696} INFO - Setting next_dagrun for pagination_dag to None, run_after=None
[2026-02-28T09:52:43.996+0000] {processor.py:179} INFO - Processing /opt/airflow/dags/dag.py took 0.364 seconds
[2026-02-28T09:53:14.245+0000] {processor.py:157} INFO - Started process (PID=1809) to work on /opt/airflow/dags/dag.py
[2026-02-28T09:53:14.246+0000] {processor.py:829} INFO - Processing file /opt/airflow/dags/dag.py for tasks to queue
[2026-02-28T09:53:14.247+0000] {logging_mixin.py:151} INFO - [2026-02-28T09:53:14.246+0000] {dagbag.py:539} INFO - Filling up the DagBag from /opt/airflow/dags/dag.py
[2026-02-28T09:53:14.514+0000] {processor.py:839} INFO - DAG(s) dict_keys(['pagination_dag']) retrieved from /opt/airflow/dags/dag.py
[2026-02-28T09:53:14.541+0000] {logging_mixin.py:151} INFO - [2026-02-28T09:53:14.540+0000] {dag.py:2915} INFO - Sync 1 DAGs
[2026-02-28T09:53:14.552+0000] {logging_mixin.py:151} INFO - [2026-02-28T09:53:14.552+0000] {dag.py:3696} INFO - Setting next_dagrun for pagination_dag to None, run_after=None
[2026-02-28T09:53:14.575+0000] {processor.py:179} INFO - Processing /opt/airflow/dags/dag.py took 0.334 seconds
[2026-02-28T09:53:44.808+0000] {processor.py:157} INFO - Started process (PID=1821) to work on /opt/airflow/dags/dag.py
[2026-02-28T09:53:44.809+0000] {processor.py:829} INFO - Processing file /opt/airflow/dags/dag.py for tasks to queue
[2026-02-28T09:53:44.810+0000] {logging_mixin.py:151} INFO - [2026-02-28T09:53:44.810+0000] {dagbag.py:539} INFO - Filling up the DagBag from /opt/airflow/dags/dag.py
[2026-02-28T09:53:45.084+0000] {processor.py:839} INFO - DAG(s) dict_keys(['pagination_dag']) retrieved from /opt/airflow/dags/dag.py
[2026-02-28T09:53:45.116+0000] {logging_mixin.py:151} INFO - [2026-02-28T09:53:45.116+0000] {dag.py:2915} INFO - Sync 1 DAGs
[2026-02-28T09:53:45.131+0000] {logging_mixin.py:151} INFO - [2026-02-28T09:53:45.131+0000] {dag.py:3696} INFO - Setting next_dagrun for pagination_dag to None, run_after=None
[2026-02-28T09:53:45.158+0000] {processor.py:179} INFO - Processing /opt/airflow/dags/dag.py took 0.352 seconds
[2026-02-28T09:54:15.405+0000] {processor.py:157} INFO - Started process (PID=1833) to work on /opt/airflow/dags/dag.py
[2026-02-28T09:54:15.406+0000] {processor.py:829} INFO - Processing file /opt/airflow/dags/dag.py for tasks to queue
[2026-02-28T09:54:15.407+0000] {logging_mixin.py:151} INFO - [2026-02-28T09:54:15.407+0000] {dagbag.py:539} INFO - Filling up the DagBag from /opt/airflow/dags/dag.py
[2026-02-28T09:54:15.700+0000] {processor.py:839} INFO - DAG(s) dict_keys(['pagination_dag']) retrieved from /opt/airflow/dags/dag.py
[2026-02-28T09:54:15.727+0000] {logging_mixin.py:151} INFO - [2026-02-28T09:54:15.726+0000] {dag.py:2915} INFO - Sync 1 DAGs
[2026-02-28T09:54:15.739+0000] {logging_mixin.py:151} INFO - [2026-02-28T09:54:15.739+0000] {dag.py:3696} INFO - Setting next_dagrun for pagination_dag to None, run_after=None
[2026-02-28T09:54:15.760+0000] {processor.py:179} INFO - Processing /opt/airflow/dags/dag.py took 0.358 seconds
[2026-02-28T09:54:46.032+0000] {processor.py:157} INFO - Started process (PID=1845) to work on /opt/airflow/dags/dag.py
[2026-02-28T09:54:46.034+0000] {processor.py:829} INFO - Processing file /opt/airflow/dags/dag.py for tasks to queue
[2026-02-28T09:54:46.035+0000] {logging_mixin.py:151} INFO - [2026-02-28T09:54:46.034+0000] {dagbag.py:539} INFO - Filling up the DagBag from /opt/airflow/dags/dag.py
[2026-02-28T09:54:46.309+0000] {processor.py:839} INFO - DAG(s) dict_keys(['pagination_dag']) retrieved from /opt/airflow/dags/dag.py
[2026-02-28T09:54:46.335+0000] {logging_mixin.py:151} INFO - [2026-02-28T09:54:46.334+0000] {dag.py:2915} INFO - Sync 1 DAGs
[2026-02-28T09:54:46.346+0000] {logging_mixin.py:151} INFO - [2026-02-28T09:54:46.346+0000] {dag.py:3696} INFO - Setting next_dagrun for pagination_dag to None, run_after=None
[2026-02-28T09:54:46.366+0000] {processor.py:179} INFO - Processing /opt/airflow/dags/dag.py took 0.337 seconds
[2026-02-28T09:55:16.574+0000] {processor.py:157} INFO - Started process (PID=1857) to work on /opt/airflow/dags/dag.py
[2026-02-28T09:55:16.575+0000] {processor.py:829} INFO - Processing file /opt/airflow/dags/dag.py for tasks to queue
[2026-02-28T09:55:16.576+0000] {logging_mixin.py:151} INFO - [2026-02-28T09:55:16.576+0000] {dagbag.py:539} INFO - Filling up the DagBag from /opt/airflow/dags/dag.py
[2026-02-28T09:55:16.857+0000] {processor.py:839} INFO - DAG(s) dict_keys(['pagination_dag']) retrieved from /opt/airflow/dags/dag.py
[2026-02-28T09:55:16.889+0000] {logging_mixin.py:151} INFO - [2026-02-28T09:55:16.889+0000] {dag.py:2915} INFO - Sync 1 DAGs
[2026-02-28T09:55:16.902+0000] {logging_mixin.py:151} INFO - [2026-02-28T09:55:16.902+0000] {dag.py:3696} INFO - Setting next_dagrun for pagination_dag to None, run_after=None
[2026-02-28T09:55:16.925+0000] {processor.py:179} INFO - Processing /opt/airflow/dags/dag.py took 0.355 seconds
[2026-02-28T09:55:47.150+0000] {processor.py:157} INFO - Started process (PID=1869) to work on /opt/airflow/dags/dag.py
[2026-02-28T09:55:47.151+0000] {processor.py:829} INFO - Processing file /opt/airflow/dags/dag.py for tasks to queue
[2026-02-28T09:55:47.152+0000] {logging_mixin.py:151} INFO - [2026-02-28T09:55:47.152+0000] {dagbag.py:539} INFO - Filling up the DagBag from /opt/airflow/dags/dag.py
[2026-02-28T09:55:47.412+0000] {processor.py:839} INFO - DAG(s) dict_keys(['pagination_dag']) retrieved from /opt/airflow/dags/dag.py
[2026-02-28T09:55:47.439+0000] {logging_mixin.py:151} INFO - [2026-02-28T09:55:47.439+0000] {dag.py:2915} INFO - Sync 1 DAGs
[2026-02-28T09:55:47.451+0000] {logging_mixin.py:151} INFO - [2026-02-28T09:55:47.451+0000] {dag.py:3696} INFO - Setting next_dagrun for pagination_dag to None, run_after=None
[2026-02-28T09:55:47.474+0000] {processor.py:179} INFO - Processing /opt/airflow/dags/dag.py took 0.327 seconds
[2026-02-28T09:56:17.705+0000] {processor.py:157} INFO - Started process (PID=1881) to work on /opt/airflow/dags/dag.py
[2026-02-28T09:56:17.706+0000] {processor.py:829} INFO - Processing file /opt/airflow/dags/dag.py for tasks to queue
[2026-02-28T09:56:17.707+0000] {logging_mixin.py:151} INFO - [2026-02-28T09:56:17.707+0000] {dagbag.py:539} INFO - Filling up the DagBag from /opt/airflow/dags/dag.py
[2026-02-28T09:56:17.985+0000] {processor.py:839} INFO - DAG(s) dict_keys(['pagination_dag']) retrieved from /opt/airflow/dags/dag.py
[2026-02-28T09:56:18.012+0000] {logging_mixin.py:151} INFO - [2026-02-28T09:56:18.011+0000] {dag.py:2915} INFO - Sync 1 DAGs
[2026-02-28T09:56:18.025+0000] {logging_mixin.py:151} INFO - [2026-02-28T09:56:18.024+0000] {dag.py:3696} INFO - Setting next_dagrun for pagination_dag to None, run_after=None
[2026-02-28T09:56:18.045+0000] {processor.py:179} INFO - Processing /opt/airflow/dags/dag.py took 0.344 seconds
[2026-02-28T09:56:48.305+0000] {processor.py:157} INFO - Started process (PID=1893) to work on /opt/airflow/dags/dag.py
[2026-02-28T09:56:48.306+0000] {processor.py:829} INFO - Processing file /opt/airflow/dags/dag.py for tasks to queue
[2026-02-28T09:56:48.307+0000] {logging_mixin.py:151} INFO - [2026-02-28T09:56:48.307+0000] {dagbag.py:539} INFO - Filling up the DagBag from /opt/airflow/dags/dag.py
[2026-02-28T09:56:48.600+0000] {processor.py:839} INFO - DAG(s) dict_keys(['pagination_dag']) retrieved from /opt/airflow/dags/dag.py
[2026-02-28T09:56:48.632+0000] {logging_mixin.py:151} INFO - [2026-02-28T09:56:48.632+0000] {dag.py:2915} INFO - Sync 1 DAGs
[2026-02-28T09:56:48.645+0000] {logging_mixin.py:151} INFO - [2026-02-28T09:56:48.645+0000] {dag.py:3696} INFO - Setting next_dagrun for pagination_dag to None, run_after=None
[2026-02-28T09:56:48.667+0000] {processor.py:179} INFO - Processing /opt/airflow/dags/dag.py took 0.365 seconds
[2026-02-28T09:57:18.929+0000] {processor.py:157} INFO - Started process (PID=1905) to work on /opt/airflow/dags/dag.py
[2026-02-28T09:57:18.930+0000] {processor.py:829} INFO - Processing file /opt/airflow/dags/dag.py for tasks to queue
[2026-02-28T09:57:18.931+0000] {logging_mixin.py:151} INFO - [2026-02-28T09:57:18.931+0000] {dagbag.py:539} INFO - Filling up the DagBag from /opt/airflow/dags/dag.py
[2026-02-28T09:57:19.200+0000] {processor.py:839} INFO - DAG(s) dict_keys(['pagination_dag']) retrieved from /opt/airflow/dags/dag.py
[2026-02-28T09:57:19.226+0000] {logging_mixin.py:151} INFO - [2026-02-28T09:57:19.226+0000] {dag.py:2915} INFO - Sync 1 DAGs
[2026-02-28T09:57:19.237+0000] {logging_mixin.py:151} INFO - [2026-02-28T09:57:19.237+0000] {dag.py:3696} INFO - Setting next_dagrun for pagination_dag to None, run_after=None
[2026-02-28T09:57:19.258+0000] {processor.py:179} INFO - Processing /opt/airflow/dags/dag.py took 0.331 seconds
[2026-02-28T09:57:49.482+0000] {processor.py:157} INFO - Started process (PID=1917) to work on /opt/airflow/dags/dag.py
[2026-02-28T09:57:49.483+0000] {processor.py:829} INFO - Processing file /opt/airflow/dags/dag.py for tasks to queue
[2026-02-28T09:57:49.484+0000] {logging_mixin.py:151} INFO - [2026-02-28T09:57:49.483+0000] {dagbag.py:539} INFO - Filling up the DagBag from /opt/airflow/dags/dag.py
[2026-02-28T09:57:49.745+0000] {processor.py:839} INFO - DAG(s) dict_keys(['pagination_dag']) retrieved from /opt/airflow/dags/dag.py
[2026-02-28T09:57:49.771+0000] {logging_mixin.py:151} INFO - [2026-02-28T09:57:49.770+0000] {dag.py:2915} INFO - Sync 1 DAGs
[2026-02-28T09:57:49.782+0000] {logging_mixin.py:151} INFO - [2026-02-28T09:57:49.781+0000] {dag.py:3696} INFO - Setting next_dagrun for pagination_dag to None, run_after=None
[2026-02-28T09:57:49.803+0000] {processor.py:179} INFO - Processing /opt/airflow/dags/dag.py took 0.324 seconds
[2026-02-28T09:58:20.087+0000] {processor.py:157} INFO - Started process (PID=1929) to work on /opt/airflow/dags/dag.py
[2026-02-28T09:58:20.091+0000] {processor.py:829} INFO - Processing file /opt/airflow/dags/dag.py for tasks to queue
[2026-02-28T09:58:20.093+0000] {logging_mixin.py:151} INFO - [2026-02-28T09:58:20.092+0000] {dagbag.py:539} INFO - Filling up the DagBag from /opt/airflow/dags/dag.py
[2026-02-28T09:58:20.738+0000] {processor.py:839} INFO - DAG(s) dict_keys(['pagination_dag']) retrieved from /opt/airflow/dags/dag.py
[2026-02-28T09:58:20.785+0000] {logging_mixin.py:151} INFO - [2026-02-28T09:58:20.785+0000] {dag.py:2915} INFO - Sync 1 DAGs
[2026-02-28T09:58:20.808+0000] {logging_mixin.py:151} INFO - [2026-02-28T09:58:20.808+0000] {dag.py:3696} INFO - Setting next_dagrun for pagination_dag to None, run_after=None
[2026-02-28T09:58:20.836+0000] {processor.py:179} INFO - Processing /opt/airflow/dags/dag.py took 0.762 seconds
[2026-02-28T09:58:51.089+0000] {processor.py:157} INFO - Started process (PID=1941) to work on /opt/airflow/dags/dag.py
[2026-02-28T09:58:51.090+0000] {processor.py:829} INFO - Processing file /opt/airflow/dags/dag.py for tasks to queue
[2026-02-28T09:58:51.091+0000] {logging_mixin.py:151} INFO - [2026-02-28T09:58:51.091+0000] {dagbag.py:539} INFO - Filling up the DagBag from /opt/airflow/dags/dag.py
[2026-02-28T09:58:51.380+0000] {processor.py:839} INFO - DAG(s) dict_keys(['pagination_dag']) retrieved from /opt/airflow/dags/dag.py
[2026-02-28T09:58:51.406+0000] {logging_mixin.py:151} INFO - [2026-02-28T09:58:51.405+0000] {dag.py:2915} INFO - Sync 1 DAGs
[2026-02-28T09:58:51.418+0000] {logging_mixin.py:151} INFO - [2026-02-28T09:58:51.418+0000] {dag.py:3696} INFO - Setting next_dagrun for pagination_dag to None, run_after=None
[2026-02-28T09:58:51.438+0000] {processor.py:179} INFO - Processing /opt/airflow/dags/dag.py took 0.357 seconds
[2026-02-28T09:59:21.687+0000] {processor.py:157} INFO - Started process (PID=1953) to work on /opt/airflow/dags/dag.py
[2026-02-28T09:59:21.689+0000] {processor.py:829} INFO - Processing file /opt/airflow/dags/dag.py for tasks to queue
[2026-02-28T09:59:21.691+0000] {logging_mixin.py:151} INFO - [2026-02-28T09:59:21.690+0000] {dagbag.py:539} INFO - Filling up the DagBag from /opt/airflow/dags/dag.py
[2026-02-28T09:59:21.963+0000] {processor.py:839} INFO - DAG(s) dict_keys(['pagination_dag']) retrieved from /opt/airflow/dags/dag.py
[2026-02-28T09:59:21.993+0000] {logging_mixin.py:151} INFO - [2026-02-28T09:59:21.992+0000] {dag.py:2915} INFO - Sync 1 DAGs
[2026-02-28T09:59:22.005+0000] {logging_mixin.py:151} INFO - [2026-02-28T09:59:22.005+0000] {dag.py:3696} INFO - Setting next_dagrun for pagination_dag to None, run_after=None
[2026-02-28T09:59:22.025+0000] {processor.py:179} INFO - Processing /opt/airflow/dags/dag.py took 0.343 seconds
[2026-02-28T09:59:52.291+0000] {processor.py:157} INFO - Started process (PID=1965) to work on /opt/airflow/dags/dag.py
[2026-02-28T09:59:52.292+0000] {processor.py:829} INFO - Processing file /opt/airflow/dags/dag.py for tasks to queue
[2026-02-28T09:59:52.293+0000] {logging_mixin.py:151} INFO - [2026-02-28T09:59:52.292+0000] {dagbag.py:539} INFO - Filling up the DagBag from /opt/airflow/dags/dag.py
[2026-02-28T09:59:52.568+0000] {processor.py:839} INFO - DAG(s) dict_keys(['pagination_dag']) retrieved from /opt/airflow/dags/dag.py
[2026-02-28T09:59:52.597+0000] {logging_mixin.py:151} INFO - [2026-02-28T09:59:52.596+0000] {dag.py:2915} INFO - Sync 1 DAGs
[2026-02-28T09:59:52.609+0000] {logging_mixin.py:151} INFO - [2026-02-28T09:59:52.609+0000] {dag.py:3696} INFO - Setting next_dagrun for pagination_dag to None, run_after=None
[2026-02-28T09:59:52.631+0000] {processor.py:179} INFO - Processing /opt/airflow/dags/dag.py took 0.345 seconds
[2026-02-28T10:00:22.867+0000] {processor.py:157} INFO - Started process (PID=1977) to work on /opt/airflow/dags/dag.py
[2026-02-28T10:00:22.868+0000] {processor.py:829} INFO - Processing file /opt/airflow/dags/dag.py for tasks to queue
[2026-02-28T10:00:22.869+0000] {logging_mixin.py:151} INFO - [2026-02-28T10:00:22.869+0000] {dagbag.py:539} INFO - Filling up the DagBag from /opt/airflow/dags/dag.py
[2026-02-28T10:00:23.400+0000] {processor.py:839} INFO - DAG(s) dict_keys(['pagination_dag']) retrieved from /opt/airflow/dags/dag.py
[2026-02-28T10:00:23.435+0000] {logging_mixin.py:151} INFO - [2026-02-28T10:00:23.434+0000] {dag.py:2915} INFO - Sync 1 DAGs
[2026-02-28T10:00:23.446+0000] {logging_mixin.py:151} INFO - [2026-02-28T10:00:23.446+0000] {dag.py:3696} INFO - Setting next_dagrun for pagination_dag to None, run_after=None
[2026-02-28T10:00:23.465+0000] {processor.py:179} INFO - Processing /opt/airflow/dags/dag.py took 0.603 seconds
[2026-02-28T10:00:53.703+0000] {processor.py:157} INFO - Started process (PID=1989) to work on /opt/airflow/dags/dag.py
[2026-02-28T10:00:53.704+0000] {processor.py:829} INFO - Processing file /opt/airflow/dags/dag.py for tasks to queue
[2026-02-28T10:00:53.705+0000] {logging_mixin.py:151} INFO - [2026-02-28T10:00:53.704+0000] {dagbag.py:539} INFO - Filling up the DagBag from /opt/airflow/dags/dag.py
[2026-02-28T10:00:53.989+0000] {processor.py:839} INFO - DAG(s) dict_keys(['pagination_dag']) retrieved from /opt/airflow/dags/dag.py
[2026-02-28T10:00:54.017+0000] {logging_mixin.py:151} INFO - [2026-02-28T10:00:54.016+0000] {dag.py:2915} INFO - Sync 1 DAGs
[2026-02-28T10:00:54.029+0000] {logging_mixin.py:151} INFO - [2026-02-28T10:00:54.029+0000] {dag.py:3696} INFO - Setting next_dagrun for pagination_dag to None, run_after=None
[2026-02-28T10:00:54.050+0000] {processor.py:179} INFO - Processing /opt/airflow/dags/dag.py took 0.350 seconds
[2026-02-28T10:01:24.304+0000] {processor.py:157} INFO - Started process (PID=2001) to work on /opt/airflow/dags/dag.py
[2026-02-28T10:01:24.305+0000] {processor.py:829} INFO - Processing file /opt/airflow/dags/dag.py for tasks to queue
[2026-02-28T10:01:24.306+0000] {logging_mixin.py:151} INFO - [2026-02-28T10:01:24.306+0000] {dagbag.py:539} INFO - Filling up the DagBag from /opt/airflow/dags/dag.py
[2026-02-28T10:01:24.606+0000] {processor.py:839} INFO - DAG(s) dict_keys(['pagination_dag']) retrieved from /opt/airflow/dags/dag.py
[2026-02-28T10:01:24.640+0000] {logging_mixin.py:151} INFO - [2026-02-28T10:01:24.639+0000] {dag.py:2915} INFO - Sync 1 DAGs
[2026-02-28T10:01:24.652+0000] {logging_mixin.py:151} INFO - [2026-02-28T10:01:24.652+0000] {dag.py:3696} INFO - Setting next_dagrun for pagination_dag to None, run_after=None
[2026-02-28T10:01:24.680+0000] {processor.py:179} INFO - Processing /opt/airflow/dags/dag.py took 0.379 seconds
[2026-02-28T10:01:54.947+0000] {processor.py:157} INFO - Started process (PID=2013) to work on /opt/airflow/dags/dag.py
[2026-02-28T10:01:54.948+0000] {processor.py:829} INFO - Processing file /opt/airflow/dags/dag.py for tasks to queue
[2026-02-28T10:01:54.949+0000] {logging_mixin.py:151} INFO - [2026-02-28T10:01:54.948+0000] {dagbag.py:539} INFO - Filling up the DagBag from /opt/airflow/dags/dag.py
[2026-02-28T10:01:55.259+0000] {processor.py:839} INFO - DAG(s) dict_keys(['pagination_dag']) retrieved from /opt/airflow/dags/dag.py
[2026-02-28T10:01:55.296+0000] {logging_mixin.py:151} INFO - [2026-02-28T10:01:55.295+0000] {dag.py:2915} INFO - Sync 1 DAGs
[2026-02-28T10:01:55.308+0000] {logging_mixin.py:151} INFO - [2026-02-28T10:01:55.308+0000] {dag.py:3696} INFO - Setting next_dagrun for pagination_dag to None, run_after=None
[2026-02-28T10:01:55.333+0000] {processor.py:179} INFO - Processing /opt/airflow/dags/dag.py took 0.390 seconds
[2026-02-28T10:02:25.585+0000] {processor.py:157} INFO - Started process (PID=2025) to work on /opt/airflow/dags/dag.py
[2026-02-28T10:02:25.587+0000] {processor.py:829} INFO - Processing file /opt/airflow/dags/dag.py for tasks to queue
[2026-02-28T10:02:25.588+0000] {logging_mixin.py:151} INFO - [2026-02-28T10:02:25.588+0000] {dagbag.py:539} INFO - Filling up the DagBag from /opt/airflow/dags/dag.py
[2026-02-28T10:02:25.894+0000] {processor.py:839} INFO - DAG(s) dict_keys(['pagination_dag']) retrieved from /opt/airflow/dags/dag.py
[2026-02-28T10:02:25.926+0000] {logging_mixin.py:151} INFO - [2026-02-28T10:02:25.925+0000] {dag.py:2915} INFO - Sync 1 DAGs
[2026-02-28T10:02:25.937+0000] {logging_mixin.py:151} INFO - [2026-02-28T10:02:25.937+0000] {dag.py:3696} INFO - Setting next_dagrun for pagination_dag to None, run_after=None
[2026-02-28T10:02:25.963+0000] {processor.py:179} INFO - Processing /opt/airflow/dags/dag.py took 0.384 seconds
[2026-02-28T10:02:56.223+0000] {processor.py:157} INFO - Started process (PID=2037) to work on /opt/airflow/dags/dag.py
[2026-02-28T10:02:56.224+0000] {processor.py:829} INFO - Processing file /opt/airflow/dags/dag.py for tasks to queue
[2026-02-28T10:02:56.226+0000] {logging_mixin.py:151} INFO - [2026-02-28T10:02:56.225+0000] {dagbag.py:539} INFO - Filling up the DagBag from /opt/airflow/dags/dag.py
[2026-02-28T10:02:56.545+0000] {processor.py:839} INFO - DAG(s) dict_keys(['pagination_dag']) retrieved from /opt/airflow/dags/dag.py
[2026-02-28T10:02:56.573+0000] {logging_mixin.py:151} INFO - [2026-02-28T10:02:56.573+0000] {dag.py:2915} INFO - Sync 1 DAGs
[2026-02-28T10:02:56.588+0000] {logging_mixin.py:151} INFO - [2026-02-28T10:02:56.587+0000] {dag.py:3696} INFO - Setting next_dagrun for pagination_dag to None, run_after=None
[2026-02-28T10:02:56.611+0000] {processor.py:179} INFO - Processing /opt/airflow/dags/dag.py took 0.393 seconds
[2026-02-28T10:03:26.880+0000] {processor.py:157} INFO - Started process (PID=2049) to work on /opt/airflow/dags/dag.py
[2026-02-28T10:03:26.881+0000] {processor.py:829} INFO - Processing file /opt/airflow/dags/dag.py for tasks to queue
[2026-02-28T10:03:26.882+0000] {logging_mixin.py:151} INFO - [2026-02-28T10:03:26.881+0000] {dagbag.py:539} INFO - Filling up the DagBag from /opt/airflow/dags/dag.py
[2026-02-28T10:03:27.189+0000] {processor.py:839} INFO - DAG(s) dict_keys(['pagination_dag']) retrieved from /opt/airflow/dags/dag.py
[2026-02-28T10:03:27.219+0000] {logging_mixin.py:151} INFO - [2026-02-28T10:03:27.219+0000] {dag.py:2915} INFO - Sync 1 DAGs
[2026-02-28T10:03:27.232+0000] {logging_mixin.py:151} INFO - [2026-02-28T10:03:27.232+0000] {dag.py:3696} INFO - Setting next_dagrun for pagination_dag to None, run_after=None
[2026-02-28T10:03:27.257+0000] {processor.py:179} INFO - Processing /opt/airflow/dags/dag.py took 0.379 seconds
[2026-02-28T10:03:57.530+0000] {processor.py:157} INFO - Started process (PID=2061) to work on /opt/airflow/dags/dag.py
[2026-02-28T10:03:57.531+0000] {processor.py:829} INFO - Processing file /opt/airflow/dags/dag.py for tasks to queue
[2026-02-28T10:03:57.533+0000] {logging_mixin.py:151} INFO - [2026-02-28T10:03:57.532+0000] {dagbag.py:539} INFO - Filling up the DagBag from /opt/airflow/dags/dag.py
[2026-02-28T10:03:57.843+0000] {processor.py:839} INFO - DAG(s) dict_keys(['pagination_dag']) retrieved from /opt/airflow/dags/dag.py
[2026-02-28T10:03:57.867+0000] {logging_mixin.py:151} INFO - [2026-02-28T10:03:57.866+0000] {dag.py:2915} INFO - Sync 1 DAGs
[2026-02-28T10:03:57.884+0000] {logging_mixin.py:151} INFO - [2026-02-28T10:03:57.884+0000] {dag.py:3696} INFO - Setting next_dagrun for pagination_dag to None, run_after=None
[2026-02-28T10:03:57.905+0000] {processor.py:179} INFO - Processing /opt/airflow/dags/dag.py took 0.378 seconds
[2026-02-28T10:04:28.181+0000] {processor.py:157} INFO - Started process (PID=2073) to work on /opt/airflow/dags/dag.py
[2026-02-28T10:04:28.182+0000] {processor.py:829} INFO - Processing file /opt/airflow/dags/dag.py for tasks to queue
[2026-02-28T10:04:28.183+0000] {logging_mixin.py:151} INFO - [2026-02-28T10:04:28.183+0000] {dagbag.py:539} INFO - Filling up the DagBag from /opt/airflow/dags/dag.py
[2026-02-28T10:04:28.479+0000] {processor.py:839} INFO - DAG(s) dict_keys(['pagination_dag']) retrieved from /opt/airflow/dags/dag.py
[2026-02-28T10:04:28.512+0000] {logging_mixin.py:151} INFO - [2026-02-28T10:04:28.512+0000] {dag.py:2915} INFO - Sync 1 DAGs
[2026-02-28T10:04:28.523+0000] {logging_mixin.py:151} INFO - [2026-02-28T10:04:28.523+0000] {dag.py:3696} INFO - Setting next_dagrun for pagination_dag to None, run_after=None
[2026-02-28T10:04:28.553+0000] {processor.py:179} INFO - Processing /opt/airflow/dags/dag.py took 0.375 seconds
[2026-02-28T10:04:58.784+0000] {processor.py:157} INFO - Started process (PID=2085) to work on /opt/airflow/dags/dag.py
[2026-02-28T10:04:58.788+0000] {processor.py:829} INFO - Processing file /opt/airflow/dags/dag.py for tasks to queue
[2026-02-28T10:04:58.790+0000] {logging_mixin.py:151} INFO - [2026-02-28T10:04:58.789+0000] {dagbag.py:539} INFO - Filling up the DagBag from /opt/airflow/dags/dag.py
[2026-02-28T10:04:59.098+0000] {processor.py:839} INFO - DAG(s) dict_keys(['pagination_dag']) retrieved from /opt/airflow/dags/dag.py
[2026-02-28T10:04:59.130+0000] {logging_mixin.py:151} INFO - [2026-02-28T10:04:59.130+0000] {dag.py:2915} INFO - Sync 1 DAGs
[2026-02-28T10:04:59.143+0000] {logging_mixin.py:151} INFO - [2026-02-28T10:04:59.143+0000] {dag.py:3696} INFO - Setting next_dagrun for pagination_dag to None, run_after=None
[2026-02-28T10:04:59.171+0000] {processor.py:179} INFO - Processing /opt/airflow/dags/dag.py took 0.392 seconds
[2026-02-28T10:05:29.441+0000] {processor.py:157} INFO - Started process (PID=2097) to work on /opt/airflow/dags/dag.py
[2026-02-28T10:05:29.442+0000] {processor.py:829} INFO - Processing file /opt/airflow/dags/dag.py for tasks to queue
[2026-02-28T10:05:29.443+0000] {logging_mixin.py:151} INFO - [2026-02-28T10:05:29.443+0000] {dagbag.py:539} INFO - Filling up the DagBag from /opt/airflow/dags/dag.py
[2026-02-28T10:05:29.742+0000] {processor.py:839} INFO - DAG(s) dict_keys(['pagination_dag']) retrieved from /opt/airflow/dags/dag.py
[2026-02-28T10:05:29.775+0000] {logging_mixin.py:151} INFO - [2026-02-28T10:05:29.775+0000] {dag.py:2915} INFO - Sync 1 DAGs
[2026-02-28T10:05:29.787+0000] {logging_mixin.py:151} INFO - [2026-02-28T10:05:29.786+0000] {dag.py:3696} INFO - Setting next_dagrun for pagination_dag to None, run_after=None
[2026-02-28T10:05:29.816+0000] {processor.py:179} INFO - Processing /opt/airflow/dags/dag.py took 0.378 seconds
[2026-02-28T10:06:00.098+0000] {processor.py:157} INFO - Started process (PID=2109) to work on /opt/airflow/dags/dag.py
[2026-02-28T10:06:00.099+0000] {processor.py:829} INFO - Processing file /opt/airflow/dags/dag.py for tasks to queue
[2026-02-28T10:06:00.100+0000] {logging_mixin.py:151} INFO - [2026-02-28T10:06:00.100+0000] {dagbag.py:539} INFO - Filling up the DagBag from /opt/airflow/dags/dag.py
[2026-02-28T10:06:00.411+0000] {processor.py:839} INFO - DAG(s) dict_keys(['pagination_dag']) retrieved from /opt/airflow/dags/dag.py
[2026-02-28T10:06:00.443+0000] {logging_mixin.py:151} INFO - [2026-02-28T10:06:00.443+0000] {dag.py:2915} INFO - Sync 1 DAGs
[2026-02-28T10:06:00.459+0000] {logging_mixin.py:151} INFO - [2026-02-28T10:06:00.458+0000] {dag.py:3696} INFO - Setting next_dagrun for pagination_dag to None, run_after=None
[2026-02-28T10:06:00.485+0000] {processor.py:179} INFO - Processing /opt/airflow/dags/dag.py took 0.390 seconds
[2026-02-28T10:06:30.752+0000] {processor.py:157} INFO - Started process (PID=2121) to work on /opt/airflow/dags/dag.py
[2026-02-28T10:06:30.754+0000] {processor.py:829} INFO - Processing file /opt/airflow/dags/dag.py for tasks to queue
[2026-02-28T10:06:30.755+0000] {logging_mixin.py:151} INFO - [2026-02-28T10:06:30.755+0000] {dagbag.py:539} INFO - Filling up the DagBag from /opt/airflow/dags/dag.py
[2026-02-28T10:06:31.070+0000] {processor.py:839} INFO - DAG(s) dict_keys(['pagination_dag']) retrieved from /opt/airflow/dags/dag.py
[2026-02-28T10:06:31.106+0000] {logging_mixin.py:151} INFO - [2026-02-28T10:06:31.105+0000] {dag.py:2915} INFO - Sync 1 DAGs
[2026-02-28T10:06:31.122+0000] {logging_mixin.py:151} INFO - [2026-02-28T10:06:31.121+0000] {dag.py:3696} INFO - Setting next_dagrun for pagination_dag to None, run_after=None
[2026-02-28T10:06:31.150+0000] {processor.py:179} INFO - Processing /opt/airflow/dags/dag.py took 0.404 seconds
[2026-02-28T10:07:01.391+0000] {processor.py:157} INFO - Started process (PID=2133) to work on /opt/airflow/dags/dag.py
[2026-02-28T10:07:01.392+0000] {processor.py:829} INFO - Processing file /opt/airflow/dags/dag.py for tasks to queue
[2026-02-28T10:07:01.393+0000] {logging_mixin.py:151} INFO - [2026-02-28T10:07:01.393+0000] {dagbag.py:539} INFO - Filling up the DagBag from /opt/airflow/dags/dag.py
[2026-02-28T10:07:01.699+0000] {processor.py:839} INFO - DAG(s) dict_keys(['pagination_dag']) retrieved from /opt/airflow/dags/dag.py
[2026-02-28T10:07:01.735+0000] {logging_mixin.py:151} INFO - [2026-02-28T10:07:01.734+0000] {dag.py:2915} INFO - Sync 1 DAGs
[2026-02-28T10:07:01.748+0000] {logging_mixin.py:151} INFO - [2026-02-28T10:07:01.747+0000] {dag.py:3696} INFO - Setting next_dagrun for pagination_dag to None, run_after=None
[2026-02-28T10:07:01.775+0000] {processor.py:179} INFO - Processing /opt/airflow/dags/dag.py took 0.390 seconds
[2026-02-28T10:07:32.031+0000] {processor.py:157} INFO - Started process (PID=2145) to work on /opt/airflow/dags/dag.py
[2026-02-28T10:07:32.032+0000] {processor.py:829} INFO - Processing file /opt/airflow/dags/dag.py for tasks to queue
[2026-02-28T10:07:32.034+0000] {logging_mixin.py:151} INFO - [2026-02-28T10:07:32.034+0000] {dagbag.py:539} INFO - Filling up the DagBag from /opt/airflow/dags/dag.py
[2026-02-28T10:07:32.456+0000] {processor.py:839} INFO - DAG(s) dict_keys(['pagination_dag']) retrieved from /opt/airflow/dags/dag.py
[2026-02-28T10:07:32.487+0000] {logging_mixin.py:151} INFO - [2026-02-28T10:07:32.487+0000] {dag.py:2915} INFO - Sync 1 DAGs
[2026-02-28T10:07:32.504+0000] {logging_mixin.py:151} INFO - [2026-02-28T10:07:32.504+0000] {dag.py:3696} INFO - Setting next_dagrun for pagination_dag to None, run_after=None
[2026-02-28T10:07:32.529+0000] {processor.py:179} INFO - Processing /opt/airflow/dags/dag.py took 0.504 seconds
[2026-02-28T10:08:02.771+0000] {processor.py:157} INFO - Started process (PID=2157) to work on /opt/airflow/dags/dag.py
[2026-02-28T10:08:02.772+0000] {processor.py:829} INFO - Processing file /opt/airflow/dags/dag.py for tasks to queue
[2026-02-28T10:08:02.773+0000] {logging_mixin.py:151} INFO - [2026-02-28T10:08:02.773+0000] {dagbag.py:539} INFO - Filling up the DagBag from /opt/airflow/dags/dag.py
[2026-02-28T10:08:03.121+0000] {processor.py:839} INFO - DAG(s) dict_keys(['pagination_dag']) retrieved from /opt/airflow/dags/dag.py
[2026-02-28T10:08:03.155+0000] {logging_mixin.py:151} INFO - [2026-02-28T10:08:03.154+0000] {dag.py:2915} INFO - Sync 1 DAGs
[2026-02-28T10:08:03.173+0000] {logging_mixin.py:151} INFO - [2026-02-28T10:08:03.172+0000] {dag.py:3696} INFO - Setting next_dagrun for pagination_dag to None, run_after=None
[2026-02-28T10:08:03.201+0000] {processor.py:179} INFO - Processing /opt/airflow/dags/dag.py took 0.433 seconds
[2026-02-28T10:08:33.455+0000] {processor.py:157} INFO - Started process (PID=2169) to work on /opt/airflow/dags/dag.py
[2026-02-28T10:08:33.457+0000] {processor.py:829} INFO - Processing file /opt/airflow/dags/dag.py for tasks to queue
[2026-02-28T10:08:33.459+0000] {logging_mixin.py:151} INFO - [2026-02-28T10:08:33.458+0000] {dagbag.py:539} INFO - Filling up the DagBag from /opt/airflow/dags/dag.py
[2026-02-28T10:08:33.803+0000] {processor.py:839} INFO - DAG(s) dict_keys(['pagination_dag']) retrieved from /opt/airflow/dags/dag.py
[2026-02-28T10:08:33.837+0000] {logging_mixin.py:151} INFO - [2026-02-28T10:08:33.837+0000] {dag.py:2915} INFO - Sync 1 DAGs
[2026-02-28T10:08:33.855+0000] {logging_mixin.py:151} INFO - [2026-02-28T10:08:33.855+0000] {dag.py:3696} INFO - Setting next_dagrun for pagination_dag to None, run_after=None
[2026-02-28T10:08:33.887+0000] {processor.py:179} INFO - Processing /opt/airflow/dags/dag.py took 0.438 seconds
[2026-02-28T10:09:04.127+0000] {processor.py:157} INFO - Started process (PID=2181) to work on /opt/airflow/dags/dag.py
[2026-02-28T10:09:04.128+0000] {processor.py:829} INFO - Processing file /opt/airflow/dags/dag.py for tasks to queue
[2026-02-28T10:09:04.129+0000] {logging_mixin.py:151} INFO - [2026-02-28T10:09:04.129+0000] {dagbag.py:539} INFO - Filling up the DagBag from /opt/airflow/dags/dag.py
[2026-02-28T10:09:04.484+0000] {processor.py:839} INFO - DAG(s) dict_keys(['pagination_dag']) retrieved from /opt/airflow/dags/dag.py
[2026-02-28T10:09:04.520+0000] {logging_mixin.py:151} INFO - [2026-02-28T10:09:04.520+0000] {dag.py:2915} INFO - Sync 1 DAGs
[2026-02-28T10:09:04.533+0000] {logging_mixin.py:151} INFO - [2026-02-28T10:09:04.533+0000] {dag.py:3696} INFO - Setting next_dagrun for pagination_dag to None, run_after=None
[2026-02-28T10:09:04.562+0000] {processor.py:179} INFO - Processing /opt/airflow/dags/dag.py took 0.441 seconds
[2026-02-28T10:09:34.824+0000] {processor.py:157} INFO - Started process (PID=2193) to work on /opt/airflow/dags/dag.py
[2026-02-28T10:09:34.826+0000] {processor.py:829} INFO - Processing file /opt/airflow/dags/dag.py for tasks to queue
[2026-02-28T10:09:34.830+0000] {logging_mixin.py:151} INFO - [2026-02-28T10:09:34.829+0000] {dagbag.py:539} INFO - Filling up the DagBag from /opt/airflow/dags/dag.py
[2026-02-28T10:09:35.154+0000] {processor.py:839} INFO - DAG(s) dict_keys(['pagination_dag']) retrieved from /opt/airflow/dags/dag.py
[2026-02-28T10:09:35.188+0000] {logging_mixin.py:151} INFO - [2026-02-28T10:09:35.187+0000] {dag.py:2915} INFO - Sync 1 DAGs
[2026-02-28T10:09:35.201+0000] {logging_mixin.py:151} INFO - [2026-02-28T10:09:35.201+0000] {dag.py:3696} INFO - Setting next_dagrun for pagination_dag to None, run_after=None
[2026-02-28T10:09:35.227+0000] {processor.py:179} INFO - Processing /opt/airflow/dags/dag.py took 0.407 seconds
[2026-02-28T10:10:05.474+0000] {processor.py:157} INFO - Started process (PID=2205) to work on /opt/airflow/dags/dag.py
[2026-02-28T10:10:05.475+0000] {processor.py:829} INFO - Processing file /opt/airflow/dags/dag.py for tasks to queue
[2026-02-28T10:10:05.476+0000] {logging_mixin.py:151} INFO - [2026-02-28T10:10:05.476+0000] {dagbag.py:539} INFO - Filling up the DagBag from /opt/airflow/dags/dag.py
[2026-02-28T10:10:05.819+0000] {processor.py:839} INFO - DAG(s) dict_keys(['pagination_dag']) retrieved from /opt/airflow/dags/dag.py
[2026-02-28T10:10:05.854+0000] {logging_mixin.py:151} INFO - [2026-02-28T10:10:05.853+0000] {dag.py:2915} INFO - Sync 1 DAGs
[2026-02-28T10:10:05.868+0000] {logging_mixin.py:151} INFO - [2026-02-28T10:10:05.868+0000] {dag.py:3696} INFO - Setting next_dagrun for pagination_dag to None, run_after=None
[2026-02-28T10:10:05.896+0000] {processor.py:179} INFO - Processing /opt/airflow/dags/dag.py took 0.427 seconds
[2026-02-28T10:10:36.108+0000] {processor.py:157} INFO - Started process (PID=2217) to work on /opt/airflow/dags/dag.py
[2026-02-28T10:10:36.110+0000] {processor.py:829} INFO - Processing file /opt/airflow/dags/dag.py for tasks to queue
[2026-02-28T10:10:36.111+0000] {logging_mixin.py:151} INFO - [2026-02-28T10:10:36.110+0000] {dagbag.py:539} INFO - Filling up the DagBag from /opt/airflow/dags/dag.py
[2026-02-28T10:10:36.449+0000] {processor.py:839} INFO - DAG(s) dict_keys(['pagination_dag']) retrieved from /opt/airflow/dags/dag.py
[2026-02-28T10:10:36.484+0000] {logging_mixin.py:151} INFO - [2026-02-28T10:10:36.484+0000] {dag.py:2915} INFO - Sync 1 DAGs
[2026-02-28T10:10:36.497+0000] {logging_mixin.py:151} INFO - [2026-02-28T10:10:36.497+0000] {dag.py:3696} INFO - Setting next_dagrun for pagination_dag to None, run_after=None
[2026-02-28T10:10:36.528+0000] {processor.py:179} INFO - Processing /opt/airflow/dags/dag.py took 0.424 seconds
[2026-02-28T10:11:06.783+0000] {processor.py:157} INFO - Started process (PID=2229) to work on /opt/airflow/dags/dag.py
[2026-02-28T10:11:06.785+0000] {processor.py:829} INFO - Processing file /opt/airflow/dags/dag.py for tasks to queue
[2026-02-28T10:11:06.786+0000] {logging_mixin.py:151} INFO - [2026-02-28T10:11:06.785+0000] {dagbag.py:539} INFO - Filling up the DagBag from /opt/airflow/dags/dag.py
[2026-02-28T10:11:07.114+0000] {processor.py:839} INFO - DAG(s) dict_keys(['pagination_dag']) retrieved from /opt/airflow/dags/dag.py
[2026-02-28T10:11:07.150+0000] {logging_mixin.py:151} INFO - [2026-02-28T10:11:07.149+0000] {dag.py:2915} INFO - Sync 1 DAGs
[2026-02-28T10:11:07.166+0000] {logging_mixin.py:151} INFO - [2026-02-28T10:11:07.165+0000] {dag.py:3696} INFO - Setting next_dagrun for pagination_dag to None, run_after=None
[2026-02-28T10:11:07.195+0000] {processor.py:179} INFO - Processing /opt/airflow/dags/dag.py took 0.415 seconds
[2026-02-28T10:11:37.446+0000] {processor.py:157} INFO - Started process (PID=2241) to work on /opt/airflow/dags/dag.py
[2026-02-28T10:11:37.447+0000] {processor.py:829} INFO - Processing file /opt/airflow/dags/dag.py for tasks to queue
[2026-02-28T10:11:37.448+0000] {logging_mixin.py:151} INFO - [2026-02-28T10:11:37.447+0000] {dagbag.py:539} INFO - Filling up the DagBag from /opt/airflow/dags/dag.py
[2026-02-28T10:11:37.831+0000] {processor.py:839} INFO - DAG(s) dict_keys(['pagination_dag']) retrieved from /opt/airflow/dags/dag.py
[2026-02-28T10:11:37.863+0000] {logging_mixin.py:151} INFO - [2026-02-28T10:11:37.862+0000] {dag.py:2915} INFO - Sync 1 DAGs
[2026-02-28T10:11:37.884+0000] {logging_mixin.py:151} INFO - [2026-02-28T10:11:37.883+0000] {dag.py:3696} INFO - Setting next_dagrun for pagination_dag to None, run_after=None
[2026-02-28T10:11:37.908+0000] {processor.py:179} INFO - Processing /opt/airflow/dags/dag.py took 0.465 seconds
[2026-02-28T10:12:08.177+0000] {processor.py:157} INFO - Started process (PID=2253) to work on /opt/airflow/dags/dag.py
[2026-02-28T10:12:08.178+0000] {processor.py:829} INFO - Processing file /opt/airflow/dags/dag.py for tasks to queue
[2026-02-28T10:12:08.180+0000] {logging_mixin.py:151} INFO - [2026-02-28T10:12:08.179+0000] {dagbag.py:539} INFO - Filling up the DagBag from /opt/airflow/dags/dag.py
[2026-02-28T10:12:08.513+0000] {processor.py:839} INFO - DAG(s) dict_keys(['pagination_dag']) retrieved from /opt/airflow/dags/dag.py
[2026-02-28T10:12:08.543+0000] {logging_mixin.py:151} INFO - [2026-02-28T10:12:08.541+0000] {dag.py:2915} INFO - Sync 1 DAGs
[2026-02-28T10:12:08.559+0000] {logging_mixin.py:151} INFO - [2026-02-28T10:12:08.558+0000] {dag.py:3696} INFO - Setting next_dagrun for pagination_dag to None, run_after=None
[2026-02-28T10:12:08.586+0000] {processor.py:179} INFO - Processing /opt/airflow/dags/dag.py took 0.416 seconds
[2026-02-28T10:12:38.812+0000] {processor.py:157} INFO - Started process (PID=2265) to work on /opt/airflow/dags/dag.py
[2026-02-28T10:12:38.813+0000] {processor.py:829} INFO - Processing file /opt/airflow/dags/dag.py for tasks to queue
[2026-02-28T10:12:38.815+0000] {logging_mixin.py:151} INFO - [2026-02-28T10:12:38.814+0000] {dagbag.py:539} INFO - Filling up the DagBag from /opt/airflow/dags/dag.py
[2026-02-28T10:12:39.215+0000] {processor.py:839} INFO - DAG(s) dict_keys(['pagination_dag']) retrieved from /opt/airflow/dags/dag.py
[2026-02-28T10:12:39.243+0000] {logging_mixin.py:151} INFO - [2026-02-28T10:12:39.242+0000] {dag.py:2915} INFO - Sync 1 DAGs
[2026-02-28T10:12:39.259+0000] {logging_mixin.py:151} INFO - [2026-02-28T10:12:39.259+0000] {dag.py:3696} INFO - Setting next_dagrun for pagination_dag to None, run_after=None
[2026-02-28T10:12:39.285+0000] {processor.py:179} INFO - Processing /opt/airflow/dags/dag.py took 0.477 seconds
[2026-02-28T10:13:09.559+0000] {processor.py:157} INFO - Started process (PID=2277) to work on /opt/airflow/dags/dag.py
[2026-02-28T10:13:09.560+0000] {processor.py:829} INFO - Processing file /opt/airflow/dags/dag.py for tasks to queue
[2026-02-28T10:13:09.561+0000] {logging_mixin.py:151} INFO - [2026-02-28T10:13:09.561+0000] {dagbag.py:539} INFO - Filling up the DagBag from /opt/airflow/dags/dag.py
[2026-02-28T10:13:09.909+0000] {processor.py:839} INFO - DAG(s) dict_keys(['pagination_dag']) retrieved from /opt/airflow/dags/dag.py
[2026-02-28T10:13:09.945+0000] {logging_mixin.py:151} INFO - [2026-02-28T10:13:09.945+0000] {dag.py:2915} INFO - Sync 1 DAGs
[2026-02-28T10:13:09.962+0000] {logging_mixin.py:151} INFO - [2026-02-28T10:13:09.962+0000] {dag.py:3696} INFO - Setting next_dagrun for pagination_dag to None, run_after=None
[2026-02-28T10:13:09.993+0000] {processor.py:179} INFO - Processing /opt/airflow/dags/dag.py took 0.440 seconds
[2026-02-28T10:13:40.250+0000] {processor.py:157} INFO - Started process (PID=2289) to work on /opt/airflow/dags/dag.py
[2026-02-28T10:13:40.252+0000] {processor.py:829} INFO - Processing file /opt/airflow/dags/dag.py for tasks to queue
[2026-02-28T10:13:40.254+0000] {logging_mixin.py:151} INFO - [2026-02-28T10:13:40.253+0000] {dagbag.py:539} INFO - Filling up the DagBag from /opt/airflow/dags/dag.py
[2026-02-28T10:13:40.682+0000] {processor.py:839} INFO - DAG(s) dict_keys(['pagination_dag']) retrieved from /opt/airflow/dags/dag.py
[2026-02-28T10:13:40.716+0000] {logging_mixin.py:151} INFO - [2026-02-28T10:13:40.715+0000] {dag.py:2915} INFO - Sync 1 DAGs
[2026-02-28T10:13:40.730+0000] {logging_mixin.py:151} INFO - [2026-02-28T10:13:40.730+0000] {dag.py:3696} INFO - Setting next_dagrun for pagination_dag to None, run_after=None
[2026-02-28T10:13:40.759+0000] {processor.py:179} INFO - Processing /opt/airflow/dags/dag.py took 0.517 seconds
[2026-02-28T10:14:11.008+0000] {processor.py:157} INFO - Started process (PID=2301) to work on /opt/airflow/dags/dag.py
[2026-02-28T10:14:11.011+0000] {processor.py:829} INFO - Processing file /opt/airflow/dags/dag.py for tasks to queue
[2026-02-28T10:14:11.012+0000] {logging_mixin.py:151} INFO - [2026-02-28T10:14:11.011+0000] {dagbag.py:539} INFO - Filling up the DagBag from /opt/airflow/dags/dag.py
[2026-02-28T10:14:11.338+0000] {processor.py:839} INFO - DAG(s) dict_keys(['pagination_dag']) retrieved from /opt/airflow/dags/dag.py
[2026-02-28T10:14:11.373+0000] {logging_mixin.py:151} INFO - [2026-02-28T10:14:11.372+0000] {dag.py:2915} INFO - Sync 1 DAGs
[2026-02-28T10:14:11.390+0000] {logging_mixin.py:151} INFO - [2026-02-28T10:14:11.389+0000] {dag.py:3696} INFO - Setting next_dagrun for pagination_dag to None, run_after=None
[2026-02-28T10:14:11.417+0000] {processor.py:179} INFO - Processing /opt/airflow/dags/dag.py took 0.413 seconds
[2026-02-28T10:14:41.698+0000] {processor.py:157} INFO - Started process (PID=2313) to work on /opt/airflow/dags/dag.py
[2026-02-28T10:14:41.700+0000] {processor.py:829} INFO - Processing file /opt/airflow/dags/dag.py for tasks to queue
[2026-02-28T10:14:41.701+0000] {logging_mixin.py:151} INFO - [2026-02-28T10:14:41.700+0000] {dagbag.py:539} INFO - Filling up the DagBag from /opt/airflow/dags/dag.py
[2026-02-28T10:14:42.035+0000] {processor.py:839} INFO - DAG(s) dict_keys(['pagination_dag']) retrieved from /opt/airflow/dags/dag.py
[2026-02-28T10:14:42.071+0000] {logging_mixin.py:151} INFO - [2026-02-28T10:14:42.070+0000] {dag.py:2915} INFO - Sync 1 DAGs
[2026-02-28T10:14:42.087+0000] {logging_mixin.py:151} INFO - [2026-02-28T10:14:42.086+0000] {dag.py:3696} INFO - Setting next_dagrun for pagination_dag to None, run_after=None
[2026-02-28T10:14:42.114+0000] {processor.py:179} INFO - Processing /opt/airflow/dags/dag.py took 0.419 seconds
[2026-02-28T10:15:12.366+0000] {processor.py:157} INFO - Started process (PID=2325) to work on /opt/airflow/dags/dag.py
[2026-02-28T10:15:12.366+0000] {processor.py:829} INFO - Processing file /opt/airflow/dags/dag.py for tasks to queue
[2026-02-28T10:15:12.368+0000] {logging_mixin.py:151} INFO - [2026-02-28T10:15:12.367+0000] {dagbag.py:539} INFO - Filling up the DagBag from /opt/airflow/dags/dag.py
[2026-02-28T10:15:12.784+0000] {processor.py:839} INFO - DAG(s) dict_keys(['pagination_dag']) retrieved from /opt/airflow/dags/dag.py
[2026-02-28T10:15:12.823+0000] {logging_mixin.py:151} INFO - [2026-02-28T10:15:12.823+0000] {dag.py:2915} INFO - Sync 1 DAGs
[2026-02-28T10:15:12.841+0000] {logging_mixin.py:151} INFO - [2026-02-28T10:15:12.841+0000] {dag.py:3696} INFO - Setting next_dagrun for pagination_dag to None, run_after=None
[2026-02-28T10:15:12.866+0000] {processor.py:179} INFO - Processing /opt/airflow/dags/dag.py took 0.504 seconds
[2026-02-28T10:15:43.113+0000] {processor.py:157} INFO - Started process (PID=2337) to work on /opt/airflow/dags/dag.py
[2026-02-28T10:15:43.114+0000] {processor.py:829} INFO - Processing file /opt/airflow/dags/dag.py for tasks to queue
[2026-02-28T10:15:43.115+0000] {logging_mixin.py:151} INFO - [2026-02-28T10:15:43.115+0000] {dagbag.py:539} INFO - Filling up the DagBag from /opt/airflow/dags/dag.py
[2026-02-28T10:15:43.466+0000] {processor.py:839} INFO - DAG(s) dict_keys(['pagination_dag']) retrieved from /opt/airflow/dags/dag.py
[2026-02-28T10:15:43.501+0000] {logging_mixin.py:151} INFO - [2026-02-28T10:15:43.500+0000] {dag.py:2915} INFO - Sync 1 DAGs
[2026-02-28T10:15:43.518+0000] {logging_mixin.py:151} INFO - [2026-02-28T10:15:43.517+0000] {dag.py:3696} INFO - Setting next_dagrun for pagination_dag to None, run_after=None
[2026-02-28T10:15:43.547+0000] {processor.py:179} INFO - Processing /opt/airflow/dags/dag.py took 0.436 seconds
[2026-02-28T10:16:13.779+0000] {processor.py:157} INFO - Started process (PID=2349) to work on /opt/airflow/dags/dag.py
[2026-02-28T10:16:13.781+0000] {processor.py:829} INFO - Processing file /opt/airflow/dags/dag.py for tasks to queue
[2026-02-28T10:16:13.782+0000] {logging_mixin.py:151} INFO - [2026-02-28T10:16:13.781+0000] {dagbag.py:539} INFO - Filling up the DagBag from /opt/airflow/dags/dag.py
[2026-02-28T10:16:14.112+0000] {processor.py:839} INFO - DAG(s) dict_keys(['pagination_dag']) retrieved from /opt/airflow/dags/dag.py
[2026-02-28T10:16:14.146+0000] {logging_mixin.py:151} INFO - [2026-02-28T10:16:14.145+0000] {dag.py:2915} INFO - Sync 1 DAGs
[2026-02-28T10:16:14.158+0000] {logging_mixin.py:151} INFO - [2026-02-28T10:16:14.158+0000] {dag.py:3696} INFO - Setting next_dagrun for pagination_dag to None, run_after=None
[2026-02-28T10:16:14.193+0000] {processor.py:179} INFO - Processing /opt/airflow/dags/dag.py took 0.417 seconds
[2026-02-28T10:16:44.421+0000] {processor.py:157} INFO - Started process (PID=2361) to work on /opt/airflow/dags/dag.py
[2026-02-28T10:16:44.422+0000] {processor.py:829} INFO - Processing file /opt/airflow/dags/dag.py for tasks to queue
[2026-02-28T10:16:44.425+0000] {logging_mixin.py:151} INFO - [2026-02-28T10:16:44.425+0000] {dagbag.py:539} INFO - Filling up the DagBag from /opt/airflow/dags/dag.py
[2026-02-28T10:16:44.797+0000] {processor.py:839} INFO - DAG(s) dict_keys(['pagination_dag']) retrieved from /opt/airflow/dags/dag.py
[2026-02-28T10:16:44.838+0000] {logging_mixin.py:151} INFO - [2026-02-28T10:16:44.837+0000] {dag.py:2915} INFO - Sync 1 DAGs
[2026-02-28T10:16:44.853+0000] {logging_mixin.py:151} INFO - [2026-02-28T10:16:44.853+0000] {dag.py:3696} INFO - Setting next_dagrun for pagination_dag to None, run_after=None
[2026-02-28T10:16:44.881+0000] {processor.py:179} INFO - Processing /opt/airflow/dags/dag.py took 0.465 seconds
[2026-02-28T10:17:15.132+0000] {processor.py:157} INFO - Started process (PID=2373) to work on /opt/airflow/dags/dag.py
[2026-02-28T10:17:15.133+0000] {processor.py:829} INFO - Processing file /opt/airflow/dags/dag.py for tasks to queue
[2026-02-28T10:17:15.134+0000] {logging_mixin.py:151} INFO - [2026-02-28T10:17:15.134+0000] {dagbag.py:539} INFO - Filling up the DagBag from /opt/airflow/dags/dag.py
[2026-02-28T10:17:15.494+0000] {processor.py:839} INFO - DAG(s) dict_keys(['pagination_dag']) retrieved from /opt/airflow/dags/dag.py
[2026-02-28T10:17:15.547+0000] {logging_mixin.py:151} INFO - [2026-02-28T10:17:15.546+0000] {dag.py:2915} INFO - Sync 1 DAGs
[2026-02-28T10:17:15.564+0000] {logging_mixin.py:151} INFO - [2026-02-28T10:17:15.564+0000] {dag.py:3696} INFO - Setting next_dagrun for pagination_dag to None, run_after=None
[2026-02-28T10:17:15.597+0000] {processor.py:179} INFO - Processing /opt/airflow/dags/dag.py took 0.468 seconds
[2026-02-28T10:17:45.853+0000] {processor.py:157} INFO - Started process (PID=2385) to work on /opt/airflow/dags/dag.py
[2026-02-28T10:17:45.853+0000] {processor.py:829} INFO - Processing file /opt/airflow/dags/dag.py for tasks to queue
[2026-02-28T10:17:45.855+0000] {logging_mixin.py:151} INFO - [2026-02-28T10:17:45.854+0000] {dagbag.py:539} INFO - Filling up the DagBag from /opt/airflow/dags/dag.py
[2026-02-28T10:17:46.172+0000] {processor.py:839} INFO - DAG(s) dict_keys(['pagination_dag']) retrieved from /opt/airflow/dags/dag.py
[2026-02-28T10:17:46.207+0000] {logging_mixin.py:151} INFO - [2026-02-28T10:17:46.206+0000] {dag.py:2915} INFO - Sync 1 DAGs
[2026-02-28T10:17:46.224+0000] {logging_mixin.py:151} INFO - [2026-02-28T10:17:46.223+0000] {dag.py:3696} INFO - Setting next_dagrun for pagination_dag to None, run_after=None
[2026-02-28T10:17:46.251+0000] {processor.py:179} INFO - Processing /opt/airflow/dags/dag.py took 0.401 seconds
[2026-02-28T10:18:16.510+0000] {processor.py:157} INFO - Started process (PID=2397) to work on /opt/airflow/dags/dag.py
[2026-02-28T10:18:16.512+0000] {processor.py:829} INFO - Processing file /opt/airflow/dags/dag.py for tasks to queue
[2026-02-28T10:18:16.513+0000] {logging_mixin.py:151} INFO - [2026-02-28T10:18:16.513+0000] {dagbag.py:539} INFO - Filling up the DagBag from /opt/airflow/dags/dag.py
[2026-02-28T10:18:16.865+0000] {processor.py:839} INFO - DAG(s) dict_keys(['pagination_dag']) retrieved from /opt/airflow/dags/dag.py
[2026-02-28T10:18:16.902+0000] {logging_mixin.py:151} INFO - [2026-02-28T10:18:16.901+0000] {dag.py:2915} INFO - Sync 1 DAGs
[2026-02-28T10:18:16.916+0000] {logging_mixin.py:151} INFO - [2026-02-28T10:18:16.915+0000] {dag.py:3696} INFO - Setting next_dagrun for pagination_dag to None, run_after=None
[2026-02-28T10:18:16.946+0000] {processor.py:179} INFO - Processing /opt/airflow/dags/dag.py took 0.441 seconds
[2026-02-28T10:18:47.197+0000] {processor.py:157} INFO - Started process (PID=2409) to work on /opt/airflow/dags/dag.py
[2026-02-28T10:18:47.198+0000] {processor.py:829} INFO - Processing file /opt/airflow/dags/dag.py for tasks to queue
[2026-02-28T10:18:47.200+0000] {logging_mixin.py:151} INFO - [2026-02-28T10:18:47.199+0000] {dagbag.py:539} INFO - Filling up the DagBag from /opt/airflow/dags/dag.py
[2026-02-28T10:18:47.548+0000] {processor.py:839} INFO - DAG(s) dict_keys(['pagination_dag']) retrieved from /opt/airflow/dags/dag.py
[2026-02-28T10:18:47.579+0000] {logging_mixin.py:151} INFO - [2026-02-28T10:18:47.579+0000] {dag.py:2915} INFO - Sync 1 DAGs
[2026-02-28T10:18:47.597+0000] {logging_mixin.py:151} INFO - [2026-02-28T10:18:47.596+0000] {dag.py:3696} INFO - Setting next_dagrun for pagination_dag to None, run_after=None
[2026-02-28T10:18:47.625+0000] {processor.py:179} INFO - Processing /opt/airflow/dags/dag.py took 0.430 seconds
[2026-02-28T10:19:17.887+0000] {processor.py:157} INFO - Started process (PID=2421) to work on /opt/airflow/dags/dag.py
[2026-02-28T10:19:17.889+0000] {processor.py:829} INFO - Processing file /opt/airflow/dags/dag.py for tasks to queue
[2026-02-28T10:19:17.890+0000] {logging_mixin.py:151} INFO - [2026-02-28T10:19:17.889+0000] {dagbag.py:539} INFO - Filling up the DagBag from /opt/airflow/dags/dag.py
[2026-02-28T10:19:18.214+0000] {processor.py:839} INFO - DAG(s) dict_keys(['pagination_dag']) retrieved from /opt/airflow/dags/dag.py
[2026-02-28T10:19:18.250+0000] {logging_mixin.py:151} INFO - [2026-02-28T10:19:18.250+0000] {dag.py:2915} INFO - Sync 1 DAGs
[2026-02-28T10:19:18.265+0000] {logging_mixin.py:151} INFO - [2026-02-28T10:19:18.265+0000] {dag.py:3696} INFO - Setting next_dagrun for pagination_dag to None, run_after=None
[2026-02-28T10:19:18.291+0000] {processor.py:179} INFO - Processing /opt/airflow/dags/dag.py took 0.407 seconds
[2026-02-28T10:19:48.502+0000] {processor.py:157} INFO - Started process (PID=2433) to work on /opt/airflow/dags/dag.py
[2026-02-28T10:19:48.503+0000] {processor.py:829} INFO - Processing file /opt/airflow/dags/dag.py for tasks to queue
[2026-02-28T10:19:48.504+0000] {logging_mixin.py:151} INFO - [2026-02-28T10:19:48.504+0000] {dagbag.py:539} INFO - Filling up the DagBag from /opt/airflow/dags/dag.py
[2026-02-28T10:19:48.799+0000] {processor.py:839} INFO - DAG(s) dict_keys(['pagination_dag']) retrieved from /opt/airflow/dags/dag.py
[2026-02-28T10:19:48.836+0000] {logging_mixin.py:151} INFO - [2026-02-28T10:19:48.836+0000] {dag.py:2915} INFO - Sync 1 DAGs
[2026-02-28T10:19:48.851+0000] {logging_mixin.py:151} INFO - [2026-02-28T10:19:48.851+0000] {dag.py:3696} INFO - Setting next_dagrun for pagination_dag to None, run_after=None
[2026-02-28T10:19:48.885+0000] {processor.py:179} INFO - Processing /opt/airflow/dags/dag.py took 0.388 seconds
[2026-02-28T10:20:19.091+0000] {processor.py:157} INFO - Started process (PID=2445) to work on /opt/airflow/dags/dag.py
[2026-02-28T10:20:19.092+0000] {processor.py:829} INFO - Processing file /opt/airflow/dags/dag.py for tasks to queue
[2026-02-28T10:20:19.093+0000] {logging_mixin.py:151} INFO - [2026-02-28T10:20:19.092+0000] {dagbag.py:539} INFO - Filling up the DagBag from /opt/airflow/dags/dag.py
[2026-02-28T10:20:19.410+0000] {processor.py:839} INFO - DAG(s) dict_keys(['pagination_dag']) retrieved from /opt/airflow/dags/dag.py
[2026-02-28T10:20:19.438+0000] {logging_mixin.py:151} INFO - [2026-02-28T10:20:19.437+0000] {dag.py:2915} INFO - Sync 1 DAGs
[2026-02-28T10:20:19.456+0000] {logging_mixin.py:151} INFO - [2026-02-28T10:20:19.456+0000] {dag.py:3696} INFO - Setting next_dagrun for pagination_dag to None, run_after=None
[2026-02-28T10:20:19.479+0000] {processor.py:179} INFO - Processing /opt/airflow/dags/dag.py took 0.391 seconds
[2026-02-28T10:20:49.714+0000] {processor.py:157} INFO - Started process (PID=2457) to work on /opt/airflow/dags/dag.py
[2026-02-28T10:20:49.715+0000] {processor.py:829} INFO - Processing file /opt/airflow/dags/dag.py for tasks to queue
[2026-02-28T10:20:49.716+0000] {logging_mixin.py:151} INFO - [2026-02-28T10:20:49.716+0000] {dagbag.py:539} INFO - Filling up the DagBag from /opt/airflow/dags/dag.py
[2026-02-28T10:20:50.021+0000] {processor.py:839} INFO - DAG(s) dict_keys(['pagination_dag']) retrieved from /opt/airflow/dags/dag.py
[2026-02-28T10:20:50.052+0000] {logging_mixin.py:151} INFO - [2026-02-28T10:20:50.051+0000] {dag.py:2915} INFO - Sync 1 DAGs
[2026-02-28T10:20:50.069+0000] {logging_mixin.py:151} INFO - [2026-02-28T10:20:50.069+0000] {dag.py:3696} INFO - Setting next_dagrun for pagination_dag to None, run_after=None
[2026-02-28T10:20:50.094+0000] {processor.py:179} INFO - Processing /opt/airflow/dags/dag.py took 0.383 seconds
[2026-02-28T10:21:20.323+0000] {processor.py:157} INFO - Started process (PID=2469) to work on /opt/airflow/dags/dag.py
[2026-02-28T10:21:20.324+0000] {processor.py:829} INFO - Processing file /opt/airflow/dags/dag.py for tasks to queue
[2026-02-28T10:21:20.325+0000] {logging_mixin.py:151} INFO - [2026-02-28T10:21:20.325+0000] {dagbag.py:539} INFO - Filling up the DagBag from /opt/airflow/dags/dag.py
[2026-02-28T10:21:20.618+0000] {processor.py:839} INFO - DAG(s) dict_keys(['pagination_dag']) retrieved from /opt/airflow/dags/dag.py
[2026-02-28T10:21:20.645+0000] {logging_mixin.py:151} INFO - [2026-02-28T10:21:20.645+0000] {dag.py:2915} INFO - Sync 1 DAGs
[2026-02-28T10:21:20.664+0000] {logging_mixin.py:151} INFO - [2026-02-28T10:21:20.663+0000] {dag.py:3696} INFO - Setting next_dagrun for pagination_dag to None, run_after=None
[2026-02-28T10:21:20.686+0000] {processor.py:179} INFO - Processing /opt/airflow/dags/dag.py took 0.366 seconds
[2026-02-28T10:21:50.914+0000] {processor.py:157} INFO - Started process (PID=2481) to work on /opt/airflow/dags/dag.py
[2026-02-28T10:21:50.916+0000] {processor.py:829} INFO - Processing file /opt/airflow/dags/dag.py for tasks to queue
[2026-02-28T10:21:50.918+0000] {logging_mixin.py:151} INFO - [2026-02-28T10:21:50.917+0000] {dagbag.py:539} INFO - Filling up the DagBag from /opt/airflow/dags/dag.py
[2026-02-28T10:21:51.231+0000] {processor.py:839} INFO - DAG(s) dict_keys(['pagination_dag']) retrieved from /opt/airflow/dags/dag.py
[2026-02-28T10:21:51.260+0000] {logging_mixin.py:151} INFO - [2026-02-28T10:21:51.259+0000] {dag.py:2915} INFO - Sync 1 DAGs
[2026-02-28T10:21:51.272+0000] {logging_mixin.py:151} INFO - [2026-02-28T10:21:51.272+0000] {dag.py:3696} INFO - Setting next_dagrun for pagination_dag to None, run_after=None
[2026-02-28T10:21:51.295+0000] {processor.py:179} INFO - Processing /opt/airflow/dags/dag.py took 0.386 seconds
[2026-02-28T10:22:21.528+0000] {processor.py:157} INFO - Started process (PID=2493) to work on /opt/airflow/dags/dag.py
[2026-02-28T10:22:21.529+0000] {processor.py:829} INFO - Processing file /opt/airflow/dags/dag.py for tasks to queue
[2026-02-28T10:22:21.529+0000] {logging_mixin.py:151} INFO - [2026-02-28T10:22:21.529+0000] {dagbag.py:539} INFO - Filling up the DagBag from /opt/airflow/dags/dag.py
[2026-02-28T10:22:21.830+0000] {processor.py:839} INFO - DAG(s) dict_keys(['pagination_dag']) retrieved from /opt/airflow/dags/dag.py
[2026-02-28T10:22:21.859+0000] {logging_mixin.py:151} INFO - [2026-02-28T10:22:21.858+0000] {dag.py:2915} INFO - Sync 1 DAGs
[2026-02-28T10:22:21.879+0000] {logging_mixin.py:151} INFO - [2026-02-28T10:22:21.879+0000] {dag.py:3696} INFO - Setting next_dagrun for pagination_dag to None, run_after=None
[2026-02-28T10:22:21.904+0000] {processor.py:179} INFO - Processing /opt/airflow/dags/dag.py took 0.380 seconds
[2026-02-28T10:22:52.144+0000] {processor.py:157} INFO - Started process (PID=2505) to work on /opt/airflow/dags/dag.py
[2026-02-28T10:22:52.146+0000] {processor.py:829} INFO - Processing file /opt/airflow/dags/dag.py for tasks to queue
[2026-02-28T10:22:52.147+0000] {logging_mixin.py:151} INFO - [2026-02-28T10:22:52.146+0000] {dagbag.py:539} INFO - Filling up the DagBag from /opt/airflow/dags/dag.py
[2026-02-28T10:22:52.437+0000] {processor.py:839} INFO - DAG(s) dict_keys(['pagination_dag']) retrieved from /opt/airflow/dags/dag.py
[2026-02-28T10:22:52.471+0000] {logging_mixin.py:151} INFO - [2026-02-28T10:22:52.471+0000] {dag.py:2915} INFO - Sync 1 DAGs
[2026-02-28T10:22:52.484+0000] {logging_mixin.py:151} INFO - [2026-02-28T10:22:52.483+0000] {dag.py:3696} INFO - Setting next_dagrun for pagination_dag to None, run_after=None
[2026-02-28T10:22:52.509+0000] {processor.py:179} INFO - Processing /opt/airflow/dags/dag.py took 0.369 seconds
[2026-02-28T10:23:22.756+0000] {processor.py:157} INFO - Started process (PID=2517) to work on /opt/airflow/dags/dag.py
[2026-02-28T10:23:22.757+0000] {processor.py:829} INFO - Processing file /opt/airflow/dags/dag.py for tasks to queue
[2026-02-28T10:23:22.758+0000] {logging_mixin.py:151} INFO - [2026-02-28T10:23:22.758+0000] {dagbag.py:539} INFO - Filling up the DagBag from /opt/airflow/dags/dag.py
[2026-02-28T10:23:23.164+0000] {processor.py:839} INFO - DAG(s) dict_keys(['pagination_dag']) retrieved from /opt/airflow/dags/dag.py
[2026-02-28T10:23:23.198+0000] {logging_mixin.py:151} INFO - [2026-02-28T10:23:23.197+0000] {dag.py:2915} INFO - Sync 1 DAGs
[2026-02-28T10:23:23.211+0000] {logging_mixin.py:151} INFO - [2026-02-28T10:23:23.211+0000] {dag.py:3696} INFO - Setting next_dagrun for pagination_dag to None, run_after=None
[2026-02-28T10:23:23.238+0000] {processor.py:179} INFO - Processing /opt/airflow/dags/dag.py took 0.486 seconds
[2026-02-28T10:23:53.473+0000] {processor.py:157} INFO - Started process (PID=2529) to work on /opt/airflow/dags/dag.py
[2026-02-28T10:23:53.474+0000] {processor.py:829} INFO - Processing file /opt/airflow/dags/dag.py for tasks to queue
[2026-02-28T10:23:53.475+0000] {logging_mixin.py:151} INFO - [2026-02-28T10:23:53.475+0000] {dagbag.py:539} INFO - Filling up the DagBag from /opt/airflow/dags/dag.py
[2026-02-28T10:23:53.797+0000] {processor.py:839} INFO - DAG(s) dict_keys(['pagination_dag']) retrieved from /opt/airflow/dags/dag.py
[2026-02-28T10:23:53.830+0000] {logging_mixin.py:151} INFO - [2026-02-28T10:23:53.830+0000] {dag.py:2915} INFO - Sync 1 DAGs
[2026-02-28T10:23:53.844+0000] {logging_mixin.py:151} INFO - [2026-02-28T10:23:53.844+0000] {dag.py:3696} INFO - Setting next_dagrun for pagination_dag to None, run_after=None
[2026-02-28T10:23:53.868+0000] {processor.py:179} INFO - Processing /opt/airflow/dags/dag.py took 0.399 seconds
[2026-02-28T10:24:24.096+0000] {processor.py:157} INFO - Started process (PID=2541) to work on /opt/airflow/dags/dag.py
[2026-02-28T10:24:24.097+0000] {processor.py:829} INFO - Processing file /opt/airflow/dags/dag.py for tasks to queue
[2026-02-28T10:24:24.098+0000] {logging_mixin.py:151} INFO - [2026-02-28T10:24:24.098+0000] {dagbag.py:539} INFO - Filling up the DagBag from /opt/airflow/dags/dag.py
[2026-02-28T10:24:24.384+0000] {processor.py:839} INFO - DAG(s) dict_keys(['pagination_dag']) retrieved from /opt/airflow/dags/dag.py
[2026-02-28T10:24:24.410+0000] {logging_mixin.py:151} INFO - [2026-02-28T10:24:24.410+0000] {dag.py:2915} INFO - Sync 1 DAGs
[2026-02-28T10:24:24.427+0000] {logging_mixin.py:151} INFO - [2026-02-28T10:24:24.427+0000] {dag.py:3696} INFO - Setting next_dagrun for pagination_dag to None, run_after=None
[2026-02-28T10:24:24.452+0000] {processor.py:179} INFO - Processing /opt/airflow/dags/dag.py took 0.359 seconds
[2026-02-28T10:24:54.730+0000] {processor.py:157} INFO - Started process (PID=2553) to work on /opt/airflow/dags/dag.py
[2026-02-28T10:24:54.731+0000] {processor.py:829} INFO - Processing file /opt/airflow/dags/dag.py for tasks to queue
[2026-02-28T10:24:54.732+0000] {logging_mixin.py:151} INFO - [2026-02-28T10:24:54.732+0000] {dagbag.py:539} INFO - Filling up the DagBag from /opt/airflow/dags/dag.py
[2026-02-28T10:24:55.078+0000] {processor.py:839} INFO - DAG(s) dict_keys(['pagination_dag']) retrieved from /opt/airflow/dags/dag.py
[2026-02-28T10:24:55.110+0000] {logging_mixin.py:151} INFO - [2026-02-28T10:24:55.109+0000] {dag.py:2915} INFO - Sync 1 DAGs
[2026-02-28T10:24:55.125+0000] {logging_mixin.py:151} INFO - [2026-02-28T10:24:55.125+0000] {dag.py:3696} INFO - Setting next_dagrun for pagination_dag to None, run_after=None
[2026-02-28T10:24:55.160+0000] {processor.py:179} INFO - Processing /opt/airflow/dags/dag.py took 0.433 seconds
[2026-02-28T10:25:25.370+0000] {processor.py:157} INFO - Started process (PID=2565) to work on /opt/airflow/dags/dag.py
[2026-02-28T10:25:25.371+0000] {processor.py:829} INFO - Processing file /opt/airflow/dags/dag.py for tasks to queue
[2026-02-28T10:25:25.372+0000] {logging_mixin.py:151} INFO - [2026-02-28T10:25:25.371+0000] {dagbag.py:539} INFO - Filling up the DagBag from /opt/airflow/dags/dag.py
[2026-02-28T10:25:25.695+0000] {processor.py:839} INFO - DAG(s) dict_keys(['pagination_dag']) retrieved from /opt/airflow/dags/dag.py
[2026-02-28T10:25:25.731+0000] {logging_mixin.py:151} INFO - [2026-02-28T10:25:25.730+0000] {dag.py:2915} INFO - Sync 1 DAGs
[2026-02-28T10:25:25.743+0000] {logging_mixin.py:151} INFO - [2026-02-28T10:25:25.742+0000] {dag.py:3696} INFO - Setting next_dagrun for pagination_dag to None, run_after=None
[2026-02-28T10:25:25.764+0000] {processor.py:179} INFO - Processing /opt/airflow/dags/dag.py took 0.399 seconds
[2026-02-28T10:25:56.006+0000] {processor.py:157} INFO - Started process (PID=2577) to work on /opt/airflow/dags/dag.py
[2026-02-28T10:25:56.007+0000] {processor.py:829} INFO - Processing file /opt/airflow/dags/dag.py for tasks to queue
[2026-02-28T10:25:56.008+0000] {logging_mixin.py:151} INFO - [2026-02-28T10:25:56.008+0000] {dagbag.py:539} INFO - Filling up the DagBag from /opt/airflow/dags/dag.py
[2026-02-28T10:25:56.318+0000] {processor.py:839} INFO - DAG(s) dict_keys(['pagination_dag']) retrieved from /opt/airflow/dags/dag.py
[2026-02-28T10:25:56.345+0000] {logging_mixin.py:151} INFO - [2026-02-28T10:25:56.345+0000] {dag.py:2915} INFO - Sync 1 DAGs
[2026-02-28T10:25:56.357+0000] {logging_mixin.py:151} INFO - [2026-02-28T10:25:56.356+0000] {dag.py:3696} INFO - Setting next_dagrun for pagination_dag to None, run_after=None
[2026-02-28T10:25:56.386+0000] {processor.py:179} INFO - Processing /opt/airflow/dags/dag.py took 0.383 seconds
[2026-02-28T10:26:26.606+0000] {processor.py:157} INFO - Started process (PID=2589) to work on /opt/airflow/dags/dag.py
[2026-02-28T10:26:26.608+0000] {processor.py:829} INFO - Processing file /opt/airflow/dags/dag.py for tasks to queue
[2026-02-28T10:26:26.609+0000] {logging_mixin.py:151} INFO - [2026-02-28T10:26:26.608+0000] {dagbag.py:539} INFO - Filling up the DagBag from /opt/airflow/dags/dag.py
[2026-02-28T10:26:26.950+0000] {processor.py:839} INFO - DAG(s) dict_keys(['pagination_dag']) retrieved from /opt/airflow/dags/dag.py
[2026-02-28T10:26:26.991+0000] {logging_mixin.py:151} INFO - [2026-02-28T10:26:26.990+0000] {dag.py:2915} INFO - Sync 1 DAGs
[2026-02-28T10:26:27.005+0000] {logging_mixin.py:151} INFO - [2026-02-28T10:26:27.005+0000] {dag.py:3696} INFO - Setting next_dagrun for pagination_dag to None, run_after=None
[2026-02-28T10:26:27.027+0000] {processor.py:179} INFO - Processing /opt/airflow/dags/dag.py took 0.424 seconds
[2026-02-28T10:26:57.254+0000] {processor.py:157} INFO - Started process (PID=2601) to work on /opt/airflow/dags/dag.py
[2026-02-28T10:26:57.255+0000] {processor.py:829} INFO - Processing file /opt/airflow/dags/dag.py for tasks to queue
[2026-02-28T10:26:57.256+0000] {logging_mixin.py:151} INFO - [2026-02-28T10:26:57.256+0000] {dagbag.py:539} INFO - Filling up the DagBag from /opt/airflow/dags/dag.py
[2026-02-28T10:26:57.565+0000] {processor.py:839} INFO - DAG(s) dict_keys(['pagination_dag']) retrieved from /opt/airflow/dags/dag.py
[2026-02-28T10:26:57.591+0000] {logging_mixin.py:151} INFO - [2026-02-28T10:26:57.590+0000] {dag.py:2915} INFO - Sync 1 DAGs
[2026-02-28T10:26:57.603+0000] {logging_mixin.py:151} INFO - [2026-02-28T10:26:57.603+0000] {dag.py:3696} INFO - Setting next_dagrun for pagination_dag to None, run_after=None
[2026-02-28T10:26:57.635+0000] {processor.py:179} INFO - Processing /opt/airflow/dags/dag.py took 0.384 seconds
[2026-02-28T10:27:27.866+0000] {processor.py:157} INFO - Started process (PID=2613) to work on /opt/airflow/dags/dag.py
[2026-02-28T10:27:27.867+0000] {processor.py:829} INFO - Processing file /opt/airflow/dags/dag.py for tasks to queue
[2026-02-28T10:27:27.868+0000] {logging_mixin.py:151} INFO - [2026-02-28T10:27:27.868+0000] {dagbag.py:539} INFO - Filling up the DagBag from /opt/airflow/dags/dag.py
[2026-02-28T10:27:28.238+0000] {processor.py:839} INFO - DAG(s) dict_keys(['pagination_dag']) retrieved from /opt/airflow/dags/dag.py
[2026-02-28T10:27:28.266+0000] {logging_mixin.py:151} INFO - [2026-02-28T10:27:28.266+0000] {dag.py:2915} INFO - Sync 1 DAGs
[2026-02-28T10:27:28.281+0000] {logging_mixin.py:151} INFO - [2026-02-28T10:27:28.281+0000] {dag.py:3696} INFO - Setting next_dagrun for pagination_dag to None, run_after=None
[2026-02-28T10:27:28.315+0000] {processor.py:179} INFO - Processing /opt/airflow/dags/dag.py took 0.451 seconds
[2026-02-28T10:27:58.559+0000] {processor.py:157} INFO - Started process (PID=2625) to work on /opt/airflow/dags/dag.py
[2026-02-28T10:27:58.560+0000] {processor.py:829} INFO - Processing file /opt/airflow/dags/dag.py for tasks to queue
[2026-02-28T10:27:58.561+0000] {logging_mixin.py:151} INFO - [2026-02-28T10:27:58.561+0000] {dagbag.py:539} INFO - Filling up the DagBag from /opt/airflow/dags/dag.py
[2026-02-28T10:27:58.860+0000] {processor.py:839} INFO - DAG(s) dict_keys(['pagination_dag']) retrieved from /opt/airflow/dags/dag.py
[2026-02-28T10:27:58.893+0000] {logging_mixin.py:151} INFO - [2026-02-28T10:27:58.893+0000] {dag.py:2915} INFO - Sync 1 DAGs
[2026-02-28T10:27:58.906+0000] {logging_mixin.py:151} INFO - [2026-02-28T10:27:58.905+0000] {dag.py:3696} INFO - Setting next_dagrun for pagination_dag to None, run_after=None
[2026-02-28T10:27:58.929+0000] {processor.py:179} INFO - Processing /opt/airflow/dags/dag.py took 0.373 seconds
[2026-02-28T10:28:29.167+0000] {processor.py:157} INFO - Started process (PID=2637) to work on /opt/airflow/dags/dag.py
[2026-02-28T10:28:29.169+0000] {processor.py:829} INFO - Processing file /opt/airflow/dags/dag.py for tasks to queue
[2026-02-28T10:28:29.170+0000] {logging_mixin.py:151} INFO - [2026-02-28T10:28:29.169+0000] {dagbag.py:539} INFO - Filling up the DagBag from /opt/airflow/dags/dag.py
[2026-02-28T10:28:29.499+0000] {processor.py:839} INFO - DAG(s) dict_keys(['pagination_dag']) retrieved from /opt/airflow/dags/dag.py
[2026-02-28T10:28:29.529+0000] {logging_mixin.py:151} INFO - [2026-02-28T10:28:29.529+0000] {dag.py:2915} INFO - Sync 1 DAGs
[2026-02-28T10:28:29.543+0000] {logging_mixin.py:151} INFO - [2026-02-28T10:28:29.543+0000] {dag.py:3696} INFO - Setting next_dagrun for pagination_dag to None, run_after=None
[2026-02-28T10:28:29.565+0000] {processor.py:179} INFO - Processing /opt/airflow/dags/dag.py took 0.401 seconds
[2026-02-28T10:28:59.813+0000] {processor.py:157} INFO - Started process (PID=2649) to work on /opt/airflow/dags/dag.py
[2026-02-28T10:28:59.814+0000] {processor.py:829} INFO - Processing file /opt/airflow/dags/dag.py for tasks to queue
[2026-02-28T10:28:59.815+0000] {logging_mixin.py:151} INFO - [2026-02-28T10:28:59.815+0000] {dagbag.py:539} INFO - Filling up the DagBag from /opt/airflow/dags/dag.py
[2026-02-28T10:29:00.141+0000] {processor.py:839} INFO - DAG(s) dict_keys(['pagination_dag']) retrieved from /opt/airflow/dags/dag.py
[2026-02-28T10:29:00.171+0000] {logging_mixin.py:151} INFO - [2026-02-28T10:29:00.170+0000] {dag.py:2915} INFO - Sync 1 DAGs
[2026-02-28T10:29:00.190+0000] {logging_mixin.py:151} INFO - [2026-02-28T10:29:00.190+0000] {dag.py:3696} INFO - Setting next_dagrun for pagination_dag to None, run_after=None
[2026-02-28T10:29:00.211+0000] {processor.py:179} INFO - Processing /opt/airflow/dags/dag.py took 0.402 seconds
[2026-02-28T10:29:30.450+0000] {processor.py:157} INFO - Started process (PID=2661) to work on /opt/airflow/dags/dag.py
[2026-02-28T10:29:30.451+0000] {processor.py:829} INFO - Processing file /opt/airflow/dags/dag.py for tasks to queue
[2026-02-28T10:29:30.452+0000] {logging_mixin.py:151} INFO - [2026-02-28T10:29:30.452+0000] {dagbag.py:539} INFO - Filling up the DagBag from /opt/airflow/dags/dag.py
[2026-02-28T10:29:30.796+0000] {processor.py:839} INFO - DAG(s) dict_keys(['pagination_dag']) retrieved from /opt/airflow/dags/dag.py
[2026-02-28T10:29:30.827+0000] {logging_mixin.py:151} INFO - [2026-02-28T10:29:30.827+0000] {dag.py:2915} INFO - Sync 1 DAGs
[2026-02-28T10:29:30.841+0000] {logging_mixin.py:151} INFO - [2026-02-28T10:29:30.840+0000] {dag.py:3696} INFO - Setting next_dagrun for pagination_dag to None, run_after=None
[2026-02-28T10:29:30.874+0000] {processor.py:179} INFO - Processing /opt/airflow/dags/dag.py took 0.428 seconds
[2026-02-28T10:30:01.130+0000] {processor.py:157} INFO - Started process (PID=2673) to work on /opt/airflow/dags/dag.py
[2026-02-28T10:30:01.131+0000] {processor.py:829} INFO - Processing file /opt/airflow/dags/dag.py for tasks to queue
[2026-02-28T10:30:01.134+0000] {logging_mixin.py:151} INFO - [2026-02-28T10:30:01.134+0000] {dagbag.py:539} INFO - Filling up the DagBag from /opt/airflow/dags/dag.py
[2026-02-28T10:30:01.426+0000] {processor.py:839} INFO - DAG(s) dict_keys(['pagination_dag']) retrieved from /opt/airflow/dags/dag.py
[2026-02-28T10:30:01.465+0000] {logging_mixin.py:151} INFO - [2026-02-28T10:30:01.464+0000] {dag.py:2915} INFO - Sync 1 DAGs
[2026-02-28T10:30:01.478+0000] {logging_mixin.py:151} INFO - [2026-02-28T10:30:01.478+0000] {dag.py:3696} INFO - Setting next_dagrun for pagination_dag to None, run_after=None
[2026-02-28T10:30:01.502+0000] {processor.py:179} INFO - Processing /opt/airflow/dags/dag.py took 0.376 seconds
[2026-02-28T10:30:31.735+0000] {processor.py:157} INFO - Started process (PID=2685) to work on /opt/airflow/dags/dag.py
[2026-02-28T10:30:31.736+0000] {processor.py:829} INFO - Processing file /opt/airflow/dags/dag.py for tasks to queue
[2026-02-28T10:30:31.737+0000] {logging_mixin.py:151} INFO - [2026-02-28T10:30:31.737+0000] {dagbag.py:539} INFO - Filling up the DagBag from /opt/airflow/dags/dag.py
[2026-02-28T10:30:32.080+0000] {processor.py:839} INFO - DAG(s) dict_keys(['pagination_dag']) retrieved from /opt/airflow/dags/dag.py
[2026-02-28T10:30:32.110+0000] {logging_mixin.py:151} INFO - [2026-02-28T10:30:32.110+0000] {dag.py:2915} INFO - Sync 1 DAGs
[2026-02-28T10:30:32.124+0000] {logging_mixin.py:151} INFO - [2026-02-28T10:30:32.124+0000] {dag.py:3696} INFO - Setting next_dagrun for pagination_dag to None, run_after=None
[2026-02-28T10:30:32.155+0000] {processor.py:179} INFO - Processing /opt/airflow/dags/dag.py took 0.423 seconds
[2026-02-28T10:31:02.402+0000] {processor.py:157} INFO - Started process (PID=2697) to work on /opt/airflow/dags/dag.py
[2026-02-28T10:31:02.404+0000] {processor.py:829} INFO - Processing file /opt/airflow/dags/dag.py for tasks to queue
[2026-02-28T10:31:02.405+0000] {logging_mixin.py:151} INFO - [2026-02-28T10:31:02.405+0000] {dagbag.py:539} INFO - Filling up the DagBag from /opt/airflow/dags/dag.py
[2026-02-28T10:31:02.706+0000] {processor.py:839} INFO - DAG(s) dict_keys(['pagination_dag']) retrieved from /opt/airflow/dags/dag.py
[2026-02-28T10:31:02.739+0000] {logging_mixin.py:151} INFO - [2026-02-28T10:31:02.738+0000] {dag.py:2915} INFO - Sync 1 DAGs
[2026-02-28T10:31:02.752+0000] {logging_mixin.py:151} INFO - [2026-02-28T10:31:02.752+0000] {dag.py:3696} INFO - Setting next_dagrun for pagination_dag to None, run_after=None
[2026-02-28T10:31:02.781+0000] {processor.py:179} INFO - Processing /opt/airflow/dags/dag.py took 0.384 seconds
[2026-02-28T10:31:33.021+0000] {processor.py:157} INFO - Started process (PID=2709) to work on /opt/airflow/dags/dag.py
[2026-02-28T10:31:33.022+0000] {processor.py:829} INFO - Processing file /opt/airflow/dags/dag.py for tasks to queue
[2026-02-28T10:31:33.024+0000] {logging_mixin.py:151} INFO - [2026-02-28T10:31:33.023+0000] {dagbag.py:539} INFO - Filling up the DagBag from /opt/airflow/dags/dag.py
[2026-02-28T10:31:33.424+0000] {processor.py:839} INFO - DAG(s) dict_keys(['pagination_dag']) retrieved from /opt/airflow/dags/dag.py
[2026-02-28T10:31:33.458+0000] {logging_mixin.py:151} INFO - [2026-02-28T10:31:33.458+0000] {dag.py:2915} INFO - Sync 1 DAGs
[2026-02-28T10:31:33.472+0000] {logging_mixin.py:151} INFO - [2026-02-28T10:31:33.472+0000] {dag.py:3696} INFO - Setting next_dagrun for pagination_dag to None, run_after=None
[2026-02-28T10:31:33.496+0000] {processor.py:179} INFO - Processing /opt/airflow/dags/dag.py took 0.478 seconds
[2026-02-28T10:32:03.736+0000] {processor.py:157} INFO - Started process (PID=2721) to work on /opt/airflow/dags/dag.py
[2026-02-28T10:32:03.737+0000] {processor.py:829} INFO - Processing file /opt/airflow/dags/dag.py for tasks to queue
[2026-02-28T10:32:03.738+0000] {logging_mixin.py:151} INFO - [2026-02-28T10:32:03.738+0000] {dagbag.py:539} INFO - Filling up the DagBag from /opt/airflow/dags/dag.py
[2026-02-28T10:32:04.039+0000] {processor.py:839} INFO - DAG(s) dict_keys(['pagination_dag']) retrieved from /opt/airflow/dags/dag.py
[2026-02-28T10:32:04.066+0000] {logging_mixin.py:151} INFO - [2026-02-28T10:32:04.066+0000] {dag.py:2915} INFO - Sync 1 DAGs
[2026-02-28T10:32:04.078+0000] {logging_mixin.py:151} INFO - [2026-02-28T10:32:04.078+0000] {dag.py:3696} INFO - Setting next_dagrun for pagination_dag to None, run_after=None
[2026-02-28T10:32:04.107+0000] {processor.py:179} INFO - Processing /opt/airflow/dags/dag.py took 0.373 seconds
[2026-02-28T10:32:34.341+0000] {processor.py:157} INFO - Started process (PID=2733) to work on /opt/airflow/dags/dag.py
[2026-02-28T10:32:34.342+0000] {processor.py:829} INFO - Processing file /opt/airflow/dags/dag.py for tasks to queue
[2026-02-28T10:32:34.343+0000] {logging_mixin.py:151} INFO - [2026-02-28T10:32:34.343+0000] {dagbag.py:539} INFO - Filling up the DagBag from /opt/airflow/dags/dag.py
[2026-02-28T10:32:34.667+0000] {processor.py:839} INFO - DAG(s) dict_keys(['pagination_dag']) retrieved from /opt/airflow/dags/dag.py
[2026-02-28T10:32:34.703+0000] {logging_mixin.py:151} INFO - [2026-02-28T10:32:34.702+0000] {dag.py:2915} INFO - Sync 1 DAGs
[2026-02-28T10:32:34.717+0000] {logging_mixin.py:151} INFO - [2026-02-28T10:32:34.717+0000] {dag.py:3696} INFO - Setting next_dagrun for pagination_dag to None, run_after=None
[2026-02-28T10:32:34.744+0000] {processor.py:179} INFO - Processing /opt/airflow/dags/dag.py took 0.405 seconds
[2026-02-28T10:33:04.985+0000] {processor.py:157} INFO - Started process (PID=2745) to work on /opt/airflow/dags/dag.py
[2026-02-28T10:33:04.986+0000] {processor.py:829} INFO - Processing file /opt/airflow/dags/dag.py for tasks to queue
[2026-02-28T10:33:04.988+0000] {logging_mixin.py:151} INFO - [2026-02-28T10:33:04.987+0000] {dagbag.py:539} INFO - Filling up the DagBag from /opt/airflow/dags/dag.py
[2026-02-28T10:33:05.281+0000] {processor.py:839} INFO - DAG(s) dict_keys(['pagination_dag']) retrieved from /opt/airflow/dags/dag.py
[2026-02-28T10:33:05.315+0000] {logging_mixin.py:151} INFO - [2026-02-28T10:33:05.315+0000] {dag.py:2915} INFO - Sync 1 DAGs
[2026-02-28T10:33:05.330+0000] {logging_mixin.py:151} INFO - [2026-02-28T10:33:05.330+0000] {dag.py:3696} INFO - Setting next_dagrun for pagination_dag to None, run_after=None
[2026-02-28T10:33:05.354+0000] {processor.py:179} INFO - Processing /opt/airflow/dags/dag.py took 0.375 seconds
[2026-02-28T10:33:35.600+0000] {processor.py:157} INFO - Started process (PID=2757) to work on /opt/airflow/dags/dag.py
[2026-02-28T10:33:35.602+0000] {processor.py:829} INFO - Processing file /opt/airflow/dags/dag.py for tasks to queue
[2026-02-28T10:33:35.604+0000] {logging_mixin.py:151} INFO - [2026-02-28T10:33:35.603+0000] {dagbag.py:539} INFO - Filling up the DagBag from /opt/airflow/dags/dag.py
[2026-02-28T10:33:35.891+0000] {processor.py:839} INFO - DAG(s) dict_keys(['pagination_dag']) retrieved from /opt/airflow/dags/dag.py
[2026-02-28T10:33:35.928+0000] {logging_mixin.py:151} INFO - [2026-02-28T10:33:35.928+0000] {dag.py:2915} INFO - Sync 1 DAGs
[2026-02-28T10:33:35.946+0000] {logging_mixin.py:151} INFO - [2026-02-28T10:33:35.945+0000] {dag.py:3696} INFO - Setting next_dagrun for pagination_dag to None, run_after=None
[2026-02-28T10:33:35.966+0000] {processor.py:179} INFO - Processing /opt/airflow/dags/dag.py took 0.371 seconds
[2026-02-28T10:34:06.205+0000] {processor.py:157} INFO - Started process (PID=2769) to work on /opt/airflow/dags/dag.py
[2026-02-28T10:34:06.207+0000] {processor.py:829} INFO - Processing file /opt/airflow/dags/dag.py for tasks to queue
[2026-02-28T10:34:06.208+0000] {logging_mixin.py:151} INFO - [2026-02-28T10:34:06.207+0000] {dagbag.py:539} INFO - Filling up the DagBag from /opt/airflow/dags/dag.py
[2026-02-28T10:34:06.510+0000] {processor.py:839} INFO - DAG(s) dict_keys(['pagination_dag']) retrieved from /opt/airflow/dags/dag.py
[2026-02-28T10:34:06.537+0000] {logging_mixin.py:151} INFO - [2026-02-28T10:34:06.536+0000] {dag.py:2915} INFO - Sync 1 DAGs
[2026-02-28T10:34:06.556+0000] {logging_mixin.py:151} INFO - [2026-02-28T10:34:06.556+0000] {dag.py:3696} INFO - Setting next_dagrun for pagination_dag to None, run_after=None
[2026-02-28T10:34:06.578+0000] {processor.py:179} INFO - Processing /opt/airflow/dags/dag.py took 0.377 seconds
[2026-02-28T10:34:36.796+0000] {processor.py:157} INFO - Started process (PID=2781) to work on /opt/airflow/dags/dag.py
[2026-02-28T10:34:36.797+0000] {processor.py:829} INFO - Processing file /opt/airflow/dags/dag.py for tasks to queue
[2026-02-28T10:34:36.798+0000] {logging_mixin.py:151} INFO - [2026-02-28T10:34:36.798+0000] {dagbag.py:539} INFO - Filling up the DagBag from /opt/airflow/dags/dag.py
[2026-02-28T10:34:37.111+0000] {processor.py:839} INFO - DAG(s) dict_keys(['pagination_dag']) retrieved from /opt/airflow/dags/dag.py
[2026-02-28T10:34:37.159+0000] {logging_mixin.py:151} INFO - [2026-02-28T10:34:37.159+0000] {dag.py:2915} INFO - Sync 1 DAGs
[2026-02-28T10:34:37.173+0000] {logging_mixin.py:151} INFO - [2026-02-28T10:34:37.173+0000] {dag.py:3696} INFO - Setting next_dagrun for pagination_dag to None, run_after=None
[2026-02-28T10:34:37.197+0000] {processor.py:179} INFO - Processing /opt/airflow/dags/dag.py took 0.405 seconds
[2026-02-28T10:35:07.449+0000] {processor.py:157} INFO - Started process (PID=2793) to work on /opt/airflow/dags/dag.py
[2026-02-28T10:35:07.450+0000] {processor.py:829} INFO - Processing file /opt/airflow/dags/dag.py for tasks to queue
[2026-02-28T10:35:07.451+0000] {logging_mixin.py:151} INFO - [2026-02-28T10:35:07.451+0000] {dagbag.py:539} INFO - Filling up the DagBag from /opt/airflow/dags/dag.py
[2026-02-28T10:35:07.746+0000] {processor.py:839} INFO - DAG(s) dict_keys(['pagination_dag']) retrieved from /opt/airflow/dags/dag.py
[2026-02-28T10:35:07.775+0000] {logging_mixin.py:151} INFO - [2026-02-28T10:35:07.775+0000] {dag.py:2915} INFO - Sync 1 DAGs
[2026-02-28T10:35:07.792+0000] {logging_mixin.py:151} INFO - [2026-02-28T10:35:07.792+0000] {dag.py:3696} INFO - Setting next_dagrun for pagination_dag to None, run_after=None
[2026-02-28T10:35:07.817+0000] {processor.py:179} INFO - Processing /opt/airflow/dags/dag.py took 0.371 seconds
[2026-02-28T10:35:38.055+0000] {processor.py:157} INFO - Started process (PID=2805) to work on /opt/airflow/dags/dag.py
[2026-02-28T10:35:38.056+0000] {processor.py:829} INFO - Processing file /opt/airflow/dags/dag.py for tasks to queue
[2026-02-28T10:35:38.058+0000] {logging_mixin.py:151} INFO - [2026-02-28T10:35:38.057+0000] {dagbag.py:539} INFO - Filling up the DagBag from /opt/airflow/dags/dag.py
[2026-02-28T10:35:38.404+0000] {processor.py:839} INFO - DAG(s) dict_keys(['pagination_dag']) retrieved from /opt/airflow/dags/dag.py
[2026-02-28T10:35:38.441+0000] {logging_mixin.py:151} INFO - [2026-02-28T10:35:38.440+0000] {dag.py:2915} INFO - Sync 1 DAGs
[2026-02-28T10:35:38.455+0000] {logging_mixin.py:151} INFO - [2026-02-28T10:35:38.455+0000] {dag.py:3696} INFO - Setting next_dagrun for pagination_dag to None, run_after=None
[2026-02-28T10:35:38.480+0000] {processor.py:179} INFO - Processing /opt/airflow/dags/dag.py took 0.428 seconds
[2026-02-28T10:36:08.707+0000] {processor.py:157} INFO - Started process (PID=2817) to work on /opt/airflow/dags/dag.py
[2026-02-28T10:36:08.708+0000] {processor.py:829} INFO - Processing file /opt/airflow/dags/dag.py for tasks to queue
[2026-02-28T10:36:08.709+0000] {logging_mixin.py:151} INFO - [2026-02-28T10:36:08.709+0000] {dagbag.py:539} INFO - Filling up the DagBag from /opt/airflow/dags/dag.py
[2026-02-28T10:36:09.023+0000] {processor.py:839} INFO - DAG(s) dict_keys(['pagination_dag']) retrieved from /opt/airflow/dags/dag.py
[2026-02-28T10:36:09.051+0000] {logging_mixin.py:151} INFO - [2026-02-28T10:36:09.050+0000] {dag.py:2915} INFO - Sync 1 DAGs
[2026-02-28T10:36:09.066+0000] {logging_mixin.py:151} INFO - [2026-02-28T10:36:09.066+0000] {dag.py:3696} INFO - Setting next_dagrun for pagination_dag to None, run_after=None
[2026-02-28T10:36:09.092+0000] {processor.py:179} INFO - Processing /opt/airflow/dags/dag.py took 0.389 seconds
[2026-02-28T10:36:39.324+0000] {processor.py:157} INFO - Started process (PID=2829) to work on /opt/airflow/dags/dag.py
[2026-02-28T10:36:39.325+0000] {processor.py:829} INFO - Processing file /opt/airflow/dags/dag.py for tasks to queue
[2026-02-28T10:36:39.325+0000] {logging_mixin.py:151} INFO - [2026-02-28T10:36:39.325+0000] {dagbag.py:539} INFO - Filling up the DagBag from /opt/airflow/dags/dag.py
[2026-02-28T10:36:39.628+0000] {processor.py:839} INFO - DAG(s) dict_keys(['pagination_dag']) retrieved from /opt/airflow/dags/dag.py
[2026-02-28T10:36:39.657+0000] {logging_mixin.py:151} INFO - [2026-02-28T10:36:39.656+0000] {dag.py:2915} INFO - Sync 1 DAGs
[2026-02-28T10:36:39.675+0000] {logging_mixin.py:151} INFO - [2026-02-28T10:36:39.675+0000] {dag.py:3696} INFO - Setting next_dagrun for pagination_dag to None, run_after=None
[2026-02-28T10:36:39.697+0000] {processor.py:179} INFO - Processing /opt/airflow/dags/dag.py took 0.377 seconds
[2026-02-28T10:37:09.931+0000] {processor.py:157} INFO - Started process (PID=2841) to work on /opt/airflow/dags/dag.py
[2026-02-28T10:37:09.933+0000] {processor.py:829} INFO - Processing file /opt/airflow/dags/dag.py for tasks to queue
[2026-02-28T10:37:09.935+0000] {logging_mixin.py:151} INFO - [2026-02-28T10:37:09.934+0000] {dagbag.py:539} INFO - Filling up the DagBag from /opt/airflow/dags/dag.py
[2026-02-28T10:37:10.231+0000] {processor.py:839} INFO - DAG(s) dict_keys(['pagination_dag']) retrieved from /opt/airflow/dags/dag.py
[2026-02-28T10:37:10.265+0000] {logging_mixin.py:151} INFO - [2026-02-28T10:37:10.265+0000] {dag.py:2915} INFO - Sync 1 DAGs
[2026-02-28T10:37:10.279+0000] {logging_mixin.py:151} INFO - [2026-02-28T10:37:10.279+0000] {dag.py:3696} INFO - Setting next_dagrun for pagination_dag to None, run_after=None
[2026-02-28T10:37:10.302+0000] {processor.py:179} INFO - Processing /opt/airflow/dags/dag.py took 0.377 seconds
[2026-02-28T10:37:40.538+0000] {processor.py:157} INFO - Started process (PID=2853) to work on /opt/airflow/dags/dag.py
[2026-02-28T10:37:40.539+0000] {processor.py:829} INFO - Processing file /opt/airflow/dags/dag.py for tasks to queue
[2026-02-28T10:37:40.540+0000] {logging_mixin.py:151} INFO - [2026-02-28T10:37:40.540+0000] {dagbag.py:539} INFO - Filling up the DagBag from /opt/airflow/dags/dag.py
[2026-02-28T10:37:40.841+0000] {processor.py:839} INFO - DAG(s) dict_keys(['pagination_dag']) retrieved from /opt/airflow/dags/dag.py
[2026-02-28T10:37:40.869+0000] {logging_mixin.py:151} INFO - [2026-02-28T10:37:40.869+0000] {dag.py:2915} INFO - Sync 1 DAGs
[2026-02-28T10:37:40.882+0000] {logging_mixin.py:151} INFO - [2026-02-28T10:37:40.882+0000] {dag.py:3696} INFO - Setting next_dagrun for pagination_dag to None, run_after=None
[2026-02-28T10:37:40.913+0000] {processor.py:179} INFO - Processing /opt/airflow/dags/dag.py took 0.380 seconds
[2026-02-28T10:38:11.138+0000] {processor.py:157} INFO - Started process (PID=2865) to work on /opt/airflow/dags/dag.py
[2026-02-28T10:38:11.139+0000] {processor.py:829} INFO - Processing file /opt/airflow/dags/dag.py for tasks to queue
[2026-02-28T10:38:11.140+0000] {logging_mixin.py:151} INFO - [2026-02-28T10:38:11.140+0000] {dagbag.py:539} INFO - Filling up the DagBag from /opt/airflow/dags/dag.py
[2026-02-28T10:38:11.446+0000] {processor.py:839} INFO - DAG(s) dict_keys(['pagination_dag']) retrieved from /opt/airflow/dags/dag.py
[2026-02-28T10:38:11.472+0000] {logging_mixin.py:151} INFO - [2026-02-28T10:38:11.471+0000] {dag.py:2915} INFO - Sync 1 DAGs
[2026-02-28T10:38:11.485+0000] {logging_mixin.py:151} INFO - [2026-02-28T10:38:11.485+0000] {dag.py:3696} INFO - Setting next_dagrun for pagination_dag to None, run_after=None
[2026-02-28T10:38:11.507+0000] {processor.py:179} INFO - Processing /opt/airflow/dags/dag.py took 0.372 seconds
[2026-02-28T10:38:41.756+0000] {processor.py:157} INFO - Started process (PID=2877) to work on /opt/airflow/dags/dag.py
[2026-02-28T10:38:41.757+0000] {processor.py:829} INFO - Processing file /opt/airflow/dags/dag.py for tasks to queue
[2026-02-28T10:38:41.758+0000] {logging_mixin.py:151} INFO - [2026-02-28T10:38:41.758+0000] {dagbag.py:539} INFO - Filling up the DagBag from /opt/airflow/dags/dag.py
[2026-02-28T10:38:42.067+0000] {processor.py:839} INFO - DAG(s) dict_keys(['pagination_dag']) retrieved from /opt/airflow/dags/dag.py
[2026-02-28T10:38:42.107+0000] {logging_mixin.py:151} INFO - [2026-02-28T10:38:42.106+0000] {dag.py:2915} INFO - Sync 1 DAGs
[2026-02-28T10:38:42.119+0000] {logging_mixin.py:151} INFO - [2026-02-28T10:38:42.119+0000] {dag.py:3696} INFO - Setting next_dagrun for pagination_dag to None, run_after=None
[2026-02-28T10:38:42.140+0000] {processor.py:179} INFO - Processing /opt/airflow/dags/dag.py took 0.388 seconds
[2026-02-28T10:39:12.388+0000] {processor.py:157} INFO - Started process (PID=2889) to work on /opt/airflow/dags/dag.py
[2026-02-28T10:39:12.389+0000] {processor.py:829} INFO - Processing file /opt/airflow/dags/dag.py for tasks to queue
[2026-02-28T10:39:12.390+0000] {logging_mixin.py:151} INFO - [2026-02-28T10:39:12.390+0000] {dagbag.py:539} INFO - Filling up the DagBag from /opt/airflow/dags/dag.py
[2026-02-28T10:39:12.700+0000] {processor.py:839} INFO - DAG(s) dict_keys(['pagination_dag']) retrieved from /opt/airflow/dags/dag.py
[2026-02-28T10:39:12.728+0000] {logging_mixin.py:151} INFO - [2026-02-28T10:39:12.728+0000] {dag.py:2915} INFO - Sync 1 DAGs
[2026-02-28T10:39:12.740+0000] {logging_mixin.py:151} INFO - [2026-02-28T10:39:12.739+0000] {dag.py:3696} INFO - Setting next_dagrun for pagination_dag to None, run_after=None
[2026-02-28T10:39:12.768+0000] {processor.py:179} INFO - Processing /opt/airflow/dags/dag.py took 0.383 seconds
[2026-02-28T10:39:43.044+0000] {processor.py:157} INFO - Started process (PID=2901) to work on /opt/airflow/dags/dag.py
[2026-02-28T10:39:43.045+0000] {processor.py:829} INFO - Processing file /opt/airflow/dags/dag.py for tasks to queue
[2026-02-28T10:39:43.046+0000] {logging_mixin.py:151} INFO - [2026-02-28T10:39:43.046+0000] {dagbag.py:539} INFO - Filling up the DagBag from /opt/airflow/dags/dag.py
[2026-02-28T10:39:43.351+0000] {processor.py:839} INFO - DAG(s) dict_keys(['pagination_dag']) retrieved from /opt/airflow/dags/dag.py
[2026-02-28T10:39:43.378+0000] {logging_mixin.py:151} INFO - [2026-02-28T10:39:43.377+0000] {dag.py:2915} INFO - Sync 1 DAGs
[2026-02-28T10:39:43.390+0000] {logging_mixin.py:151} INFO - [2026-02-28T10:39:43.390+0000] {dag.py:3696} INFO - Setting next_dagrun for pagination_dag to None, run_after=None
[2026-02-28T10:39:43.422+0000] {processor.py:179} INFO - Processing /opt/airflow/dags/dag.py took 0.381 seconds
[2026-02-28T10:40:13.673+0000] {processor.py:157} INFO - Started process (PID=2913) to work on /opt/airflow/dags/dag.py
[2026-02-28T10:40:13.675+0000] {processor.py:829} INFO - Processing file /opt/airflow/dags/dag.py for tasks to queue
[2026-02-28T10:40:13.678+0000] {logging_mixin.py:151} INFO - [2026-02-28T10:40:13.676+0000] {dagbag.py:539} INFO - Filling up the DagBag from /opt/airflow/dags/dag.py
[2026-02-28T10:40:13.973+0000] {processor.py:839} INFO - DAG(s) dict_keys(['pagination_dag']) retrieved from /opt/airflow/dags/dag.py
[2026-02-28T10:40:14.006+0000] {logging_mixin.py:151} INFO - [2026-02-28T10:40:14.005+0000] {dag.py:2915} INFO - Sync 1 DAGs
[2026-02-28T10:40:14.018+0000] {logging_mixin.py:151} INFO - [2026-02-28T10:40:14.017+0000] {dag.py:3696} INFO - Setting next_dagrun for pagination_dag to None, run_after=None
[2026-02-28T10:40:14.040+0000] {processor.py:179} INFO - Processing /opt/airflow/dags/dag.py took 0.373 seconds
[2026-02-28T10:40:44.294+0000] {processor.py:157} INFO - Started process (PID=2925) to work on /opt/airflow/dags/dag.py
[2026-02-28T10:40:44.295+0000] {processor.py:829} INFO - Processing file /opt/airflow/dags/dag.py for tasks to queue
[2026-02-28T10:40:44.296+0000] {logging_mixin.py:151} INFO - [2026-02-28T10:40:44.296+0000] {dagbag.py:539} INFO - Filling up the DagBag from /opt/airflow/dags/dag.py
[2026-02-28T10:40:44.604+0000] {processor.py:839} INFO - DAG(s) dict_keys(['pagination_dag']) retrieved from /opt/airflow/dags/dag.py
[2026-02-28T10:40:44.632+0000] {logging_mixin.py:151} INFO - [2026-02-28T10:40:44.632+0000] {dag.py:2915} INFO - Sync 1 DAGs
[2026-02-28T10:40:44.647+0000] {logging_mixin.py:151} INFO - [2026-02-28T10:40:44.647+0000] {dag.py:3696} INFO - Setting next_dagrun for pagination_dag to None, run_after=None
[2026-02-28T10:40:44.676+0000] {processor.py:179} INFO - Processing /opt/airflow/dags/dag.py took 0.385 seconds
[2026-02-28T10:41:14.913+0000] {processor.py:157} INFO - Started process (PID=2937) to work on /opt/airflow/dags/dag.py
[2026-02-28T10:41:14.914+0000] {processor.py:829} INFO - Processing file /opt/airflow/dags/dag.py for tasks to queue
[2026-02-28T10:41:14.915+0000] {logging_mixin.py:151} INFO - [2026-02-28T10:41:14.914+0000] {dagbag.py:539} INFO - Filling up the DagBag from /opt/airflow/dags/dag.py
[2026-02-28T10:41:15.237+0000] {processor.py:839} INFO - DAG(s) dict_keys(['pagination_dag']) retrieved from /opt/airflow/dags/dag.py
[2026-02-28T10:41:15.266+0000] {logging_mixin.py:151} INFO - [2026-02-28T10:41:15.265+0000] {dag.py:2915} INFO - Sync 1 DAGs
[2026-02-28T10:41:15.285+0000] {logging_mixin.py:151} INFO - [2026-02-28T10:41:15.285+0000] {dag.py:3696} INFO - Setting next_dagrun for pagination_dag to None, run_after=None
[2026-02-28T10:41:15.310+0000] {processor.py:179} INFO - Processing /opt/airflow/dags/dag.py took 0.400 seconds
[2026-02-28T10:41:45.534+0000] {processor.py:157} INFO - Started process (PID=2949) to work on /opt/airflow/dags/dag.py
[2026-02-28T10:41:45.535+0000] {processor.py:829} INFO - Processing file /opt/airflow/dags/dag.py for tasks to queue
[2026-02-28T10:41:45.536+0000] {logging_mixin.py:151} INFO - [2026-02-28T10:41:45.535+0000] {dagbag.py:539} INFO - Filling up the DagBag from /opt/airflow/dags/dag.py
[2026-02-28T10:41:45.855+0000] {processor.py:839} INFO - DAG(s) dict_keys(['pagination_dag']) retrieved from /opt/airflow/dags/dag.py
[2026-02-28T10:41:45.887+0000] {logging_mixin.py:151} INFO - [2026-02-28T10:41:45.886+0000] {dag.py:2915} INFO - Sync 1 DAGs
[2026-02-28T10:41:45.906+0000] {logging_mixin.py:151} INFO - [2026-02-28T10:41:45.906+0000] {dag.py:3696} INFO - Setting next_dagrun for pagination_dag to None, run_after=None
[2026-02-28T10:41:45.936+0000] {processor.py:179} INFO - Processing /opt/airflow/dags/dag.py took 0.407 seconds
[2026-02-28T10:42:16.183+0000] {processor.py:157} INFO - Started process (PID=2961) to work on /opt/airflow/dags/dag.py
[2026-02-28T10:42:16.186+0000] {processor.py:829} INFO - Processing file /opt/airflow/dags/dag.py for tasks to queue
[2026-02-28T10:42:16.187+0000] {logging_mixin.py:151} INFO - [2026-02-28T10:42:16.186+0000] {dagbag.py:539} INFO - Filling up the DagBag from /opt/airflow/dags/dag.py
[2026-02-28T10:42:16.517+0000] {processor.py:839} INFO - DAG(s) dict_keys(['pagination_dag']) retrieved from /opt/airflow/dags/dag.py
[2026-02-28T10:42:16.549+0000] {logging_mixin.py:151} INFO - [2026-02-28T10:42:16.547+0000] {dag.py:2915} INFO - Sync 1 DAGs
[2026-02-28T10:42:16.566+0000] {logging_mixin.py:151} INFO - [2026-02-28T10:42:16.566+0000] {dag.py:3696} INFO - Setting next_dagrun for pagination_dag to None, run_after=None
[2026-02-28T10:42:16.594+0000] {processor.py:179} INFO - Processing /opt/airflow/dags/dag.py took 0.415 seconds
[2026-02-28T10:42:46.828+0000] {processor.py:157} INFO - Started process (PID=2973) to work on /opt/airflow/dags/dag.py
[2026-02-28T10:42:46.829+0000] {processor.py:829} INFO - Processing file /opt/airflow/dags/dag.py for tasks to queue
[2026-02-28T10:42:46.830+0000] {logging_mixin.py:151} INFO - [2026-02-28T10:42:46.830+0000] {dagbag.py:539} INFO - Filling up the DagBag from /opt/airflow/dags/dag.py
[2026-02-28T10:42:47.127+0000] {processor.py:839} INFO - DAG(s) dict_keys(['pagination_dag']) retrieved from /opt/airflow/dags/dag.py
[2026-02-28T10:42:47.154+0000] {logging_mixin.py:151} INFO - [2026-02-28T10:42:47.154+0000] {dag.py:2915} INFO - Sync 1 DAGs
[2026-02-28T10:42:47.172+0000] {logging_mixin.py:151} INFO - [2026-02-28T10:42:47.172+0000] {dag.py:3696} INFO - Setting next_dagrun for pagination_dag to None, run_after=None
[2026-02-28T10:42:47.196+0000] {processor.py:179} INFO - Processing /opt/airflow/dags/dag.py took 0.371 seconds
[2026-02-28T10:43:17.430+0000] {processor.py:157} INFO - Started process (PID=2985) to work on /opt/airflow/dags/dag.py
[2026-02-28T10:43:17.431+0000] {processor.py:829} INFO - Processing file /opt/airflow/dags/dag.py for tasks to queue
[2026-02-28T10:43:17.433+0000] {logging_mixin.py:151} INFO - [2026-02-28T10:43:17.432+0000] {dagbag.py:539} INFO - Filling up the DagBag from /opt/airflow/dags/dag.py
[2026-02-28T10:43:17.747+0000] {processor.py:839} INFO - DAG(s) dict_keys(['pagination_dag']) retrieved from /opt/airflow/dags/dag.py
[2026-02-28T10:43:17.784+0000] {logging_mixin.py:151} INFO - [2026-02-28T10:43:17.784+0000] {dag.py:2915} INFO - Sync 1 DAGs
[2026-02-28T10:43:17.799+0000] {logging_mixin.py:151} INFO - [2026-02-28T10:43:17.799+0000] {dag.py:3696} INFO - Setting next_dagrun for pagination_dag to None, run_after=None
[2026-02-28T10:43:17.825+0000] {processor.py:179} INFO - Processing /opt/airflow/dags/dag.py took 0.398 seconds
[2026-02-28T10:43:48.061+0000] {processor.py:157} INFO - Started process (PID=2997) to work on /opt/airflow/dags/dag.py
[2026-02-28T10:43:48.062+0000] {processor.py:829} INFO - Processing file /opt/airflow/dags/dag.py for tasks to queue
[2026-02-28T10:43:48.063+0000] {logging_mixin.py:151} INFO - [2026-02-28T10:43:48.063+0000] {dagbag.py:539} INFO - Filling up the DagBag from /opt/airflow/dags/dag.py
[2026-02-28T10:43:48.359+0000] {processor.py:839} INFO - DAG(s) dict_keys(['pagination_dag']) retrieved from /opt/airflow/dags/dag.py
[2026-02-28T10:43:48.393+0000] {logging_mixin.py:151} INFO - [2026-02-28T10:43:48.392+0000] {dag.py:2915} INFO - Sync 1 DAGs
[2026-02-28T10:43:48.406+0000] {logging_mixin.py:151} INFO - [2026-02-28T10:43:48.405+0000] {dag.py:3696} INFO - Setting next_dagrun for pagination_dag to None, run_after=None
[2026-02-28T10:43:48.427+0000] {processor.py:179} INFO - Processing /opt/airflow/dags/dag.py took 0.369 seconds
[2026-02-28T10:44:18.657+0000] {processor.py:157} INFO - Started process (PID=3009) to work on /opt/airflow/dags/dag.py
[2026-02-28T10:44:18.658+0000] {processor.py:829} INFO - Processing file /opt/airflow/dags/dag.py for tasks to queue
[2026-02-28T10:44:18.659+0000] {logging_mixin.py:151} INFO - [2026-02-28T10:44:18.659+0000] {dagbag.py:539} INFO - Filling up the DagBag from /opt/airflow/dags/dag.py
[2026-02-28T10:44:18.990+0000] {processor.py:839} INFO - DAG(s) dict_keys(['pagination_dag']) retrieved from /opt/airflow/dags/dag.py
[2026-02-28T10:44:19.028+0000] {logging_mixin.py:151} INFO - [2026-02-28T10:44:19.028+0000] {dag.py:2915} INFO - Sync 1 DAGs
[2026-02-28T10:44:19.041+0000] {logging_mixin.py:151} INFO - [2026-02-28T10:44:19.041+0000] {dag.py:3696} INFO - Setting next_dagrun for pagination_dag to None, run_after=None
[2026-02-28T10:44:19.065+0000] {processor.py:179} INFO - Processing /opt/airflow/dags/dag.py took 0.411 seconds
[2026-02-28T10:44:49.330+0000] {processor.py:157} INFO - Started process (PID=3021) to work on /opt/airflow/dags/dag.py
[2026-02-28T10:44:49.331+0000] {processor.py:829} INFO - Processing file /opt/airflow/dags/dag.py for tasks to queue
[2026-02-28T10:44:49.332+0000] {logging_mixin.py:151} INFO - [2026-02-28T10:44:49.332+0000] {dagbag.py:539} INFO - Filling up the DagBag from /opt/airflow/dags/dag.py
[2026-02-28T10:44:49.626+0000] {processor.py:839} INFO - DAG(s) dict_keys(['pagination_dag']) retrieved from /opt/airflow/dags/dag.py
[2026-02-28T10:44:49.654+0000] {logging_mixin.py:151} INFO - [2026-02-28T10:44:49.653+0000] {dag.py:2915} INFO - Sync 1 DAGs
[2026-02-28T10:44:49.665+0000] {logging_mixin.py:151} INFO - [2026-02-28T10:44:49.665+0000] {dag.py:3696} INFO - Setting next_dagrun for pagination_dag to None, run_after=None
[2026-02-28T10:44:49.692+0000] {processor.py:179} INFO - Processing /opt/airflow/dags/dag.py took 0.366 seconds
[2026-02-28T10:45:19.934+0000] {processor.py:157} INFO - Started process (PID=3033) to work on /opt/airflow/dags/dag.py
[2026-02-28T10:45:19.935+0000] {processor.py:829} INFO - Processing file /opt/airflow/dags/dag.py for tasks to queue
[2026-02-28T10:45:19.936+0000] {logging_mixin.py:151} INFO - [2026-02-28T10:45:19.936+0000] {dagbag.py:539} INFO - Filling up the DagBag from /opt/airflow/dags/dag.py
[2026-02-28T10:45:20.235+0000] {processor.py:839} INFO - DAG(s) dict_keys(['pagination_dag']) retrieved from /opt/airflow/dags/dag.py
[2026-02-28T10:45:20.268+0000] {logging_mixin.py:151} INFO - [2026-02-28T10:45:20.268+0000] {dag.py:2915} INFO - Sync 1 DAGs
[2026-02-28T10:45:20.281+0000] {logging_mixin.py:151} INFO - [2026-02-28T10:45:20.281+0000] {dag.py:3696} INFO - Setting next_dagrun for pagination_dag to None, run_after=None
[2026-02-28T10:45:20.304+0000] {processor.py:179} INFO - Processing /opt/airflow/dags/dag.py took 0.374 seconds
[2026-02-28T10:45:50.547+0000] {processor.py:157} INFO - Started process (PID=3045) to work on /opt/airflow/dags/dag.py
[2026-02-28T10:45:50.548+0000] {processor.py:829} INFO - Processing file /opt/airflow/dags/dag.py for tasks to queue
[2026-02-28T10:45:50.549+0000] {logging_mixin.py:151} INFO - [2026-02-28T10:45:50.549+0000] {dagbag.py:539} INFO - Filling up the DagBag from /opt/airflow/dags/dag.py
[2026-02-28T10:45:50.853+0000] {processor.py:839} INFO - DAG(s) dict_keys(['pagination_dag']) retrieved from /opt/airflow/dags/dag.py
[2026-02-28T10:45:50.890+0000] {logging_mixin.py:151} INFO - [2026-02-28T10:45:50.889+0000] {dag.py:2915} INFO - Sync 1 DAGs
[2026-02-28T10:45:50.906+0000] {logging_mixin.py:151} INFO - [2026-02-28T10:45:50.906+0000] {dag.py:3696} INFO - Setting next_dagrun for pagination_dag to None, run_after=None
[2026-02-28T10:45:50.937+0000] {processor.py:179} INFO - Processing /opt/airflow/dags/dag.py took 0.393 seconds
[2026-02-28T10:46:21.180+0000] {processor.py:157} INFO - Started process (PID=3057) to work on /opt/airflow/dags/dag.py
[2026-02-28T10:46:21.181+0000] {processor.py:829} INFO - Processing file /opt/airflow/dags/dag.py for tasks to queue
[2026-02-28T10:46:21.182+0000] {logging_mixin.py:151} INFO - [2026-02-28T10:46:21.182+0000] {dagbag.py:539} INFO - Filling up the DagBag from /opt/airflow/dags/dag.py
[2026-02-28T10:46:21.488+0000] {processor.py:839} INFO - DAG(s) dict_keys(['pagination_dag']) retrieved from /opt/airflow/dags/dag.py
[2026-02-28T10:46:21.516+0000] {logging_mixin.py:151} INFO - [2026-02-28T10:46:21.516+0000] {dag.py:2915} INFO - Sync 1 DAGs
[2026-02-28T10:46:21.529+0000] {logging_mixin.py:151} INFO - [2026-02-28T10:46:21.529+0000] {dag.py:3696} INFO - Setting next_dagrun for pagination_dag to None, run_after=None
[2026-02-28T10:46:21.559+0000] {processor.py:179} INFO - Processing /opt/airflow/dags/dag.py took 0.382 seconds
[2026-02-28T10:46:51.787+0000] {processor.py:157} INFO - Started process (PID=3069) to work on /opt/airflow/dags/dag.py
[2026-02-28T10:46:51.788+0000] {processor.py:829} INFO - Processing file /opt/airflow/dags/dag.py for tasks to queue
[2026-02-28T10:46:51.789+0000] {logging_mixin.py:151} INFO - [2026-02-28T10:46:51.789+0000] {dagbag.py:539} INFO - Filling up the DagBag from /opt/airflow/dags/dag.py
[2026-02-28T10:46:52.082+0000] {processor.py:839} INFO - DAG(s) dict_keys(['pagination_dag']) retrieved from /opt/airflow/dags/dag.py
[2026-02-28T10:46:52.113+0000] {logging_mixin.py:151} INFO - [2026-02-28T10:46:52.113+0000] {dag.py:2915} INFO - Sync 1 DAGs
[2026-02-28T10:46:52.126+0000] {logging_mixin.py:151} INFO - [2026-02-28T10:46:52.126+0000] {dag.py:3696} INFO - Setting next_dagrun for pagination_dag to None, run_after=None
[2026-02-28T10:46:52.156+0000] {processor.py:179} INFO - Processing /opt/airflow/dags/dag.py took 0.371 seconds
[2026-02-28T10:47:22.379+0000] {processor.py:157} INFO - Started process (PID=3081) to work on /opt/airflow/dags/dag.py
[2026-02-28T10:47:22.380+0000] {processor.py:829} INFO - Processing file /opt/airflow/dags/dag.py for tasks to queue
[2026-02-28T10:47:22.382+0000] {logging_mixin.py:151} INFO - [2026-02-28T10:47:22.381+0000] {dagbag.py:539} INFO - Filling up the DagBag from /opt/airflow/dags/dag.py
[2026-02-28T10:47:22.688+0000] {processor.py:839} INFO - DAG(s) dict_keys(['pagination_dag']) retrieved from /opt/airflow/dags/dag.py
[2026-02-28T10:47:22.724+0000] {logging_mixin.py:151} INFO - [2026-02-28T10:47:22.723+0000] {dag.py:2915} INFO - Sync 1 DAGs
[2026-02-28T10:47:22.736+0000] {logging_mixin.py:151} INFO - [2026-02-28T10:47:22.736+0000] {dag.py:3696} INFO - Setting next_dagrun for pagination_dag to None, run_after=None
[2026-02-28T10:47:22.761+0000] {processor.py:179} INFO - Processing /opt/airflow/dags/dag.py took 0.385 seconds
[2026-02-28T10:47:53.001+0000] {processor.py:157} INFO - Started process (PID=3093) to work on /opt/airflow/dags/dag.py
[2026-02-28T10:47:53.003+0000] {processor.py:829} INFO - Processing file /opt/airflow/dags/dag.py for tasks to queue
[2026-02-28T10:47:53.006+0000] {logging_mixin.py:151} INFO - [2026-02-28T10:47:53.005+0000] {dagbag.py:539} INFO - Filling up the DagBag from /opt/airflow/dags/dag.py
[2026-02-28T10:47:53.291+0000] {processor.py:839} INFO - DAG(s) dict_keys(['pagination_dag']) retrieved from /opt/airflow/dags/dag.py
[2026-02-28T10:47:53.326+0000] {logging_mixin.py:151} INFO - [2026-02-28T10:47:53.326+0000] {dag.py:2915} INFO - Sync 1 DAGs
[2026-02-28T10:47:53.339+0000] {logging_mixin.py:151} INFO - [2026-02-28T10:47:53.339+0000] {dag.py:3696} INFO - Setting next_dagrun for pagination_dag to None, run_after=None
[2026-02-28T10:47:53.367+0000] {processor.py:179} INFO - Processing /opt/airflow/dags/dag.py took 0.375 seconds
[2026-02-28T10:48:23.584+0000] {processor.py:157} INFO - Started process (PID=3105) to work on /opt/airflow/dags/dag.py
[2026-02-28T10:48:23.585+0000] {processor.py:829} INFO - Processing file /opt/airflow/dags/dag.py for tasks to queue
[2026-02-28T10:48:23.586+0000] {logging_mixin.py:151} INFO - [2026-02-28T10:48:23.586+0000] {dagbag.py:539} INFO - Filling up the DagBag from /opt/airflow/dags/dag.py
[2026-02-28T10:48:23.883+0000] {processor.py:839} INFO - DAG(s) dict_keys(['pagination_dag']) retrieved from /opt/airflow/dags/dag.py
[2026-02-28T10:48:23.925+0000] {logging_mixin.py:151} INFO - [2026-02-28T10:48:23.925+0000] {dag.py:2915} INFO - Sync 1 DAGs
[2026-02-28T10:48:23.960+0000] {logging_mixin.py:151} INFO - [2026-02-28T10:48:23.960+0000] {dag.py:3696} INFO - Setting next_dagrun for pagination_dag to None, run_after=None
[2026-02-28T10:48:23.997+0000] {processor.py:179} INFO - Processing /opt/airflow/dags/dag.py took 0.416 seconds
[2026-02-28T10:48:54.249+0000] {processor.py:157} INFO - Started process (PID=3117) to work on /opt/airflow/dags/dag.py
[2026-02-28T10:48:54.250+0000] {processor.py:829} INFO - Processing file /opt/airflow/dags/dag.py for tasks to queue
[2026-02-28T10:48:54.251+0000] {logging_mixin.py:151} INFO - [2026-02-28T10:48:54.251+0000] {dagbag.py:539} INFO - Filling up the DagBag from /opt/airflow/dags/dag.py
[2026-02-28T10:48:54.555+0000] {processor.py:839} INFO - DAG(s) dict_keys(['pagination_dag']) retrieved from /opt/airflow/dags/dag.py
[2026-02-28T10:48:54.591+0000] {logging_mixin.py:151} INFO - [2026-02-28T10:48:54.590+0000] {dag.py:2915} INFO - Sync 1 DAGs
[2026-02-28T10:48:54.605+0000] {logging_mixin.py:151} INFO - [2026-02-28T10:48:54.604+0000] {dag.py:3696} INFO - Setting next_dagrun for pagination_dag to None, run_after=None
[2026-02-28T10:48:54.628+0000] {processor.py:179} INFO - Processing /opt/airflow/dags/dag.py took 0.382 seconds
[2026-02-28T10:49:24.870+0000] {processor.py:157} INFO - Started process (PID=3129) to work on /opt/airflow/dags/dag.py
[2026-02-28T10:49:24.871+0000] {processor.py:829} INFO - Processing file /opt/airflow/dags/dag.py for tasks to queue
[2026-02-28T10:49:24.872+0000] {logging_mixin.py:151} INFO - [2026-02-28T10:49:24.872+0000] {dagbag.py:539} INFO - Filling up the DagBag from /opt/airflow/dags/dag.py
[2026-02-28T10:49:25.166+0000] {processor.py:839} INFO - DAG(s) dict_keys(['pagination_dag']) retrieved from /opt/airflow/dags/dag.py
[2026-02-28T10:49:25.195+0000] {logging_mixin.py:151} INFO - [2026-02-28T10:49:25.195+0000] {dag.py:2915} INFO - Sync 1 DAGs
[2026-02-28T10:49:25.211+0000] {logging_mixin.py:151} INFO - [2026-02-28T10:49:25.211+0000] {dag.py:3696} INFO - Setting next_dagrun for pagination_dag to None, run_after=None
[2026-02-28T10:49:25.241+0000] {processor.py:179} INFO - Processing /opt/airflow/dags/dag.py took 0.374 seconds
[2026-02-28T10:49:55.504+0000] {processor.py:157} INFO - Started process (PID=3141) to work on /opt/airflow/dags/dag.py
[2026-02-28T10:49:55.505+0000] {processor.py:829} INFO - Processing file /opt/airflow/dags/dag.py for tasks to queue
[2026-02-28T10:49:55.506+0000] {logging_mixin.py:151} INFO - [2026-02-28T10:49:55.506+0000] {dagbag.py:539} INFO - Filling up the DagBag from /opt/airflow/dags/dag.py
[2026-02-28T10:49:55.798+0000] {processor.py:839} INFO - DAG(s) dict_keys(['pagination_dag']) retrieved from /opt/airflow/dags/dag.py
[2026-02-28T10:49:55.825+0000] {logging_mixin.py:151} INFO - [2026-02-28T10:49:55.824+0000] {dag.py:2915} INFO - Sync 1 DAGs
[2026-02-28T10:49:55.836+0000] {logging_mixin.py:151} INFO - [2026-02-28T10:49:55.836+0000] {dag.py:3696} INFO - Setting next_dagrun for pagination_dag to None, run_after=None
[2026-02-28T10:49:55.866+0000] {processor.py:179} INFO - Processing /opt/airflow/dags/dag.py took 0.365 seconds
[2026-02-28T10:50:26.112+0000] {processor.py:157} INFO - Started process (PID=3153) to work on /opt/airflow/dags/dag.py
[2026-02-28T10:50:26.113+0000] {processor.py:829} INFO - Processing file /opt/airflow/dags/dag.py for tasks to queue
[2026-02-28T10:50:26.114+0000] {logging_mixin.py:151} INFO - [2026-02-28T10:50:26.114+0000] {dagbag.py:539} INFO - Filling up the DagBag from /opt/airflow/dags/dag.py
[2026-02-28T10:50:26.428+0000] {processor.py:839} INFO - DAG(s) dict_keys(['pagination_dag']) retrieved from /opt/airflow/dags/dag.py
[2026-02-28T10:50:26.458+0000] {logging_mixin.py:151} INFO - [2026-02-28T10:50:26.457+0000] {dag.py:2915} INFO - Sync 1 DAGs
[2026-02-28T10:50:26.477+0000] {logging_mixin.py:151} INFO - [2026-02-28T10:50:26.476+0000] {dag.py:3696} INFO - Setting next_dagrun for pagination_dag to None, run_after=None
[2026-02-28T10:50:26.502+0000] {processor.py:179} INFO - Processing /opt/airflow/dags/dag.py took 0.395 seconds
[2026-02-28T10:50:56.732+0000] {processor.py:157} INFO - Started process (PID=3165) to work on /opt/airflow/dags/dag.py
[2026-02-28T10:50:56.733+0000] {processor.py:829} INFO - Processing file /opt/airflow/dags/dag.py for tasks to queue
[2026-02-28T10:50:56.734+0000] {logging_mixin.py:151} INFO - [2026-02-28T10:50:56.733+0000] {dagbag.py:539} INFO - Filling up the DagBag from /opt/airflow/dags/dag.py
[2026-02-28T10:50:57.037+0000] {processor.py:839} INFO - DAG(s) dict_keys(['pagination_dag']) retrieved from /opt/airflow/dags/dag.py
[2026-02-28T10:50:57.066+0000] {logging_mixin.py:151} INFO - [2026-02-28T10:50:57.066+0000] {dag.py:2915} INFO - Sync 1 DAGs
[2026-02-28T10:50:57.080+0000] {logging_mixin.py:151} INFO - [2026-02-28T10:50:57.079+0000] {dag.py:3696} INFO - Setting next_dagrun for pagination_dag to None, run_after=None
[2026-02-28T10:50:57.108+0000] {processor.py:179} INFO - Processing /opt/airflow/dags/dag.py took 0.380 seconds
[2026-02-28T10:51:27.337+0000] {processor.py:157} INFO - Started process (PID=3177) to work on /opt/airflow/dags/dag.py
[2026-02-28T10:51:27.338+0000] {processor.py:829} INFO - Processing file /opt/airflow/dags/dag.py for tasks to queue
[2026-02-28T10:51:27.339+0000] {logging_mixin.py:151} INFO - [2026-02-28T10:51:27.338+0000] {dagbag.py:539} INFO - Filling up the DagBag from /opt/airflow/dags/dag.py
[2026-02-28T10:51:27.647+0000] {processor.py:839} INFO - DAG(s) dict_keys(['pagination_dag']) retrieved from /opt/airflow/dags/dag.py
[2026-02-28T10:51:27.680+0000] {logging_mixin.py:151} INFO - [2026-02-28T10:51:27.679+0000] {dag.py:2915} INFO - Sync 1 DAGs
[2026-02-28T10:51:27.693+0000] {logging_mixin.py:151} INFO - [2026-02-28T10:51:27.692+0000] {dag.py:3696} INFO - Setting next_dagrun for pagination_dag to None, run_after=None
[2026-02-28T10:51:27.716+0000] {processor.py:179} INFO - Processing /opt/airflow/dags/dag.py took 0.382 seconds
[2026-02-28T10:51:57.946+0000] {processor.py:157} INFO - Started process (PID=3189) to work on /opt/airflow/dags/dag.py
[2026-02-28T10:51:57.947+0000] {processor.py:829} INFO - Processing file /opt/airflow/dags/dag.py for tasks to queue
[2026-02-28T10:51:57.949+0000] {logging_mixin.py:151} INFO - [2026-02-28T10:51:57.948+0000] {dagbag.py:539} INFO - Filling up the DagBag from /opt/airflow/dags/dag.py
[2026-02-28T10:51:58.277+0000] {processor.py:839} INFO - DAG(s) dict_keys(['pagination_dag']) retrieved from /opt/airflow/dags/dag.py
[2026-02-28T10:51:58.313+0000] {logging_mixin.py:151} INFO - [2026-02-28T10:51:58.312+0000] {dag.py:2915} INFO - Sync 1 DAGs
[2026-02-28T10:51:58.326+0000] {logging_mixin.py:151} INFO - [2026-02-28T10:51:58.326+0000] {dag.py:3696} INFO - Setting next_dagrun for pagination_dag to None, run_after=None
[2026-02-28T10:51:58.348+0000] {processor.py:179} INFO - Processing /opt/airflow/dags/dag.py took 0.409 seconds
[2026-02-28T10:52:28.586+0000] {processor.py:157} INFO - Started process (PID=3201) to work on /opt/airflow/dags/dag.py
[2026-02-28T10:52:28.587+0000] {processor.py:829} INFO - Processing file /opt/airflow/dags/dag.py for tasks to queue
[2026-02-28T10:52:28.588+0000] {logging_mixin.py:151} INFO - [2026-02-28T10:52:28.587+0000] {dagbag.py:539} INFO - Filling up the DagBag from /opt/airflow/dags/dag.py
[2026-02-28T10:52:28.889+0000] {processor.py:839} INFO - DAG(s) dict_keys(['pagination_dag']) retrieved from /opt/airflow/dags/dag.py
[2026-02-28T10:52:28.923+0000] {logging_mixin.py:151} INFO - [2026-02-28T10:52:28.922+0000] {dag.py:2915} INFO - Sync 1 DAGs
[2026-02-28T10:52:28.934+0000] {logging_mixin.py:151} INFO - [2026-02-28T10:52:28.934+0000] {dag.py:3696} INFO - Setting next_dagrun for pagination_dag to None, run_after=None
[2026-02-28T10:52:28.958+0000] {processor.py:179} INFO - Processing /opt/airflow/dags/dag.py took 0.375 seconds
[2026-02-28T10:52:59.224+0000] {processor.py:157} INFO - Started process (PID=3213) to work on /opt/airflow/dags/dag.py
[2026-02-28T10:52:59.226+0000] {processor.py:829} INFO - Processing file /opt/airflow/dags/dag.py for tasks to queue
[2026-02-28T10:52:59.227+0000] {logging_mixin.py:151} INFO - [2026-02-28T10:52:59.226+0000] {dagbag.py:539} INFO - Filling up the DagBag from /opt/airflow/dags/dag.py
[2026-02-28T10:52:59.531+0000] {processor.py:839} INFO - DAG(s) dict_keys(['pagination_dag']) retrieved from /opt/airflow/dags/dag.py
[2026-02-28T10:52:59.565+0000] {logging_mixin.py:151} INFO - [2026-02-28T10:52:59.564+0000] {dag.py:2915} INFO - Sync 1 DAGs
[2026-02-28T10:52:59.578+0000] {logging_mixin.py:151} INFO - [2026-02-28T10:52:59.578+0000] {dag.py:3696} INFO - Setting next_dagrun for pagination_dag to None, run_after=None
[2026-02-28T10:52:59.602+0000] {processor.py:179} INFO - Processing /opt/airflow/dags/dag.py took 0.382 seconds
[2026-02-28T10:53:29.848+0000] {processor.py:157} INFO - Started process (PID=3225) to work on /opt/airflow/dags/dag.py
[2026-02-28T10:53:29.849+0000] {processor.py:829} INFO - Processing file /opt/airflow/dags/dag.py for tasks to queue
[2026-02-28T10:53:29.850+0000] {logging_mixin.py:151} INFO - [2026-02-28T10:53:29.850+0000] {dagbag.py:539} INFO - Filling up the DagBag from /opt/airflow/dags/dag.py
[2026-02-28T10:53:30.149+0000] {processor.py:839} INFO - DAG(s) dict_keys(['pagination_dag']) retrieved from /opt/airflow/dags/dag.py
[2026-02-28T10:53:30.176+0000] {logging_mixin.py:151} INFO - [2026-02-28T10:53:30.176+0000] {dag.py:2915} INFO - Sync 1 DAGs
[2026-02-28T10:53:30.189+0000] {logging_mixin.py:151} INFO - [2026-02-28T10:53:30.188+0000] {dag.py:3696} INFO - Setting next_dagrun for pagination_dag to None, run_after=None
[2026-02-28T10:53:30.215+0000] {processor.py:179} INFO - Processing /opt/airflow/dags/dag.py took 0.370 seconds
[2026-02-28T10:54:00.455+0000] {processor.py:157} INFO - Started process (PID=3237) to work on /opt/airflow/dags/dag.py
[2026-02-28T10:54:00.456+0000] {processor.py:829} INFO - Processing file /opt/airflow/dags/dag.py for tasks to queue
[2026-02-28T10:54:00.457+0000] {logging_mixin.py:151} INFO - [2026-02-28T10:54:00.457+0000] {dagbag.py:539} INFO - Filling up the DagBag from /opt/airflow/dags/dag.py
[2026-02-28T10:54:00.759+0000] {processor.py:839} INFO - DAG(s) dict_keys(['pagination_dag']) retrieved from /opt/airflow/dags/dag.py
[2026-02-28T10:54:00.787+0000] {logging_mixin.py:151} INFO - [2026-02-28T10:54:00.786+0000] {dag.py:2915} INFO - Sync 1 DAGs
[2026-02-28T10:54:00.806+0000] {logging_mixin.py:151} INFO - [2026-02-28T10:54:00.805+0000] {dag.py:3696} INFO - Setting next_dagrun for pagination_dag to None, run_after=None
[2026-02-28T10:54:00.829+0000] {processor.py:179} INFO - Processing /opt/airflow/dags/dag.py took 0.378 seconds
[2026-02-28T10:54:31.060+0000] {processor.py:157} INFO - Started process (PID=3249) to work on /opt/airflow/dags/dag.py
[2026-02-28T10:54:31.061+0000] {processor.py:829} INFO - Processing file /opt/airflow/dags/dag.py for tasks to queue
[2026-02-28T10:54:31.062+0000] {logging_mixin.py:151} INFO - [2026-02-28T10:54:31.061+0000] {dagbag.py:539} INFO - Filling up the DagBag from /opt/airflow/dags/dag.py
[2026-02-28T10:54:31.362+0000] {processor.py:839} INFO - DAG(s) dict_keys(['pagination_dag']) retrieved from /opt/airflow/dags/dag.py
[2026-02-28T10:54:31.394+0000] {logging_mixin.py:151} INFO - [2026-02-28T10:54:31.393+0000] {dag.py:2915} INFO - Sync 1 DAGs
[2026-02-28T10:54:31.407+0000] {logging_mixin.py:151} INFO - [2026-02-28T10:54:31.407+0000] {dag.py:3696} INFO - Setting next_dagrun for pagination_dag to None, run_after=None
[2026-02-28T10:54:31.428+0000] {processor.py:179} INFO - Processing /opt/airflow/dags/dag.py took 0.371 seconds
[2026-02-28T10:55:01.678+0000] {processor.py:157} INFO - Started process (PID=3261) to work on /opt/airflow/dags/dag.py
[2026-02-28T10:55:01.679+0000] {processor.py:829} INFO - Processing file /opt/airflow/dags/dag.py for tasks to queue
[2026-02-28T10:55:01.680+0000] {logging_mixin.py:151} INFO - [2026-02-28T10:55:01.680+0000] {dagbag.py:539} INFO - Filling up the DagBag from /opt/airflow/dags/dag.py
[2026-02-28T10:55:01.973+0000] {processor.py:839} INFO - DAG(s) dict_keys(['pagination_dag']) retrieved from /opt/airflow/dags/dag.py
[2026-02-28T10:55:02.000+0000] {logging_mixin.py:151} INFO - [2026-02-28T10:55:02.000+0000] {dag.py:2915} INFO - Sync 1 DAGs
[2026-02-28T10:55:02.012+0000] {logging_mixin.py:151} INFO - [2026-02-28T10:55:02.012+0000] {dag.py:3696} INFO - Setting next_dagrun for pagination_dag to None, run_after=None
[2026-02-28T10:55:02.041+0000] {processor.py:179} INFO - Processing /opt/airflow/dags/dag.py took 0.367 seconds
[2026-02-28T10:55:32.272+0000] {processor.py:157} INFO - Started process (PID=3273) to work on /opt/airflow/dags/dag.py
[2026-02-28T10:55:32.273+0000] {processor.py:829} INFO - Processing file /opt/airflow/dags/dag.py for tasks to queue
[2026-02-28T10:55:32.274+0000] {logging_mixin.py:151} INFO - [2026-02-28T10:55:32.274+0000] {dagbag.py:539} INFO - Filling up the DagBag from /opt/airflow/dags/dag.py
[2026-02-28T10:55:32.578+0000] {processor.py:839} INFO - DAG(s) dict_keys(['pagination_dag']) retrieved from /opt/airflow/dags/dag.py
[2026-02-28T10:55:32.610+0000] {logging_mixin.py:151} INFO - [2026-02-28T10:55:32.610+0000] {dag.py:2915} INFO - Sync 1 DAGs
[2026-02-28T10:55:32.623+0000] {logging_mixin.py:151} INFO - [2026-02-28T10:55:32.623+0000] {dag.py:3696} INFO - Setting next_dagrun for pagination_dag to None, run_after=None
[2026-02-28T10:55:32.653+0000] {processor.py:179} INFO - Processing /opt/airflow/dags/dag.py took 0.384 seconds
[2026-02-28T10:56:02.885+0000] {processor.py:157} INFO - Started process (PID=3285) to work on /opt/airflow/dags/dag.py
[2026-02-28T10:56:02.886+0000] {processor.py:829} INFO - Processing file /opt/airflow/dags/dag.py for tasks to queue
[2026-02-28T10:56:02.888+0000] {logging_mixin.py:151} INFO - [2026-02-28T10:56:02.887+0000] {dagbag.py:539} INFO - Filling up the DagBag from /opt/airflow/dags/dag.py
[2026-02-28T10:56:03.200+0000] {processor.py:839} INFO - DAG(s) dict_keys(['pagination_dag']) retrieved from /opt/airflow/dags/dag.py
[2026-02-28T10:56:03.236+0000] {logging_mixin.py:151} INFO - [2026-02-28T10:56:03.235+0000] {dag.py:2915} INFO - Sync 1 DAGs
[2026-02-28T10:56:03.250+0000] {logging_mixin.py:151} INFO - [2026-02-28T10:56:03.250+0000] {dag.py:3696} INFO - Setting next_dagrun for pagination_dag to None, run_after=None
[2026-02-28T10:56:03.273+0000] {processor.py:179} INFO - Processing /opt/airflow/dags/dag.py took 0.391 seconds
[2026-02-28T10:56:33.485+0000] {processor.py:157} INFO - Started process (PID=3297) to work on /opt/airflow/dags/dag.py
[2026-02-28T10:56:33.486+0000] {processor.py:829} INFO - Processing file /opt/airflow/dags/dag.py for tasks to queue
[2026-02-28T10:56:33.487+0000] {logging_mixin.py:151} INFO - [2026-02-28T10:56:33.486+0000] {dagbag.py:539} INFO - Filling up the DagBag from /opt/airflow/dags/dag.py
[2026-02-28T10:56:33.812+0000] {processor.py:839} INFO - DAG(s) dict_keys(['pagination_dag']) retrieved from /opt/airflow/dags/dag.py
[2026-02-28T10:56:33.852+0000] {logging_mixin.py:151} INFO - [2026-02-28T10:56:33.851+0000] {dag.py:2915} INFO - Sync 1 DAGs
[2026-02-28T10:56:33.865+0000] {logging_mixin.py:151} INFO - [2026-02-28T10:56:33.864+0000] {dag.py:3696} INFO - Setting next_dagrun for pagination_dag to None, run_after=None
[2026-02-28T10:56:33.887+0000] {processor.py:179} INFO - Processing /opt/airflow/dags/dag.py took 0.405 seconds
[2026-02-28T10:57:04.135+0000] {processor.py:157} INFO - Started process (PID=3309) to work on /opt/airflow/dags/dag.py
[2026-02-28T10:57:04.137+0000] {processor.py:829} INFO - Processing file /opt/airflow/dags/dag.py for tasks to queue
[2026-02-28T10:57:04.138+0000] {logging_mixin.py:151} INFO - [2026-02-28T10:57:04.138+0000] {dagbag.py:539} INFO - Filling up the DagBag from /opt/airflow/dags/dag.py
[2026-02-28T10:57:04.530+0000] {processor.py:839} INFO - DAG(s) dict_keys(['pagination_dag']) retrieved from /opt/airflow/dags/dag.py
[2026-02-28T10:57:04.558+0000] {logging_mixin.py:151} INFO - [2026-02-28T10:57:04.558+0000] {dag.py:2915} INFO - Sync 1 DAGs
[2026-02-28T10:57:04.574+0000] {logging_mixin.py:151} INFO - [2026-02-28T10:57:04.573+0000] {dag.py:3696} INFO - Setting next_dagrun for pagination_dag to None, run_after=None
[2026-02-28T10:57:04.597+0000] {processor.py:179} INFO - Processing /opt/airflow/dags/dag.py took 0.465 seconds
[2026-02-28T10:57:34.817+0000] {processor.py:157} INFO - Started process (PID=3321) to work on /opt/airflow/dags/dag.py
[2026-02-28T10:57:34.818+0000] {processor.py:829} INFO - Processing file /opt/airflow/dags/dag.py for tasks to queue
[2026-02-28T10:57:34.819+0000] {logging_mixin.py:151} INFO - [2026-02-28T10:57:34.819+0000] {dagbag.py:539} INFO - Filling up the DagBag from /opt/airflow/dags/dag.py
[2026-02-28T10:57:35.124+0000] {processor.py:839} INFO - DAG(s) dict_keys(['pagination_dag']) retrieved from /opt/airflow/dags/dag.py
[2026-02-28T10:57:35.158+0000] {logging_mixin.py:151} INFO - [2026-02-28T10:57:35.158+0000] {dag.py:2915} INFO - Sync 1 DAGs
[2026-02-28T10:57:35.173+0000] {logging_mixin.py:151} INFO - [2026-02-28T10:57:35.173+0000] {dag.py:3696} INFO - Setting next_dagrun for pagination_dag to None, run_after=None
[2026-02-28T10:57:35.198+0000] {processor.py:179} INFO - Processing /opt/airflow/dags/dag.py took 0.383 seconds
[2026-02-28T10:58:05.439+0000] {processor.py:157} INFO - Started process (PID=3333) to work on /opt/airflow/dags/dag.py
[2026-02-28T10:58:05.440+0000] {processor.py:829} INFO - Processing file /opt/airflow/dags/dag.py for tasks to queue
[2026-02-28T10:58:05.441+0000] {logging_mixin.py:151} INFO - [2026-02-28T10:58:05.441+0000] {dagbag.py:539} INFO - Filling up the DagBag from /opt/airflow/dags/dag.py
[2026-02-28T10:58:05.736+0000] {processor.py:839} INFO - DAG(s) dict_keys(['pagination_dag']) retrieved from /opt/airflow/dags/dag.py
[2026-02-28T10:58:05.771+0000] {logging_mixin.py:151} INFO - [2026-02-28T10:58:05.770+0000] {dag.py:2915} INFO - Sync 1 DAGs
[2026-02-28T10:58:05.783+0000] {logging_mixin.py:151} INFO - [2026-02-28T10:58:05.783+0000] {dag.py:3696} INFO - Setting next_dagrun for pagination_dag to None, run_after=None
[2026-02-28T10:58:05.807+0000] {processor.py:179} INFO - Processing /opt/airflow/dags/dag.py took 0.371 seconds
[2026-02-28T10:58:36.035+0000] {processor.py:157} INFO - Started process (PID=3345) to work on /opt/airflow/dags/dag.py
[2026-02-28T10:58:36.036+0000] {processor.py:829} INFO - Processing file /opt/airflow/dags/dag.py for tasks to queue
[2026-02-28T10:58:36.038+0000] {logging_mixin.py:151} INFO - [2026-02-28T10:58:36.037+0000] {dagbag.py:539} INFO - Filling up the DagBag from /opt/airflow/dags/dag.py
[2026-02-28T10:58:36.351+0000] {processor.py:839} INFO - DAG(s) dict_keys(['pagination_dag']) retrieved from /opt/airflow/dags/dag.py
[2026-02-28T10:58:36.381+0000] {logging_mixin.py:151} INFO - [2026-02-28T10:58:36.380+0000] {dag.py:2915} INFO - Sync 1 DAGs
[2026-02-28T10:58:36.400+0000] {logging_mixin.py:151} INFO - [2026-02-28T10:58:36.399+0000] {dag.py:3696} INFO - Setting next_dagrun for pagination_dag to None, run_after=None
[2026-02-28T10:58:36.423+0000] {processor.py:179} INFO - Processing /opt/airflow/dags/dag.py took 0.393 seconds
[2026-02-28T10:59:06.660+0000] {processor.py:157} INFO - Started process (PID=3357) to work on /opt/airflow/dags/dag.py
[2026-02-28T10:59:06.661+0000] {processor.py:829} INFO - Processing file /opt/airflow/dags/dag.py for tasks to queue
[2026-02-28T10:59:06.662+0000] {logging_mixin.py:151} INFO - [2026-02-28T10:59:06.662+0000] {dagbag.py:539} INFO - Filling up the DagBag from /opt/airflow/dags/dag.py
[2026-02-28T10:59:06.956+0000] {processor.py:839} INFO - DAG(s) dict_keys(['pagination_dag']) retrieved from /opt/airflow/dags/dag.py
[2026-02-28T10:59:06.985+0000] {logging_mixin.py:151} INFO - [2026-02-28T10:59:06.984+0000] {dag.py:2915} INFO - Sync 1 DAGs
[2026-02-28T10:59:07.000+0000] {logging_mixin.py:151} INFO - [2026-02-28T10:59:07.000+0000] {dag.py:3696} INFO - Setting next_dagrun for pagination_dag to None, run_after=None
[2026-02-28T10:59:07.023+0000] {processor.py:179} INFO - Processing /opt/airflow/dags/dag.py took 0.365 seconds
[2026-02-28T10:59:37.293+0000] {processor.py:157} INFO - Started process (PID=3369) to work on /opt/airflow/dags/dag.py
[2026-02-28T10:59:37.295+0000] {processor.py:829} INFO - Processing file /opt/airflow/dags/dag.py for tasks to queue
[2026-02-28T10:59:37.297+0000] {logging_mixin.py:151} INFO - [2026-02-28T10:59:37.296+0000] {dagbag.py:539} INFO - Filling up the DagBag from /opt/airflow/dags/dag.py
[2026-02-28T10:59:37.614+0000] {processor.py:839} INFO - DAG(s) dict_keys(['pagination_dag']) retrieved from /opt/airflow/dags/dag.py
[2026-02-28T10:59:37.642+0000] {logging_mixin.py:151} INFO - [2026-02-28T10:59:37.641+0000] {dag.py:2915} INFO - Sync 1 DAGs
[2026-02-28T10:59:37.659+0000] {logging_mixin.py:151} INFO - [2026-02-28T10:59:37.659+0000] {dag.py:3696} INFO - Setting next_dagrun for pagination_dag to None, run_after=None
[2026-02-28T10:59:37.693+0000] {processor.py:179} INFO - Processing /opt/airflow/dags/dag.py took 0.406 seconds
[2026-02-28T11:00:07.932+0000] {processor.py:157} INFO - Started process (PID=3381) to work on /opt/airflow/dags/dag.py
[2026-02-28T11:00:07.933+0000] {processor.py:829} INFO - Processing file /opt/airflow/dags/dag.py for tasks to queue
[2026-02-28T11:00:07.934+0000] {logging_mixin.py:151} INFO - [2026-02-28T11:00:07.933+0000] {dagbag.py:539} INFO - Filling up the DagBag from /opt/airflow/dags/dag.py
[2026-02-28T11:00:08.247+0000] {processor.py:839} INFO - DAG(s) dict_keys(['pagination_dag']) retrieved from /opt/airflow/dags/dag.py
[2026-02-28T11:00:08.282+0000] {logging_mixin.py:151} INFO - [2026-02-28T11:00:08.281+0000] {dag.py:2915} INFO - Sync 1 DAGs
[2026-02-28T11:00:08.294+0000] {logging_mixin.py:151} INFO - [2026-02-28T11:00:08.294+0000] {dag.py:3696} INFO - Setting next_dagrun for pagination_dag to None, run_after=None
[2026-02-28T11:00:08.316+0000] {processor.py:179} INFO - Processing /opt/airflow/dags/dag.py took 0.387 seconds
[2026-02-28T11:00:38.545+0000] {processor.py:157} INFO - Started process (PID=3393) to work on /opt/airflow/dags/dag.py
[2026-02-28T11:00:38.546+0000] {processor.py:829} INFO - Processing file /opt/airflow/dags/dag.py for tasks to queue
[2026-02-28T11:00:38.547+0000] {logging_mixin.py:151} INFO - [2026-02-28T11:00:38.547+0000] {dagbag.py:539} INFO - Filling up the DagBag from /opt/airflow/dags/dag.py
[2026-02-28T11:00:38.887+0000] {processor.py:839} INFO - DAG(s) dict_keys(['pagination_dag']) retrieved from /opt/airflow/dags/dag.py
[2026-02-28T11:00:38.916+0000] {logging_mixin.py:151} INFO - [2026-02-28T11:00:38.915+0000] {dag.py:2915} INFO - Sync 1 DAGs
[2026-02-28T11:00:38.929+0000] {logging_mixin.py:151} INFO - [2026-02-28T11:00:38.929+0000] {dag.py:3696} INFO - Setting next_dagrun for pagination_dag to None, run_after=None
[2026-02-28T11:00:38.961+0000] {processor.py:179} INFO - Processing /opt/airflow/dags/dag.py took 0.419 seconds
[2026-02-28T11:01:09.216+0000] {processor.py:157} INFO - Started process (PID=3405) to work on /opt/airflow/dags/dag.py
[2026-02-28T11:01:09.217+0000] {processor.py:829} INFO - Processing file /opt/airflow/dags/dag.py for tasks to queue
[2026-02-28T11:01:09.218+0000] {logging_mixin.py:151} INFO - [2026-02-28T11:01:09.218+0000] {dagbag.py:539} INFO - Filling up the DagBag from /opt/airflow/dags/dag.py
[2026-02-28T11:01:09.516+0000] {processor.py:839} INFO - DAG(s) dict_keys(['pagination_dag']) retrieved from /opt/airflow/dags/dag.py
[2026-02-28T11:01:09.544+0000] {logging_mixin.py:151} INFO - [2026-02-28T11:01:09.544+0000] {dag.py:2915} INFO - Sync 1 DAGs
[2026-02-28T11:01:09.557+0000] {logging_mixin.py:151} INFO - [2026-02-28T11:01:09.557+0000] {dag.py:3696} INFO - Setting next_dagrun for pagination_dag to None, run_after=None
[2026-02-28T11:01:09.588+0000] {processor.py:179} INFO - Processing /opt/airflow/dags/dag.py took 0.375 seconds
[2026-02-28T11:01:39.823+0000] {processor.py:157} INFO - Started process (PID=3417) to work on /opt/airflow/dags/dag.py
[2026-02-28T11:01:39.824+0000] {processor.py:829} INFO - Processing file /opt/airflow/dags/dag.py for tasks to queue
[2026-02-28T11:01:39.825+0000] {logging_mixin.py:151} INFO - [2026-02-28T11:01:39.824+0000] {dagbag.py:539} INFO - Filling up the DagBag from /opt/airflow/dags/dag.py
[2026-02-28T11:01:40.212+0000] {processor.py:839} INFO - DAG(s) dict_keys(['pagination_dag']) retrieved from /opt/airflow/dags/dag.py
[2026-02-28T11:01:40.252+0000] {logging_mixin.py:151} INFO - [2026-02-28T11:01:40.251+0000] {dag.py:2915} INFO - Sync 1 DAGs
[2026-02-28T11:01:40.270+0000] {logging_mixin.py:151} INFO - [2026-02-28T11:01:40.270+0000] {dag.py:3696} INFO - Setting next_dagrun for pagination_dag to None, run_after=None
[2026-02-28T11:01:40.295+0000] {processor.py:179} INFO - Processing /opt/airflow/dags/dag.py took 0.475 seconds
[2026-02-28T11:02:10.536+0000] {processor.py:157} INFO - Started process (PID=3429) to work on /opt/airflow/dags/dag.py
[2026-02-28T11:02:10.537+0000] {processor.py:829} INFO - Processing file /opt/airflow/dags/dag.py for tasks to queue
[2026-02-28T11:02:10.538+0000] {logging_mixin.py:151} INFO - [2026-02-28T11:02:10.538+0000] {dagbag.py:539} INFO - Filling up the DagBag from /opt/airflow/dags/dag.py
[2026-02-28T11:02:10.842+0000] {processor.py:839} INFO - DAG(s) dict_keys(['pagination_dag']) retrieved from /opt/airflow/dags/dag.py
[2026-02-28T11:02:10.878+0000] {logging_mixin.py:151} INFO - [2026-02-28T11:02:10.878+0000] {dag.py:2915} INFO - Sync 1 DAGs
[2026-02-28T11:02:10.892+0000] {logging_mixin.py:151} INFO - [2026-02-28T11:02:10.892+0000] {dag.py:3696} INFO - Setting next_dagrun for pagination_dag to None, run_after=None
[2026-02-28T11:02:10.914+0000] {processor.py:179} INFO - Processing /opt/airflow/dags/dag.py took 0.382 seconds
[2026-02-28T11:02:41.139+0000] {processor.py:157} INFO - Started process (PID=3441) to work on /opt/airflow/dags/dag.py
[2026-02-28T11:02:41.143+0000] {processor.py:829} INFO - Processing file /opt/airflow/dags/dag.py for tasks to queue
[2026-02-28T11:02:41.144+0000] {logging_mixin.py:151} INFO - [2026-02-28T11:02:41.144+0000] {dagbag.py:539} INFO - Filling up the DagBag from /opt/airflow/dags/dag.py
[2026-02-28T11:02:41.436+0000] {processor.py:839} INFO - DAG(s) dict_keys(['pagination_dag']) retrieved from /opt/airflow/dags/dag.py
[2026-02-28T11:02:41.473+0000] {logging_mixin.py:151} INFO - [2026-02-28T11:02:41.472+0000] {dag.py:2915} INFO - Sync 1 DAGs
[2026-02-28T11:02:41.490+0000] {logging_mixin.py:151} INFO - [2026-02-28T11:02:41.490+0000] {dag.py:3696} INFO - Setting next_dagrun for pagination_dag to None, run_after=None
[2026-02-28T11:02:41.515+0000] {processor.py:179} INFO - Processing /opt/airflow/dags/dag.py took 0.379 seconds
[2026-02-28T11:03:11.744+0000] {processor.py:157} INFO - Started process (PID=3453) to work on /opt/airflow/dags/dag.py
[2026-02-28T11:03:11.745+0000] {processor.py:829} INFO - Processing file /opt/airflow/dags/dag.py for tasks to queue
[2026-02-28T11:03:11.746+0000] {logging_mixin.py:151} INFO - [2026-02-28T11:03:11.746+0000] {dagbag.py:539} INFO - Filling up the DagBag from /opt/airflow/dags/dag.py
[2026-02-28T11:03:12.059+0000] {processor.py:839} INFO - DAG(s) dict_keys(['pagination_dag']) retrieved from /opt/airflow/dags/dag.py
[2026-02-28T11:03:12.095+0000] {logging_mixin.py:151} INFO - [2026-02-28T11:03:12.094+0000] {dag.py:2915} INFO - Sync 1 DAGs
[2026-02-28T11:03:12.107+0000] {logging_mixin.py:151} INFO - [2026-02-28T11:03:12.106+0000] {dag.py:3696} INFO - Setting next_dagrun for pagination_dag to None, run_after=None
[2026-02-28T11:03:12.130+0000] {processor.py:179} INFO - Processing /opt/airflow/dags/dag.py took 0.388 seconds
[2026-02-28T11:03:42.366+0000] {processor.py:157} INFO - Started process (PID=3465) to work on /opt/airflow/dags/dag.py
[2026-02-28T11:03:42.367+0000] {processor.py:829} INFO - Processing file /opt/airflow/dags/dag.py for tasks to queue
[2026-02-28T11:03:42.368+0000] {logging_mixin.py:151} INFO - [2026-02-28T11:03:42.368+0000] {dagbag.py:539} INFO - Filling up the DagBag from /opt/airflow/dags/dag.py
[2026-02-28T11:03:42.662+0000] {processor.py:839} INFO - DAG(s) dict_keys(['pagination_dag']) retrieved from /opt/airflow/dags/dag.py
[2026-02-28T11:03:42.695+0000] {logging_mixin.py:151} INFO - [2026-02-28T11:03:42.694+0000] {dag.py:2915} INFO - Sync 1 DAGs
[2026-02-28T11:03:42.713+0000] {logging_mixin.py:151} INFO - [2026-02-28T11:03:42.712+0000] {dag.py:3696} INFO - Setting next_dagrun for pagination_dag to None, run_after=None
[2026-02-28T11:03:42.742+0000] {processor.py:179} INFO - Processing /opt/airflow/dags/dag.py took 0.378 seconds
[2026-02-28T11:04:12.983+0000] {processor.py:157} INFO - Started process (PID=3477) to work on /opt/airflow/dags/dag.py
[2026-02-28T11:04:12.984+0000] {processor.py:829} INFO - Processing file /opt/airflow/dags/dag.py for tasks to queue
[2026-02-28T11:04:12.985+0000] {logging_mixin.py:151} INFO - [2026-02-28T11:04:12.985+0000] {dagbag.py:539} INFO - Filling up the DagBag from /opt/airflow/dags/dag.py
[2026-02-28T11:04:13.290+0000] {processor.py:839} INFO - DAG(s) dict_keys(['pagination_dag']) retrieved from /opt/airflow/dags/dag.py
[2026-02-28T11:04:13.323+0000] {logging_mixin.py:151} INFO - [2026-02-28T11:04:13.322+0000] {dag.py:2915} INFO - Sync 1 DAGs
[2026-02-28T11:04:13.337+0000] {logging_mixin.py:151} INFO - [2026-02-28T11:04:13.336+0000] {dag.py:3696} INFO - Setting next_dagrun for pagination_dag to None, run_after=None
[2026-02-28T11:04:13.363+0000] {processor.py:179} INFO - Processing /opt/airflow/dags/dag.py took 0.383 seconds
[2026-02-28T11:04:43.640+0000] {processor.py:157} INFO - Started process (PID=3489) to work on /opt/airflow/dags/dag.py
[2026-02-28T11:04:43.641+0000] {processor.py:829} INFO - Processing file /opt/airflow/dags/dag.py for tasks to queue
[2026-02-28T11:04:43.642+0000] {logging_mixin.py:151} INFO - [2026-02-28T11:04:43.642+0000] {dagbag.py:539} INFO - Filling up the DagBag from /opt/airflow/dags/dag.py
[2026-02-28T11:04:43.942+0000] {processor.py:839} INFO - DAG(s) dict_keys(['pagination_dag']) retrieved from /opt/airflow/dags/dag.py
[2026-02-28T11:04:43.972+0000] {logging_mixin.py:151} INFO - [2026-02-28T11:04:43.972+0000] {dag.py:2915} INFO - Sync 1 DAGs
[2026-02-28T11:04:43.985+0000] {logging_mixin.py:151} INFO - [2026-02-28T11:04:43.985+0000] {dag.py:3696} INFO - Setting next_dagrun for pagination_dag to None, run_after=None
[2026-02-28T11:04:44.017+0000] {processor.py:179} INFO - Processing /opt/airflow/dags/dag.py took 0.380 seconds
[2026-02-28T11:05:14.248+0000] {processor.py:157} INFO - Started process (PID=3501) to work on /opt/airflow/dags/dag.py
[2026-02-28T11:05:14.249+0000] {processor.py:829} INFO - Processing file /opt/airflow/dags/dag.py for tasks to queue
[2026-02-28T11:05:14.250+0000] {logging_mixin.py:151} INFO - [2026-02-28T11:05:14.250+0000] {dagbag.py:539} INFO - Filling up the DagBag from /opt/airflow/dags/dag.py
[2026-02-28T11:05:14.553+0000] {processor.py:839} INFO - DAG(s) dict_keys(['pagination_dag']) retrieved from /opt/airflow/dags/dag.py
[2026-02-28T11:05:14.586+0000] {logging_mixin.py:151} INFO - [2026-02-28T11:05:14.585+0000] {dag.py:2915} INFO - Sync 1 DAGs
[2026-02-28T11:05:14.605+0000] {logging_mixin.py:151} INFO - [2026-02-28T11:05:14.605+0000] {dag.py:3696} INFO - Setting next_dagrun for pagination_dag to None, run_after=None
[2026-02-28T11:05:14.634+0000] {processor.py:179} INFO - Processing /opt/airflow/dags/dag.py took 0.389 seconds
[2026-02-28T11:05:44.879+0000] {processor.py:157} INFO - Started process (PID=3513) to work on /opt/airflow/dags/dag.py
[2026-02-28T11:05:44.882+0000] {processor.py:829} INFO - Processing file /opt/airflow/dags/dag.py for tasks to queue
[2026-02-28T11:05:44.883+0000] {logging_mixin.py:151} INFO - [2026-02-28T11:05:44.883+0000] {dagbag.py:539} INFO - Filling up the DagBag from /opt/airflow/dags/dag.py
[2026-02-28T11:05:45.185+0000] {processor.py:839} INFO - DAG(s) dict_keys(['pagination_dag']) retrieved from /opt/airflow/dags/dag.py
[2026-02-28T11:05:45.212+0000] {logging_mixin.py:151} INFO - [2026-02-28T11:05:45.212+0000] {dag.py:2915} INFO - Sync 1 DAGs
[2026-02-28T11:05:45.224+0000] {logging_mixin.py:151} INFO - [2026-02-28T11:05:45.224+0000] {dag.py:3696} INFO - Setting next_dagrun for pagination_dag to None, run_after=None
[2026-02-28T11:05:45.252+0000] {processor.py:179} INFO - Processing /opt/airflow/dags/dag.py took 0.377 seconds
[2026-02-28T11:06:15.486+0000] {processor.py:157} INFO - Started process (PID=3525) to work on /opt/airflow/dags/dag.py
[2026-02-28T11:06:15.488+0000] {processor.py:829} INFO - Processing file /opt/airflow/dags/dag.py for tasks to queue
[2026-02-28T11:06:15.489+0000] {logging_mixin.py:151} INFO - [2026-02-28T11:06:15.488+0000] {dagbag.py:539} INFO - Filling up the DagBag from /opt/airflow/dags/dag.py
[2026-02-28T11:06:15.817+0000] {processor.py:839} INFO - DAG(s) dict_keys(['pagination_dag']) retrieved from /opt/airflow/dags/dag.py
[2026-02-28T11:06:15.854+0000] {logging_mixin.py:151} INFO - [2026-02-28T11:06:15.853+0000] {dag.py:2915} INFO - Sync 1 DAGs
[2026-02-28T11:06:15.870+0000] {logging_mixin.py:151} INFO - [2026-02-28T11:06:15.869+0000] {dag.py:3696} INFO - Setting next_dagrun for pagination_dag to None, run_after=None
[2026-02-28T11:06:15.898+0000] {processor.py:179} INFO - Processing /opt/airflow/dags/dag.py took 0.416 seconds
[2026-02-28T11:06:46.145+0000] {processor.py:157} INFO - Started process (PID=3537) to work on /opt/airflow/dags/dag.py
[2026-02-28T11:06:46.147+0000] {processor.py:829} INFO - Processing file /opt/airflow/dags/dag.py for tasks to queue
[2026-02-28T11:06:46.149+0000] {logging_mixin.py:151} INFO - [2026-02-28T11:06:46.149+0000] {dagbag.py:539} INFO - Filling up the DagBag from /opt/airflow/dags/dag.py
[2026-02-28T11:06:46.438+0000] {processor.py:839} INFO - DAG(s) dict_keys(['pagination_dag']) retrieved from /opt/airflow/dags/dag.py
[2026-02-28T11:06:46.472+0000] {logging_mixin.py:151} INFO - [2026-02-28T11:06:46.472+0000] {dag.py:2915} INFO - Sync 1 DAGs
[2026-02-28T11:06:46.487+0000] {logging_mixin.py:151} INFO - [2026-02-28T11:06:46.486+0000] {dag.py:3696} INFO - Setting next_dagrun for pagination_dag to None, run_after=None
[2026-02-28T11:06:46.509+0000] {processor.py:179} INFO - Processing /opt/airflow/dags/dag.py took 0.369 seconds
[2026-02-28T11:07:16.745+0000] {processor.py:157} INFO - Started process (PID=3549) to work on /opt/airflow/dags/dag.py
[2026-02-28T11:07:16.746+0000] {processor.py:829} INFO - Processing file /opt/airflow/dags/dag.py for tasks to queue
[2026-02-28T11:07:16.747+0000] {logging_mixin.py:151} INFO - [2026-02-28T11:07:16.747+0000] {dagbag.py:539} INFO - Filling up the DagBag from /opt/airflow/dags/dag.py
[2026-02-28T11:07:17.106+0000] {processor.py:839} INFO - DAG(s) dict_keys(['pagination_dag']) retrieved from /opt/airflow/dags/dag.py
[2026-02-28T11:07:17.143+0000] {logging_mixin.py:151} INFO - [2026-02-28T11:07:17.142+0000] {dag.py:2915} INFO - Sync 1 DAGs
[2026-02-28T11:07:17.158+0000] {logging_mixin.py:151} INFO - [2026-02-28T11:07:17.158+0000] {dag.py:3696} INFO - Setting next_dagrun for pagination_dag to None, run_after=None
[2026-02-28T11:07:17.184+0000] {processor.py:179} INFO - Processing /opt/airflow/dags/dag.py took 0.442 seconds
[2026-02-28T11:07:47.420+0000] {processor.py:157} INFO - Started process (PID=3561) to work on /opt/airflow/dags/dag.py
[2026-02-28T11:07:47.421+0000] {processor.py:829} INFO - Processing file /opt/airflow/dags/dag.py for tasks to queue
[2026-02-28T11:07:47.422+0000] {logging_mixin.py:151} INFO - [2026-02-28T11:07:47.422+0000] {dagbag.py:539} INFO - Filling up the DagBag from /opt/airflow/dags/dag.py
[2026-02-28T11:07:47.729+0000] {processor.py:839} INFO - DAG(s) dict_keys(['pagination_dag']) retrieved from /opt/airflow/dags/dag.py
[2026-02-28T11:07:47.758+0000] {logging_mixin.py:151} INFO - [2026-02-28T11:07:47.757+0000] {dag.py:2915} INFO - Sync 1 DAGs
[2026-02-28T11:07:47.774+0000] {logging_mixin.py:151} INFO - [2026-02-28T11:07:47.773+0000] {dag.py:3696} INFO - Setting next_dagrun for pagination_dag to None, run_after=None
[2026-02-28T11:07:47.799+0000] {processor.py:179} INFO - Processing /opt/airflow/dags/dag.py took 0.383 seconds
[2026-02-28T11:08:18.010+0000] {processor.py:157} INFO - Started process (PID=3573) to work on /opt/airflow/dags/dag.py
[2026-02-28T11:08:18.011+0000] {processor.py:829} INFO - Processing file /opt/airflow/dags/dag.py for tasks to queue
[2026-02-28T11:08:18.012+0000] {logging_mixin.py:151} INFO - [2026-02-28T11:08:18.012+0000] {dagbag.py:539} INFO - Filling up the DagBag from /opt/airflow/dags/dag.py
[2026-02-28T11:08:18.345+0000] {processor.py:839} INFO - DAG(s) dict_keys(['pagination_dag']) retrieved from /opt/airflow/dags/dag.py
[2026-02-28T11:08:18.382+0000] {logging_mixin.py:151} INFO - [2026-02-28T11:08:18.382+0000] {dag.py:2915} INFO - Sync 1 DAGs
[2026-02-28T11:08:18.396+0000] {logging_mixin.py:151} INFO - [2026-02-28T11:08:18.396+0000] {dag.py:3696} INFO - Setting next_dagrun for pagination_dag to None, run_after=None
[2026-02-28T11:08:18.418+0000] {processor.py:179} INFO - Processing /opt/airflow/dags/dag.py took 0.412 seconds
[2026-02-28T11:08:48.635+0000] {processor.py:157} INFO - Started process (PID=3585) to work on /opt/airflow/dags/dag.py
[2026-02-28T11:08:48.636+0000] {processor.py:829} INFO - Processing file /opt/airflow/dags/dag.py for tasks to queue
[2026-02-28T11:08:48.637+0000] {logging_mixin.py:151} INFO - [2026-02-28T11:08:48.637+0000] {dagbag.py:539} INFO - Filling up the DagBag from /opt/airflow/dags/dag.py
[2026-02-28T11:08:48.927+0000] {processor.py:839} INFO - DAG(s) dict_keys(['pagination_dag']) retrieved from /opt/airflow/dags/dag.py
[2026-02-28T11:08:48.959+0000] {logging_mixin.py:151} INFO - [2026-02-28T11:08:48.959+0000] {dag.py:2915} INFO - Sync 1 DAGs
[2026-02-28T11:08:48.971+0000] {logging_mixin.py:151} INFO - [2026-02-28T11:08:48.971+0000] {dag.py:3696} INFO - Setting next_dagrun for pagination_dag to None, run_after=None
[2026-02-28T11:08:48.995+0000] {processor.py:179} INFO - Processing /opt/airflow/dags/dag.py took 0.363 seconds
[2026-02-28T11:09:19.241+0000] {processor.py:157} INFO - Started process (PID=3597) to work on /opt/airflow/dags/dag.py
[2026-02-28T11:09:19.242+0000] {processor.py:829} INFO - Processing file /opt/airflow/dags/dag.py for tasks to queue
[2026-02-28T11:09:19.243+0000] {logging_mixin.py:151} INFO - [2026-02-28T11:09:19.242+0000] {dagbag.py:539} INFO - Filling up the DagBag from /opt/airflow/dags/dag.py
[2026-02-28T11:09:19.548+0000] {processor.py:839} INFO - DAG(s) dict_keys(['pagination_dag']) retrieved from /opt/airflow/dags/dag.py
[2026-02-28T11:09:19.573+0000] {logging_mixin.py:151} INFO - [2026-02-28T11:09:19.573+0000] {dag.py:2915} INFO - Sync 1 DAGs
[2026-02-28T11:09:19.588+0000] {logging_mixin.py:151} INFO - [2026-02-28T11:09:19.588+0000] {dag.py:3696} INFO - Setting next_dagrun for pagination_dag to None, run_after=None
[2026-02-28T11:09:19.615+0000] {processor.py:179} INFO - Processing /opt/airflow/dags/dag.py took 0.377 seconds
[2026-02-28T11:09:49.879+0000] {processor.py:157} INFO - Started process (PID=3609) to work on /opt/airflow/dags/dag.py
[2026-02-28T11:09:49.880+0000] {processor.py:829} INFO - Processing file /opt/airflow/dags/dag.py for tasks to queue
[2026-02-28T11:09:49.881+0000] {logging_mixin.py:151} INFO - [2026-02-28T11:09:49.881+0000] {dagbag.py:539} INFO - Filling up the DagBag from /opt/airflow/dags/dag.py
[2026-02-28T11:09:50.196+0000] {processor.py:839} INFO - DAG(s) dict_keys(['pagination_dag']) retrieved from /opt/airflow/dags/dag.py
[2026-02-28T11:09:50.224+0000] {logging_mixin.py:151} INFO - [2026-02-28T11:09:50.223+0000] {dag.py:2915} INFO - Sync 1 DAGs
[2026-02-28T11:09:50.236+0000] {logging_mixin.py:151} INFO - [2026-02-28T11:09:50.235+0000] {dag.py:3696} INFO - Setting next_dagrun for pagination_dag to None, run_after=None
[2026-02-28T11:09:50.264+0000] {processor.py:179} INFO - Processing /opt/airflow/dags/dag.py took 0.388 seconds
[2026-02-28T11:10:20.503+0000] {processor.py:157} INFO - Started process (PID=3621) to work on /opt/airflow/dags/dag.py
[2026-02-28T11:10:20.504+0000] {processor.py:829} INFO - Processing file /opt/airflow/dags/dag.py for tasks to queue
[2026-02-28T11:10:20.505+0000] {logging_mixin.py:151} INFO - [2026-02-28T11:10:20.505+0000] {dagbag.py:539} INFO - Filling up the DagBag from /opt/airflow/dags/dag.py
[2026-02-28T11:10:20.790+0000] {processor.py:839} INFO - DAG(s) dict_keys(['pagination_dag']) retrieved from /opt/airflow/dags/dag.py
[2026-02-28T11:10:20.823+0000] {logging_mixin.py:151} INFO - [2026-02-28T11:10:20.823+0000] {dag.py:2915} INFO - Sync 1 DAGs
[2026-02-28T11:10:20.836+0000] {logging_mixin.py:151} INFO - [2026-02-28T11:10:20.835+0000] {dag.py:3696} INFO - Setting next_dagrun for pagination_dag to None, run_after=None
[2026-02-28T11:10:20.858+0000] {processor.py:179} INFO - Processing /opt/airflow/dags/dag.py took 0.358 seconds
[2026-02-28T11:10:51.099+0000] {processor.py:157} INFO - Started process (PID=3633) to work on /opt/airflow/dags/dag.py
[2026-02-28T11:10:51.100+0000] {processor.py:829} INFO - Processing file /opt/airflow/dags/dag.py for tasks to queue
[2026-02-28T11:10:51.101+0000] {logging_mixin.py:151} INFO - [2026-02-28T11:10:51.101+0000] {dagbag.py:539} INFO - Filling up the DagBag from /opt/airflow/dags/dag.py
[2026-02-28T11:10:51.394+0000] {processor.py:839} INFO - DAG(s) dict_keys(['pagination_dag']) retrieved from /opt/airflow/dags/dag.py
[2026-02-28T11:10:51.421+0000] {logging_mixin.py:151} INFO - [2026-02-28T11:10:51.421+0000] {dag.py:2915} INFO - Sync 1 DAGs
[2026-02-28T11:10:51.433+0000] {logging_mixin.py:151} INFO - [2026-02-28T11:10:51.433+0000] {dag.py:3696} INFO - Setting next_dagrun for pagination_dag to None, run_after=None
[2026-02-28T11:10:51.486+0000] {processor.py:179} INFO - Processing /opt/airflow/dags/dag.py took 0.391 seconds
[2026-02-28T11:11:21.712+0000] {processor.py:157} INFO - Started process (PID=3645) to work on /opt/airflow/dags/dag.py
[2026-02-28T11:11:21.713+0000] {processor.py:829} INFO - Processing file /opt/airflow/dags/dag.py for tasks to queue
[2026-02-28T11:11:21.714+0000] {logging_mixin.py:151} INFO - [2026-02-28T11:11:21.714+0000] {dagbag.py:539} INFO - Filling up the DagBag from /opt/airflow/dags/dag.py
[2026-02-28T11:11:22.004+0000] {processor.py:839} INFO - DAG(s) dict_keys(['pagination_dag']) retrieved from /opt/airflow/dags/dag.py
[2026-02-28T11:11:22.038+0000] {logging_mixin.py:151} INFO - [2026-02-28T11:11:22.037+0000] {dag.py:2915} INFO - Sync 1 DAGs
[2026-02-28T11:11:22.050+0000] {logging_mixin.py:151} INFO - [2026-02-28T11:11:22.049+0000] {dag.py:3696} INFO - Setting next_dagrun for pagination_dag to None, run_after=None
[2026-02-28T11:11:22.073+0000] {processor.py:179} INFO - Processing /opt/airflow/dags/dag.py took 0.367 seconds
[2026-02-28T11:11:52.319+0000] {processor.py:157} INFO - Started process (PID=3657) to work on /opt/airflow/dags/dag.py
[2026-02-28T11:11:52.320+0000] {processor.py:829} INFO - Processing file /opt/airflow/dags/dag.py for tasks to queue
[2026-02-28T11:11:52.321+0000] {logging_mixin.py:151} INFO - [2026-02-28T11:11:52.321+0000] {dagbag.py:539} INFO - Filling up the DagBag from /opt/airflow/dags/dag.py
[2026-02-28T11:11:52.611+0000] {processor.py:839} INFO - DAG(s) dict_keys(['pagination_dag']) retrieved from /opt/airflow/dags/dag.py
[2026-02-28T11:11:52.644+0000] {logging_mixin.py:151} INFO - [2026-02-28T11:11:52.644+0000] {dag.py:2915} INFO - Sync 1 DAGs
[2026-02-28T11:11:52.657+0000] {logging_mixin.py:151} INFO - [2026-02-28T11:11:52.657+0000] {dag.py:3696} INFO - Setting next_dagrun for pagination_dag to None, run_after=None
[2026-02-28T11:11:52.684+0000] {processor.py:179} INFO - Processing /opt/airflow/dags/dag.py took 0.368 seconds
[2026-02-28T11:12:22.905+0000] {processor.py:157} INFO - Started process (PID=3669) to work on /opt/airflow/dags/dag.py
[2026-02-28T11:12:22.906+0000] {processor.py:829} INFO - Processing file /opt/airflow/dags/dag.py for tasks to queue
[2026-02-28T11:12:22.907+0000] {logging_mixin.py:151} INFO - [2026-02-28T11:12:22.907+0000] {dagbag.py:539} INFO - Filling up the DagBag from /opt/airflow/dags/dag.py
[2026-02-28T11:12:23.218+0000] {processor.py:839} INFO - DAG(s) dict_keys(['pagination_dag']) retrieved from /opt/airflow/dags/dag.py
[2026-02-28T11:12:23.248+0000] {logging_mixin.py:151} INFO - [2026-02-28T11:12:23.247+0000] {dag.py:2915} INFO - Sync 1 DAGs
[2026-02-28T11:12:23.267+0000] {logging_mixin.py:151} INFO - [2026-02-28T11:12:23.267+0000] {dag.py:3696} INFO - Setting next_dagrun for pagination_dag to None, run_after=None
[2026-02-28T11:12:23.292+0000] {processor.py:179} INFO - Processing /opt/airflow/dags/dag.py took 0.392 seconds
[2026-02-28T11:12:53.518+0000] {processor.py:157} INFO - Started process (PID=3681) to work on /opt/airflow/dags/dag.py
[2026-02-28T11:12:53.519+0000] {processor.py:829} INFO - Processing file /opt/airflow/dags/dag.py for tasks to queue
[2026-02-28T11:12:53.520+0000] {logging_mixin.py:151} INFO - [2026-02-28T11:12:53.520+0000] {dagbag.py:539} INFO - Filling up the DagBag from /opt/airflow/dags/dag.py
[2026-02-28T11:12:53.820+0000] {processor.py:839} INFO - DAG(s) dict_keys(['pagination_dag']) retrieved from /opt/airflow/dags/dag.py
[2026-02-28T11:12:53.849+0000] {logging_mixin.py:151} INFO - [2026-02-28T11:12:53.848+0000] {dag.py:2915} INFO - Sync 1 DAGs
[2026-02-28T11:12:53.861+0000] {logging_mixin.py:151} INFO - [2026-02-28T11:12:53.861+0000] {dag.py:3696} INFO - Setting next_dagrun for pagination_dag to None, run_after=None
[2026-02-28T11:12:53.891+0000] {processor.py:179} INFO - Processing /opt/airflow/dags/dag.py took 0.377 seconds
[2026-02-28T11:13:24.141+0000] {processor.py:157} INFO - Started process (PID=3693) to work on /opt/airflow/dags/dag.py
[2026-02-28T11:13:24.142+0000] {processor.py:829} INFO - Processing file /opt/airflow/dags/dag.py for tasks to queue
[2026-02-28T11:13:24.143+0000] {logging_mixin.py:151} INFO - [2026-02-28T11:13:24.143+0000] {dagbag.py:539} INFO - Filling up the DagBag from /opt/airflow/dags/dag.py
[2026-02-28T11:13:24.446+0000] {processor.py:839} INFO - DAG(s) dict_keys(['pagination_dag']) retrieved from /opt/airflow/dags/dag.py
[2026-02-28T11:13:24.472+0000] {logging_mixin.py:151} INFO - [2026-02-28T11:13:24.471+0000] {dag.py:2915} INFO - Sync 1 DAGs
[2026-02-28T11:13:24.487+0000] {logging_mixin.py:151} INFO - [2026-02-28T11:13:24.486+0000] {dag.py:3696} INFO - Setting next_dagrun for pagination_dag to None, run_after=None
[2026-02-28T11:13:24.515+0000] {processor.py:179} INFO - Processing /opt/airflow/dags/dag.py took 0.377 seconds
[2026-02-28T11:13:54.743+0000] {processor.py:157} INFO - Started process (PID=3705) to work on /opt/airflow/dags/dag.py
[2026-02-28T11:13:54.744+0000] {processor.py:829} INFO - Processing file /opt/airflow/dags/dag.py for tasks to queue
[2026-02-28T11:13:54.745+0000] {logging_mixin.py:151} INFO - [2026-02-28T11:13:54.744+0000] {dagbag.py:539} INFO - Filling up the DagBag from /opt/airflow/dags/dag.py
[2026-02-28T11:13:55.089+0000] {processor.py:839} INFO - DAG(s) dict_keys(['pagination_dag']) retrieved from /opt/airflow/dags/dag.py
[2026-02-28T11:13:55.136+0000] {logging_mixin.py:151} INFO - [2026-02-28T11:13:55.134+0000] {dag.py:2915} INFO - Sync 1 DAGs
[2026-02-28T11:13:55.154+0000] {logging_mixin.py:151} INFO - [2026-02-28T11:13:55.153+0000] {dag.py:3696} INFO - Setting next_dagrun for pagination_dag to None, run_after=None
[2026-02-28T11:13:55.186+0000] {processor.py:179} INFO - Processing /opt/airflow/dags/dag.py took 0.446 seconds
[2026-02-28T11:14:25.441+0000] {processor.py:157} INFO - Started process (PID=3717) to work on /opt/airflow/dags/dag.py
[2026-02-28T11:14:25.443+0000] {processor.py:829} INFO - Processing file /opt/airflow/dags/dag.py for tasks to queue
[2026-02-28T11:14:25.444+0000] {logging_mixin.py:151} INFO - [2026-02-28T11:14:25.443+0000] {dagbag.py:539} INFO - Filling up the DagBag from /opt/airflow/dags/dag.py
[2026-02-28T11:14:25.764+0000] {processor.py:839} INFO - DAG(s) dict_keys(['pagination_dag']) retrieved from /opt/airflow/dags/dag.py
[2026-02-28T11:14:25.791+0000] {logging_mixin.py:151} INFO - [2026-02-28T11:14:25.790+0000] {dag.py:2915} INFO - Sync 1 DAGs
[2026-02-28T11:14:25.810+0000] {logging_mixin.py:151} INFO - [2026-02-28T11:14:25.809+0000] {dag.py:3696} INFO - Setting next_dagrun for pagination_dag to None, run_after=None
[2026-02-28T11:14:25.832+0000] {processor.py:179} INFO - Processing /opt/airflow/dags/dag.py took 0.393 seconds
[2026-02-28T11:14:56.082+0000] {processor.py:157} INFO - Started process (PID=3729) to work on /opt/airflow/dags/dag.py
[2026-02-28T11:14:56.083+0000] {processor.py:829} INFO - Processing file /opt/airflow/dags/dag.py for tasks to queue
[2026-02-28T11:14:56.084+0000] {logging_mixin.py:151} INFO - [2026-02-28T11:14:56.084+0000] {dagbag.py:539} INFO - Filling up the DagBag from /opt/airflow/dags/dag.py
[2026-02-28T11:14:56.380+0000] {processor.py:839} INFO - DAG(s) dict_keys(['pagination_dag']) retrieved from /opt/airflow/dags/dag.py
[2026-02-28T11:14:56.409+0000] {logging_mixin.py:151} INFO - [2026-02-28T11:14:56.408+0000] {dag.py:2915} INFO - Sync 1 DAGs
[2026-02-28T11:14:56.425+0000] {logging_mixin.py:151} INFO - [2026-02-28T11:14:56.424+0000] {dag.py:3696} INFO - Setting next_dagrun for pagination_dag to None, run_after=None
[2026-02-28T11:14:56.450+0000] {processor.py:179} INFO - Processing /opt/airflow/dags/dag.py took 0.371 seconds
[2026-02-28T11:15:26.685+0000] {processor.py:157} INFO - Started process (PID=3741) to work on /opt/airflow/dags/dag.py
[2026-02-28T11:15:26.686+0000] {processor.py:829} INFO - Processing file /opt/airflow/dags/dag.py for tasks to queue
[2026-02-28T11:15:26.687+0000] {logging_mixin.py:151} INFO - [2026-02-28T11:15:26.687+0000] {dagbag.py:539} INFO - Filling up the DagBag from /opt/airflow/dags/dag.py
[2026-02-28T11:15:27.000+0000] {processor.py:839} INFO - DAG(s) dict_keys(['pagination_dag']) retrieved from /opt/airflow/dags/dag.py
[2026-02-28T11:15:27.028+0000] {logging_mixin.py:151} INFO - [2026-02-28T11:15:27.027+0000] {dag.py:2915} INFO - Sync 1 DAGs
[2026-02-28T11:15:27.043+0000] {logging_mixin.py:151} INFO - [2026-02-28T11:15:27.042+0000] {dag.py:3696} INFO - Setting next_dagrun for pagination_dag to None, run_after=None
[2026-02-28T11:15:27.070+0000] {processor.py:179} INFO - Processing /opt/airflow/dags/dag.py took 0.389 seconds
[2026-02-28T11:15:57.302+0000] {processor.py:157} INFO - Started process (PID=3753) to work on /opt/airflow/dags/dag.py
[2026-02-28T11:15:57.303+0000] {processor.py:829} INFO - Processing file /opt/airflow/dags/dag.py for tasks to queue
[2026-02-28T11:15:57.304+0000] {logging_mixin.py:151} INFO - [2026-02-28T11:15:57.304+0000] {dagbag.py:539} INFO - Filling up the DagBag from /opt/airflow/dags/dag.py
[2026-02-28T11:15:57.623+0000] {processor.py:839} INFO - DAG(s) dict_keys(['pagination_dag']) retrieved from /opt/airflow/dags/dag.py
[2026-02-28T11:15:57.654+0000] {logging_mixin.py:151} INFO - [2026-02-28T11:15:57.653+0000] {dag.py:2915} INFO - Sync 1 DAGs
[2026-02-28T11:15:57.670+0000] {logging_mixin.py:151} INFO - [2026-02-28T11:15:57.670+0000] {dag.py:3696} INFO - Setting next_dagrun for pagination_dag to None, run_after=None
[2026-02-28T11:15:57.694+0000] {processor.py:179} INFO - Processing /opt/airflow/dags/dag.py took 0.395 seconds
[2026-02-28T11:16:27.930+0000] {processor.py:157} INFO - Started process (PID=3765) to work on /opt/airflow/dags/dag.py
[2026-02-28T11:16:27.931+0000] {processor.py:829} INFO - Processing file /opt/airflow/dags/dag.py for tasks to queue
[2026-02-28T11:16:27.932+0000] {logging_mixin.py:151} INFO - [2026-02-28T11:16:27.932+0000] {dagbag.py:539} INFO - Filling up the DagBag from /opt/airflow/dags/dag.py
[2026-02-28T11:16:28.246+0000] {processor.py:839} INFO - DAG(s) dict_keys(['pagination_dag']) retrieved from /opt/airflow/dags/dag.py
[2026-02-28T11:16:28.273+0000] {logging_mixin.py:151} INFO - [2026-02-28T11:16:28.272+0000] {dag.py:2915} INFO - Sync 1 DAGs
[2026-02-28T11:16:28.287+0000] {logging_mixin.py:151} INFO - [2026-02-28T11:16:28.287+0000] {dag.py:3696} INFO - Setting next_dagrun for pagination_dag to None, run_after=None
[2026-02-28T11:16:28.314+0000] {processor.py:179} INFO - Processing /opt/airflow/dags/dag.py took 0.386 seconds
[2026-02-28T11:16:58.518+0000] {processor.py:157} INFO - Started process (PID=3777) to work on /opt/airflow/dags/dag.py
[2026-02-28T11:16:58.519+0000] {processor.py:829} INFO - Processing file /opt/airflow/dags/dag.py for tasks to queue
[2026-02-28T11:16:58.520+0000] {logging_mixin.py:151} INFO - [2026-02-28T11:16:58.520+0000] {dagbag.py:539} INFO - Filling up the DagBag from /opt/airflow/dags/dag.py
[2026-02-28T11:16:58.827+0000] {processor.py:839} INFO - DAG(s) dict_keys(['pagination_dag']) retrieved from /opt/airflow/dags/dag.py
[2026-02-28T11:16:58.864+0000] {logging_mixin.py:151} INFO - [2026-02-28T11:16:58.863+0000] {dag.py:2915} INFO - Sync 1 DAGs
[2026-02-28T11:16:58.879+0000] {logging_mixin.py:151} INFO - [2026-02-28T11:16:58.879+0000] {dag.py:3696} INFO - Setting next_dagrun for pagination_dag to None, run_after=None
[2026-02-28T11:16:58.901+0000] {processor.py:179} INFO - Processing /opt/airflow/dags/dag.py took 0.386 seconds
[2026-02-28T11:17:29.144+0000] {processor.py:157} INFO - Started process (PID=3789) to work on /opt/airflow/dags/dag.py
[2026-02-28T11:17:29.145+0000] {processor.py:829} INFO - Processing file /opt/airflow/dags/dag.py for tasks to queue
[2026-02-28T11:17:29.146+0000] {logging_mixin.py:151} INFO - [2026-02-28T11:17:29.146+0000] {dagbag.py:539} INFO - Filling up the DagBag from /opt/airflow/dags/dag.py
[2026-02-28T11:17:29.449+0000] {processor.py:839} INFO - DAG(s) dict_keys(['pagination_dag']) retrieved from /opt/airflow/dags/dag.py
[2026-02-28T11:17:29.476+0000] {logging_mixin.py:151} INFO - [2026-02-28T11:17:29.476+0000] {dag.py:2915} INFO - Sync 1 DAGs
[2026-02-28T11:17:29.488+0000] {logging_mixin.py:151} INFO - [2026-02-28T11:17:29.488+0000] {dag.py:3696} INFO - Setting next_dagrun for pagination_dag to None, run_after=None
[2026-02-28T11:17:29.516+0000] {processor.py:179} INFO - Processing /opt/airflow/dags/dag.py took 0.375 seconds
[2026-02-28T11:17:59.743+0000] {processor.py:157} INFO - Started process (PID=3801) to work on /opt/airflow/dags/dag.py
[2026-02-28T11:17:59.744+0000] {processor.py:829} INFO - Processing file /opt/airflow/dags/dag.py for tasks to queue
[2026-02-28T11:17:59.745+0000] {logging_mixin.py:151} INFO - [2026-02-28T11:17:59.745+0000] {dagbag.py:539} INFO - Filling up the DagBag from /opt/airflow/dags/dag.py
[2026-02-28T11:18:00.047+0000] {processor.py:839} INFO - DAG(s) dict_keys(['pagination_dag']) retrieved from /opt/airflow/dags/dag.py
[2026-02-28T11:18:00.072+0000] {logging_mixin.py:151} INFO - [2026-02-28T11:18:00.071+0000] {dag.py:2915} INFO - Sync 1 DAGs
[2026-02-28T11:18:00.084+0000] {logging_mixin.py:151} INFO - [2026-02-28T11:18:00.084+0000] {dag.py:3696} INFO - Setting next_dagrun for pagination_dag to None, run_after=None
[2026-02-28T11:18:00.112+0000] {processor.py:179} INFO - Processing /opt/airflow/dags/dag.py took 0.371 seconds
[2026-02-28T11:18:30.344+0000] {processor.py:157} INFO - Started process (PID=3813) to work on /opt/airflow/dags/dag.py
[2026-02-28T11:18:30.345+0000] {processor.py:829} INFO - Processing file /opt/airflow/dags/dag.py for tasks to queue
[2026-02-28T11:18:30.346+0000] {logging_mixin.py:151} INFO - [2026-02-28T11:18:30.345+0000] {dagbag.py:539} INFO - Filling up the DagBag from /opt/airflow/dags/dag.py
[2026-02-28T11:18:30.641+0000] {processor.py:839} INFO - DAG(s) dict_keys(['pagination_dag']) retrieved from /opt/airflow/dags/dag.py
[2026-02-28T11:18:30.666+0000] {logging_mixin.py:151} INFO - [2026-02-28T11:18:30.665+0000] {dag.py:2915} INFO - Sync 1 DAGs
[2026-02-28T11:18:30.680+0000] {logging_mixin.py:151} INFO - [2026-02-28T11:18:30.680+0000] {dag.py:3696} INFO - Setting next_dagrun for pagination_dag to None, run_after=None
[2026-02-28T11:18:30.707+0000] {processor.py:179} INFO - Processing /opt/airflow/dags/dag.py took 0.366 seconds
[2026-02-28T11:19:00.928+0000] {processor.py:157} INFO - Started process (PID=3825) to work on /opt/airflow/dags/dag.py
[2026-02-28T11:19:00.929+0000] {processor.py:829} INFO - Processing file /opt/airflow/dags/dag.py for tasks to queue
[2026-02-28T11:19:00.933+0000] {logging_mixin.py:151} INFO - [2026-02-28T11:19:00.930+0000] {dagbag.py:539} INFO - Filling up the DagBag from /opt/airflow/dags/dag.py
[2026-02-28T11:19:01.248+0000] {processor.py:839} INFO - DAG(s) dict_keys(['pagination_dag']) retrieved from /opt/airflow/dags/dag.py
[2026-02-28T11:19:01.281+0000] {logging_mixin.py:151} INFO - [2026-02-28T11:19:01.281+0000] {dag.py:2915} INFO - Sync 1 DAGs
[2026-02-28T11:19:01.294+0000] {logging_mixin.py:151} INFO - [2026-02-28T11:19:01.294+0000] {dag.py:3696} INFO - Setting next_dagrun for pagination_dag to None, run_after=None
[2026-02-28T11:19:01.322+0000] {processor.py:179} INFO - Processing /opt/airflow/dags/dag.py took 0.397 seconds
[2026-02-28T11:19:31.563+0000] {processor.py:157} INFO - Started process (PID=3837) to work on /opt/airflow/dags/dag.py
[2026-02-28T11:19:31.564+0000] {processor.py:829} INFO - Processing file /opt/airflow/dags/dag.py for tasks to queue
[2026-02-28T11:19:31.565+0000] {logging_mixin.py:151} INFO - [2026-02-28T11:19:31.565+0000] {dagbag.py:539} INFO - Filling up the DagBag from /opt/airflow/dags/dag.py
[2026-02-28T11:19:31.859+0000] {processor.py:839} INFO - DAG(s) dict_keys(['pagination_dag']) retrieved from /opt/airflow/dags/dag.py
[2026-02-28T11:19:31.887+0000] {logging_mixin.py:151} INFO - [2026-02-28T11:19:31.886+0000] {dag.py:2915} INFO - Sync 1 DAGs
[2026-02-28T11:19:31.900+0000] {logging_mixin.py:151} INFO - [2026-02-28T11:19:31.900+0000] {dag.py:3696} INFO - Setting next_dagrun for pagination_dag to None, run_after=None
[2026-02-28T11:19:31.928+0000] {processor.py:179} INFO - Processing /opt/airflow/dags/dag.py took 0.369 seconds
[2026-02-28T11:20:02.191+0000] {processor.py:157} INFO - Started process (PID=3849) to work on /opt/airflow/dags/dag.py
[2026-02-28T11:20:02.191+0000] {processor.py:829} INFO - Processing file /opt/airflow/dags/dag.py for tasks to queue
[2026-02-28T11:20:02.192+0000] {logging_mixin.py:151} INFO - [2026-02-28T11:20:02.192+0000] {dagbag.py:539} INFO - Filling up the DagBag from /opt/airflow/dags/dag.py
[2026-02-28T11:20:02.490+0000] {processor.py:839} INFO - DAG(s) dict_keys(['pagination_dag']) retrieved from /opt/airflow/dags/dag.py
[2026-02-28T11:20:02.519+0000] {logging_mixin.py:151} INFO - [2026-02-28T11:20:02.518+0000] {dag.py:2915} INFO - Sync 1 DAGs
[2026-02-28T11:20:02.530+0000] {logging_mixin.py:151} INFO - [2026-02-28T11:20:02.530+0000] {dag.py:3696} INFO - Setting next_dagrun for pagination_dag to None, run_after=None
[2026-02-28T11:20:02.557+0000] {processor.py:179} INFO - Processing /opt/airflow/dags/dag.py took 0.369 seconds
[2026-02-28T11:20:32.803+0000] {processor.py:157} INFO - Started process (PID=3861) to work on /opt/airflow/dags/dag.py
[2026-02-28T11:20:32.804+0000] {processor.py:829} INFO - Processing file /opt/airflow/dags/dag.py for tasks to queue
[2026-02-28T11:20:32.805+0000] {logging_mixin.py:151} INFO - [2026-02-28T11:20:32.805+0000] {dagbag.py:539} INFO - Filling up the DagBag from /opt/airflow/dags/dag.py
[2026-02-28T11:20:33.123+0000] {processor.py:839} INFO - DAG(s) dict_keys(['pagination_dag']) retrieved from /opt/airflow/dags/dag.py
[2026-02-28T11:20:33.152+0000] {logging_mixin.py:151} INFO - [2026-02-28T11:20:33.152+0000] {dag.py:2915} INFO - Sync 1 DAGs
[2026-02-28T11:20:33.169+0000] {logging_mixin.py:151} INFO - [2026-02-28T11:20:33.168+0000] {dag.py:3696} INFO - Setting next_dagrun for pagination_dag to None, run_after=None
[2026-02-28T11:20:33.192+0000] {processor.py:179} INFO - Processing /opt/airflow/dags/dag.py took 0.393 seconds
[2026-02-28T11:21:03.434+0000] {processor.py:157} INFO - Started process (PID=3873) to work on /opt/airflow/dags/dag.py
[2026-02-28T11:21:03.435+0000] {processor.py:829} INFO - Processing file /opt/airflow/dags/dag.py for tasks to queue
[2026-02-28T11:21:03.436+0000] {logging_mixin.py:151} INFO - [2026-02-28T11:21:03.435+0000] {dagbag.py:539} INFO - Filling up the DagBag from /opt/airflow/dags/dag.py
[2026-02-28T11:21:03.737+0000] {processor.py:839} INFO - DAG(s) dict_keys(['pagination_dag']) retrieved from /opt/airflow/dags/dag.py
[2026-02-28T11:21:03.765+0000] {logging_mixin.py:151} INFO - [2026-02-28T11:21:03.765+0000] {dag.py:2915} INFO - Sync 1 DAGs
[2026-02-28T11:21:03.786+0000] {logging_mixin.py:151} INFO - [2026-02-28T11:21:03.785+0000] {dag.py:3696} INFO - Setting next_dagrun for pagination_dag to None, run_after=None
[2026-02-28T11:21:03.807+0000] {processor.py:179} INFO - Processing /opt/airflow/dags/dag.py took 0.376 seconds
[2026-02-28T11:21:34.034+0000] {processor.py:157} INFO - Started process (PID=3885) to work on /opt/airflow/dags/dag.py
[2026-02-28T11:21:34.035+0000] {processor.py:829} INFO - Processing file /opt/airflow/dags/dag.py for tasks to queue
[2026-02-28T11:21:34.036+0000] {logging_mixin.py:151} INFO - [2026-02-28T11:21:34.035+0000] {dagbag.py:539} INFO - Filling up the DagBag from /opt/airflow/dags/dag.py
[2026-02-28T11:21:34.333+0000] {processor.py:839} INFO - DAG(s) dict_keys(['pagination_dag']) retrieved from /opt/airflow/dags/dag.py
[2026-02-28T11:21:34.367+0000] {logging_mixin.py:151} INFO - [2026-02-28T11:21:34.366+0000] {dag.py:2915} INFO - Sync 1 DAGs
[2026-02-28T11:21:34.379+0000] {logging_mixin.py:151} INFO - [2026-02-28T11:21:34.378+0000] {dag.py:3696} INFO - Setting next_dagrun for pagination_dag to None, run_after=None
[2026-02-28T11:21:34.402+0000] {processor.py:179} INFO - Processing /opt/airflow/dags/dag.py took 0.371 seconds
[2026-02-28T11:22:04.648+0000] {processor.py:157} INFO - Started process (PID=3897) to work on /opt/airflow/dags/dag.py
[2026-02-28T11:22:04.650+0000] {processor.py:829} INFO - Processing file /opt/airflow/dags/dag.py for tasks to queue
[2026-02-28T11:22:04.651+0000] {logging_mixin.py:151} INFO - [2026-02-28T11:22:04.650+0000] {dagbag.py:539} INFO - Filling up the DagBag from /opt/airflow/dags/dag.py
[2026-02-28T11:22:04.952+0000] {processor.py:839} INFO - DAG(s) dict_keys(['pagination_dag']) retrieved from /opt/airflow/dags/dag.py
[2026-02-28T11:22:04.981+0000] {logging_mixin.py:151} INFO - [2026-02-28T11:22:04.981+0000] {dag.py:2915} INFO - Sync 1 DAGs
[2026-02-28T11:22:05.005+0000] {logging_mixin.py:151} INFO - [2026-02-28T11:22:05.005+0000] {dag.py:3696} INFO - Setting next_dagrun for pagination_dag to None, run_after=None
[2026-02-28T11:22:05.030+0000] {processor.py:179} INFO - Processing /opt/airflow/dags/dag.py took 0.384 seconds
[2026-02-28T11:22:35.267+0000] {processor.py:157} INFO - Started process (PID=3909) to work on /opt/airflow/dags/dag.py
[2026-02-28T11:22:35.268+0000] {processor.py:829} INFO - Processing file /opt/airflow/dags/dag.py for tasks to queue
[2026-02-28T11:22:35.269+0000] {logging_mixin.py:151} INFO - [2026-02-28T11:22:35.269+0000] {dagbag.py:539} INFO - Filling up the DagBag from /opt/airflow/dags/dag.py
[2026-02-28T11:22:35.630+0000] {processor.py:839} INFO - DAG(s) dict_keys(['pagination_dag']) retrieved from /opt/airflow/dags/dag.py
[2026-02-28T11:22:35.662+0000] {logging_mixin.py:151} INFO - [2026-02-28T11:22:35.662+0000] {dag.py:2915} INFO - Sync 1 DAGs
[2026-02-28T11:22:35.675+0000] {logging_mixin.py:151} INFO - [2026-02-28T11:22:35.675+0000] {dag.py:3696} INFO - Setting next_dagrun for pagination_dag to None, run_after=None
[2026-02-28T11:22:35.697+0000] {processor.py:179} INFO - Processing /opt/airflow/dags/dag.py took 0.433 seconds
[2026-02-28T11:23:05.923+0000] {processor.py:157} INFO - Started process (PID=3921) to work on /opt/airflow/dags/dag.py
[2026-02-28T11:23:05.927+0000] {processor.py:829} INFO - Processing file /opt/airflow/dags/dag.py for tasks to queue
[2026-02-28T11:23:05.928+0000] {logging_mixin.py:151} INFO - [2026-02-28T11:23:05.928+0000] {dagbag.py:539} INFO - Filling up the DagBag from /opt/airflow/dags/dag.py
[2026-02-28T11:23:06.247+0000] {processor.py:839} INFO - DAG(s) dict_keys(['pagination_dag']) retrieved from /opt/airflow/dags/dag.py
[2026-02-28T11:23:06.276+0000] {logging_mixin.py:151} INFO - [2026-02-28T11:23:06.275+0000] {dag.py:2915} INFO - Sync 1 DAGs
[2026-02-28T11:23:06.288+0000] {logging_mixin.py:151} INFO - [2026-02-28T11:23:06.288+0000] {dag.py:3696} INFO - Setting next_dagrun for pagination_dag to None, run_after=None
[2026-02-28T11:23:06.315+0000] {processor.py:179} INFO - Processing /opt/airflow/dags/dag.py took 0.395 seconds
[2026-02-28T11:23:36.552+0000] {processor.py:157} INFO - Started process (PID=3933) to work on /opt/airflow/dags/dag.py
[2026-02-28T11:23:36.553+0000] {processor.py:829} INFO - Processing file /opt/airflow/dags/dag.py for tasks to queue
[2026-02-28T11:23:36.554+0000] {logging_mixin.py:151} INFO - [2026-02-28T11:23:36.554+0000] {dagbag.py:539} INFO - Filling up the DagBag from /opt/airflow/dags/dag.py
[2026-02-28T11:23:36.864+0000] {processor.py:839} INFO - DAG(s) dict_keys(['pagination_dag']) retrieved from /opt/airflow/dags/dag.py
[2026-02-28T11:23:36.890+0000] {logging_mixin.py:151} INFO - [2026-02-28T11:23:36.890+0000] {dag.py:2915} INFO - Sync 1 DAGs
[2026-02-28T11:23:36.903+0000] {logging_mixin.py:151} INFO - [2026-02-28T11:23:36.903+0000] {dag.py:3696} INFO - Setting next_dagrun for pagination_dag to None, run_after=None
[2026-02-28T11:23:36.927+0000] {processor.py:179} INFO - Processing /opt/airflow/dags/dag.py took 0.380 seconds
[2026-02-28T11:24:07.170+0000] {processor.py:157} INFO - Started process (PID=3945) to work on /opt/airflow/dags/dag.py
[2026-02-28T11:24:07.171+0000] {processor.py:829} INFO - Processing file /opt/airflow/dags/dag.py for tasks to queue
[2026-02-28T11:24:07.172+0000] {logging_mixin.py:151} INFO - [2026-02-28T11:24:07.171+0000] {dagbag.py:539} INFO - Filling up the DagBag from /opt/airflow/dags/dag.py
[2026-02-28T11:24:07.493+0000] {processor.py:839} INFO - DAG(s) dict_keys(['pagination_dag']) retrieved from /opt/airflow/dags/dag.py
[2026-02-28T11:24:07.531+0000] {logging_mixin.py:151} INFO - [2026-02-28T11:24:07.531+0000] {dag.py:2915} INFO - Sync 1 DAGs
[2026-02-28T11:24:07.544+0000] {logging_mixin.py:151} INFO - [2026-02-28T11:24:07.543+0000] {dag.py:3696} INFO - Setting next_dagrun for pagination_dag to None, run_after=None
[2026-02-28T11:24:07.584+0000] {processor.py:179} INFO - Processing /opt/airflow/dags/dag.py took 0.417 seconds
[2026-02-28T11:24:37.863+0000] {processor.py:157} INFO - Started process (PID=3957) to work on /opt/airflow/dags/dag.py
[2026-02-28T11:24:37.864+0000] {processor.py:829} INFO - Processing file /opt/airflow/dags/dag.py for tasks to queue
[2026-02-28T11:24:37.865+0000] {logging_mixin.py:151} INFO - [2026-02-28T11:24:37.865+0000] {dagbag.py:539} INFO - Filling up the DagBag from /opt/airflow/dags/dag.py
[2026-02-28T11:24:38.191+0000] {processor.py:839} INFO - DAG(s) dict_keys(['pagination_dag']) retrieved from /opt/airflow/dags/dag.py
[2026-02-28T11:24:38.236+0000] {logging_mixin.py:151} INFO - [2026-02-28T11:24:38.236+0000] {dag.py:2915} INFO - Sync 1 DAGs
[2026-02-28T11:24:38.250+0000] {logging_mixin.py:151} INFO - [2026-02-28T11:24:38.250+0000] {dag.py:3696} INFO - Setting next_dagrun for pagination_dag to None, run_after=None
[2026-02-28T11:24:38.275+0000] {processor.py:179} INFO - Processing /opt/airflow/dags/dag.py took 0.415 seconds
[2026-02-28T11:25:08.520+0000] {processor.py:157} INFO - Started process (PID=3969) to work on /opt/airflow/dags/dag.py
[2026-02-28T11:25:08.521+0000] {processor.py:829} INFO - Processing file /opt/airflow/dags/dag.py for tasks to queue
[2026-02-28T11:25:08.522+0000] {logging_mixin.py:151} INFO - [2026-02-28T11:25:08.522+0000] {dagbag.py:539} INFO - Filling up the DagBag from /opt/airflow/dags/dag.py
[2026-02-28T11:25:08.822+0000] {processor.py:839} INFO - DAG(s) dict_keys(['pagination_dag']) retrieved from /opt/airflow/dags/dag.py
[2026-02-28T11:25:08.855+0000] {logging_mixin.py:151} INFO - [2026-02-28T11:25:08.854+0000] {dag.py:2915} INFO - Sync 1 DAGs
[2026-02-28T11:25:08.876+0000] {logging_mixin.py:151} INFO - [2026-02-28T11:25:08.876+0000] {dag.py:3696} INFO - Setting next_dagrun for pagination_dag to None, run_after=None
[2026-02-28T11:25:08.897+0000] {processor.py:179} INFO - Processing /opt/airflow/dags/dag.py took 0.380 seconds
[2026-02-28T11:25:39.125+0000] {processor.py:157} INFO - Started process (PID=3981) to work on /opt/airflow/dags/dag.py
[2026-02-28T11:25:39.126+0000] {processor.py:829} INFO - Processing file /opt/airflow/dags/dag.py for tasks to queue
[2026-02-28T11:25:39.127+0000] {logging_mixin.py:151} INFO - [2026-02-28T11:25:39.127+0000] {dagbag.py:539} INFO - Filling up the DagBag from /opt/airflow/dags/dag.py
[2026-02-28T11:25:39.427+0000] {processor.py:839} INFO - DAG(s) dict_keys(['pagination_dag']) retrieved from /opt/airflow/dags/dag.py
[2026-02-28T11:25:39.461+0000] {logging_mixin.py:151} INFO - [2026-02-28T11:25:39.460+0000] {dag.py:2915} INFO - Sync 1 DAGs
[2026-02-28T11:25:39.478+0000] {logging_mixin.py:151} INFO - [2026-02-28T11:25:39.477+0000] {dag.py:3696} INFO - Setting next_dagrun for pagination_dag to None, run_after=None
[2026-02-28T11:25:39.502+0000] {processor.py:179} INFO - Processing /opt/airflow/dags/dag.py took 0.379 seconds
[2026-02-28T11:26:09.743+0000] {processor.py:157} INFO - Started process (PID=3993) to work on /opt/airflow/dags/dag.py
[2026-02-28T11:26:09.744+0000] {processor.py:829} INFO - Processing file /opt/airflow/dags/dag.py for tasks to queue
[2026-02-28T11:26:09.745+0000] {logging_mixin.py:151} INFO - [2026-02-28T11:26:09.745+0000] {dagbag.py:539} INFO - Filling up the DagBag from /opt/airflow/dags/dag.py
[2026-02-28T11:26:10.044+0000] {processor.py:839} INFO - DAG(s) dict_keys(['pagination_dag']) retrieved from /opt/airflow/dags/dag.py
[2026-02-28T11:26:10.073+0000] {logging_mixin.py:151} INFO - [2026-02-28T11:26:10.073+0000] {dag.py:2915} INFO - Sync 1 DAGs
[2026-02-28T11:26:10.086+0000] {logging_mixin.py:151} INFO - [2026-02-28T11:26:10.085+0000] {dag.py:3696} INFO - Setting next_dagrun for pagination_dag to None, run_after=None
[2026-02-28T11:26:10.117+0000] {processor.py:179} INFO - Processing /opt/airflow/dags/dag.py took 0.376 seconds
[2026-02-28T11:26:40.369+0000] {processor.py:157} INFO - Started process (PID=4005) to work on /opt/airflow/dags/dag.py
[2026-02-28T11:26:40.370+0000] {processor.py:829} INFO - Processing file /opt/airflow/dags/dag.py for tasks to queue
[2026-02-28T11:26:40.377+0000] {logging_mixin.py:151} INFO - [2026-02-28T11:26:40.375+0000] {dagbag.py:539} INFO - Filling up the DagBag from /opt/airflow/dags/dag.py
[2026-02-28T11:26:40.703+0000] {processor.py:839} INFO - DAG(s) dict_keys(['pagination_dag']) retrieved from /opt/airflow/dags/dag.py
[2026-02-28T11:26:40.732+0000] {logging_mixin.py:151} INFO - [2026-02-28T11:26:40.731+0000] {dag.py:2915} INFO - Sync 1 DAGs
[2026-02-28T11:26:40.744+0000] {logging_mixin.py:151} INFO - [2026-02-28T11:26:40.743+0000] {dag.py:3696} INFO - Setting next_dagrun for pagination_dag to None, run_after=None
[2026-02-28T11:26:40.770+0000] {processor.py:179} INFO - Processing /opt/airflow/dags/dag.py took 0.407 seconds
[2026-02-28T11:27:11.004+0000] {processor.py:157} INFO - Started process (PID=4017) to work on /opt/airflow/dags/dag.py
[2026-02-28T11:27:11.005+0000] {processor.py:829} INFO - Processing file /opt/airflow/dags/dag.py for tasks to queue
[2026-02-28T11:27:11.006+0000] {logging_mixin.py:151} INFO - [2026-02-28T11:27:11.005+0000] {dagbag.py:539} INFO - Filling up the DagBag from /opt/airflow/dags/dag.py
[2026-02-28T11:27:11.304+0000] {processor.py:839} INFO - DAG(s) dict_keys(['pagination_dag']) retrieved from /opt/airflow/dags/dag.py
[2026-02-28T11:27:11.332+0000] {logging_mixin.py:151} INFO - [2026-02-28T11:27:11.332+0000] {dag.py:2915} INFO - Sync 1 DAGs
[2026-02-28T11:27:11.345+0000] {logging_mixin.py:151} INFO - [2026-02-28T11:27:11.344+0000] {dag.py:3696} INFO - Setting next_dagrun for pagination_dag to None, run_after=None
[2026-02-28T11:27:11.375+0000] {processor.py:179} INFO - Processing /opt/airflow/dags/dag.py took 0.375 seconds
[2026-02-28T11:27:41.610+0000] {processor.py:157} INFO - Started process (PID=4029) to work on /opt/airflow/dags/dag.py
[2026-02-28T11:27:41.612+0000] {processor.py:829} INFO - Processing file /opt/airflow/dags/dag.py for tasks to queue
[2026-02-28T11:27:41.615+0000] {logging_mixin.py:151} INFO - [2026-02-28T11:27:41.614+0000] {dagbag.py:539} INFO - Filling up the DagBag from /opt/airflow/dags/dag.py
[2026-02-28T11:27:41.931+0000] {processor.py:839} INFO - DAG(s) dict_keys(['pagination_dag']) retrieved from /opt/airflow/dags/dag.py
[2026-02-28T11:27:41.958+0000] {logging_mixin.py:151} INFO - [2026-02-28T11:27:41.957+0000] {dag.py:2915} INFO - Sync 1 DAGs
[2026-02-28T11:27:41.971+0000] {logging_mixin.py:151} INFO - [2026-02-28T11:27:41.971+0000] {dag.py:3696} INFO - Setting next_dagrun for pagination_dag to None, run_after=None
[2026-02-28T11:27:41.996+0000] {processor.py:179} INFO - Processing /opt/airflow/dags/dag.py took 0.392 seconds
[2026-02-28T11:28:12.232+0000] {processor.py:157} INFO - Started process (PID=4041) to work on /opt/airflow/dags/dag.py
[2026-02-28T11:28:12.233+0000] {processor.py:829} INFO - Processing file /opt/airflow/dags/dag.py for tasks to queue
[2026-02-28T11:28:12.234+0000] {logging_mixin.py:151} INFO - [2026-02-28T11:28:12.233+0000] {dagbag.py:539} INFO - Filling up the DagBag from /opt/airflow/dags/dag.py
[2026-02-28T11:28:12.551+0000] {processor.py:839} INFO - DAG(s) dict_keys(['pagination_dag']) retrieved from /opt/airflow/dags/dag.py
[2026-02-28T11:28:12.586+0000] {logging_mixin.py:151} INFO - [2026-02-28T11:28:12.586+0000] {dag.py:2915} INFO - Sync 1 DAGs
[2026-02-28T11:28:12.598+0000] {logging_mixin.py:151} INFO - [2026-02-28T11:28:12.598+0000] {dag.py:3696} INFO - Setting next_dagrun for pagination_dag to None, run_after=None
[2026-02-28T11:28:12.620+0000] {processor.py:179} INFO - Processing /opt/airflow/dags/dag.py took 0.391 seconds
[2026-02-28T11:28:42.859+0000] {processor.py:157} INFO - Started process (PID=4053) to work on /opt/airflow/dags/dag.py
[2026-02-28T11:28:42.860+0000] {processor.py:829} INFO - Processing file /opt/airflow/dags/dag.py for tasks to queue
[2026-02-28T11:28:42.861+0000] {logging_mixin.py:151} INFO - [2026-02-28T11:28:42.860+0000] {dagbag.py:539} INFO - Filling up the DagBag from /opt/airflow/dags/dag.py
[2026-02-28T11:28:43.162+0000] {processor.py:839} INFO - DAG(s) dict_keys(['pagination_dag']) retrieved from /opt/airflow/dags/dag.py
[2026-02-28T11:28:43.190+0000] {logging_mixin.py:151} INFO - [2026-02-28T11:28:43.190+0000] {dag.py:2915} INFO - Sync 1 DAGs
[2026-02-28T11:28:43.206+0000] {logging_mixin.py:151} INFO - [2026-02-28T11:28:43.206+0000] {dag.py:3696} INFO - Setting next_dagrun for pagination_dag to None, run_after=None
[2026-02-28T11:28:43.232+0000] {processor.py:179} INFO - Processing /opt/airflow/dags/dag.py took 0.376 seconds
[2026-02-28T11:29:13.467+0000] {processor.py:157} INFO - Started process (PID=4065) to work on /opt/airflow/dags/dag.py
[2026-02-28T11:29:13.468+0000] {processor.py:829} INFO - Processing file /opt/airflow/dags/dag.py for tasks to queue
[2026-02-28T11:29:13.469+0000] {logging_mixin.py:151} INFO - [2026-02-28T11:29:13.469+0000] {dagbag.py:539} INFO - Filling up the DagBag from /opt/airflow/dags/dag.py
[2026-02-28T11:29:13.782+0000] {processor.py:839} INFO - DAG(s) dict_keys(['pagination_dag']) retrieved from /opt/airflow/dags/dag.py
[2026-02-28T11:29:13.810+0000] {logging_mixin.py:151} INFO - [2026-02-28T11:29:13.810+0000] {dag.py:2915} INFO - Sync 1 DAGs
[2026-02-28T11:29:13.823+0000] {logging_mixin.py:151} INFO - [2026-02-28T11:29:13.822+0000] {dag.py:3696} INFO - Setting next_dagrun for pagination_dag to None, run_after=None
[2026-02-28T11:29:13.853+0000] {processor.py:179} INFO - Processing /opt/airflow/dags/dag.py took 0.390 seconds
[2026-02-28T11:29:44.116+0000] {processor.py:157} INFO - Started process (PID=4077) to work on /opt/airflow/dags/dag.py
[2026-02-28T11:29:44.117+0000] {processor.py:829} INFO - Processing file /opt/airflow/dags/dag.py for tasks to queue
[2026-02-28T11:29:44.118+0000] {logging_mixin.py:151} INFO - [2026-02-28T11:29:44.118+0000] {dagbag.py:539} INFO - Filling up the DagBag from /opt/airflow/dags/dag.py
[2026-02-28T11:29:44.421+0000] {processor.py:839} INFO - DAG(s) dict_keys(['pagination_dag']) retrieved from /opt/airflow/dags/dag.py
[2026-02-28T11:29:44.449+0000] {logging_mixin.py:151} INFO - [2026-02-28T11:29:44.448+0000] {dag.py:2915} INFO - Sync 1 DAGs
[2026-02-28T11:29:44.463+0000] {logging_mixin.py:151} INFO - [2026-02-28T11:29:44.462+0000] {dag.py:3696} INFO - Setting next_dagrun for pagination_dag to None, run_after=None
[2026-02-28T11:29:44.490+0000] {processor.py:179} INFO - Processing /opt/airflow/dags/dag.py took 0.377 seconds
[2026-02-28T11:30:14.732+0000] {processor.py:157} INFO - Started process (PID=4089) to work on /opt/airflow/dags/dag.py
[2026-02-28T11:30:14.734+0000] {processor.py:829} INFO - Processing file /opt/airflow/dags/dag.py for tasks to queue
[2026-02-28T11:30:14.735+0000] {logging_mixin.py:151} INFO - [2026-02-28T11:30:14.734+0000] {dagbag.py:539} INFO - Filling up the DagBag from /opt/airflow/dags/dag.py
[2026-02-28T11:30:15.046+0000] {processor.py:839} INFO - DAG(s) dict_keys(['pagination_dag']) retrieved from /opt/airflow/dags/dag.py
[2026-02-28T11:30:15.076+0000] {logging_mixin.py:151} INFO - [2026-02-28T11:30:15.075+0000] {dag.py:2915} INFO - Sync 1 DAGs
[2026-02-28T11:30:15.089+0000] {logging_mixin.py:151} INFO - [2026-02-28T11:30:15.089+0000] {dag.py:3696} INFO - Setting next_dagrun for pagination_dag to None, run_after=None
[2026-02-28T11:30:15.117+0000] {processor.py:179} INFO - Processing /opt/airflow/dags/dag.py took 0.387 seconds
[2026-02-28T11:30:45.319+0000] {processor.py:157} INFO - Started process (PID=4101) to work on /opt/airflow/dags/dag.py
[2026-02-28T11:30:45.321+0000] {processor.py:829} INFO - Processing file /opt/airflow/dags/dag.py for tasks to queue
[2026-02-28T11:30:45.322+0000] {logging_mixin.py:151} INFO - [2026-02-28T11:30:45.321+0000] {dagbag.py:539} INFO - Filling up the DagBag from /opt/airflow/dags/dag.py
[2026-02-28T11:30:45.620+0000] {processor.py:839} INFO - DAG(s) dict_keys(['pagination_dag']) retrieved from /opt/airflow/dags/dag.py
[2026-02-28T11:30:45.656+0000] {logging_mixin.py:151} INFO - [2026-02-28T11:30:45.655+0000] {dag.py:2915} INFO - Sync 1 DAGs
[2026-02-28T11:30:45.675+0000] {logging_mixin.py:151} INFO - [2026-02-28T11:30:45.674+0000] {dag.py:3696} INFO - Setting next_dagrun for pagination_dag to None, run_after=None
[2026-02-28T11:30:45.703+0000] {processor.py:179} INFO - Processing /opt/airflow/dags/dag.py took 0.388 seconds
[2026-02-28T11:31:15.960+0000] {processor.py:157} INFO - Started process (PID=4113) to work on /opt/airflow/dags/dag.py
[2026-02-28T11:31:15.961+0000] {processor.py:829} INFO - Processing file /opt/airflow/dags/dag.py for tasks to queue
[2026-02-28T11:31:15.962+0000] {logging_mixin.py:151} INFO - [2026-02-28T11:31:15.962+0000] {dagbag.py:539} INFO - Filling up the DagBag from /opt/airflow/dags/dag.py
[2026-02-28T11:31:16.290+0000] {processor.py:839} INFO - DAG(s) dict_keys(['pagination_dag']) retrieved from /opt/airflow/dags/dag.py
[2026-02-28T11:31:16.320+0000] {logging_mixin.py:151} INFO - [2026-02-28T11:31:16.319+0000] {dag.py:2915} INFO - Sync 1 DAGs
[2026-02-28T11:31:16.333+0000] {logging_mixin.py:151} INFO - [2026-02-28T11:31:16.333+0000] {dag.py:3696} INFO - Setting next_dagrun for pagination_dag to None, run_after=None
[2026-02-28T11:31:16.364+0000] {processor.py:179} INFO - Processing /opt/airflow/dags/dag.py took 0.408 seconds
[2026-02-28T11:31:46.596+0000] {processor.py:157} INFO - Started process (PID=4125) to work on /opt/airflow/dags/dag.py
[2026-02-28T11:31:46.597+0000] {processor.py:829} INFO - Processing file /opt/airflow/dags/dag.py for tasks to queue
[2026-02-28T11:31:46.598+0000] {logging_mixin.py:151} INFO - [2026-02-28T11:31:46.598+0000] {dagbag.py:539} INFO - Filling up the DagBag from /opt/airflow/dags/dag.py
[2026-02-28T11:31:46.905+0000] {processor.py:839} INFO - DAG(s) dict_keys(['pagination_dag']) retrieved from /opt/airflow/dags/dag.py
[2026-02-28T11:31:46.942+0000] {logging_mixin.py:151} INFO - [2026-02-28T11:31:46.941+0000] {dag.py:2915} INFO - Sync 1 DAGs
[2026-02-28T11:31:46.959+0000] {logging_mixin.py:151} INFO - [2026-02-28T11:31:46.959+0000] {dag.py:3696} INFO - Setting next_dagrun for pagination_dag to None, run_after=None
[2026-02-28T11:31:46.983+0000] {processor.py:179} INFO - Processing /opt/airflow/dags/dag.py took 0.390 seconds
[2026-02-28T11:32:17.217+0000] {processor.py:157} INFO - Started process (PID=4137) to work on /opt/airflow/dags/dag.py
[2026-02-28T11:32:17.218+0000] {processor.py:829} INFO - Processing file /opt/airflow/dags/dag.py for tasks to queue
[2026-02-28T11:32:17.219+0000] {logging_mixin.py:151} INFO - [2026-02-28T11:32:17.219+0000] {dagbag.py:539} INFO - Filling up the DagBag from /opt/airflow/dags/dag.py
[2026-02-28T11:32:17.544+0000] {processor.py:839} INFO - DAG(s) dict_keys(['pagination_dag']) retrieved from /opt/airflow/dags/dag.py
[2026-02-28T11:32:17.581+0000] {logging_mixin.py:151} INFO - [2026-02-28T11:32:17.581+0000] {dag.py:2915} INFO - Sync 1 DAGs
[2026-02-28T11:32:17.594+0000] {logging_mixin.py:151} INFO - [2026-02-28T11:32:17.594+0000] {dag.py:3696} INFO - Setting next_dagrun for pagination_dag to None, run_after=None
[2026-02-28T11:32:17.627+0000] {processor.py:179} INFO - Processing /opt/airflow/dags/dag.py took 0.413 seconds
[2026-02-28T11:32:47.862+0000] {processor.py:157} INFO - Started process (PID=4149) to work on /opt/airflow/dags/dag.py
[2026-02-28T11:32:47.863+0000] {processor.py:829} INFO - Processing file /opt/airflow/dags/dag.py for tasks to queue
[2026-02-28T11:32:47.865+0000] {logging_mixin.py:151} INFO - [2026-02-28T11:32:47.864+0000] {dagbag.py:539} INFO - Filling up the DagBag from /opt/airflow/dags/dag.py
[2026-02-28T11:32:48.196+0000] {processor.py:839} INFO - DAG(s) dict_keys(['pagination_dag']) retrieved from /opt/airflow/dags/dag.py
[2026-02-28T11:32:48.230+0000] {logging_mixin.py:151} INFO - [2026-02-28T11:32:48.229+0000] {dag.py:2915} INFO - Sync 1 DAGs
[2026-02-28T11:32:48.250+0000] {logging_mixin.py:151} INFO - [2026-02-28T11:32:48.250+0000] {dag.py:3696} INFO - Setting next_dagrun for pagination_dag to None, run_after=None
[2026-02-28T11:32:48.279+0000] {processor.py:179} INFO - Processing /opt/airflow/dags/dag.py took 0.424 seconds
[2026-02-28T11:33:18.513+0000] {processor.py:157} INFO - Started process (PID=4161) to work on /opt/airflow/dags/dag.py
[2026-02-28T11:33:18.514+0000] {processor.py:829} INFO - Processing file /opt/airflow/dags/dag.py for tasks to queue
[2026-02-28T11:33:18.515+0000] {logging_mixin.py:151} INFO - [2026-02-28T11:33:18.514+0000] {dagbag.py:539} INFO - Filling up the DagBag from /opt/airflow/dags/dag.py
[2026-02-28T11:33:18.824+0000] {processor.py:839} INFO - DAG(s) dict_keys(['pagination_dag']) retrieved from /opt/airflow/dags/dag.py
[2026-02-28T11:33:18.863+0000] {logging_mixin.py:151} INFO - [2026-02-28T11:33:18.863+0000] {dag.py:2915} INFO - Sync 1 DAGs
[2026-02-28T11:33:18.876+0000] {logging_mixin.py:151} INFO - [2026-02-28T11:33:18.875+0000] {dag.py:3696} INFO - Setting next_dagrun for pagination_dag to None, run_after=None
[2026-02-28T11:33:18.904+0000] {processor.py:179} INFO - Processing /opt/airflow/dags/dag.py took 0.394 seconds
[2026-02-28T11:33:49.133+0000] {processor.py:157} INFO - Started process (PID=4173) to work on /opt/airflow/dags/dag.py
[2026-02-28T11:33:49.134+0000] {processor.py:829} INFO - Processing file /opt/airflow/dags/dag.py for tasks to queue
[2026-02-28T11:33:49.135+0000] {logging_mixin.py:151} INFO - [2026-02-28T11:33:49.134+0000] {dagbag.py:539} INFO - Filling up the DagBag from /opt/airflow/dags/dag.py
[2026-02-28T11:33:49.440+0000] {processor.py:839} INFO - DAG(s) dict_keys(['pagination_dag']) retrieved from /opt/airflow/dags/dag.py
[2026-02-28T11:33:49.478+0000] {logging_mixin.py:151} INFO - [2026-02-28T11:33:49.478+0000] {dag.py:2915} INFO - Sync 1 DAGs
[2026-02-28T11:33:49.491+0000] {logging_mixin.py:151} INFO - [2026-02-28T11:33:49.491+0000] {dag.py:3696} INFO - Setting next_dagrun for pagination_dag to None, run_after=None
[2026-02-28T11:33:49.514+0000] {processor.py:179} INFO - Processing /opt/airflow/dags/dag.py took 0.384 seconds
[2026-02-28T11:34:19.751+0000] {processor.py:157} INFO - Started process (PID=4185) to work on /opt/airflow/dags/dag.py
[2026-02-28T11:34:19.752+0000] {processor.py:829} INFO - Processing file /opt/airflow/dags/dag.py for tasks to queue
[2026-02-28T11:34:19.752+0000] {logging_mixin.py:151} INFO - [2026-02-28T11:34:19.752+0000] {dagbag.py:539} INFO - Filling up the DagBag from /opt/airflow/dags/dag.py
[2026-02-28T11:34:20.060+0000] {processor.py:839} INFO - DAG(s) dict_keys(['pagination_dag']) retrieved from /opt/airflow/dags/dag.py
[2026-02-28T11:34:20.101+0000] {logging_mixin.py:151} INFO - [2026-02-28T11:34:20.100+0000] {dag.py:2915} INFO - Sync 1 DAGs
[2026-02-28T11:34:20.114+0000] {logging_mixin.py:151} INFO - [2026-02-28T11:34:20.114+0000] {dag.py:3696} INFO - Setting next_dagrun for pagination_dag to None, run_after=None
[2026-02-28T11:34:20.135+0000] {processor.py:179} INFO - Processing /opt/airflow/dags/dag.py took 0.388 seconds
[2026-02-28T11:34:50.371+0000] {processor.py:157} INFO - Started process (PID=4197) to work on /opt/airflow/dags/dag.py
[2026-02-28T11:34:50.374+0000] {processor.py:829} INFO - Processing file /opt/airflow/dags/dag.py for tasks to queue
[2026-02-28T11:34:50.376+0000] {logging_mixin.py:151} INFO - [2026-02-28T11:34:50.375+0000] {dagbag.py:539} INFO - Filling up the DagBag from /opt/airflow/dags/dag.py
[2026-02-28T11:34:50.695+0000] {processor.py:839} INFO - DAG(s) dict_keys(['pagination_dag']) retrieved from /opt/airflow/dags/dag.py
[2026-02-28T11:34:50.723+0000] {logging_mixin.py:151} INFO - [2026-02-28T11:34:50.722+0000] {dag.py:2915} INFO - Sync 1 DAGs
[2026-02-28T11:34:50.735+0000] {logging_mixin.py:151} INFO - [2026-02-28T11:34:50.735+0000] {dag.py:3696} INFO - Setting next_dagrun for pagination_dag to None, run_after=None
[2026-02-28T11:34:50.765+0000] {processor.py:179} INFO - Processing /opt/airflow/dags/dag.py took 0.398 seconds
[2026-02-28T11:35:20.982+0000] {processor.py:157} INFO - Started process (PID=4209) to work on /opt/airflow/dags/dag.py
[2026-02-28T11:35:20.983+0000] {processor.py:829} INFO - Processing file /opt/airflow/dags/dag.py for tasks to queue
[2026-02-28T11:35:20.984+0000] {logging_mixin.py:151} INFO - [2026-02-28T11:35:20.983+0000] {dagbag.py:539} INFO - Filling up the DagBag from /opt/airflow/dags/dag.py
[2026-02-28T11:35:21.286+0000] {processor.py:839} INFO - DAG(s) dict_keys(['pagination_dag']) retrieved from /opt/airflow/dags/dag.py
[2026-02-28T11:35:21.318+0000] {logging_mixin.py:151} INFO - [2026-02-28T11:35:21.318+0000] {dag.py:2915} INFO - Sync 1 DAGs
[2026-02-28T11:35:21.332+0000] {logging_mixin.py:151} INFO - [2026-02-28T11:35:21.332+0000] {dag.py:3696} INFO - Setting next_dagrun for pagination_dag to None, run_after=None
[2026-02-28T11:35:21.355+0000] {processor.py:179} INFO - Processing /opt/airflow/dags/dag.py took 0.377 seconds
[2026-02-28T11:35:51.579+0000] {processor.py:157} INFO - Started process (PID=4221) to work on /opt/airflow/dags/dag.py
[2026-02-28T11:35:51.580+0000] {processor.py:829} INFO - Processing file /opt/airflow/dags/dag.py for tasks to queue
[2026-02-28T11:35:51.581+0000] {logging_mixin.py:151} INFO - [2026-02-28T11:35:51.580+0000] {dagbag.py:539} INFO - Filling up the DagBag from /opt/airflow/dags/dag.py
[2026-02-28T11:35:51.877+0000] {processor.py:839} INFO - DAG(s) dict_keys(['pagination_dag']) retrieved from /opt/airflow/dags/dag.py
[2026-02-28T11:35:51.911+0000] {logging_mixin.py:151} INFO - [2026-02-28T11:35:51.910+0000] {dag.py:2915} INFO - Sync 1 DAGs
[2026-02-28T11:35:51.923+0000] {logging_mixin.py:151} INFO - [2026-02-28T11:35:51.923+0000] {dag.py:3696} INFO - Setting next_dagrun for pagination_dag to None, run_after=None
[2026-02-28T11:35:51.946+0000] {processor.py:179} INFO - Processing /opt/airflow/dags/dag.py took 0.372 seconds
[2026-02-28T11:36:22.215+0000] {processor.py:157} INFO - Started process (PID=4233) to work on /opt/airflow/dags/dag.py
[2026-02-28T11:36:22.216+0000] {processor.py:829} INFO - Processing file /opt/airflow/dags/dag.py for tasks to queue
[2026-02-28T11:36:22.217+0000] {logging_mixin.py:151} INFO - [2026-02-28T11:36:22.216+0000] {dagbag.py:539} INFO - Filling up the DagBag from /opt/airflow/dags/dag.py
[2026-02-28T11:36:22.529+0000] {processor.py:839} INFO - DAG(s) dict_keys(['pagination_dag']) retrieved from /opt/airflow/dags/dag.py
[2026-02-28T11:36:22.564+0000] {logging_mixin.py:151} INFO - [2026-02-28T11:36:22.563+0000] {dag.py:2915} INFO - Sync 1 DAGs
[2026-02-28T11:36:22.576+0000] {logging_mixin.py:151} INFO - [2026-02-28T11:36:22.576+0000] {dag.py:3696} INFO - Setting next_dagrun for pagination_dag to None, run_after=None
[2026-02-28T11:36:22.598+0000] {processor.py:179} INFO - Processing /opt/airflow/dags/dag.py took 0.387 seconds
[2026-02-28T11:36:52.841+0000] {processor.py:157} INFO - Started process (PID=4245) to work on /opt/airflow/dags/dag.py
[2026-02-28T11:36:52.843+0000] {processor.py:829} INFO - Processing file /opt/airflow/dags/dag.py for tasks to queue
[2026-02-28T11:36:52.844+0000] {logging_mixin.py:151} INFO - [2026-02-28T11:36:52.843+0000] {dagbag.py:539} INFO - Filling up the DagBag from /opt/airflow/dags/dag.py
[2026-02-28T11:36:53.141+0000] {processor.py:839} INFO - DAG(s) dict_keys(['pagination_dag']) retrieved from /opt/airflow/dags/dag.py
[2026-02-28T11:36:53.169+0000] {logging_mixin.py:151} INFO - [2026-02-28T11:36:53.169+0000] {dag.py:2915} INFO - Sync 1 DAGs
[2026-02-28T11:36:53.188+0000] {logging_mixin.py:151} INFO - [2026-02-28T11:36:53.187+0000] {dag.py:3696} INFO - Setting next_dagrun for pagination_dag to None, run_after=None
[2026-02-28T11:36:53.211+0000] {processor.py:179} INFO - Processing /opt/airflow/dags/dag.py took 0.376 seconds
[2026-02-28T11:37:23.452+0000] {processor.py:157} INFO - Started process (PID=4257) to work on /opt/airflow/dags/dag.py
[2026-02-28T11:37:23.453+0000] {processor.py:829} INFO - Processing file /opt/airflow/dags/dag.py for tasks to queue
[2026-02-28T11:37:23.454+0000] {logging_mixin.py:151} INFO - [2026-02-28T11:37:23.454+0000] {dagbag.py:539} INFO - Filling up the DagBag from /opt/airflow/dags/dag.py
[2026-02-28T11:37:23.753+0000] {processor.py:839} INFO - DAG(s) dict_keys(['pagination_dag']) retrieved from /opt/airflow/dags/dag.py
[2026-02-28T11:37:23.783+0000] {logging_mixin.py:151} INFO - [2026-02-28T11:37:23.783+0000] {dag.py:2915} INFO - Sync 1 DAGs
[2026-02-28T11:37:23.795+0000] {logging_mixin.py:151} INFO - [2026-02-28T11:37:23.795+0000] {dag.py:3696} INFO - Setting next_dagrun for pagination_dag to None, run_after=None
[2026-02-28T11:37:23.825+0000] {processor.py:179} INFO - Processing /opt/airflow/dags/dag.py took 0.375 seconds
[2026-02-28T11:37:54.050+0000] {processor.py:157} INFO - Started process (PID=4269) to work on /opt/airflow/dags/dag.py
[2026-02-28T11:37:54.052+0000] {processor.py:829} INFO - Processing file /opt/airflow/dags/dag.py for tasks to queue
[2026-02-28T11:37:54.053+0000] {logging_mixin.py:151} INFO - [2026-02-28T11:37:54.053+0000] {dagbag.py:539} INFO - Filling up the DagBag from /opt/airflow/dags/dag.py
[2026-02-28T11:37:54.341+0000] {processor.py:839} INFO - DAG(s) dict_keys(['pagination_dag']) retrieved from /opt/airflow/dags/dag.py
[2026-02-28T11:37:54.377+0000] {logging_mixin.py:151} INFO - [2026-02-28T11:37:54.376+0000] {dag.py:2915} INFO - Sync 1 DAGs
[2026-02-28T11:37:54.390+0000] {logging_mixin.py:151} INFO - [2026-02-28T11:37:54.390+0000] {dag.py:3696} INFO - Setting next_dagrun for pagination_dag to None, run_after=None
[2026-02-28T11:37:54.412+0000] {processor.py:179} INFO - Processing /opt/airflow/dags/dag.py took 0.366 seconds
[2026-02-28T11:38:24.656+0000] {processor.py:157} INFO - Started process (PID=4281) to work on /opt/airflow/dags/dag.py
[2026-02-28T11:38:24.657+0000] {processor.py:829} INFO - Processing file /opt/airflow/dags/dag.py for tasks to queue
[2026-02-28T11:38:24.658+0000] {logging_mixin.py:151} INFO - [2026-02-28T11:38:24.657+0000] {dagbag.py:539} INFO - Filling up the DagBag from /opt/airflow/dags/dag.py
[2026-02-28T11:38:24.947+0000] {processor.py:839} INFO - DAG(s) dict_keys(['pagination_dag']) retrieved from /opt/airflow/dags/dag.py
[2026-02-28T11:38:24.983+0000] {logging_mixin.py:151} INFO - [2026-02-28T11:38:24.982+0000] {dag.py:2915} INFO - Sync 1 DAGs
[2026-02-28T11:38:24.995+0000] {logging_mixin.py:151} INFO - [2026-02-28T11:38:24.995+0000] {dag.py:3696} INFO - Setting next_dagrun for pagination_dag to None, run_after=None
[2026-02-28T11:38:25.018+0000] {processor.py:179} INFO - Processing /opt/airflow/dags/dag.py took 0.366 seconds
[2026-02-28T11:38:55.241+0000] {processor.py:157} INFO - Started process (PID=4293) to work on /opt/airflow/dags/dag.py
[2026-02-28T11:38:55.242+0000] {processor.py:829} INFO - Processing file /opt/airflow/dags/dag.py for tasks to queue
[2026-02-28T11:38:55.243+0000] {logging_mixin.py:151} INFO - [2026-02-28T11:38:55.243+0000] {dagbag.py:539} INFO - Filling up the DagBag from /opt/airflow/dags/dag.py
[2026-02-28T11:38:55.539+0000] {processor.py:839} INFO - DAG(s) dict_keys(['pagination_dag']) retrieved from /opt/airflow/dags/dag.py
[2026-02-28T11:38:55.575+0000] {logging_mixin.py:151} INFO - [2026-02-28T11:38:55.574+0000] {dag.py:2915} INFO - Sync 1 DAGs
[2026-02-28T11:38:55.586+0000] {logging_mixin.py:151} INFO - [2026-02-28T11:38:55.586+0000] {dag.py:3696} INFO - Setting next_dagrun for pagination_dag to None, run_after=None
[2026-02-28T11:38:55.608+0000] {processor.py:179} INFO - Processing /opt/airflow/dags/dag.py took 0.370 seconds
[2026-02-28T11:39:25.867+0000] {processor.py:157} INFO - Started process (PID=4305) to work on /opt/airflow/dags/dag.py
[2026-02-28T11:39:25.868+0000] {processor.py:829} INFO - Processing file /opt/airflow/dags/dag.py for tasks to queue
[2026-02-28T11:39:25.869+0000] {logging_mixin.py:151} INFO - [2026-02-28T11:39:25.869+0000] {dagbag.py:539} INFO - Filling up the DagBag from /opt/airflow/dags/dag.py
[2026-02-28T11:39:26.260+0000] {processor.py:839} INFO - DAG(s) dict_keys(['pagination_dag']) retrieved from /opt/airflow/dags/dag.py
[2026-02-28T11:39:26.290+0000] {logging_mixin.py:151} INFO - [2026-02-28T11:39:26.290+0000] {dag.py:2915} INFO - Sync 1 DAGs
[2026-02-28T11:39:26.311+0000] {logging_mixin.py:151} INFO - [2026-02-28T11:39:26.311+0000] {dag.py:3696} INFO - Setting next_dagrun for pagination_dag to None, run_after=None
[2026-02-28T11:39:26.336+0000] {processor.py:179} INFO - Processing /opt/airflow/dags/dag.py took 0.472 seconds
[2026-02-28T11:39:56.633+0000] {processor.py:157} INFO - Started process (PID=4317) to work on /opt/airflow/dags/dag.py
[2026-02-28T11:39:56.634+0000] {processor.py:829} INFO - Processing file /opt/airflow/dags/dag.py for tasks to queue
[2026-02-28T11:39:56.635+0000] {logging_mixin.py:151} INFO - [2026-02-28T11:39:56.635+0000] {dagbag.py:539} INFO - Filling up the DagBag from /opt/airflow/dags/dag.py
[2026-02-28T11:39:56.960+0000] {processor.py:839} INFO - DAG(s) dict_keys(['pagination_dag']) retrieved from /opt/airflow/dags/dag.py
[2026-02-28T11:39:56.996+0000] {logging_mixin.py:151} INFO - [2026-02-28T11:39:56.996+0000] {dag.py:2915} INFO - Sync 1 DAGs
[2026-02-28T11:39:57.010+0000] {logging_mixin.py:151} INFO - [2026-02-28T11:39:57.010+0000] {dag.py:3696} INFO - Setting next_dagrun for pagination_dag to None, run_after=None
[2026-02-28T11:39:57.039+0000] {processor.py:179} INFO - Processing /opt/airflow/dags/dag.py took 0.409 seconds
[2026-02-28T11:40:27.304+0000] {processor.py:157} INFO - Started process (PID=4329) to work on /opt/airflow/dags/dag.py
[2026-02-28T11:40:27.305+0000] {processor.py:829} INFO - Processing file /opt/airflow/dags/dag.py for tasks to queue
[2026-02-28T11:40:27.307+0000] {logging_mixin.py:151} INFO - [2026-02-28T11:40:27.306+0000] {dagbag.py:539} INFO - Filling up the DagBag from /opt/airflow/dags/dag.py
[2026-02-28T11:40:27.680+0000] {processor.py:839} INFO - DAG(s) dict_keys(['pagination_dag']) retrieved from /opt/airflow/dags/dag.py
[2026-02-28T11:40:27.715+0000] {logging_mixin.py:151} INFO - [2026-02-28T11:40:27.711+0000] {dag.py:2915} INFO - Sync 1 DAGs
[2026-02-28T11:40:27.738+0000] {logging_mixin.py:151} INFO - [2026-02-28T11:40:27.738+0000] {dag.py:3696} INFO - Setting next_dagrun for pagination_dag to None, run_after=None
[2026-02-28T11:40:27.766+0000] {processor.py:179} INFO - Processing /opt/airflow/dags/dag.py took 0.466 seconds
[2026-02-28T11:40:58.019+0000] {processor.py:157} INFO - Started process (PID=4341) to work on /opt/airflow/dags/dag.py
[2026-02-28T11:40:58.020+0000] {processor.py:829} INFO - Processing file /opt/airflow/dags/dag.py for tasks to queue
[2026-02-28T11:40:58.021+0000] {logging_mixin.py:151} INFO - [2026-02-28T11:40:58.021+0000] {dagbag.py:539} INFO - Filling up the DagBag from /opt/airflow/dags/dag.py
[2026-02-28T11:40:58.354+0000] {processor.py:839} INFO - DAG(s) dict_keys(['pagination_dag']) retrieved from /opt/airflow/dags/dag.py
[2026-02-28T11:40:58.389+0000] {logging_mixin.py:151} INFO - [2026-02-28T11:40:58.388+0000] {dag.py:2915} INFO - Sync 1 DAGs
[2026-02-28T11:40:58.401+0000] {logging_mixin.py:151} INFO - [2026-02-28T11:40:58.401+0000] {dag.py:3696} INFO - Setting next_dagrun for pagination_dag to None, run_after=None
[2026-02-28T11:40:58.423+0000] {processor.py:179} INFO - Processing /opt/airflow/dags/dag.py took 0.406 seconds
[2026-02-28T11:41:28.639+0000] {processor.py:157} INFO - Started process (PID=4353) to work on /opt/airflow/dags/dag.py
[2026-02-28T11:41:28.640+0000] {processor.py:829} INFO - Processing file /opt/airflow/dags/dag.py for tasks to queue
[2026-02-28T11:41:28.641+0000] {logging_mixin.py:151} INFO - [2026-02-28T11:41:28.641+0000] {dagbag.py:539} INFO - Filling up the DagBag from /opt/airflow/dags/dag.py
[2026-02-28T11:41:28.940+0000] {processor.py:839} INFO - DAG(s) dict_keys(['pagination_dag']) retrieved from /opt/airflow/dags/dag.py
[2026-02-28T11:41:28.966+0000] {logging_mixin.py:151} INFO - [2026-02-28T11:41:28.965+0000] {dag.py:2915} INFO - Sync 1 DAGs
[2026-02-28T11:41:28.978+0000] {logging_mixin.py:151} INFO - [2026-02-28T11:41:28.978+0000] {dag.py:3696} INFO - Setting next_dagrun for pagination_dag to None, run_after=None
[2026-02-28T11:41:29.007+0000] {processor.py:179} INFO - Processing /opt/airflow/dags/dag.py took 0.371 seconds
[2026-02-28T11:41:59.240+0000] {processor.py:157} INFO - Started process (PID=4365) to work on /opt/airflow/dags/dag.py
[2026-02-28T11:41:59.241+0000] {processor.py:829} INFO - Processing file /opt/airflow/dags/dag.py for tasks to queue
[2026-02-28T11:41:59.242+0000] {logging_mixin.py:151} INFO - [2026-02-28T11:41:59.242+0000] {dagbag.py:539} INFO - Filling up the DagBag from /opt/airflow/dags/dag.py
[2026-02-28T11:41:59.557+0000] {processor.py:839} INFO - DAG(s) dict_keys(['pagination_dag']) retrieved from /opt/airflow/dags/dag.py
[2026-02-28T11:41:59.586+0000] {logging_mixin.py:151} INFO - [2026-02-28T11:41:59.585+0000] {dag.py:2915} INFO - Sync 1 DAGs
[2026-02-28T11:41:59.598+0000] {logging_mixin.py:151} INFO - [2026-02-28T11:41:59.597+0000] {dag.py:3696} INFO - Setting next_dagrun for pagination_dag to None, run_after=None
[2026-02-28T11:41:59.625+0000] {processor.py:179} INFO - Processing /opt/airflow/dags/dag.py took 0.388 seconds
[2026-02-28T11:42:29.863+0000] {processor.py:157} INFO - Started process (PID=4377) to work on /opt/airflow/dags/dag.py
[2026-02-28T11:42:29.864+0000] {processor.py:829} INFO - Processing file /opt/airflow/dags/dag.py for tasks to queue
[2026-02-28T11:42:29.865+0000] {logging_mixin.py:151} INFO - [2026-02-28T11:42:29.864+0000] {dagbag.py:539} INFO - Filling up the DagBag from /opt/airflow/dags/dag.py
[2026-02-28T11:42:30.151+0000] {processor.py:839} INFO - DAG(s) dict_keys(['pagination_dag']) retrieved from /opt/airflow/dags/dag.py
[2026-02-28T11:42:30.188+0000] {logging_mixin.py:151} INFO - [2026-02-28T11:42:30.188+0000] {dag.py:2915} INFO - Sync 1 DAGs
[2026-02-28T11:42:30.201+0000] {logging_mixin.py:151} INFO - [2026-02-28T11:42:30.201+0000] {dag.py:3696} INFO - Setting next_dagrun for pagination_dag to None, run_after=None
[2026-02-28T11:42:30.225+0000] {processor.py:179} INFO - Processing /opt/airflow/dags/dag.py took 0.365 seconds
[2026-02-28T11:43:00.459+0000] {processor.py:157} INFO - Started process (PID=4389) to work on /opt/airflow/dags/dag.py
[2026-02-28T11:43:00.460+0000] {processor.py:829} INFO - Processing file /opt/airflow/dags/dag.py for tasks to queue
[2026-02-28T11:43:00.461+0000] {logging_mixin.py:151} INFO - [2026-02-28T11:43:00.461+0000] {dagbag.py:539} INFO - Filling up the DagBag from /opt/airflow/dags/dag.py
[2026-02-28T11:43:00.777+0000] {processor.py:839} INFO - DAG(s) dict_keys(['pagination_dag']) retrieved from /opt/airflow/dags/dag.py
[2026-02-28T11:43:00.810+0000] {logging_mixin.py:151} INFO - [2026-02-28T11:43:00.810+0000] {dag.py:2915} INFO - Sync 1 DAGs
[2026-02-28T11:43:00.824+0000] {logging_mixin.py:151} INFO - [2026-02-28T11:43:00.823+0000] {dag.py:3696} INFO - Setting next_dagrun for pagination_dag to None, run_after=None
[2026-02-28T11:43:00.845+0000] {processor.py:179} INFO - Processing /opt/airflow/dags/dag.py took 0.388 seconds
[2026-02-28T11:43:31.082+0000] {processor.py:157} INFO - Started process (PID=4401) to work on /opt/airflow/dags/dag.py
[2026-02-28T11:43:31.083+0000] {processor.py:829} INFO - Processing file /opt/airflow/dags/dag.py for tasks to queue
[2026-02-28T11:43:31.084+0000] {logging_mixin.py:151} INFO - [2026-02-28T11:43:31.084+0000] {dagbag.py:539} INFO - Filling up the DagBag from /opt/airflow/dags/dag.py
[2026-02-28T11:43:31.382+0000] {processor.py:839} INFO - DAG(s) dict_keys(['pagination_dag']) retrieved from /opt/airflow/dags/dag.py
[2026-02-28T11:43:31.415+0000] {logging_mixin.py:151} INFO - [2026-02-28T11:43:31.414+0000] {dag.py:2915} INFO - Sync 1 DAGs
[2026-02-28T11:43:31.429+0000] {logging_mixin.py:151} INFO - [2026-02-28T11:43:31.429+0000] {dag.py:3696} INFO - Setting next_dagrun for pagination_dag to None, run_after=None
[2026-02-28T11:43:31.453+0000] {processor.py:179} INFO - Processing /opt/airflow/dags/dag.py took 0.374 seconds
[2026-02-28T11:44:01.700+0000] {processor.py:157} INFO - Started process (PID=4413) to work on /opt/airflow/dags/dag.py
[2026-02-28T11:44:01.701+0000] {processor.py:829} INFO - Processing file /opt/airflow/dags/dag.py for tasks to queue
[2026-02-28T11:44:01.702+0000] {logging_mixin.py:151} INFO - [2026-02-28T11:44:01.702+0000] {dagbag.py:539} INFO - Filling up the DagBag from /opt/airflow/dags/dag.py
[2026-02-28T11:44:02.021+0000] {processor.py:839} INFO - DAG(s) dict_keys(['pagination_dag']) retrieved from /opt/airflow/dags/dag.py
[2026-02-28T11:44:02.057+0000] {logging_mixin.py:151} INFO - [2026-02-28T11:44:02.057+0000] {dag.py:2915} INFO - Sync 1 DAGs
[2026-02-28T11:44:02.070+0000] {logging_mixin.py:151} INFO - [2026-02-28T11:44:02.069+0000] {dag.py:3696} INFO - Setting next_dagrun for pagination_dag to None, run_after=None
[2026-02-28T11:44:02.093+0000] {processor.py:179} INFO - Processing /opt/airflow/dags/dag.py took 0.396 seconds
[2026-02-28T11:44:32.343+0000] {processor.py:157} INFO - Started process (PID=4425) to work on /opt/airflow/dags/dag.py
[2026-02-28T11:44:32.344+0000] {processor.py:829} INFO - Processing file /opt/airflow/dags/dag.py for tasks to queue
[2026-02-28T11:44:32.346+0000] {logging_mixin.py:151} INFO - [2026-02-28T11:44:32.345+0000] {dagbag.py:539} INFO - Filling up the DagBag from /opt/airflow/dags/dag.py
[2026-02-28T11:44:32.643+0000] {processor.py:839} INFO - DAG(s) dict_keys(['pagination_dag']) retrieved from /opt/airflow/dags/dag.py
[2026-02-28T11:44:32.671+0000] {logging_mixin.py:151} INFO - [2026-02-28T11:44:32.671+0000] {dag.py:2915} INFO - Sync 1 DAGs
[2026-02-28T11:44:32.684+0000] {logging_mixin.py:151} INFO - [2026-02-28T11:44:32.683+0000] {dag.py:3696} INFO - Setting next_dagrun for pagination_dag to None, run_after=None
[2026-02-28T11:44:32.714+0000] {processor.py:179} INFO - Processing /opt/airflow/dags/dag.py took 0.374 seconds
[2026-02-28T11:45:02.995+0000] {processor.py:157} INFO - Started process (PID=4437) to work on /opt/airflow/dags/dag.py
[2026-02-28T11:45:02.996+0000] {processor.py:829} INFO - Processing file /opt/airflow/dags/dag.py for tasks to queue
[2026-02-28T11:45:02.998+0000] {logging_mixin.py:151} INFO - [2026-02-28T11:45:02.997+0000] {dagbag.py:539} INFO - Filling up the DagBag from /opt/airflow/dags/dag.py
[2026-02-28T11:45:03.303+0000] {processor.py:839} INFO - DAG(s) dict_keys(['pagination_dag']) retrieved from /opt/airflow/dags/dag.py
[2026-02-28T11:45:03.332+0000] {logging_mixin.py:151} INFO - [2026-02-28T11:45:03.332+0000] {dag.py:2915} INFO - Sync 1 DAGs
[2026-02-28T11:45:03.349+0000] {logging_mixin.py:151} INFO - [2026-02-28T11:45:03.348+0000] {dag.py:3696} INFO - Setting next_dagrun for pagination_dag to None, run_after=None
[2026-02-28T11:45:03.375+0000] {processor.py:179} INFO - Processing /opt/airflow/dags/dag.py took 0.385 seconds
[2026-02-28T11:45:33.608+0000] {processor.py:157} INFO - Started process (PID=4449) to work on /opt/airflow/dags/dag.py
[2026-02-28T11:45:33.609+0000] {processor.py:829} INFO - Processing file /opt/airflow/dags/dag.py for tasks to queue
[2026-02-28T11:45:33.610+0000] {logging_mixin.py:151} INFO - [2026-02-28T11:45:33.610+0000] {dagbag.py:539} INFO - Filling up the DagBag from /opt/airflow/dags/dag.py
[2026-02-28T11:45:33.906+0000] {processor.py:839} INFO - DAG(s) dict_keys(['pagination_dag']) retrieved from /opt/airflow/dags/dag.py
[2026-02-28T11:45:33.936+0000] {logging_mixin.py:151} INFO - [2026-02-28T11:45:33.935+0000] {dag.py:2915} INFO - Sync 1 DAGs
[2026-02-28T11:45:33.949+0000] {logging_mixin.py:151} INFO - [2026-02-28T11:45:33.948+0000] {dag.py:3696} INFO - Setting next_dagrun for pagination_dag to None, run_after=None
[2026-02-28T11:45:33.969+0000] {processor.py:179} INFO - Processing /opt/airflow/dags/dag.py took 0.363 seconds
[2026-02-28T11:46:04.208+0000] {processor.py:157} INFO - Started process (PID=4461) to work on /opt/airflow/dags/dag.py
[2026-02-28T11:46:04.209+0000] {processor.py:829} INFO - Processing file /opt/airflow/dags/dag.py for tasks to queue
[2026-02-28T11:46:04.210+0000] {logging_mixin.py:151} INFO - [2026-02-28T11:46:04.210+0000] {dagbag.py:539} INFO - Filling up the DagBag from /opt/airflow/dags/dag.py
[2026-02-28T11:46:04.529+0000] {processor.py:839} INFO - DAG(s) dict_keys(['pagination_dag']) retrieved from /opt/airflow/dags/dag.py
[2026-02-28T11:46:04.563+0000] {logging_mixin.py:151} INFO - [2026-02-28T11:46:04.563+0000] {dag.py:2915} INFO - Sync 1 DAGs
[2026-02-28T11:46:04.578+0000] {logging_mixin.py:151} INFO - [2026-02-28T11:46:04.577+0000] {dag.py:3696} INFO - Setting next_dagrun for pagination_dag to None, run_after=None
[2026-02-28T11:46:04.606+0000] {processor.py:179} INFO - Processing /opt/airflow/dags/dag.py took 0.401 seconds
[2026-02-28T11:46:34.847+0000] {processor.py:157} INFO - Started process (PID=4473) to work on /opt/airflow/dags/dag.py
[2026-02-28T11:46:34.848+0000] {processor.py:829} INFO - Processing file /opt/airflow/dags/dag.py for tasks to queue
[2026-02-28T11:46:34.849+0000] {logging_mixin.py:151} INFO - [2026-02-28T11:46:34.849+0000] {dagbag.py:539} INFO - Filling up the DagBag from /opt/airflow/dags/dag.py
[2026-02-28T11:46:35.144+0000] {processor.py:839} INFO - DAG(s) dict_keys(['pagination_dag']) retrieved from /opt/airflow/dags/dag.py
[2026-02-28T11:46:35.171+0000] {logging_mixin.py:151} INFO - [2026-02-28T11:46:35.171+0000] {dag.py:2915} INFO - Sync 1 DAGs
[2026-02-28T11:46:35.184+0000] {logging_mixin.py:151} INFO - [2026-02-28T11:46:35.183+0000] {dag.py:3696} INFO - Setting next_dagrun for pagination_dag to None, run_after=None
[2026-02-28T11:46:35.213+0000] {processor.py:179} INFO - Processing /opt/airflow/dags/dag.py took 0.369 seconds
[2026-02-28T11:47:05.449+0000] {processor.py:157} INFO - Started process (PID=4485) to work on /opt/airflow/dags/dag.py
[2026-02-28T11:47:05.450+0000] {processor.py:829} INFO - Processing file /opt/airflow/dags/dag.py for tasks to queue
[2026-02-28T11:47:05.451+0000] {logging_mixin.py:151} INFO - [2026-02-28T11:47:05.451+0000] {dagbag.py:539} INFO - Filling up the DagBag from /opt/airflow/dags/dag.py
[2026-02-28T11:47:05.751+0000] {processor.py:839} INFO - DAG(s) dict_keys(['pagination_dag']) retrieved from /opt/airflow/dags/dag.py
[2026-02-28T11:47:05.779+0000] {logging_mixin.py:151} INFO - [2026-02-28T11:47:05.779+0000] {dag.py:2915} INFO - Sync 1 DAGs
[2026-02-28T11:47:05.796+0000] {logging_mixin.py:151} INFO - [2026-02-28T11:47:05.795+0000] {dag.py:3696} INFO - Setting next_dagrun for pagination_dag to None, run_after=None
[2026-02-28T11:47:05.822+0000] {processor.py:179} INFO - Processing /opt/airflow/dags/dag.py took 0.375 seconds
[2026-02-28T11:47:36.046+0000] {processor.py:157} INFO - Started process (PID=4497) to work on /opt/airflow/dags/dag.py
[2026-02-28T11:47:36.047+0000] {processor.py:829} INFO - Processing file /opt/airflow/dags/dag.py for tasks to queue
[2026-02-28T11:47:36.048+0000] {logging_mixin.py:151} INFO - [2026-02-28T11:47:36.048+0000] {dagbag.py:539} INFO - Filling up the DagBag from /opt/airflow/dags/dag.py
[2026-02-28T11:47:36.351+0000] {processor.py:839} INFO - DAG(s) dict_keys(['pagination_dag']) retrieved from /opt/airflow/dags/dag.py
[2026-02-28T11:47:36.403+0000] {logging_mixin.py:151} INFO - [2026-02-28T11:47:36.402+0000] {dag.py:2915} INFO - Sync 1 DAGs
[2026-02-28T11:47:36.423+0000] {logging_mixin.py:151} INFO - [2026-02-28T11:47:36.423+0000] {dag.py:3696} INFO - Setting next_dagrun for pagination_dag to None, run_after=None
[2026-02-28T11:47:36.479+0000] {processor.py:179} INFO - Processing /opt/airflow/dags/dag.py took 0.435 seconds
[2026-02-28T11:48:06.718+0000] {processor.py:157} INFO - Started process (PID=4509) to work on /opt/airflow/dags/dag.py
[2026-02-28T11:48:06.719+0000] {processor.py:829} INFO - Processing file /opt/airflow/dags/dag.py for tasks to queue
[2026-02-28T11:48:06.719+0000] {logging_mixin.py:151} INFO - [2026-02-28T11:48:06.719+0000] {dagbag.py:539} INFO - Filling up the DagBag from /opt/airflow/dags/dag.py
[2026-02-28T11:48:07.028+0000] {processor.py:839} INFO - DAG(s) dict_keys(['pagination_dag']) retrieved from /opt/airflow/dags/dag.py
[2026-02-28T11:48:07.063+0000] {logging_mixin.py:151} INFO - [2026-02-28T11:48:07.062+0000] {dag.py:2915} INFO - Sync 1 DAGs
[2026-02-28T11:48:07.076+0000] {logging_mixin.py:151} INFO - [2026-02-28T11:48:07.075+0000] {dag.py:3696} INFO - Setting next_dagrun for pagination_dag to None, run_after=None
[2026-02-28T11:48:07.101+0000] {processor.py:179} INFO - Processing /opt/airflow/dags/dag.py took 0.386 seconds
[2026-02-28T11:48:37.317+0000] {processor.py:157} INFO - Started process (PID=4521) to work on /opt/airflow/dags/dag.py
[2026-02-28T11:48:37.318+0000] {processor.py:829} INFO - Processing file /opt/airflow/dags/dag.py for tasks to queue
[2026-02-28T11:48:37.320+0000] {logging_mixin.py:151} INFO - [2026-02-28T11:48:37.319+0000] {dagbag.py:539} INFO - Filling up the DagBag from /opt/airflow/dags/dag.py
[2026-02-28T11:48:37.662+0000] {processor.py:839} INFO - DAG(s) dict_keys(['pagination_dag']) retrieved from /opt/airflow/dags/dag.py
[2026-02-28T11:48:37.691+0000] {logging_mixin.py:151} INFO - [2026-02-28T11:48:37.691+0000] {dag.py:2915} INFO - Sync 1 DAGs
[2026-02-28T11:48:37.705+0000] {logging_mixin.py:151} INFO - [2026-02-28T11:48:37.705+0000] {dag.py:3696} INFO - Setting next_dagrun for pagination_dag to None, run_after=None
[2026-02-28T11:48:37.735+0000] {processor.py:179} INFO - Processing /opt/airflow/dags/dag.py took 0.423 seconds
[2026-02-28T11:49:07.986+0000] {processor.py:157} INFO - Started process (PID=4533) to work on /opt/airflow/dags/dag.py
[2026-02-28T11:49:07.987+0000] {processor.py:829} INFO - Processing file /opt/airflow/dags/dag.py for tasks to queue
[2026-02-28T11:49:07.988+0000] {logging_mixin.py:151} INFO - [2026-02-28T11:49:07.988+0000] {dagbag.py:539} INFO - Filling up the DagBag from /opt/airflow/dags/dag.py
[2026-02-28T11:49:08.291+0000] {processor.py:839} INFO - DAG(s) dict_keys(['pagination_dag']) retrieved from /opt/airflow/dags/dag.py
[2026-02-28T11:49:08.319+0000] {logging_mixin.py:151} INFO - [2026-02-28T11:49:08.319+0000] {dag.py:2915} INFO - Sync 1 DAGs
[2026-02-28T11:49:08.332+0000] {logging_mixin.py:151} INFO - [2026-02-28T11:49:08.332+0000] {dag.py:3696} INFO - Setting next_dagrun for pagination_dag to None, run_after=None
[2026-02-28T11:49:08.357+0000] {processor.py:179} INFO - Processing /opt/airflow/dags/dag.py took 0.376 seconds
[2026-02-28T11:49:38.653+0000] {processor.py:157} INFO - Started process (PID=4545) to work on /opt/airflow/dags/dag.py
[2026-02-28T11:49:38.655+0000] {processor.py:829} INFO - Processing file /opt/airflow/dags/dag.py for tasks to queue
[2026-02-28T11:49:38.657+0000] {logging_mixin.py:151} INFO - [2026-02-28T11:49:38.656+0000] {dagbag.py:539} INFO - Filling up the DagBag from /opt/airflow/dags/dag.py
[2026-02-28T11:49:39.015+0000] {processor.py:839} INFO - DAG(s) dict_keys(['pagination_dag']) retrieved from /opt/airflow/dags/dag.py
[2026-02-28T11:49:39.041+0000] {logging_mixin.py:151} INFO - [2026-02-28T11:49:39.040+0000] {dag.py:2915} INFO - Sync 1 DAGs
[2026-02-28T11:49:39.053+0000] {logging_mixin.py:151} INFO - [2026-02-28T11:49:39.052+0000] {dag.py:3696} INFO - Setting next_dagrun for pagination_dag to None, run_after=None
[2026-02-28T11:49:39.081+0000] {processor.py:179} INFO - Processing /opt/airflow/dags/dag.py took 0.432 seconds
[2026-02-28T11:50:09.320+0000] {processor.py:157} INFO - Started process (PID=4557) to work on /opt/airflow/dags/dag.py
[2026-02-28T11:50:09.321+0000] {processor.py:829} INFO - Processing file /opt/airflow/dags/dag.py for tasks to queue
[2026-02-28T11:50:09.322+0000] {logging_mixin.py:151} INFO - [2026-02-28T11:50:09.321+0000] {dagbag.py:539} INFO - Filling up the DagBag from /opt/airflow/dags/dag.py
[2026-02-28T11:50:09.638+0000] {processor.py:839} INFO - DAG(s) dict_keys(['pagination_dag']) retrieved from /opt/airflow/dags/dag.py
[2026-02-28T11:50:09.670+0000] {logging_mixin.py:151} INFO - [2026-02-28T11:50:09.670+0000] {dag.py:2915} INFO - Sync 1 DAGs
[2026-02-28T11:50:09.683+0000] {logging_mixin.py:151} INFO - [2026-02-28T11:50:09.683+0000] {dag.py:3696} INFO - Setting next_dagrun for pagination_dag to None, run_after=None
[2026-02-28T11:50:09.712+0000] {processor.py:179} INFO - Processing /opt/airflow/dags/dag.py took 0.396 seconds
[2026-02-28T11:50:39.963+0000] {processor.py:157} INFO - Started process (PID=4569) to work on /opt/airflow/dags/dag.py
[2026-02-28T11:50:39.964+0000] {processor.py:829} INFO - Processing file /opt/airflow/dags/dag.py for tasks to queue
[2026-02-28T11:50:39.966+0000] {logging_mixin.py:151} INFO - [2026-02-28T11:50:39.965+0000] {dagbag.py:539} INFO - Filling up the DagBag from /opt/airflow/dags/dag.py
[2026-02-28T11:50:40.315+0000] {processor.py:839} INFO - DAG(s) dict_keys(['pagination_dag']) retrieved from /opt/airflow/dags/dag.py
[2026-02-28T11:50:40.342+0000] {logging_mixin.py:151} INFO - [2026-02-28T11:50:40.342+0000] {dag.py:2915} INFO - Sync 1 DAGs
[2026-02-28T11:50:40.357+0000] {logging_mixin.py:151} INFO - [2026-02-28T11:50:40.356+0000] {dag.py:3696} INFO - Setting next_dagrun for pagination_dag to None, run_after=None
[2026-02-28T11:50:40.399+0000] {processor.py:179} INFO - Processing /opt/airflow/dags/dag.py took 0.440 seconds
[2026-02-28T11:51:10.647+0000] {processor.py:157} INFO - Started process (PID=4581) to work on /opt/airflow/dags/dag.py
[2026-02-28T11:51:10.650+0000] {processor.py:829} INFO - Processing file /opt/airflow/dags/dag.py for tasks to queue
[2026-02-28T11:51:10.651+0000] {logging_mixin.py:151} INFO - [2026-02-28T11:51:10.651+0000] {dagbag.py:539} INFO - Filling up the DagBag from /opt/airflow/dags/dag.py
[2026-02-28T11:51:10.953+0000] {processor.py:839} INFO - DAG(s) dict_keys(['pagination_dag']) retrieved from /opt/airflow/dags/dag.py
[2026-02-28T11:51:10.986+0000] {logging_mixin.py:151} INFO - [2026-02-28T11:51:10.985+0000] {dag.py:2915} INFO - Sync 1 DAGs
[2026-02-28T11:51:10.999+0000] {logging_mixin.py:151} INFO - [2026-02-28T11:51:10.999+0000] {dag.py:3696} INFO - Setting next_dagrun for pagination_dag to None, run_after=None
[2026-02-28T11:51:11.022+0000] {processor.py:179} INFO - Processing /opt/airflow/dags/dag.py took 0.380 seconds
[2026-02-28T11:51:41.271+0000] {processor.py:157} INFO - Started process (PID=4593) to work on /opt/airflow/dags/dag.py
[2026-02-28T11:51:41.272+0000] {processor.py:829} INFO - Processing file /opt/airflow/dags/dag.py for tasks to queue
[2026-02-28T11:51:41.274+0000] {logging_mixin.py:151} INFO - [2026-02-28T11:51:41.273+0000] {dagbag.py:539} INFO - Filling up the DagBag from /opt/airflow/dags/dag.py
[2026-02-28T11:51:41.647+0000] {processor.py:839} INFO - DAG(s) dict_keys(['pagination_dag']) retrieved from /opt/airflow/dags/dag.py
[2026-02-28T11:51:41.682+0000] {logging_mixin.py:151} INFO - [2026-02-28T11:51:41.681+0000] {dag.py:2915} INFO - Sync 1 DAGs
[2026-02-28T11:51:41.701+0000] {logging_mixin.py:151} INFO - [2026-02-28T11:51:41.701+0000] {dag.py:3696} INFO - Setting next_dagrun for pagination_dag to None, run_after=None
[2026-02-28T11:51:41.727+0000] {processor.py:179} INFO - Processing /opt/airflow/dags/dag.py took 0.460 seconds
[2026-02-28T11:52:11.974+0000] {processor.py:157} INFO - Started process (PID=4605) to work on /opt/airflow/dags/dag.py
[2026-02-28T11:52:11.978+0000] {processor.py:829} INFO - Processing file /opt/airflow/dags/dag.py for tasks to queue
[2026-02-28T11:52:11.980+0000] {logging_mixin.py:151} INFO - [2026-02-28T11:52:11.980+0000] {dagbag.py:539} INFO - Filling up the DagBag from /opt/airflow/dags/dag.py
[2026-02-28T11:52:12.347+0000] {processor.py:839} INFO - DAG(s) dict_keys(['pagination_dag']) retrieved from /opt/airflow/dags/dag.py
[2026-02-28T11:52:12.384+0000] {logging_mixin.py:151} INFO - [2026-02-28T11:52:12.383+0000] {dag.py:2915} INFO - Sync 1 DAGs
[2026-02-28T11:52:12.401+0000] {logging_mixin.py:151} INFO - [2026-02-28T11:52:12.401+0000] {dag.py:3696} INFO - Setting next_dagrun for pagination_dag to None, run_after=None
[2026-02-28T11:52:12.428+0000] {processor.py:179} INFO - Processing /opt/airflow/dags/dag.py took 0.457 seconds
[2026-02-28T11:52:42.671+0000] {processor.py:157} INFO - Started process (PID=4617) to work on /opt/airflow/dags/dag.py
[2026-02-28T11:52:42.672+0000] {processor.py:829} INFO - Processing file /opt/airflow/dags/dag.py for tasks to queue
[2026-02-28T11:52:42.672+0000] {logging_mixin.py:151} INFO - [2026-02-28T11:52:42.672+0000] {dagbag.py:539} INFO - Filling up the DagBag from /opt/airflow/dags/dag.py
[2026-02-28T11:52:43.004+0000] {processor.py:839} INFO - DAG(s) dict_keys(['pagination_dag']) retrieved from /opt/airflow/dags/dag.py
[2026-02-28T11:52:43.039+0000] {logging_mixin.py:151} INFO - [2026-02-28T11:52:43.038+0000] {dag.py:2915} INFO - Sync 1 DAGs
[2026-02-28T11:52:43.051+0000] {logging_mixin.py:151} INFO - [2026-02-28T11:52:43.051+0000] {dag.py:3696} INFO - Setting next_dagrun for pagination_dag to None, run_after=None
[2026-02-28T11:52:43.079+0000] {processor.py:179} INFO - Processing /opt/airflow/dags/dag.py took 0.411 seconds
[2026-02-28T11:53:13.314+0000] {processor.py:157} INFO - Started process (PID=4629) to work on /opt/airflow/dags/dag.py
[2026-02-28T11:53:13.316+0000] {processor.py:829} INFO - Processing file /opt/airflow/dags/dag.py for tasks to queue
[2026-02-28T11:53:13.317+0000] {logging_mixin.py:151} INFO - [2026-02-28T11:53:13.317+0000] {dagbag.py:539} INFO - Filling up the DagBag from /opt/airflow/dags/dag.py
[2026-02-28T11:53:13.621+0000] {processor.py:839} INFO - DAG(s) dict_keys(['pagination_dag']) retrieved from /opt/airflow/dags/dag.py
[2026-02-28T11:53:13.651+0000] {logging_mixin.py:151} INFO - [2026-02-28T11:53:13.650+0000] {dag.py:2915} INFO - Sync 1 DAGs
[2026-02-28T11:53:13.664+0000] {logging_mixin.py:151} INFO - [2026-02-28T11:53:13.664+0000] {dag.py:3696} INFO - Setting next_dagrun for pagination_dag to None, run_after=None
[2026-02-28T11:53:13.689+0000] {processor.py:179} INFO - Processing /opt/airflow/dags/dag.py took 0.377 seconds
[2026-02-28T11:53:43.916+0000] {processor.py:157} INFO - Started process (PID=4641) to work on /opt/airflow/dags/dag.py
[2026-02-28T11:53:43.917+0000] {processor.py:829} INFO - Processing file /opt/airflow/dags/dag.py for tasks to queue
[2026-02-28T11:53:43.918+0000] {logging_mixin.py:151} INFO - [2026-02-28T11:53:43.918+0000] {dagbag.py:539} INFO - Filling up the DagBag from /opt/airflow/dags/dag.py
[2026-02-28T11:53:44.206+0000] {processor.py:839} INFO - DAG(s) dict_keys(['pagination_dag']) retrieved from /opt/airflow/dags/dag.py
[2026-02-28T11:53:44.234+0000] {logging_mixin.py:151} INFO - [2026-02-28T11:53:44.234+0000] {dag.py:2915} INFO - Sync 1 DAGs
[2026-02-28T11:53:44.249+0000] {logging_mixin.py:151} INFO - [2026-02-28T11:53:44.249+0000] {dag.py:3696} INFO - Setting next_dagrun for pagination_dag to None, run_after=None
[2026-02-28T11:53:44.269+0000] {processor.py:179} INFO - Processing /opt/airflow/dags/dag.py took 0.356 seconds
[2026-02-28T11:54:14.486+0000] {processor.py:157} INFO - Started process (PID=4653) to work on /opt/airflow/dags/dag.py
[2026-02-28T11:54:14.487+0000] {processor.py:829} INFO - Processing file /opt/airflow/dags/dag.py for tasks to queue
[2026-02-28T11:54:14.488+0000] {logging_mixin.py:151} INFO - [2026-02-28T11:54:14.488+0000] {dagbag.py:539} INFO - Filling up the DagBag from /opt/airflow/dags/dag.py
[2026-02-28T11:54:14.779+0000] {processor.py:839} INFO - DAG(s) dict_keys(['pagination_dag']) retrieved from /opt/airflow/dags/dag.py
[2026-02-28T11:54:14.809+0000] {logging_mixin.py:151} INFO - [2026-02-28T11:54:14.808+0000] {dag.py:2915} INFO - Sync 1 DAGs
[2026-02-28T11:54:14.822+0000] {logging_mixin.py:151} INFO - [2026-02-28T11:54:14.822+0000] {dag.py:3696} INFO - Setting next_dagrun for pagination_dag to None, run_after=None
[2026-02-28T11:54:14.846+0000] {processor.py:179} INFO - Processing /opt/airflow/dags/dag.py took 0.363 seconds
[2026-02-28T11:54:45.108+0000] {processor.py:157} INFO - Started process (PID=4665) to work on /opt/airflow/dags/dag.py
[2026-02-28T11:54:45.109+0000] {processor.py:829} INFO - Processing file /opt/airflow/dags/dag.py for tasks to queue
[2026-02-28T11:54:45.111+0000] {logging_mixin.py:151} INFO - [2026-02-28T11:54:45.110+0000] {dagbag.py:539} INFO - Filling up the DagBag from /opt/airflow/dags/dag.py
[2026-02-28T11:54:45.397+0000] {processor.py:839} INFO - DAG(s) dict_keys(['pagination_dag']) retrieved from /opt/airflow/dags/dag.py
[2026-02-28T11:54:45.424+0000] {logging_mixin.py:151} INFO - [2026-02-28T11:54:45.424+0000] {dag.py:2915} INFO - Sync 1 DAGs
[2026-02-28T11:54:45.437+0000] {logging_mixin.py:151} INFO - [2026-02-28T11:54:45.437+0000] {dag.py:3696} INFO - Setting next_dagrun for pagination_dag to None, run_after=None
[2026-02-28T11:54:45.459+0000] {processor.py:179} INFO - Processing /opt/airflow/dags/dag.py took 0.356 seconds
[2026-02-28T11:55:15.679+0000] {processor.py:157} INFO - Started process (PID=4677) to work on /opt/airflow/dags/dag.py
[2026-02-28T11:55:15.680+0000] {processor.py:829} INFO - Processing file /opt/airflow/dags/dag.py for tasks to queue
[2026-02-28T11:55:15.681+0000] {logging_mixin.py:151} INFO - [2026-02-28T11:55:15.680+0000] {dagbag.py:539} INFO - Filling up the DagBag from /opt/airflow/dags/dag.py
[2026-02-28T11:55:16.006+0000] {processor.py:839} INFO - DAG(s) dict_keys(['pagination_dag']) retrieved from /opt/airflow/dags/dag.py
[2026-02-28T11:55:16.037+0000] {logging_mixin.py:151} INFO - [2026-02-28T11:55:16.036+0000] {dag.py:2915} INFO - Sync 1 DAGs
[2026-02-28T11:55:16.050+0000] {logging_mixin.py:151} INFO - [2026-02-28T11:55:16.050+0000] {dag.py:3696} INFO - Setting next_dagrun for pagination_dag to None, run_after=None
[2026-02-28T11:55:16.079+0000] {processor.py:179} INFO - Processing /opt/airflow/dags/dag.py took 0.404 seconds
[2026-02-28T11:55:46.300+0000] {processor.py:157} INFO - Started process (PID=4689) to work on /opt/airflow/dags/dag.py
[2026-02-28T11:55:46.301+0000] {processor.py:829} INFO - Processing file /opt/airflow/dags/dag.py for tasks to queue
[2026-02-28T11:55:46.302+0000] {logging_mixin.py:151} INFO - [2026-02-28T11:55:46.302+0000] {dagbag.py:539} INFO - Filling up the DagBag from /opt/airflow/dags/dag.py
[2026-02-28T11:55:46.595+0000] {processor.py:839} INFO - DAG(s) dict_keys(['pagination_dag']) retrieved from /opt/airflow/dags/dag.py
[2026-02-28T11:55:46.625+0000] {logging_mixin.py:151} INFO - [2026-02-28T11:55:46.624+0000] {dag.py:2915} INFO - Sync 1 DAGs
[2026-02-28T11:55:46.638+0000] {logging_mixin.py:151} INFO - [2026-02-28T11:55:46.637+0000] {dag.py:3696} INFO - Setting next_dagrun for pagination_dag to None, run_after=None
[2026-02-28T11:55:46.662+0000] {processor.py:179} INFO - Processing /opt/airflow/dags/dag.py took 0.366 seconds
[2026-02-28T11:56:16.913+0000] {processor.py:157} INFO - Started process (PID=4701) to work on /opt/airflow/dags/dag.py
[2026-02-28T11:56:16.916+0000] {processor.py:829} INFO - Processing file /opt/airflow/dags/dag.py for tasks to queue
[2026-02-28T11:56:16.917+0000] {logging_mixin.py:151} INFO - [2026-02-28T11:56:16.917+0000] {dagbag.py:539} INFO - Filling up the DagBag from /opt/airflow/dags/dag.py
[2026-02-28T11:56:17.207+0000] {processor.py:839} INFO - DAG(s) dict_keys(['pagination_dag']) retrieved from /opt/airflow/dags/dag.py
[2026-02-28T11:56:17.239+0000] {logging_mixin.py:151} INFO - [2026-02-28T11:56:17.238+0000] {dag.py:2915} INFO - Sync 1 DAGs
[2026-02-28T11:56:17.252+0000] {logging_mixin.py:151} INFO - [2026-02-28T11:56:17.252+0000] {dag.py:3696} INFO - Setting next_dagrun for pagination_dag to None, run_after=None
[2026-02-28T11:56:17.278+0000] {processor.py:179} INFO - Processing /opt/airflow/dags/dag.py took 0.374 seconds
[2026-02-28T11:56:47.497+0000] {processor.py:157} INFO - Started process (PID=4713) to work on /opt/airflow/dags/dag.py
[2026-02-28T11:56:47.498+0000] {processor.py:829} INFO - Processing file /opt/airflow/dags/dag.py for tasks to queue
[2026-02-28T11:56:47.500+0000] {logging_mixin.py:151} INFO - [2026-02-28T11:56:47.499+0000] {dagbag.py:539} INFO - Filling up the DagBag from /opt/airflow/dags/dag.py
[2026-02-28T11:56:47.814+0000] {processor.py:839} INFO - DAG(s) dict_keys(['pagination_dag']) retrieved from /opt/airflow/dags/dag.py
[2026-02-28T11:56:47.844+0000] {logging_mixin.py:151} INFO - [2026-02-28T11:56:47.844+0000] {dag.py:2915} INFO - Sync 1 DAGs
[2026-02-28T11:56:47.861+0000] {logging_mixin.py:151} INFO - [2026-02-28T11:56:47.861+0000] {dag.py:3696} INFO - Setting next_dagrun for pagination_dag to None, run_after=None
[2026-02-28T11:56:47.883+0000] {processor.py:179} INFO - Processing /opt/airflow/dags/dag.py took 0.389 seconds
[2026-02-28T11:57:18.107+0000] {processor.py:157} INFO - Started process (PID=4725) to work on /opt/airflow/dags/dag.py
[2026-02-28T11:57:18.108+0000] {processor.py:829} INFO - Processing file /opt/airflow/dags/dag.py for tasks to queue
[2026-02-28T11:57:18.110+0000] {logging_mixin.py:151} INFO - [2026-02-28T11:57:18.109+0000] {dagbag.py:539} INFO - Filling up the DagBag from /opt/airflow/dags/dag.py
[2026-02-28T11:57:18.408+0000] {processor.py:839} INFO - DAG(s) dict_keys(['pagination_dag']) retrieved from /opt/airflow/dags/dag.py
[2026-02-28T11:57:18.438+0000] {logging_mixin.py:151} INFO - [2026-02-28T11:57:18.438+0000] {dag.py:2915} INFO - Sync 1 DAGs
[2026-02-28T11:57:18.451+0000] {logging_mixin.py:151} INFO - [2026-02-28T11:57:18.451+0000] {dag.py:3696} INFO - Setting next_dagrun for pagination_dag to None, run_after=None
[2026-02-28T11:57:18.480+0000] {processor.py:179} INFO - Processing /opt/airflow/dags/dag.py took 0.377 seconds
[2026-02-28T11:57:48.734+0000] {processor.py:157} INFO - Started process (PID=4737) to work on /opt/airflow/dags/dag.py
[2026-02-28T11:57:48.735+0000] {processor.py:829} INFO - Processing file /opt/airflow/dags/dag.py for tasks to queue
[2026-02-28T11:57:48.735+0000] {logging_mixin.py:151} INFO - [2026-02-28T11:57:48.735+0000] {dagbag.py:539} INFO - Filling up the DagBag from /opt/airflow/dags/dag.py
[2026-02-28T11:57:49.026+0000] {processor.py:839} INFO - DAG(s) dict_keys(['pagination_dag']) retrieved from /opt/airflow/dags/dag.py
[2026-02-28T11:57:49.054+0000] {logging_mixin.py:151} INFO - [2026-02-28T11:57:49.054+0000] {dag.py:2915} INFO - Sync 1 DAGs
[2026-02-28T11:57:49.074+0000] {logging_mixin.py:151} INFO - [2026-02-28T11:57:49.074+0000] {dag.py:3696} INFO - Setting next_dagrun for pagination_dag to None, run_after=None
[2026-02-28T11:57:49.106+0000] {processor.py:179} INFO - Processing /opt/airflow/dags/dag.py took 0.375 seconds
[2026-02-28T11:58:19.326+0000] {processor.py:157} INFO - Started process (PID=4749) to work on /opt/airflow/dags/dag.py
[2026-02-28T11:58:19.327+0000] {processor.py:829} INFO - Processing file /opt/airflow/dags/dag.py for tasks to queue
[2026-02-28T11:58:19.328+0000] {logging_mixin.py:151} INFO - [2026-02-28T11:58:19.328+0000] {dagbag.py:539} INFO - Filling up the DagBag from /opt/airflow/dags/dag.py
[2026-02-28T11:58:19.624+0000] {processor.py:839} INFO - DAG(s) dict_keys(['pagination_dag']) retrieved from /opt/airflow/dags/dag.py
[2026-02-28T11:58:19.654+0000] {logging_mixin.py:151} INFO - [2026-02-28T11:58:19.653+0000] {dag.py:2915} INFO - Sync 1 DAGs
[2026-02-28T11:58:19.667+0000] {logging_mixin.py:151} INFO - [2026-02-28T11:58:19.667+0000] {dag.py:3696} INFO - Setting next_dagrun for pagination_dag to None, run_after=None
[2026-02-28T11:58:19.693+0000] {processor.py:179} INFO - Processing /opt/airflow/dags/dag.py took 0.369 seconds
[2026-02-28T11:58:49.912+0000] {processor.py:157} INFO - Started process (PID=4761) to work on /opt/airflow/dags/dag.py
[2026-02-28T11:58:49.913+0000] {processor.py:829} INFO - Processing file /opt/airflow/dags/dag.py for tasks to queue
[2026-02-28T11:58:49.915+0000] {logging_mixin.py:151} INFO - [2026-02-28T11:58:49.915+0000] {dagbag.py:539} INFO - Filling up the DagBag from /opt/airflow/dags/dag.py
[2026-02-28T11:58:50.204+0000] {processor.py:839} INFO - DAG(s) dict_keys(['pagination_dag']) retrieved from /opt/airflow/dags/dag.py
[2026-02-28T11:58:50.231+0000] {logging_mixin.py:151} INFO - [2026-02-28T11:58:50.231+0000] {dag.py:2915} INFO - Sync 1 DAGs
[2026-02-28T11:58:50.247+0000] {logging_mixin.py:151} INFO - [2026-02-28T11:58:50.246+0000] {dag.py:3696} INFO - Setting next_dagrun for pagination_dag to None, run_after=None
[2026-02-28T11:58:50.269+0000] {processor.py:179} INFO - Processing /opt/airflow/dags/dag.py took 0.360 seconds
[2026-02-28T11:59:20.516+0000] {processor.py:157} INFO - Started process (PID=4773) to work on /opt/airflow/dags/dag.py
[2026-02-28T11:59:20.518+0000] {processor.py:829} INFO - Processing file /opt/airflow/dags/dag.py for tasks to queue
[2026-02-28T11:59:20.519+0000] {logging_mixin.py:151} INFO - [2026-02-28T11:59:20.518+0000] {dagbag.py:539} INFO - Filling up the DagBag from /opt/airflow/dags/dag.py
[2026-02-28T11:59:20.835+0000] {processor.py:839} INFO - DAG(s) dict_keys(['pagination_dag']) retrieved from /opt/airflow/dags/dag.py
[2026-02-28T11:59:20.869+0000] {logging_mixin.py:151} INFO - [2026-02-28T11:59:20.868+0000] {dag.py:2915} INFO - Sync 1 DAGs
[2026-02-28T11:59:20.884+0000] {logging_mixin.py:151} INFO - [2026-02-28T11:59:20.884+0000] {dag.py:3696} INFO - Setting next_dagrun for pagination_dag to None, run_after=None
[2026-02-28T11:59:20.908+0000] {processor.py:179} INFO - Processing /opt/airflow/dags/dag.py took 0.396 seconds
[2026-02-28T11:59:51.213+0000] {processor.py:157} INFO - Started process (PID=4785) to work on /opt/airflow/dags/dag.py
[2026-02-28T11:59:51.215+0000] {processor.py:829} INFO - Processing file /opt/airflow/dags/dag.py for tasks to queue
[2026-02-28T11:59:51.216+0000] {logging_mixin.py:151} INFO - [2026-02-28T11:59:51.215+0000] {dagbag.py:539} INFO - Filling up the DagBag from /opt/airflow/dags/dag.py
[2026-02-28T11:59:51.616+0000] {processor.py:839} INFO - DAG(s) dict_keys(['pagination_dag']) retrieved from /opt/airflow/dags/dag.py
[2026-02-28T11:59:51.649+0000] {logging_mixin.py:151} INFO - [2026-02-28T11:59:51.648+0000] {dag.py:2915} INFO - Sync 1 DAGs
[2026-02-28T11:59:51.672+0000] {logging_mixin.py:151} INFO - [2026-02-28T11:59:51.671+0000] {dag.py:3696} INFO - Setting next_dagrun for pagination_dag to None, run_after=None
[2026-02-28T11:59:51.709+0000] {processor.py:179} INFO - Processing /opt/airflow/dags/dag.py took 0.500 seconds
[2026-02-28T12:00:21.974+0000] {processor.py:157} INFO - Started process (PID=4797) to work on /opt/airflow/dags/dag.py
[2026-02-28T12:00:21.976+0000] {processor.py:829} INFO - Processing file /opt/airflow/dags/dag.py for tasks to queue
[2026-02-28T12:00:21.977+0000] {logging_mixin.py:151} INFO - [2026-02-28T12:00:21.977+0000] {dagbag.py:539} INFO - Filling up the DagBag from /opt/airflow/dags/dag.py
[2026-02-28T12:00:22.298+0000] {processor.py:839} INFO - DAG(s) dict_keys(['pagination_dag']) retrieved from /opt/airflow/dags/dag.py
[2026-02-28T12:00:22.331+0000] {logging_mixin.py:151} INFO - [2026-02-28T12:00:22.331+0000] {dag.py:2915} INFO - Sync 1 DAGs
[2026-02-28T12:00:22.347+0000] {logging_mixin.py:151} INFO - [2026-02-28T12:00:22.347+0000] {dag.py:3696} INFO - Setting next_dagrun for pagination_dag to None, run_after=None
[2026-02-28T12:00:22.378+0000] {processor.py:179} INFO - Processing /opt/airflow/dags/dag.py took 0.408 seconds
[2026-02-28T12:00:52.618+0000] {processor.py:157} INFO - Started process (PID=4809) to work on /opt/airflow/dags/dag.py
[2026-02-28T12:00:52.619+0000] {processor.py:829} INFO - Processing file /opt/airflow/dags/dag.py for tasks to queue
[2026-02-28T12:00:52.620+0000] {logging_mixin.py:151} INFO - [2026-02-28T12:00:52.619+0000] {dagbag.py:539} INFO - Filling up the DagBag from /opt/airflow/dags/dag.py
[2026-02-28T12:00:52.938+0000] {processor.py:839} INFO - DAG(s) dict_keys(['pagination_dag']) retrieved from /opt/airflow/dags/dag.py
[2026-02-28T12:00:52.974+0000] {logging_mixin.py:151} INFO - [2026-02-28T12:00:52.973+0000] {dag.py:2915} INFO - Sync 1 DAGs
[2026-02-28T12:00:52.986+0000] {logging_mixin.py:151} INFO - [2026-02-28T12:00:52.986+0000] {dag.py:3696} INFO - Setting next_dagrun for pagination_dag to None, run_after=None
[2026-02-28T12:00:53.016+0000] {processor.py:179} INFO - Processing /opt/airflow/dags/dag.py took 0.401 seconds
[2026-02-28T12:01:23.256+0000] {processor.py:157} INFO - Started process (PID=4821) to work on /opt/airflow/dags/dag.py
[2026-02-28T12:01:23.257+0000] {processor.py:829} INFO - Processing file /opt/airflow/dags/dag.py for tasks to queue
[2026-02-28T12:01:23.258+0000] {logging_mixin.py:151} INFO - [2026-02-28T12:01:23.257+0000] {dagbag.py:539} INFO - Filling up the DagBag from /opt/airflow/dags/dag.py
[2026-02-28T12:01:23.559+0000] {processor.py:839} INFO - DAG(s) dict_keys(['pagination_dag']) retrieved from /opt/airflow/dags/dag.py
[2026-02-28T12:01:23.588+0000] {logging_mixin.py:151} INFO - [2026-02-28T12:01:23.587+0000] {dag.py:2915} INFO - Sync 1 DAGs
[2026-02-28T12:01:23.603+0000] {logging_mixin.py:151} INFO - [2026-02-28T12:01:23.603+0000] {dag.py:3696} INFO - Setting next_dagrun for pagination_dag to None, run_after=None
[2026-02-28T12:01:23.634+0000] {processor.py:179} INFO - Processing /opt/airflow/dags/dag.py took 0.381 seconds
[2026-02-28T12:01:54.197+0000] {processor.py:157} INFO - Started process (PID=4833) to work on /opt/airflow/dags/dag.py
[2026-02-28T12:01:54.199+0000] {processor.py:829} INFO - Processing file /opt/airflow/dags/dag.py for tasks to queue
[2026-02-28T12:01:54.201+0000] {logging_mixin.py:151} INFO - [2026-02-28T12:01:54.200+0000] {dagbag.py:539} INFO - Filling up the DagBag from /opt/airflow/dags/dag.py
[2026-02-28T12:01:54.967+0000] {processor.py:839} INFO - DAG(s) dict_keys(['pagination_dag']) retrieved from /opt/airflow/dags/dag.py
[2026-02-28T12:01:55.042+0000] {logging_mixin.py:151} INFO - [2026-02-28T12:01:55.040+0000] {dag.py:2915} INFO - Sync 1 DAGs
[2026-02-28T12:01:55.082+0000] {logging_mixin.py:151} INFO - [2026-02-28T12:01:55.081+0000] {dag.py:3696} INFO - Setting next_dagrun for pagination_dag to None, run_after=None
[2026-02-28T12:01:55.145+0000] {processor.py:179} INFO - Processing /opt/airflow/dags/dag.py took 0.953 seconds
[2026-02-28T12:02:25.491+0000] {processor.py:157} INFO - Started process (PID=4845) to work on /opt/airflow/dags/dag.py
[2026-02-28T12:02:25.492+0000] {processor.py:829} INFO - Processing file /opt/airflow/dags/dag.py for tasks to queue
[2026-02-28T12:02:25.493+0000] {logging_mixin.py:151} INFO - [2026-02-28T12:02:25.493+0000] {dagbag.py:539} INFO - Filling up the DagBag from /opt/airflow/dags/dag.py
[2026-02-28T12:02:25.855+0000] {processor.py:839} INFO - DAG(s) dict_keys(['pagination_dag']) retrieved from /opt/airflow/dags/dag.py
[2026-02-28T12:02:25.889+0000] {logging_mixin.py:151} INFO - [2026-02-28T12:02:25.889+0000] {dag.py:2915} INFO - Sync 1 DAGs
[2026-02-28T12:02:25.907+0000] {logging_mixin.py:151} INFO - [2026-02-28T12:02:25.906+0000] {dag.py:3696} INFO - Setting next_dagrun for pagination_dag to None, run_after=None
[2026-02-28T12:02:25.932+0000] {processor.py:179} INFO - Processing /opt/airflow/dags/dag.py took 0.445 seconds
[2026-02-28T12:02:56.177+0000] {processor.py:157} INFO - Started process (PID=4857) to work on /opt/airflow/dags/dag.py
[2026-02-28T12:02:56.177+0000] {processor.py:829} INFO - Processing file /opt/airflow/dags/dag.py for tasks to queue
[2026-02-28T12:02:56.178+0000] {logging_mixin.py:151} INFO - [2026-02-28T12:02:56.178+0000] {dagbag.py:539} INFO - Filling up the DagBag from /opt/airflow/dags/dag.py
[2026-02-28T12:02:56.473+0000] {processor.py:839} INFO - DAG(s) dict_keys(['pagination_dag']) retrieved from /opt/airflow/dags/dag.py
[2026-02-28T12:02:56.501+0000] {logging_mixin.py:151} INFO - [2026-02-28T12:02:56.501+0000] {dag.py:2915} INFO - Sync 1 DAGs
[2026-02-28T12:02:56.514+0000] {logging_mixin.py:151} INFO - [2026-02-28T12:02:56.513+0000] {dag.py:3696} INFO - Setting next_dagrun for pagination_dag to None, run_after=None
[2026-02-28T12:02:56.537+0000] {processor.py:179} INFO - Processing /opt/airflow/dags/dag.py took 0.363 seconds
[2026-02-28T12:03:26.771+0000] {processor.py:157} INFO - Started process (PID=4869) to work on /opt/airflow/dags/dag.py
[2026-02-28T12:03:26.772+0000] {processor.py:829} INFO - Processing file /opt/airflow/dags/dag.py for tasks to queue
[2026-02-28T12:03:26.773+0000] {logging_mixin.py:151} INFO - [2026-02-28T12:03:26.773+0000] {dagbag.py:539} INFO - Filling up the DagBag from /opt/airflow/dags/dag.py
[2026-02-28T12:03:27.057+0000] {processor.py:839} INFO - DAG(s) dict_keys(['pagination_dag']) retrieved from /opt/airflow/dags/dag.py
[2026-02-28T12:03:27.087+0000] {logging_mixin.py:151} INFO - [2026-02-28T12:03:27.086+0000] {dag.py:2915} INFO - Sync 1 DAGs
[2026-02-28T12:03:27.100+0000] {logging_mixin.py:151} INFO - [2026-02-28T12:03:27.099+0000] {dag.py:3696} INFO - Setting next_dagrun for pagination_dag to None, run_after=None
[2026-02-28T12:03:27.124+0000] {processor.py:179} INFO - Processing /opt/airflow/dags/dag.py took 0.356 seconds
[2026-02-28T12:03:57.357+0000] {processor.py:157} INFO - Started process (PID=4881) to work on /opt/airflow/dags/dag.py
[2026-02-28T12:03:57.358+0000] {processor.py:829} INFO - Processing file /opt/airflow/dags/dag.py for tasks to queue
[2026-02-28T12:03:57.359+0000] {logging_mixin.py:151} INFO - [2026-02-28T12:03:57.359+0000] {dagbag.py:539} INFO - Filling up the DagBag from /opt/airflow/dags/dag.py
[2026-02-28T12:03:57.638+0000] {processor.py:839} INFO - DAG(s) dict_keys(['pagination_dag']) retrieved from /opt/airflow/dags/dag.py
[2026-02-28T12:03:57.668+0000] {logging_mixin.py:151} INFO - [2026-02-28T12:03:57.668+0000] {dag.py:2915} INFO - Sync 1 DAGs
[2026-02-28T12:03:57.682+0000] {logging_mixin.py:151} INFO - [2026-02-28T12:03:57.682+0000] {dag.py:3696} INFO - Setting next_dagrun for pagination_dag to None, run_after=None
[2026-02-28T12:03:57.705+0000] {processor.py:179} INFO - Processing /opt/airflow/dags/dag.py took 0.352 seconds
[2026-02-28T12:15:38.058+0000] {processor.py:157} INFO - Started process (PID=174) to work on /opt/airflow/dags/dag.py
[2026-02-28T12:15:38.060+0000] {processor.py:829} INFO - Processing file /opt/airflow/dags/dag.py for tasks to queue
[2026-02-28T12:15:38.061+0000] {logging_mixin.py:151} INFO - [2026-02-28T12:15:38.061+0000] {dagbag.py:539} INFO - Filling up the DagBag from /opt/airflow/dags/dag.py
[2026-02-28T12:15:39.232+0000] {processor.py:839} INFO - DAG(s) dict_keys(['pagination_dag']) retrieved from /opt/airflow/dags/dag.py
[2026-02-28T12:15:39.425+0000] {logging_mixin.py:151} INFO - [2026-02-28T12:15:39.424+0000] {manager.py:499} INFO - Created Permission View: %s
[2026-02-28T12:15:39.437+0000] {logging_mixin.py:151} INFO - [2026-02-28T12:15:39.437+0000] {manager.py:499} INFO - Created Permission View: %s
[2026-02-28T12:15:39.452+0000] {logging_mixin.py:151} INFO - [2026-02-28T12:15:39.451+0000] {manager.py:499} INFO - Created Permission View: %s
[2026-02-28T12:15:39.453+0000] {logging_mixin.py:151} INFO - [2026-02-28T12:15:39.452+0000] {security.py:708} INFO - Not syncing DAG-level permissions for DAG 'DAG:pagination_dag' as access control is unset.
[2026-02-28T12:15:39.453+0000] {logging_mixin.py:151} INFO - [2026-02-28T12:15:39.453+0000] {dag.py:2915} INFO - Sync 1 DAGs
[2026-02-28T12:15:39.463+0000] {logging_mixin.py:151} INFO - [2026-02-28T12:15:39.463+0000] {dag.py:2937} INFO - Creating ORM DAG for pagination_dag
[2026-02-28T12:15:39.464+0000] {logging_mixin.py:151} INFO - [2026-02-28T12:15:39.464+0000] {dag.py:3696} INFO - Setting next_dagrun for pagination_dag to None, run_after=None
[2026-02-28T12:15:39.485+0000] {processor.py:179} INFO - Processing /opt/airflow/dags/dag.py took 1.432 seconds
[2026-02-28T12:16:09.718+0000] {processor.py:157} INFO - Started process (PID=186) to work on /opt/airflow/dags/dag.py
[2026-02-28T12:16:09.719+0000] {processor.py:829} INFO - Processing file /opt/airflow/dags/dag.py for tasks to queue
[2026-02-28T12:16:09.721+0000] {logging_mixin.py:151} INFO - [2026-02-28T12:16:09.720+0000] {dagbag.py:539} INFO - Filling up the DagBag from /opt/airflow/dags/dag.py
[2026-02-28T12:16:10.172+0000] {processor.py:839} INFO - DAG(s) dict_keys(['pagination_dag']) retrieved from /opt/airflow/dags/dag.py
[2026-02-28T12:16:10.197+0000] {logging_mixin.py:151} INFO - [2026-02-28T12:16:10.196+0000] {dag.py:2915} INFO - Sync 1 DAGs
[2026-02-28T12:16:10.208+0000] {logging_mixin.py:151} INFO - [2026-02-28T12:16:10.208+0000] {dag.py:3696} INFO - Setting next_dagrun for pagination_dag to None, run_after=None
[2026-02-28T12:16:10.229+0000] {processor.py:179} INFO - Processing /opt/airflow/dags/dag.py took 0.515 seconds
[2026-02-28T12:16:40.477+0000] {processor.py:157} INFO - Started process (PID=198) to work on /opt/airflow/dags/dag.py
[2026-02-28T12:16:40.478+0000] {processor.py:829} INFO - Processing file /opt/airflow/dags/dag.py for tasks to queue
[2026-02-28T12:16:40.479+0000] {logging_mixin.py:151} INFO - [2026-02-28T12:16:40.479+0000] {dagbag.py:539} INFO - Filling up the DagBag from /opt/airflow/dags/dag.py
[2026-02-28T12:16:40.922+0000] {processor.py:839} INFO - DAG(s) dict_keys(['pagination_dag']) retrieved from /opt/airflow/dags/dag.py
[2026-02-28T12:16:40.948+0000] {logging_mixin.py:151} INFO - [2026-02-28T12:16:40.948+0000] {dag.py:2915} INFO - Sync 1 DAGs
[2026-02-28T12:16:40.961+0000] {logging_mixin.py:151} INFO - [2026-02-28T12:16:40.961+0000] {dag.py:3696} INFO - Setting next_dagrun for pagination_dag to None, run_after=None
[2026-02-28T12:16:40.989+0000] {processor.py:179} INFO - Processing /opt/airflow/dags/dag.py took 0.515 seconds
[2026-02-28T12:17:11.223+0000] {processor.py:157} INFO - Started process (PID=210) to work on /opt/airflow/dags/dag.py
[2026-02-28T12:17:11.225+0000] {processor.py:829} INFO - Processing file /opt/airflow/dags/dag.py for tasks to queue
[2026-02-28T12:17:11.226+0000] {logging_mixin.py:151} INFO - [2026-02-28T12:17:11.226+0000] {dagbag.py:539} INFO - Filling up the DagBag from /opt/airflow/dags/dag.py
[2026-02-28T12:17:11.677+0000] {processor.py:839} INFO - DAG(s) dict_keys(['pagination_dag']) retrieved from /opt/airflow/dags/dag.py
[2026-02-28T12:17:11.703+0000] {logging_mixin.py:151} INFO - [2026-02-28T12:17:11.702+0000] {dag.py:2915} INFO - Sync 1 DAGs
[2026-02-28T12:17:11.713+0000] {logging_mixin.py:151} INFO - [2026-02-28T12:17:11.713+0000] {dag.py:3696} INFO - Setting next_dagrun for pagination_dag to None, run_after=None
[2026-02-28T12:17:11.738+0000] {processor.py:179} INFO - Processing /opt/airflow/dags/dag.py took 0.520 seconds
[2026-02-28T12:17:41.988+0000] {processor.py:157} INFO - Started process (PID=222) to work on /opt/airflow/dags/dag.py
[2026-02-28T12:17:41.989+0000] {processor.py:829} INFO - Processing file /opt/airflow/dags/dag.py for tasks to queue
[2026-02-28T12:17:41.990+0000] {logging_mixin.py:151} INFO - [2026-02-28T12:17:41.990+0000] {dagbag.py:539} INFO - Filling up the DagBag from /opt/airflow/dags/dag.py
[2026-02-28T12:17:42.430+0000] {processor.py:839} INFO - DAG(s) dict_keys(['pagination_dag']) retrieved from /opt/airflow/dags/dag.py
[2026-02-28T12:17:42.454+0000] {logging_mixin.py:151} INFO - [2026-02-28T12:17:42.454+0000] {dag.py:2915} INFO - Sync 1 DAGs
[2026-02-28T12:17:42.464+0000] {logging_mixin.py:151} INFO - [2026-02-28T12:17:42.464+0000] {dag.py:3696} INFO - Setting next_dagrun for pagination_dag to None, run_after=None
[2026-02-28T12:17:42.484+0000] {processor.py:179} INFO - Processing /opt/airflow/dags/dag.py took 0.500 seconds
[2026-02-28T12:18:12.727+0000] {processor.py:157} INFO - Started process (PID=234) to work on /opt/airflow/dags/dag.py
[2026-02-28T12:18:12.728+0000] {processor.py:829} INFO - Processing file /opt/airflow/dags/dag.py for tasks to queue
[2026-02-28T12:18:12.728+0000] {logging_mixin.py:151} INFO - [2026-02-28T12:18:12.728+0000] {dagbag.py:539} INFO - Filling up the DagBag from /opt/airflow/dags/dag.py
[2026-02-28T12:18:13.209+0000] {processor.py:839} INFO - DAG(s) dict_keys(['pagination_dag']) retrieved from /opt/airflow/dags/dag.py
[2026-02-28T12:18:13.235+0000] {logging_mixin.py:151} INFO - [2026-02-28T12:18:13.234+0000] {dag.py:2915} INFO - Sync 1 DAGs
[2026-02-28T12:18:13.246+0000] {logging_mixin.py:151} INFO - [2026-02-28T12:18:13.246+0000] {dag.py:3696} INFO - Setting next_dagrun for pagination_dag to None, run_after=None
[2026-02-28T12:18:13.268+0000] {processor.py:179} INFO - Processing /opt/airflow/dags/dag.py took 0.544 seconds
[2026-02-28T12:18:43.656+0000] {processor.py:157} INFO - Started process (PID=246) to work on /opt/airflow/dags/dag.py
[2026-02-28T12:18:43.658+0000] {processor.py:829} INFO - Processing file /opt/airflow/dags/dag.py for tasks to queue
[2026-02-28T12:18:43.660+0000] {logging_mixin.py:151} INFO - [2026-02-28T12:18:43.659+0000] {dagbag.py:539} INFO - Filling up the DagBag from /opt/airflow/dags/dag.py
[2026-02-28T12:18:44.143+0000] {processor.py:839} INFO - DAG(s) dict_keys(['pagination_dag']) retrieved from /opt/airflow/dags/dag.py
[2026-02-28T12:18:44.183+0000] {logging_mixin.py:151} INFO - [2026-02-28T12:18:44.182+0000] {dag.py:2915} INFO - Sync 1 DAGs
[2026-02-28T12:18:44.199+0000] {logging_mixin.py:151} INFO - [2026-02-28T12:18:44.198+0000] {dag.py:3696} INFO - Setting next_dagrun for pagination_dag to None, run_after=None
[2026-02-28T12:18:44.225+0000] {processor.py:179} INFO - Processing /opt/airflow/dags/dag.py took 0.574 seconds
[2026-02-28T12:19:14.475+0000] {processor.py:157} INFO - Started process (PID=258) to work on /opt/airflow/dags/dag.py
[2026-02-28T12:19:14.477+0000] {processor.py:829} INFO - Processing file /opt/airflow/dags/dag.py for tasks to queue
[2026-02-28T12:19:14.478+0000] {logging_mixin.py:151} INFO - [2026-02-28T12:19:14.477+0000] {dagbag.py:539} INFO - Filling up the DagBag from /opt/airflow/dags/dag.py
[2026-02-28T12:19:14.788+0000] {processor.py:839} INFO - DAG(s) dict_keys(['pagination_dag']) retrieved from /opt/airflow/dags/dag.py
[2026-02-28T12:19:14.820+0000] {logging_mixin.py:151} INFO - [2026-02-28T12:19:14.819+0000] {dag.py:2915} INFO - Sync 1 DAGs
[2026-02-28T12:19:14.835+0000] {logging_mixin.py:151} INFO - [2026-02-28T12:19:14.835+0000] {dag.py:3696} INFO - Setting next_dagrun for pagination_dag to None, run_after=None
[2026-02-28T12:19:14.855+0000] {processor.py:179} INFO - Processing /opt/airflow/dags/dag.py took 0.383 seconds
[2026-02-28T12:19:45.087+0000] {processor.py:157} INFO - Started process (PID=270) to work on /opt/airflow/dags/dag.py
[2026-02-28T12:19:45.087+0000] {processor.py:829} INFO - Processing file /opt/airflow/dags/dag.py for tasks to queue
[2026-02-28T12:19:45.088+0000] {logging_mixin.py:151} INFO - [2026-02-28T12:19:45.088+0000] {dagbag.py:539} INFO - Filling up the DagBag from /opt/airflow/dags/dag.py
[2026-02-28T12:19:45.404+0000] {processor.py:839} INFO - DAG(s) dict_keys(['pagination_dag']) retrieved from /opt/airflow/dags/dag.py
[2026-02-28T12:19:45.432+0000] {logging_mixin.py:151} INFO - [2026-02-28T12:19:45.432+0000] {dag.py:2915} INFO - Sync 1 DAGs
[2026-02-28T12:19:45.444+0000] {logging_mixin.py:151} INFO - [2026-02-28T12:19:45.444+0000] {dag.py:3696} INFO - Setting next_dagrun for pagination_dag to None, run_after=None
[2026-02-28T12:19:45.467+0000] {processor.py:179} INFO - Processing /opt/airflow/dags/dag.py took 0.383 seconds
[2026-02-28T12:20:15.709+0000] {processor.py:157} INFO - Started process (PID=282) to work on /opt/airflow/dags/dag.py
[2026-02-28T12:20:15.711+0000] {processor.py:829} INFO - Processing file /opt/airflow/dags/dag.py for tasks to queue
[2026-02-28T12:20:15.713+0000] {logging_mixin.py:151} INFO - [2026-02-28T12:20:15.712+0000] {dagbag.py:539} INFO - Filling up the DagBag from /opt/airflow/dags/dag.py
[2026-02-28T12:20:16.098+0000] {processor.py:839} INFO - DAG(s) dict_keys(['pagination_dag']) retrieved from /opt/airflow/dags/dag.py
[2026-02-28T12:20:16.142+0000] {logging_mixin.py:151} INFO - [2026-02-28T12:20:16.142+0000] {dag.py:2915} INFO - Sync 1 DAGs
[2026-02-28T12:20:16.164+0000] {logging_mixin.py:151} INFO - [2026-02-28T12:20:16.164+0000] {dag.py:3696} INFO - Setting next_dagrun for pagination_dag to None, run_after=None
[2026-02-28T12:20:16.200+0000] {processor.py:179} INFO - Processing /opt/airflow/dags/dag.py took 0.496 seconds
[2026-02-28T12:20:46.470+0000] {processor.py:157} INFO - Started process (PID=294) to work on /opt/airflow/dags/dag.py
[2026-02-28T12:20:46.471+0000] {processor.py:829} INFO - Processing file /opt/airflow/dags/dag.py for tasks to queue
[2026-02-28T12:20:46.472+0000] {logging_mixin.py:151} INFO - [2026-02-28T12:20:46.472+0000] {dagbag.py:539} INFO - Filling up the DagBag from /opt/airflow/dags/dag.py
[2026-02-28T12:20:46.802+0000] {processor.py:839} INFO - DAG(s) dict_keys(['pagination_dag']) retrieved from /opt/airflow/dags/dag.py
[2026-02-28T12:20:46.837+0000] {logging_mixin.py:151} INFO - [2026-02-28T12:20:46.836+0000] {dag.py:2915} INFO - Sync 1 DAGs
[2026-02-28T12:20:46.850+0000] {logging_mixin.py:151} INFO - [2026-02-28T12:20:46.850+0000] {dag.py:3696} INFO - Setting next_dagrun for pagination_dag to None, run_after=None
[2026-02-28T12:20:46.874+0000] {processor.py:179} INFO - Processing /opt/airflow/dags/dag.py took 0.406 seconds
[2026-02-28T12:21:17.144+0000] {processor.py:157} INFO - Started process (PID=306) to work on /opt/airflow/dags/dag.py
[2026-02-28T12:21:17.145+0000] {processor.py:829} INFO - Processing file /opt/airflow/dags/dag.py for tasks to queue
[2026-02-28T12:21:17.146+0000] {logging_mixin.py:151} INFO - [2026-02-28T12:21:17.146+0000] {dagbag.py:539} INFO - Filling up the DagBag from /opt/airflow/dags/dag.py
[2026-02-28T12:21:17.531+0000] {processor.py:839} INFO - DAG(s) dict_keys(['pagination_dag']) retrieved from /opt/airflow/dags/dag.py
[2026-02-28T12:21:17.575+0000] {logging_mixin.py:151} INFO - [2026-02-28T12:21:17.574+0000] {dag.py:2915} INFO - Sync 1 DAGs
[2026-02-28T12:21:17.594+0000] {logging_mixin.py:151} INFO - [2026-02-28T12:21:17.593+0000] {dag.py:3696} INFO - Setting next_dagrun for pagination_dag to None, run_after=None
[2026-02-28T12:21:17.629+0000] {processor.py:179} INFO - Processing /opt/airflow/dags/dag.py took 0.490 seconds
[2026-02-28T12:21:47.877+0000] {processor.py:157} INFO - Started process (PID=318) to work on /opt/airflow/dags/dag.py
[2026-02-28T12:21:47.878+0000] {processor.py:829} INFO - Processing file /opt/airflow/dags/dag.py for tasks to queue
[2026-02-28T12:21:47.879+0000] {logging_mixin.py:151} INFO - [2026-02-28T12:21:47.879+0000] {dagbag.py:539} INFO - Filling up the DagBag from /opt/airflow/dags/dag.py
[2026-02-28T12:21:48.192+0000] {processor.py:839} INFO - DAG(s) dict_keys(['pagination_dag']) retrieved from /opt/airflow/dags/dag.py
[2026-02-28T12:21:48.224+0000] {logging_mixin.py:151} INFO - [2026-02-28T12:21:48.223+0000] {dag.py:2915} INFO - Sync 1 DAGs
[2026-02-28T12:21:48.239+0000] {logging_mixin.py:151} INFO - [2026-02-28T12:21:48.239+0000] {dag.py:3696} INFO - Setting next_dagrun for pagination_dag to None, run_after=None
[2026-02-28T12:21:48.267+0000] {processor.py:179} INFO - Processing /opt/airflow/dags/dag.py took 0.394 seconds
[2026-02-28T12:22:18.488+0000] {processor.py:157} INFO - Started process (PID=330) to work on /opt/airflow/dags/dag.py
[2026-02-28T12:22:18.490+0000] {processor.py:829} INFO - Processing file /opt/airflow/dags/dag.py for tasks to queue
[2026-02-28T12:22:18.491+0000] {logging_mixin.py:151} INFO - [2026-02-28T12:22:18.491+0000] {dagbag.py:539} INFO - Filling up the DagBag from /opt/airflow/dags/dag.py
[2026-02-28T12:22:18.817+0000] {processor.py:839} INFO - DAG(s) dict_keys(['pagination_dag']) retrieved from /opt/airflow/dags/dag.py
[2026-02-28T12:22:18.853+0000] {logging_mixin.py:151} INFO - [2026-02-28T12:22:18.852+0000] {dag.py:2915} INFO - Sync 1 DAGs
[2026-02-28T12:22:18.869+0000] {logging_mixin.py:151} INFO - [2026-02-28T12:22:18.869+0000] {dag.py:3696} INFO - Setting next_dagrun for pagination_dag to None, run_after=None
[2026-02-28T12:22:18.896+0000] {processor.py:179} INFO - Processing /opt/airflow/dags/dag.py took 0.412 seconds
[2026-02-28T12:22:49.122+0000] {processor.py:157} INFO - Started process (PID=342) to work on /opt/airflow/dags/dag.py
[2026-02-28T12:22:49.123+0000] {processor.py:829} INFO - Processing file /opt/airflow/dags/dag.py for tasks to queue
[2026-02-28T12:22:49.125+0000] {logging_mixin.py:151} INFO - [2026-02-28T12:22:49.124+0000] {dagbag.py:539} INFO - Filling up the DagBag from /opt/airflow/dags/dag.py
[2026-02-28T12:22:49.452+0000] {processor.py:839} INFO - DAG(s) dict_keys(['pagination_dag']) retrieved from /opt/airflow/dags/dag.py
[2026-02-28T12:22:49.481+0000] {logging_mixin.py:151} INFO - [2026-02-28T12:22:49.480+0000] {dag.py:2915} INFO - Sync 1 DAGs
[2026-02-28T12:22:49.495+0000] {logging_mixin.py:151} INFO - [2026-02-28T12:22:49.495+0000] {dag.py:3696} INFO - Setting next_dagrun for pagination_dag to None, run_after=None
[2026-02-28T12:22:49.518+0000] {processor.py:179} INFO - Processing /opt/airflow/dags/dag.py took 0.400 seconds
[2026-02-28T12:23:19.791+0000] {processor.py:157} INFO - Started process (PID=363) to work on /opt/airflow/dags/dag.py
[2026-02-28T12:23:19.793+0000] {processor.py:829} INFO - Processing file /opt/airflow/dags/dag.py for tasks to queue
[2026-02-28T12:23:19.794+0000] {logging_mixin.py:151} INFO - [2026-02-28T12:23:19.794+0000] {dagbag.py:539} INFO - Filling up the DagBag from /opt/airflow/dags/dag.py
[2026-02-28T12:23:20.101+0000] {processor.py:839} INFO - DAG(s) dict_keys(['pagination_dag']) retrieved from /opt/airflow/dags/dag.py
[2026-02-28T12:23:20.131+0000] {logging_mixin.py:151} INFO - [2026-02-28T12:23:20.130+0000] {dag.py:2915} INFO - Sync 1 DAGs
[2026-02-28T12:23:20.145+0000] {logging_mixin.py:151} INFO - [2026-02-28T12:23:20.145+0000] {dag.py:3696} INFO - Setting next_dagrun for pagination_dag to None, run_after=None
[2026-02-28T12:23:20.171+0000] {processor.py:179} INFO - Processing /opt/airflow/dags/dag.py took 0.384 seconds
[2026-02-28T12:23:50.416+0000] {processor.py:157} INFO - Started process (PID=375) to work on /opt/airflow/dags/dag.py
[2026-02-28T12:23:50.417+0000] {processor.py:829} INFO - Processing file /opt/airflow/dags/dag.py for tasks to queue
[2026-02-28T12:23:50.418+0000] {logging_mixin.py:151} INFO - [2026-02-28T12:23:50.418+0000] {dagbag.py:539} INFO - Filling up the DagBag from /opt/airflow/dags/dag.py
[2026-02-28T12:23:50.689+0000] {processor.py:839} INFO - DAG(s) dict_keys(['pagination_dag']) retrieved from /opt/airflow/dags/dag.py
[2026-02-28T12:23:50.716+0000] {logging_mixin.py:151} INFO - [2026-02-28T12:23:50.715+0000] {dag.py:2915} INFO - Sync 1 DAGs
[2026-02-28T12:23:50.728+0000] {logging_mixin.py:151} INFO - [2026-02-28T12:23:50.728+0000] {dag.py:3696} INFO - Setting next_dagrun for pagination_dag to None, run_after=None
[2026-02-28T12:23:50.753+0000] {processor.py:179} INFO - Processing /opt/airflow/dags/dag.py took 0.340 seconds
[2026-02-28T12:24:20.996+0000] {processor.py:157} INFO - Started process (PID=387) to work on /opt/airflow/dags/dag.py
[2026-02-28T12:24:20.997+0000] {processor.py:829} INFO - Processing file /opt/airflow/dags/dag.py for tasks to queue
[2026-02-28T12:24:20.998+0000] {logging_mixin.py:151} INFO - [2026-02-28T12:24:20.998+0000] {dagbag.py:539} INFO - Filling up the DagBag from /opt/airflow/dags/dag.py
[2026-02-28T12:24:21.320+0000] {processor.py:839} INFO - DAG(s) dict_keys(['pagination_dag']) retrieved from /opt/airflow/dags/dag.py
[2026-02-28T12:24:21.350+0000] {logging_mixin.py:151} INFO - [2026-02-28T12:24:21.349+0000] {dag.py:2915} INFO - Sync 1 DAGs
[2026-02-28T12:24:21.365+0000] {logging_mixin.py:151} INFO - [2026-02-28T12:24:21.365+0000] {dag.py:3696} INFO - Setting next_dagrun for pagination_dag to None, run_after=None
[2026-02-28T12:24:21.398+0000] {processor.py:179} INFO - Processing /opt/airflow/dags/dag.py took 0.407 seconds
[2026-02-28T12:24:51.658+0000] {processor.py:157} INFO - Started process (PID=399) to work on /opt/airflow/dags/dag.py
[2026-02-28T12:24:51.660+0000] {processor.py:829} INFO - Processing file /opt/airflow/dags/dag.py for tasks to queue
[2026-02-28T12:24:51.661+0000] {logging_mixin.py:151} INFO - [2026-02-28T12:24:51.660+0000] {dagbag.py:539} INFO - Filling up the DagBag from /opt/airflow/dags/dag.py
[2026-02-28T12:24:51.954+0000] {processor.py:839} INFO - DAG(s) dict_keys(['pagination_dag']) retrieved from /opt/airflow/dags/dag.py
[2026-02-28T12:24:51.979+0000] {logging_mixin.py:151} INFO - [2026-02-28T12:24:51.979+0000] {dag.py:2915} INFO - Sync 1 DAGs
[2026-02-28T12:24:51.992+0000] {logging_mixin.py:151} INFO - [2026-02-28T12:24:51.991+0000] {dag.py:3696} INFO - Setting next_dagrun for pagination_dag to None, run_after=None
[2026-02-28T12:24:52.014+0000] {processor.py:179} INFO - Processing /opt/airflow/dags/dag.py took 0.359 seconds
[2026-02-28T12:25:22.216+0000] {processor.py:157} INFO - Started process (PID=411) to work on /opt/airflow/dags/dag.py
[2026-02-28T12:25:22.217+0000] {processor.py:829} INFO - Processing file /opt/airflow/dags/dag.py for tasks to queue
[2026-02-28T12:25:22.219+0000] {logging_mixin.py:151} INFO - [2026-02-28T12:25:22.218+0000] {dagbag.py:539} INFO - Filling up the DagBag from /opt/airflow/dags/dag.py
[2026-02-28T12:25:22.495+0000] {processor.py:839} INFO - DAG(s) dict_keys(['pagination_dag']) retrieved from /opt/airflow/dags/dag.py
[2026-02-28T12:25:22.525+0000] {logging_mixin.py:151} INFO - [2026-02-28T12:25:22.525+0000] {dag.py:2915} INFO - Sync 1 DAGs
[2026-02-28T12:25:22.539+0000] {logging_mixin.py:151} INFO - [2026-02-28T12:25:22.538+0000] {dag.py:3696} INFO - Setting next_dagrun for pagination_dag to None, run_after=None
[2026-02-28T12:25:22.561+0000] {processor.py:179} INFO - Processing /opt/airflow/dags/dag.py took 0.348 seconds
[2026-02-28T12:25:52.828+0000] {processor.py:157} INFO - Started process (PID=426) to work on /opt/airflow/dags/dag.py
[2026-02-28T12:25:52.830+0000] {processor.py:829} INFO - Processing file /opt/airflow/dags/dag.py for tasks to queue
[2026-02-28T12:25:52.831+0000] {logging_mixin.py:151} INFO - [2026-02-28T12:25:52.830+0000] {dagbag.py:539} INFO - Filling up the DagBag from /opt/airflow/dags/dag.py
[2026-02-28T12:25:53.120+0000] {processor.py:839} INFO - DAG(s) dict_keys(['pagination_dag']) retrieved from /opt/airflow/dags/dag.py
[2026-02-28T12:25:53.145+0000] {logging_mixin.py:151} INFO - [2026-02-28T12:25:53.144+0000] {dag.py:2915} INFO - Sync 1 DAGs
[2026-02-28T12:25:53.157+0000] {logging_mixin.py:151} INFO - [2026-02-28T12:25:53.157+0000] {dag.py:3696} INFO - Setting next_dagrun for pagination_dag to None, run_after=None
[2026-02-28T12:25:53.191+0000] {processor.py:179} INFO - Processing /opt/airflow/dags/dag.py took 0.367 seconds
[2026-02-28T12:26:23.456+0000] {processor.py:157} INFO - Started process (PID=438) to work on /opt/airflow/dags/dag.py
[2026-02-28T12:26:23.458+0000] {processor.py:829} INFO - Processing file /opt/airflow/dags/dag.py for tasks to queue
[2026-02-28T12:26:23.459+0000] {logging_mixin.py:151} INFO - [2026-02-28T12:26:23.459+0000] {dagbag.py:539} INFO - Filling up the DagBag from /opt/airflow/dags/dag.py
[2026-02-28T12:26:23.737+0000] {processor.py:839} INFO - DAG(s) dict_keys(['pagination_dag']) retrieved from /opt/airflow/dags/dag.py
[2026-02-28T12:26:23.768+0000] {logging_mixin.py:151} INFO - [2026-02-28T12:26:23.768+0000] {dag.py:2915} INFO - Sync 1 DAGs
[2026-02-28T12:26:23.783+0000] {logging_mixin.py:151} INFO - [2026-02-28T12:26:23.782+0000] {dag.py:3696} INFO - Setting next_dagrun for pagination_dag to None, run_after=None
[2026-02-28T12:26:23.812+0000] {processor.py:179} INFO - Processing /opt/airflow/dags/dag.py took 0.361 seconds
[2026-02-28T12:26:54.075+0000] {processor.py:157} INFO - Started process (PID=450) to work on /opt/airflow/dags/dag.py
[2026-02-28T12:26:54.076+0000] {processor.py:829} INFO - Processing file /opt/airflow/dags/dag.py for tasks to queue
[2026-02-28T12:26:54.077+0000] {logging_mixin.py:151} INFO - [2026-02-28T12:26:54.077+0000] {dagbag.py:539} INFO - Filling up the DagBag from /opt/airflow/dags/dag.py
[2026-02-28T12:26:54.385+0000] {processor.py:839} INFO - DAG(s) dict_keys(['pagination_dag']) retrieved from /opt/airflow/dags/dag.py
[2026-02-28T12:26:54.436+0000] {logging_mixin.py:151} INFO - [2026-02-28T12:26:54.435+0000] {dag.py:2915} INFO - Sync 1 DAGs
[2026-02-28T12:26:54.473+0000] {logging_mixin.py:151} INFO - [2026-02-28T12:26:54.472+0000] {dag.py:3696} INFO - Setting next_dagrun for pagination_dag to None, run_after=None
[2026-02-28T12:26:54.511+0000] {processor.py:179} INFO - Processing /opt/airflow/dags/dag.py took 0.439 seconds
[2026-02-28T12:27:24.772+0000] {processor.py:157} INFO - Started process (PID=462) to work on /opt/airflow/dags/dag.py
[2026-02-28T12:27:24.773+0000] {processor.py:829} INFO - Processing file /opt/airflow/dags/dag.py for tasks to queue
[2026-02-28T12:27:24.774+0000] {logging_mixin.py:151} INFO - [2026-02-28T12:27:24.774+0000] {dagbag.py:539} INFO - Filling up the DagBag from /opt/airflow/dags/dag.py
[2026-02-28T12:27:25.036+0000] {processor.py:839} INFO - DAG(s) dict_keys(['pagination_dag']) retrieved from /opt/airflow/dags/dag.py
[2026-02-28T12:27:25.064+0000] {logging_mixin.py:151} INFO - [2026-02-28T12:27:25.063+0000] {dag.py:2915} INFO - Sync 1 DAGs
[2026-02-28T12:27:25.076+0000] {logging_mixin.py:151} INFO - [2026-02-28T12:27:25.075+0000] {dag.py:3696} INFO - Setting next_dagrun for pagination_dag to None, run_after=None
[2026-02-28T12:27:25.098+0000] {processor.py:179} INFO - Processing /opt/airflow/dags/dag.py took 0.329 seconds
[2026-02-28T12:27:55.344+0000] {processor.py:157} INFO - Started process (PID=474) to work on /opt/airflow/dags/dag.py
[2026-02-28T12:27:55.345+0000] {processor.py:829} INFO - Processing file /opt/airflow/dags/dag.py for tasks to queue
[2026-02-28T12:27:55.346+0000] {logging_mixin.py:151} INFO - [2026-02-28T12:27:55.346+0000] {dagbag.py:539} INFO - Filling up the DagBag from /opt/airflow/dags/dag.py
[2026-02-28T12:27:55.638+0000] {processor.py:839} INFO - DAG(s) dict_keys(['pagination_dag']) retrieved from /opt/airflow/dags/dag.py
[2026-02-28T12:27:55.668+0000] {logging_mixin.py:151} INFO - [2026-02-28T12:27:55.667+0000] {dag.py:2915} INFO - Sync 1 DAGs
[2026-02-28T12:27:55.680+0000] {logging_mixin.py:151} INFO - [2026-02-28T12:27:55.680+0000] {dag.py:3696} INFO - Setting next_dagrun for pagination_dag to None, run_after=None
[2026-02-28T12:27:55.708+0000] {processor.py:179} INFO - Processing /opt/airflow/dags/dag.py took 0.367 seconds
[2026-02-28T12:28:25.940+0000] {processor.py:157} INFO - Started process (PID=486) to work on /opt/airflow/dags/dag.py
[2026-02-28T12:28:25.941+0000] {processor.py:829} INFO - Processing file /opt/airflow/dags/dag.py for tasks to queue
[2026-02-28T12:28:25.942+0000] {logging_mixin.py:151} INFO - [2026-02-28T12:28:25.942+0000] {dagbag.py:539} INFO - Filling up the DagBag from /opt/airflow/dags/dag.py
[2026-02-28T12:28:26.220+0000] {processor.py:839} INFO - DAG(s) dict_keys(['pagination_dag']) retrieved from /opt/airflow/dags/dag.py
[2026-02-28T12:28:26.245+0000] {logging_mixin.py:151} INFO - [2026-02-28T12:28:26.244+0000] {dag.py:2915} INFO - Sync 1 DAGs
[2026-02-28T12:28:26.256+0000] {logging_mixin.py:151} INFO - [2026-02-28T12:28:26.256+0000] {dag.py:3696} INFO - Setting next_dagrun for pagination_dag to None, run_after=None
[2026-02-28T12:28:26.278+0000] {processor.py:179} INFO - Processing /opt/airflow/dags/dag.py took 0.342 seconds
[2026-02-28T12:28:56.600+0000] {processor.py:157} INFO - Started process (PID=498) to work on /opt/airflow/dags/dag.py
[2026-02-28T12:28:56.602+0000] {processor.py:829} INFO - Processing file /opt/airflow/dags/dag.py for tasks to queue
[2026-02-28T12:28:56.605+0000] {logging_mixin.py:151} INFO - [2026-02-28T12:28:56.604+0000] {dagbag.py:539} INFO - Filling up the DagBag from /opt/airflow/dags/dag.py
[2026-02-28T12:28:57.013+0000] {processor.py:839} INFO - DAG(s) dict_keys(['pagination_dag']) retrieved from /opt/airflow/dags/dag.py
[2026-02-28T12:28:57.042+0000] {logging_mixin.py:151} INFO - [2026-02-28T12:28:57.041+0000] {dag.py:2915} INFO - Sync 1 DAGs
[2026-02-28T12:28:57.054+0000] {logging_mixin.py:151} INFO - [2026-02-28T12:28:57.054+0000] {dag.py:3696} INFO - Setting next_dagrun for pagination_dag to None, run_after=None
[2026-02-28T12:28:57.076+0000] {processor.py:179} INFO - Processing /opt/airflow/dags/dag.py took 0.485 seconds
[2026-02-28T12:29:27.342+0000] {processor.py:157} INFO - Started process (PID=510) to work on /opt/airflow/dags/dag.py
[2026-02-28T12:29:27.343+0000] {processor.py:829} INFO - Processing file /opt/airflow/dags/dag.py for tasks to queue
[2026-02-28T12:29:27.344+0000] {logging_mixin.py:151} INFO - [2026-02-28T12:29:27.344+0000] {dagbag.py:539} INFO - Filling up the DagBag from /opt/airflow/dags/dag.py
[2026-02-28T12:29:27.635+0000] {processor.py:839} INFO - DAG(s) dict_keys(['pagination_dag']) retrieved from /opt/airflow/dags/dag.py
[2026-02-28T12:29:27.666+0000] {logging_mixin.py:151} INFO - [2026-02-28T12:29:27.666+0000] {dag.py:2915} INFO - Sync 1 DAGs
[2026-02-28T12:29:27.678+0000] {logging_mixin.py:151} INFO - [2026-02-28T12:29:27.677+0000] {dag.py:3696} INFO - Setting next_dagrun for pagination_dag to None, run_after=None
[2026-02-28T12:29:27.702+0000] {processor.py:179} INFO - Processing /opt/airflow/dags/dag.py took 0.363 seconds
[2026-02-28T12:29:57.930+0000] {processor.py:157} INFO - Started process (PID=522) to work on /opt/airflow/dags/dag.py
[2026-02-28T12:29:57.931+0000] {processor.py:829} INFO - Processing file /opt/airflow/dags/dag.py for tasks to queue
[2026-02-28T12:29:57.932+0000] {logging_mixin.py:151} INFO - [2026-02-28T12:29:57.932+0000] {dagbag.py:539} INFO - Filling up the DagBag from /opt/airflow/dags/dag.py
[2026-02-28T12:29:58.217+0000] {processor.py:839} INFO - DAG(s) dict_keys(['pagination_dag']) retrieved from /opt/airflow/dags/dag.py
[2026-02-28T12:29:58.248+0000] {logging_mixin.py:151} INFO - [2026-02-28T12:29:58.248+0000] {dag.py:2915} INFO - Sync 1 DAGs
[2026-02-28T12:29:58.262+0000] {logging_mixin.py:151} INFO - [2026-02-28T12:29:58.261+0000] {dag.py:3696} INFO - Setting next_dagrun for pagination_dag to None, run_after=None
[2026-02-28T12:29:58.284+0000] {processor.py:179} INFO - Processing /opt/airflow/dags/dag.py took 0.357 seconds
[2026-02-28T12:30:28.516+0000] {processor.py:157} INFO - Started process (PID=534) to work on /opt/airflow/dags/dag.py
[2026-02-28T12:30:28.517+0000] {processor.py:829} INFO - Processing file /opt/airflow/dags/dag.py for tasks to queue
[2026-02-28T12:30:28.518+0000] {logging_mixin.py:151} INFO - [2026-02-28T12:30:28.518+0000] {dagbag.py:539} INFO - Filling up the DagBag from /opt/airflow/dags/dag.py
[2026-02-28T12:30:28.787+0000] {processor.py:839} INFO - DAG(s) dict_keys(['pagination_dag']) retrieved from /opt/airflow/dags/dag.py
[2026-02-28T12:30:28.820+0000] {logging_mixin.py:151} INFO - [2026-02-28T12:30:28.819+0000] {dag.py:2915} INFO - Sync 1 DAGs
[2026-02-28T12:30:28.839+0000] {logging_mixin.py:151} INFO - [2026-02-28T12:30:28.839+0000] {dag.py:3696} INFO - Setting next_dagrun for pagination_dag to None, run_after=None
[2026-02-28T12:30:28.868+0000] {processor.py:179} INFO - Processing /opt/airflow/dags/dag.py took 0.354 seconds
[2026-02-28T12:30:59.124+0000] {processor.py:157} INFO - Started process (PID=546) to work on /opt/airflow/dags/dag.py
[2026-02-28T12:30:59.125+0000] {processor.py:829} INFO - Processing file /opt/airflow/dags/dag.py for tasks to queue
[2026-02-28T12:30:59.125+0000] {logging_mixin.py:151} INFO - [2026-02-28T12:30:59.125+0000] {dagbag.py:539} INFO - Filling up the DagBag from /opt/airflow/dags/dag.py
[2026-02-28T12:30:59.402+0000] {processor.py:839} INFO - DAG(s) dict_keys(['pagination_dag']) retrieved from /opt/airflow/dags/dag.py
[2026-02-28T12:30:59.431+0000] {logging_mixin.py:151} INFO - [2026-02-28T12:30:59.430+0000] {dag.py:2915} INFO - Sync 1 DAGs
[2026-02-28T12:30:59.443+0000] {logging_mixin.py:151} INFO - [2026-02-28T12:30:59.443+0000] {dag.py:3696} INFO - Setting next_dagrun for pagination_dag to None, run_after=None
[2026-02-28T12:30:59.467+0000] {processor.py:179} INFO - Processing /opt/airflow/dags/dag.py took 0.347 seconds
[2026-02-28T12:31:29.710+0000] {processor.py:157} INFO - Started process (PID=577) to work on /opt/airflow/dags/dag.py
[2026-02-28T12:31:29.711+0000] {processor.py:829} INFO - Processing file /opt/airflow/dags/dag.py for tasks to queue
[2026-02-28T12:31:29.712+0000] {logging_mixin.py:151} INFO - [2026-02-28T12:31:29.712+0000] {dagbag.py:539} INFO - Filling up the DagBag from /opt/airflow/dags/dag.py
[2026-02-28T12:31:29.985+0000] {processor.py:839} INFO - DAG(s) dict_keys(['pagination_dag']) retrieved from /opt/airflow/dags/dag.py
[2026-02-28T12:31:29.998+0000] {logging_mixin.py:151} INFO - [2026-02-28T12:31:29.998+0000] {dag.py:2915} INFO - Sync 1 DAGs
[2026-02-28T12:31:30.010+0000] {logging_mixin.py:151} INFO - [2026-02-28T12:31:30.010+0000] {dag.py:3696} INFO - Setting next_dagrun for pagination_dag to None, run_after=None
[2026-02-28T12:31:30.030+0000] {processor.py:179} INFO - Processing /opt/airflow/dags/dag.py took 0.322 seconds
[2026-02-28T12:31:59.538+0000] {processor.py:157} INFO - Started process (PID=174) to work on /opt/airflow/dags/dag.py
[2026-02-28T12:31:59.542+0000] {processor.py:829} INFO - Processing file /opt/airflow/dags/dag.py for tasks to queue
[2026-02-28T12:31:59.544+0000] {logging_mixin.py:151} INFO - [2026-02-28T12:31:59.543+0000] {dagbag.py:539} INFO - Filling up the DagBag from /opt/airflow/dags/dag.py
[2026-02-28T12:31:59.984+0000] {processor.py:839} INFO - DAG(s) dict_keys(['pagination_dag']) retrieved from /opt/airflow/dags/dag.py
[2026-02-28T12:32:00.020+0000] {logging_mixin.py:151} INFO - [2026-02-28T12:32:00.020+0000] {dag.py:2915} INFO - Sync 1 DAGs
[2026-02-28T12:32:00.030+0000] {logging_mixin.py:151} INFO - [2026-02-28T12:32:00.030+0000] {dag.py:3696} INFO - Setting next_dagrun for pagination_dag to None, run_after=None
[2026-02-28T12:32:00.051+0000] {processor.py:179} INFO - Processing /opt/airflow/dags/dag.py took 0.517 seconds
[2026-02-28T12:32:30.299+0000] {processor.py:157} INFO - Started process (PID=186) to work on /opt/airflow/dags/dag.py
[2026-02-28T12:32:30.300+0000] {processor.py:829} INFO - Processing file /opt/airflow/dags/dag.py for tasks to queue
[2026-02-28T12:32:30.301+0000] {logging_mixin.py:151} INFO - [2026-02-28T12:32:30.301+0000] {dagbag.py:539} INFO - Filling up the DagBag from /opt/airflow/dags/dag.py
[2026-02-28T12:32:30.730+0000] {processor.py:839} INFO - DAG(s) dict_keys(['pagination_dag']) retrieved from /opt/airflow/dags/dag.py
[2026-02-28T12:32:30.756+0000] {logging_mixin.py:151} INFO - [2026-02-28T12:32:30.755+0000] {dag.py:2915} INFO - Sync 1 DAGs
[2026-02-28T12:32:30.765+0000] {logging_mixin.py:151} INFO - [2026-02-28T12:32:30.765+0000] {dag.py:3696} INFO - Setting next_dagrun for pagination_dag to None, run_after=None
[2026-02-28T12:32:30.787+0000] {processor.py:179} INFO - Processing /opt/airflow/dags/dag.py took 0.492 seconds
[2026-02-28T12:33:01.025+0000] {processor.py:157} INFO - Started process (PID=198) to work on /opt/airflow/dags/dag.py
[2026-02-28T12:33:01.026+0000] {processor.py:829} INFO - Processing file /opt/airflow/dags/dag.py for tasks to queue
[2026-02-28T12:33:01.027+0000] {logging_mixin.py:151} INFO - [2026-02-28T12:33:01.026+0000] {dagbag.py:539} INFO - Filling up the DagBag from /opt/airflow/dags/dag.py
[2026-02-28T12:33:01.423+0000] {processor.py:839} INFO - DAG(s) dict_keys(['pagination_dag']) retrieved from /opt/airflow/dags/dag.py
[2026-02-28T12:33:01.444+0000] {logging_mixin.py:151} INFO - [2026-02-28T12:33:01.444+0000] {dag.py:2915} INFO - Sync 1 DAGs
[2026-02-28T12:33:01.455+0000] {logging_mixin.py:151} INFO - [2026-02-28T12:33:01.455+0000] {dag.py:3696} INFO - Setting next_dagrun for pagination_dag to None, run_after=None
[2026-02-28T12:33:01.477+0000] {processor.py:179} INFO - Processing /opt/airflow/dags/dag.py took 0.455 seconds
[2026-02-28T12:33:31.717+0000] {processor.py:157} INFO - Started process (PID=210) to work on /opt/airflow/dags/dag.py
[2026-02-28T12:33:31.718+0000] {processor.py:829} INFO - Processing file /opt/airflow/dags/dag.py for tasks to queue
[2026-02-28T12:33:31.719+0000] {logging_mixin.py:151} INFO - [2026-02-28T12:33:31.719+0000] {dagbag.py:539} INFO - Filling up the DagBag from /opt/airflow/dags/dag.py
[2026-02-28T12:33:32.113+0000] {processor.py:839} INFO - DAG(s) dict_keys(['pagination_dag']) retrieved from /opt/airflow/dags/dag.py
[2026-02-28T12:33:32.136+0000] {logging_mixin.py:151} INFO - [2026-02-28T12:33:32.136+0000] {dag.py:2915} INFO - Sync 1 DAGs
[2026-02-28T12:33:32.145+0000] {logging_mixin.py:151} INFO - [2026-02-28T12:33:32.145+0000] {dag.py:3696} INFO - Setting next_dagrun for pagination_dag to None, run_after=None
[2026-02-28T12:33:32.165+0000] {processor.py:179} INFO - Processing /opt/airflow/dags/dag.py took 0.451 seconds
[2026-02-28T12:34:02.392+0000] {processor.py:157} INFO - Started process (PID=222) to work on /opt/airflow/dags/dag.py
[2026-02-28T12:34:02.393+0000] {processor.py:829} INFO - Processing file /opt/airflow/dags/dag.py for tasks to queue
[2026-02-28T12:34:02.394+0000] {logging_mixin.py:151} INFO - [2026-02-28T12:34:02.394+0000] {dagbag.py:539} INFO - Filling up the DagBag from /opt/airflow/dags/dag.py
[2026-02-28T12:34:02.794+0000] {processor.py:839} INFO - DAG(s) dict_keys(['pagination_dag']) retrieved from /opt/airflow/dags/dag.py
[2026-02-28T12:34:02.817+0000] {logging_mixin.py:151} INFO - [2026-02-28T12:34:02.816+0000] {dag.py:2915} INFO - Sync 1 DAGs
[2026-02-28T12:34:02.828+0000] {logging_mixin.py:151} INFO - [2026-02-28T12:34:02.827+0000] {dag.py:3696} INFO - Setting next_dagrun for pagination_dag to None, run_after=None
[2026-02-28T12:34:02.847+0000] {processor.py:179} INFO - Processing /opt/airflow/dags/dag.py took 0.458 seconds
[2026-02-28T12:34:33.112+0000] {processor.py:157} INFO - Started process (PID=234) to work on /opt/airflow/dags/dag.py
[2026-02-28T12:34:33.113+0000] {processor.py:829} INFO - Processing file /opt/airflow/dags/dag.py for tasks to queue
[2026-02-28T12:34:33.115+0000] {logging_mixin.py:151} INFO - [2026-02-28T12:34:33.114+0000] {dagbag.py:539} INFO - Filling up the DagBag from /opt/airflow/dags/dag.py
[2026-02-28T12:34:33.556+0000] {processor.py:839} INFO - DAG(s) dict_keys(['pagination_dag']) retrieved from /opt/airflow/dags/dag.py
[2026-02-28T12:34:33.579+0000] {logging_mixin.py:151} INFO - [2026-02-28T12:34:33.578+0000] {dag.py:2915} INFO - Sync 1 DAGs
[2026-02-28T12:34:33.588+0000] {logging_mixin.py:151} INFO - [2026-02-28T12:34:33.588+0000] {dag.py:3696} INFO - Setting next_dagrun for pagination_dag to None, run_after=None
[2026-02-28T12:34:33.609+0000] {processor.py:179} INFO - Processing /opt/airflow/dags/dag.py took 0.502 seconds
[2026-02-28T12:35:03.872+0000] {processor.py:157} INFO - Started process (PID=246) to work on /opt/airflow/dags/dag.py
[2026-02-28T12:35:03.874+0000] {processor.py:829} INFO - Processing file /opt/airflow/dags/dag.py for tasks to queue
[2026-02-28T12:35:03.875+0000] {logging_mixin.py:151} INFO - [2026-02-28T12:35:03.874+0000] {dagbag.py:539} INFO - Filling up the DagBag from /opt/airflow/dags/dag.py
[2026-02-28T12:35:04.312+0000] {processor.py:839} INFO - DAG(s) dict_keys(['pagination_dag']) retrieved from /opt/airflow/dags/dag.py
[2026-02-28T12:35:04.338+0000] {logging_mixin.py:151} INFO - [2026-02-28T12:35:04.337+0000] {dag.py:2915} INFO - Sync 1 DAGs
[2026-02-28T12:35:04.350+0000] {logging_mixin.py:151} INFO - [2026-02-28T12:35:04.350+0000] {dag.py:3696} INFO - Setting next_dagrun for pagination_dag to None, run_after=None
[2026-02-28T12:35:04.376+0000] {processor.py:179} INFO - Processing /opt/airflow/dags/dag.py took 0.509 seconds
[2026-02-28T12:35:34.621+0000] {processor.py:157} INFO - Started process (PID=258) to work on /opt/airflow/dags/dag.py
[2026-02-28T12:35:34.621+0000] {processor.py:829} INFO - Processing file /opt/airflow/dags/dag.py for tasks to queue
[2026-02-28T12:35:34.622+0000] {logging_mixin.py:151} INFO - [2026-02-28T12:35:34.622+0000] {dagbag.py:539} INFO - Filling up the DagBag from /opt/airflow/dags/dag.py
[2026-02-28T12:35:35.039+0000] {processor.py:839} INFO - DAG(s) dict_keys(['pagination_dag']) retrieved from /opt/airflow/dags/dag.py
[2026-02-28T12:35:35.062+0000] {logging_mixin.py:151} INFO - [2026-02-28T12:35:35.062+0000] {dag.py:2915} INFO - Sync 1 DAGs
[2026-02-28T12:35:35.071+0000] {logging_mixin.py:151} INFO - [2026-02-28T12:35:35.071+0000] {dag.py:3696} INFO - Setting next_dagrun for pagination_dag to None, run_after=None
[2026-02-28T12:35:35.102+0000] {processor.py:179} INFO - Processing /opt/airflow/dags/dag.py took 0.485 seconds
[2026-02-28T12:36:05.364+0000] {processor.py:157} INFO - Started process (PID=272) to work on /opt/airflow/dags/dag.py
[2026-02-28T12:36:05.365+0000] {processor.py:829} INFO - Processing file /opt/airflow/dags/dag.py for tasks to queue
[2026-02-28T12:36:05.368+0000] {logging_mixin.py:151} INFO - [2026-02-28T12:36:05.366+0000] {dagbag.py:539} INFO - Filling up the DagBag from /opt/airflow/dags/dag.py
[2026-02-28T12:36:05.815+0000] {processor.py:839} INFO - DAG(s) dict_keys(['pagination_dag']) retrieved from /opt/airflow/dags/dag.py
[2026-02-28T12:36:05.842+0000] {logging_mixin.py:151} INFO - [2026-02-28T12:36:05.841+0000] {dag.py:2915} INFO - Sync 1 DAGs
[2026-02-28T12:36:05.853+0000] {logging_mixin.py:151} INFO - [2026-02-28T12:36:05.853+0000] {dag.py:3696} INFO - Setting next_dagrun for pagination_dag to None, run_after=None
[2026-02-28T12:36:05.876+0000] {processor.py:179} INFO - Processing /opt/airflow/dags/dag.py took 0.517 seconds
[2026-02-28T12:36:36.149+0000] {processor.py:157} INFO - Started process (PID=285) to work on /opt/airflow/dags/dag.py
[2026-02-28T12:36:36.150+0000] {processor.py:829} INFO - Processing file /opt/airflow/dags/dag.py for tasks to queue
[2026-02-28T12:36:36.151+0000] {logging_mixin.py:151} INFO - [2026-02-28T12:36:36.150+0000] {dagbag.py:539} INFO - Filling up the DagBag from /opt/airflow/dags/dag.py
[2026-02-28T12:36:36.639+0000] {processor.py:839} INFO - DAG(s) dict_keys(['pagination_dag']) retrieved from /opt/airflow/dags/dag.py
[2026-02-28T12:36:36.675+0000] {logging_mixin.py:151} INFO - [2026-02-28T12:36:36.675+0000] {dag.py:2915} INFO - Sync 1 DAGs
[2026-02-28T12:36:36.687+0000] {logging_mixin.py:151} INFO - [2026-02-28T12:36:36.687+0000] {dag.py:3696} INFO - Setting next_dagrun for pagination_dag to None, run_after=None
[2026-02-28T12:36:36.714+0000] {processor.py:179} INFO - Processing /opt/airflow/dags/dag.py took 0.569 seconds
[2026-02-28T12:37:07.143+0000] {processor.py:157} INFO - Started process (PID=297) to work on /opt/airflow/dags/dag.py
[2026-02-28T12:37:07.145+0000] {processor.py:829} INFO - Processing file /opt/airflow/dags/dag.py for tasks to queue
[2026-02-28T12:37:07.146+0000] {logging_mixin.py:151} INFO - [2026-02-28T12:37:07.145+0000] {dagbag.py:539} INFO - Filling up the DagBag from /opt/airflow/dags/dag.py
[2026-02-28T12:37:07.409+0000] {processor.py:839} INFO - DAG(s) dict_keys(['pagination_dag']) retrieved from /opt/airflow/dags/dag.py
[2026-02-28T12:37:07.436+0000] {logging_mixin.py:151} INFO - [2026-02-28T12:37:07.435+0000] {dag.py:2915} INFO - Sync 1 DAGs
[2026-02-28T12:37:07.447+0000] {logging_mixin.py:151} INFO - [2026-02-28T12:37:07.447+0000] {dag.py:3696} INFO - Setting next_dagrun for pagination_dag to None, run_after=None
[2026-02-28T12:37:07.468+0000] {processor.py:179} INFO - Processing /opt/airflow/dags/dag.py took 0.329 seconds
[2026-02-28T12:37:37.714+0000] {processor.py:157} INFO - Started process (PID=309) to work on /opt/airflow/dags/dag.py
[2026-02-28T12:37:37.715+0000] {processor.py:829} INFO - Processing file /opt/airflow/dags/dag.py for tasks to queue
[2026-02-28T12:37:37.716+0000] {logging_mixin.py:151} INFO - [2026-02-28T12:37:37.716+0000] {dagbag.py:539} INFO - Filling up the DagBag from /opt/airflow/dags/dag.py
[2026-02-28T12:37:38.000+0000] {processor.py:839} INFO - DAG(s) dict_keys(['pagination_dag']) retrieved from /opt/airflow/dags/dag.py
[2026-02-28T12:37:38.028+0000] {logging_mixin.py:151} INFO - [2026-02-28T12:37:38.028+0000] {dag.py:2915} INFO - Sync 1 DAGs
[2026-02-28T12:37:38.041+0000] {logging_mixin.py:151} INFO - [2026-02-28T12:37:38.041+0000] {dag.py:3696} INFO - Setting next_dagrun for pagination_dag to None, run_after=None
[2026-02-28T12:37:38.066+0000] {processor.py:179} INFO - Processing /opt/airflow/dags/dag.py took 0.355 seconds
[2026-02-28T12:38:08.310+0000] {processor.py:157} INFO - Started process (PID=321) to work on /opt/airflow/dags/dag.py
[2026-02-28T12:38:08.311+0000] {processor.py:829} INFO - Processing file /opt/airflow/dags/dag.py for tasks to queue
[2026-02-28T12:38:08.312+0000] {logging_mixin.py:151} INFO - [2026-02-28T12:38:08.312+0000] {dagbag.py:539} INFO - Filling up the DagBag from /opt/airflow/dags/dag.py
[2026-02-28T12:38:08.611+0000] {processor.py:839} INFO - DAG(s) dict_keys(['pagination_dag']) retrieved from /opt/airflow/dags/dag.py
[2026-02-28T12:38:08.641+0000] {logging_mixin.py:151} INFO - [2026-02-28T12:38:08.641+0000] {dag.py:2915} INFO - Sync 1 DAGs
[2026-02-28T12:38:08.655+0000] {logging_mixin.py:151} INFO - [2026-02-28T12:38:08.655+0000] {dag.py:3696} INFO - Setting next_dagrun for pagination_dag to None, run_after=None
[2026-02-28T12:38:08.676+0000] {processor.py:179} INFO - Processing /opt/airflow/dags/dag.py took 0.370 seconds
[2026-02-28T12:53:47.479+0000] {processor.py:157} INFO - Started process (PID=174) to work on /opt/airflow/dags/dag.py
[2026-02-28T12:53:47.481+0000] {processor.py:829} INFO - Processing file /opt/airflow/dags/dag.py for tasks to queue
[2026-02-28T12:53:47.482+0000] {logging_mixin.py:151} INFO - [2026-02-28T12:53:47.481+0000] {dagbag.py:539} INFO - Filling up the DagBag from /opt/airflow/dags/dag.py
[2026-02-28T12:53:48.846+0000] {processor.py:839} INFO - DAG(s) dict_keys(['pagination_dag']) retrieved from /opt/airflow/dags/dag.py
[2026-02-28T12:53:49.025+0000] {logging_mixin.py:151} INFO - [2026-02-28T12:53:49.025+0000] {manager.py:499} INFO - Created Permission View: %s
[2026-02-28T12:53:49.036+0000] {logging_mixin.py:151} INFO - [2026-02-28T12:53:49.036+0000] {manager.py:499} INFO - Created Permission View: %s
[2026-02-28T12:53:49.047+0000] {logging_mixin.py:151} INFO - [2026-02-28T12:53:49.047+0000] {manager.py:499} INFO - Created Permission View: %s
[2026-02-28T12:53:49.048+0000] {logging_mixin.py:151} INFO - [2026-02-28T12:53:49.048+0000] {security.py:708} INFO - Not syncing DAG-level permissions for DAG 'DAG:pagination_dag' as access control is unset.
[2026-02-28T12:53:49.050+0000] {logging_mixin.py:151} INFO - [2026-02-28T12:53:49.050+0000] {dag.py:2915} INFO - Sync 1 DAGs
[2026-02-28T12:53:49.059+0000] {logging_mixin.py:151} INFO - [2026-02-28T12:53:49.059+0000] {dag.py:2937} INFO - Creating ORM DAG for pagination_dag
[2026-02-28T12:53:49.060+0000] {logging_mixin.py:151} INFO - [2026-02-28T12:53:49.060+0000] {dag.py:3696} INFO - Setting next_dagrun for pagination_dag to None, run_after=None
[2026-02-28T12:53:49.083+0000] {processor.py:179} INFO - Processing /opt/airflow/dags/dag.py took 1.609 seconds
[2026-02-28T12:54:19.337+0000] {processor.py:157} INFO - Started process (PID=192) to work on /opt/airflow/dags/dag.py
[2026-02-28T12:54:19.338+0000] {processor.py:829} INFO - Processing file /opt/airflow/dags/dag.py for tasks to queue
[2026-02-28T12:54:19.339+0000] {logging_mixin.py:151} INFO - [2026-02-28T12:54:19.338+0000] {dagbag.py:539} INFO - Filling up the DagBag from /opt/airflow/dags/dag.py
[2026-02-28T12:54:19.719+0000] {processor.py:839} INFO - DAG(s) dict_keys(['pagination_dag']) retrieved from /opt/airflow/dags/dag.py
[2026-02-28T12:54:19.743+0000] {logging_mixin.py:151} INFO - [2026-02-28T12:54:19.742+0000] {dag.py:2915} INFO - Sync 1 DAGs
[2026-02-28T12:54:19.753+0000] {logging_mixin.py:151} INFO - [2026-02-28T12:54:19.753+0000] {dag.py:3696} INFO - Setting next_dagrun for pagination_dag to None, run_after=None
[2026-02-28T12:54:19.771+0000] {processor.py:179} INFO - Processing /opt/airflow/dags/dag.py took 0.436 seconds
[2026-02-28T12:54:49.998+0000] {processor.py:157} INFO - Started process (PID=204) to work on /opt/airflow/dags/dag.py
[2026-02-28T12:54:49.999+0000] {processor.py:829} INFO - Processing file /opt/airflow/dags/dag.py for tasks to queue
[2026-02-28T12:54:50.000+0000] {logging_mixin.py:151} INFO - [2026-02-28T12:54:50.000+0000] {dagbag.py:539} INFO - Filling up the DagBag from /opt/airflow/dags/dag.py
[2026-02-28T12:54:50.375+0000] {processor.py:839} INFO - DAG(s) dict_keys(['pagination_dag']) retrieved from /opt/airflow/dags/dag.py
[2026-02-28T12:54:50.397+0000] {logging_mixin.py:151} INFO - [2026-02-28T12:54:50.397+0000] {dag.py:2915} INFO - Sync 1 DAGs
[2026-02-28T12:54:50.408+0000] {logging_mixin.py:151} INFO - [2026-02-28T12:54:50.408+0000] {dag.py:3696} INFO - Setting next_dagrun for pagination_dag to None, run_after=None
[2026-02-28T12:54:50.427+0000] {processor.py:179} INFO - Processing /opt/airflow/dags/dag.py took 0.431 seconds
[2026-02-28T12:55:20.662+0000] {processor.py:157} INFO - Started process (PID=216) to work on /opt/airflow/dags/dag.py
[2026-02-28T12:55:20.663+0000] {processor.py:829} INFO - Processing file /opt/airflow/dags/dag.py for tasks to queue
[2026-02-28T12:55:20.663+0000] {logging_mixin.py:151} INFO - [2026-02-28T12:55:20.663+0000] {dagbag.py:539} INFO - Filling up the DagBag from /opt/airflow/dags/dag.py
[2026-02-28T12:55:21.039+0000] {processor.py:839} INFO - DAG(s) dict_keys(['pagination_dag']) retrieved from /opt/airflow/dags/dag.py
[2026-02-28T12:55:21.062+0000] {logging_mixin.py:151} INFO - [2026-02-28T12:55:21.061+0000] {dag.py:2915} INFO - Sync 1 DAGs
[2026-02-28T12:55:21.071+0000] {logging_mixin.py:151} INFO - [2026-02-28T12:55:21.071+0000] {dag.py:3696} INFO - Setting next_dagrun for pagination_dag to None, run_after=None
[2026-02-28T12:55:21.090+0000] {processor.py:179} INFO - Processing /opt/airflow/dags/dag.py took 0.431 seconds
[2026-02-28T12:55:51.325+0000] {processor.py:157} INFO - Started process (PID=228) to work on /opt/airflow/dags/dag.py
[2026-02-28T12:55:51.326+0000] {processor.py:829} INFO - Processing file /opt/airflow/dags/dag.py for tasks to queue
[2026-02-28T12:55:51.326+0000] {logging_mixin.py:151} INFO - [2026-02-28T12:55:51.326+0000] {dagbag.py:539} INFO - Filling up the DagBag from /opt/airflow/dags/dag.py
[2026-02-28T12:55:51.708+0000] {processor.py:839} INFO - DAG(s) dict_keys(['pagination_dag']) retrieved from /opt/airflow/dags/dag.py
[2026-02-28T12:55:51.729+0000] {logging_mixin.py:151} INFO - [2026-02-28T12:55:51.729+0000] {dag.py:2915} INFO - Sync 1 DAGs
[2026-02-28T12:55:51.739+0000] {logging_mixin.py:151} INFO - [2026-02-28T12:55:51.739+0000] {dag.py:3696} INFO - Setting next_dagrun for pagination_dag to None, run_after=None
[2026-02-28T12:55:51.757+0000] {processor.py:179} INFO - Processing /opt/airflow/dags/dag.py took 0.435 seconds
[2026-02-28T12:56:21.988+0000] {processor.py:157} INFO - Started process (PID=240) to work on /opt/airflow/dags/dag.py
[2026-02-28T12:56:21.989+0000] {processor.py:829} INFO - Processing file /opt/airflow/dags/dag.py for tasks to queue
[2026-02-28T12:56:21.990+0000] {logging_mixin.py:151} INFO - [2026-02-28T12:56:21.990+0000] {dagbag.py:539} INFO - Filling up the DagBag from /opt/airflow/dags/dag.py
[2026-02-28T12:56:22.385+0000] {processor.py:839} INFO - DAG(s) dict_keys(['pagination_dag']) retrieved from /opt/airflow/dags/dag.py
[2026-02-28T12:56:22.409+0000] {logging_mixin.py:151} INFO - [2026-02-28T12:56:22.408+0000] {dag.py:2915} INFO - Sync 1 DAGs
[2026-02-28T12:56:22.418+0000] {logging_mixin.py:151} INFO - [2026-02-28T12:56:22.418+0000] {dag.py:3696} INFO - Setting next_dagrun for pagination_dag to None, run_after=None
[2026-02-28T12:56:22.441+0000] {processor.py:179} INFO - Processing /opt/airflow/dags/dag.py took 0.456 seconds
[2026-02-28T12:56:52.671+0000] {processor.py:157} INFO - Started process (PID=252) to work on /opt/airflow/dags/dag.py
[2026-02-28T12:56:52.673+0000] {processor.py:829} INFO - Processing file /opt/airflow/dags/dag.py for tasks to queue
[2026-02-28T12:56:52.673+0000] {logging_mixin.py:151} INFO - [2026-02-28T12:56:52.673+0000] {dagbag.py:539} INFO - Filling up the DagBag from /opt/airflow/dags/dag.py
[2026-02-28T12:56:53.053+0000] {processor.py:839} INFO - DAG(s) dict_keys(['pagination_dag']) retrieved from /opt/airflow/dags/dag.py
[2026-02-28T12:56:53.074+0000] {logging_mixin.py:151} INFO - [2026-02-28T12:56:53.074+0000] {dag.py:2915} INFO - Sync 1 DAGs
[2026-02-28T12:56:53.086+0000] {logging_mixin.py:151} INFO - [2026-02-28T12:56:53.086+0000] {dag.py:3696} INFO - Setting next_dagrun for pagination_dag to None, run_after=None
[2026-02-28T12:56:53.106+0000] {processor.py:179} INFO - Processing /opt/airflow/dags/dag.py took 0.438 seconds
[2026-02-28T12:57:23.352+0000] {processor.py:157} INFO - Started process (PID=264) to work on /opt/airflow/dags/dag.py
[2026-02-28T12:57:23.354+0000] {processor.py:829} INFO - Processing file /opt/airflow/dags/dag.py for tasks to queue
[2026-02-28T12:57:23.355+0000] {logging_mixin.py:151} INFO - [2026-02-28T12:57:23.355+0000] {dagbag.py:539} INFO - Filling up the DagBag from /opt/airflow/dags/dag.py
[2026-02-28T12:57:23.802+0000] {processor.py:839} INFO - DAG(s) dict_keys(['pagination_dag']) retrieved from /opt/airflow/dags/dag.py
[2026-02-28T12:57:23.826+0000] {logging_mixin.py:151} INFO - [2026-02-28T12:57:23.826+0000] {dag.py:2915} INFO - Sync 1 DAGs
[2026-02-28T12:57:23.840+0000] {logging_mixin.py:151} INFO - [2026-02-28T12:57:23.840+0000] {dag.py:3696} INFO - Setting next_dagrun for pagination_dag to None, run_after=None
[2026-02-28T12:57:23.869+0000] {processor.py:179} INFO - Processing /opt/airflow/dags/dag.py took 0.522 seconds
[2026-02-28T12:57:54.089+0000] {processor.py:157} INFO - Started process (PID=276) to work on /opt/airflow/dags/dag.py
[2026-02-28T12:57:54.090+0000] {processor.py:829} INFO - Processing file /opt/airflow/dags/dag.py for tasks to queue
[2026-02-28T12:57:54.091+0000] {logging_mixin.py:151} INFO - [2026-02-28T12:57:54.091+0000] {dagbag.py:539} INFO - Filling up the DagBag from /opt/airflow/dags/dag.py
[2026-02-28T12:57:54.488+0000] {processor.py:839} INFO - DAG(s) dict_keys(['pagination_dag']) retrieved from /opt/airflow/dags/dag.py
[2026-02-28T12:57:54.514+0000] {logging_mixin.py:151} INFO - [2026-02-28T12:57:54.514+0000] {dag.py:2915} INFO - Sync 1 DAGs
[2026-02-28T12:57:54.524+0000] {logging_mixin.py:151} INFO - [2026-02-28T12:57:54.524+0000] {dag.py:3696} INFO - Setting next_dagrun for pagination_dag to None, run_after=None
[2026-02-28T12:57:54.544+0000] {processor.py:179} INFO - Processing /opt/airflow/dags/dag.py took 0.458 seconds
[2026-02-28T12:58:24.794+0000] {processor.py:157} INFO - Started process (PID=288) to work on /opt/airflow/dags/dag.py
[2026-02-28T12:58:24.795+0000] {processor.py:829} INFO - Processing file /opt/airflow/dags/dag.py for tasks to queue
[2026-02-28T12:58:24.796+0000] {logging_mixin.py:151} INFO - [2026-02-28T12:58:24.796+0000] {dagbag.py:539} INFO - Filling up the DagBag from /opt/airflow/dags/dag.py
[2026-02-28T12:58:25.162+0000] {processor.py:839} INFO - DAG(s) dict_keys(['pagination_dag']) retrieved from /opt/airflow/dags/dag.py
[2026-02-28T12:58:25.184+0000] {logging_mixin.py:151} INFO - [2026-02-28T12:58:25.184+0000] {dag.py:2915} INFO - Sync 1 DAGs
[2026-02-28T12:58:25.194+0000] {logging_mixin.py:151} INFO - [2026-02-28T12:58:25.194+0000] {dag.py:3696} INFO - Setting next_dagrun for pagination_dag to None, run_after=None
[2026-02-28T12:58:25.213+0000] {processor.py:179} INFO - Processing /opt/airflow/dags/dag.py took 0.422 seconds
[2026-02-28T12:58:55.646+0000] {processor.py:157} INFO - Started process (PID=300) to work on /opt/airflow/dags/dag.py
[2026-02-28T12:58:55.647+0000] {processor.py:829} INFO - Processing file /opt/airflow/dags/dag.py for tasks to queue
[2026-02-28T12:58:55.649+0000] {logging_mixin.py:151} INFO - [2026-02-28T12:58:55.649+0000] {dagbag.py:539} INFO - Filling up the DagBag from /opt/airflow/dags/dag.py
[2026-02-28T12:58:56.070+0000] {processor.py:839} INFO - DAG(s) dict_keys(['pagination_dag']) retrieved from /opt/airflow/dags/dag.py
[2026-02-28T12:58:56.127+0000] {logging_mixin.py:151} INFO - [2026-02-28T12:58:56.126+0000] {dag.py:2915} INFO - Sync 1 DAGs
[2026-02-28T12:58:56.151+0000] {logging_mixin.py:151} INFO - [2026-02-28T12:58:56.151+0000] {dag.py:3696} INFO - Setting next_dagrun for pagination_dag to None, run_after=None
[2026-02-28T12:58:56.199+0000] {processor.py:179} INFO - Processing /opt/airflow/dags/dag.py took 0.557 seconds
[2026-02-28T12:59:26.461+0000] {processor.py:157} INFO - Started process (PID=312) to work on /opt/airflow/dags/dag.py
[2026-02-28T12:59:26.462+0000] {processor.py:829} INFO - Processing file /opt/airflow/dags/dag.py for tasks to queue
[2026-02-28T12:59:26.463+0000] {logging_mixin.py:151} INFO - [2026-02-28T12:59:26.463+0000] {dagbag.py:539} INFO - Filling up the DagBag from /opt/airflow/dags/dag.py
[2026-02-28T12:59:26.729+0000] {processor.py:839} INFO - DAG(s) dict_keys(['pagination_dag']) retrieved from /opt/airflow/dags/dag.py
[2026-02-28T12:59:26.757+0000] {logging_mixin.py:151} INFO - [2026-02-28T12:59:26.756+0000] {dag.py:2915} INFO - Sync 1 DAGs
[2026-02-28T12:59:26.769+0000] {logging_mixin.py:151} INFO - [2026-02-28T12:59:26.769+0000] {dag.py:3696} INFO - Setting next_dagrun for pagination_dag to None, run_after=None
[2026-02-28T12:59:26.791+0000] {processor.py:179} INFO - Processing /opt/airflow/dags/dag.py took 0.333 seconds
[2026-02-28T13:00:28.416+0000] {processor.py:157} INFO - Started process (PID=182) to work on /opt/airflow/dags/dag.py
[2026-02-28T13:00:28.417+0000] {processor.py:829} INFO - Processing file /opt/airflow/dags/dag.py for tasks to queue
[2026-02-28T13:00:28.418+0000] {logging_mixin.py:151} INFO - [2026-02-28T13:00:28.418+0000] {dagbag.py:539} INFO - Filling up the DagBag from /opt/airflow/dags/dag.py
[2026-02-28T13:00:29.686+0000] {processor.py:839} INFO - DAG(s) dict_keys(['pagination_dag']) retrieved from /opt/airflow/dags/dag.py
[2026-02-28T13:00:29.919+0000] {logging_mixin.py:151} INFO - [2026-02-28T13:00:29.919+0000] {manager.py:499} INFO - Created Permission View: %s
[2026-02-28T13:00:29.933+0000] {logging_mixin.py:151} INFO - [2026-02-28T13:00:29.933+0000] {manager.py:499} INFO - Created Permission View: %s
[2026-02-28T13:00:29.941+0000] {logging_mixin.py:151} INFO - [2026-02-28T13:00:29.941+0000] {manager.py:499} INFO - Created Permission View: %s
[2026-02-28T13:00:29.942+0000] {logging_mixin.py:151} INFO - [2026-02-28T13:00:29.942+0000] {security.py:708} INFO - Not syncing DAG-level permissions for DAG 'DAG:pagination_dag' as access control is unset.
[2026-02-28T13:00:29.943+0000] {logging_mixin.py:151} INFO - [2026-02-28T13:00:29.942+0000] {dag.py:2915} INFO - Sync 1 DAGs
[2026-02-28T13:00:29.951+0000] {logging_mixin.py:151} INFO - [2026-02-28T13:00:29.951+0000] {dag.py:2937} INFO - Creating ORM DAG for pagination_dag
[2026-02-28T13:00:29.951+0000] {logging_mixin.py:151} INFO - [2026-02-28T13:00:29.951+0000] {dag.py:3696} INFO - Setting next_dagrun for pagination_dag to None, run_after=None
[2026-02-28T13:00:29.972+0000] {processor.py:179} INFO - Processing /opt/airflow/dags/dag.py took 1.561 seconds
[2026-02-28T13:01:00.216+0000] {processor.py:157} INFO - Started process (PID=198) to work on /opt/airflow/dags/dag.py
[2026-02-28T13:01:00.221+0000] {processor.py:829} INFO - Processing file /opt/airflow/dags/dag.py for tasks to queue
[2026-02-28T13:01:00.222+0000] {logging_mixin.py:151} INFO - [2026-02-28T13:01:00.222+0000] {dagbag.py:539} INFO - Filling up the DagBag from /opt/airflow/dags/dag.py
[2026-02-28T13:01:00.653+0000] {processor.py:839} INFO - DAG(s) dict_keys(['pagination_dag']) retrieved from /opt/airflow/dags/dag.py
[2026-02-28T13:01:00.673+0000] {logging_mixin.py:151} INFO - [2026-02-28T13:01:00.673+0000] {dag.py:2915} INFO - Sync 1 DAGs
[2026-02-28T13:01:00.684+0000] {logging_mixin.py:151} INFO - [2026-02-28T13:01:00.684+0000] {dag.py:3696} INFO - Setting next_dagrun for pagination_dag to None, run_after=None
[2026-02-28T13:01:00.704+0000] {processor.py:179} INFO - Processing /opt/airflow/dags/dag.py took 0.491 seconds
[2026-02-28T13:01:30.933+0000] {processor.py:157} INFO - Started process (PID=212) to work on /opt/airflow/dags/dag.py
[2026-02-28T13:01:30.934+0000] {processor.py:829} INFO - Processing file /opt/airflow/dags/dag.py for tasks to queue
[2026-02-28T13:01:30.934+0000] {logging_mixin.py:151} INFO - [2026-02-28T13:01:30.934+0000] {dagbag.py:539} INFO - Filling up the DagBag from /opt/airflow/dags/dag.py
[2026-02-28T13:01:31.344+0000] {processor.py:839} INFO - DAG(s) dict_keys(['pagination_dag']) retrieved from /opt/airflow/dags/dag.py
[2026-02-28T13:01:31.368+0000] {logging_mixin.py:151} INFO - [2026-02-28T13:01:31.368+0000] {dag.py:2915} INFO - Sync 1 DAGs
[2026-02-28T13:01:31.381+0000] {logging_mixin.py:151} INFO - [2026-02-28T13:01:31.381+0000] {dag.py:3696} INFO - Setting next_dagrun for pagination_dag to None, run_after=None
[2026-02-28T13:01:31.402+0000] {processor.py:179} INFO - Processing /opt/airflow/dags/dag.py took 0.472 seconds
[2026-02-28T13:02:01.651+0000] {processor.py:157} INFO - Started process (PID=224) to work on /opt/airflow/dags/dag.py
[2026-02-28T13:02:01.652+0000] {processor.py:829} INFO - Processing file /opt/airflow/dags/dag.py for tasks to queue
[2026-02-28T13:02:01.654+0000] {logging_mixin.py:151} INFO - [2026-02-28T13:02:01.653+0000] {dagbag.py:539} INFO - Filling up the DagBag from /opt/airflow/dags/dag.py
[2026-02-28T13:02:02.066+0000] {processor.py:839} INFO - DAG(s) dict_keys(['pagination_dag']) retrieved from /opt/airflow/dags/dag.py
[2026-02-28T13:02:02.105+0000] {logging_mixin.py:151} INFO - [2026-02-28T13:02:02.105+0000] {dag.py:2915} INFO - Sync 1 DAGs
[2026-02-28T13:02:02.117+0000] {logging_mixin.py:151} INFO - [2026-02-28T13:02:02.117+0000] {dag.py:3696} INFO - Setting next_dagrun for pagination_dag to None, run_after=None
[2026-02-28T13:02:02.143+0000] {processor.py:179} INFO - Processing /opt/airflow/dags/dag.py took 0.496 seconds
[2026-02-28T13:02:32.387+0000] {processor.py:157} INFO - Started process (PID=236) to work on /opt/airflow/dags/dag.py
[2026-02-28T13:02:32.388+0000] {processor.py:829} INFO - Processing file /opt/airflow/dags/dag.py for tasks to queue
[2026-02-28T13:02:32.389+0000] {logging_mixin.py:151} INFO - [2026-02-28T13:02:32.389+0000] {dagbag.py:539} INFO - Filling up the DagBag from /opt/airflow/dags/dag.py
[2026-02-28T13:02:33.020+0000] {processor.py:839} INFO - DAG(s) dict_keys(['pagination_dag']) retrieved from /opt/airflow/dags/dag.py
[2026-02-28T13:02:33.042+0000] {logging_mixin.py:151} INFO - [2026-02-28T13:02:33.042+0000] {dag.py:2915} INFO - Sync 1 DAGs
[2026-02-28T13:02:33.051+0000] {logging_mixin.py:151} INFO - [2026-02-28T13:02:33.051+0000] {dag.py:3696} INFO - Setting next_dagrun for pagination_dag to None, run_after=None
[2026-02-28T13:02:33.070+0000] {processor.py:179} INFO - Processing /opt/airflow/dags/dag.py took 0.686 seconds
[2026-02-28T13:03:03.309+0000] {processor.py:157} INFO - Started process (PID=248) to work on /opt/airflow/dags/dag.py
[2026-02-28T13:03:03.310+0000] {processor.py:829} INFO - Processing file /opt/airflow/dags/dag.py for tasks to queue
[2026-02-28T13:03:03.310+0000] {logging_mixin.py:151} INFO - [2026-02-28T13:03:03.310+0000] {dagbag.py:539} INFO - Filling up the DagBag from /opt/airflow/dags/dag.py
[2026-02-28T13:03:03.702+0000] {processor.py:839} INFO - DAG(s) dict_keys(['pagination_dag']) retrieved from /opt/airflow/dags/dag.py
[2026-02-28T13:03:03.725+0000] {logging_mixin.py:151} INFO - [2026-02-28T13:03:03.724+0000] {dag.py:2915} INFO - Sync 1 DAGs
[2026-02-28T13:03:03.734+0000] {logging_mixin.py:151} INFO - [2026-02-28T13:03:03.734+0000] {dag.py:3696} INFO - Setting next_dagrun for pagination_dag to None, run_after=None
[2026-02-28T13:03:03.755+0000] {processor.py:179} INFO - Processing /opt/airflow/dags/dag.py took 0.449 seconds
[2026-02-28T13:03:34.351+0000] {processor.py:157} INFO - Started process (PID=260) to work on /opt/airflow/dags/dag.py
[2026-02-28T13:03:34.352+0000] {processor.py:829} INFO - Processing file /opt/airflow/dags/dag.py for tasks to queue
[2026-02-28T13:03:34.353+0000] {logging_mixin.py:151} INFO - [2026-02-28T13:03:34.353+0000] {dagbag.py:539} INFO - Filling up the DagBag from /opt/airflow/dags/dag.py
[2026-02-28T13:03:34.774+0000] {processor.py:839} INFO - DAG(s) dict_keys(['pagination_dag']) retrieved from /opt/airflow/dags/dag.py
[2026-02-28T13:03:34.797+0000] {logging_mixin.py:151} INFO - [2026-02-28T13:03:34.796+0000] {dag.py:2915} INFO - Sync 1 DAGs
[2026-02-28T13:03:34.808+0000] {logging_mixin.py:151} INFO - [2026-02-28T13:03:34.808+0000] {dag.py:3696} INFO - Setting next_dagrun for pagination_dag to None, run_after=None
[2026-02-28T13:03:34.828+0000] {processor.py:179} INFO - Processing /opt/airflow/dags/dag.py took 0.479 seconds
[2026-02-28T13:04:05.055+0000] {processor.py:157} INFO - Started process (PID=272) to work on /opt/airflow/dags/dag.py
[2026-02-28T13:04:05.056+0000] {processor.py:829} INFO - Processing file /opt/airflow/dags/dag.py for tasks to queue
[2026-02-28T13:04:05.056+0000] {logging_mixin.py:151} INFO - [2026-02-28T13:04:05.056+0000] {dagbag.py:539} INFO - Filling up the DagBag from /opt/airflow/dags/dag.py
[2026-02-28T13:04:05.477+0000] {processor.py:839} INFO - DAG(s) dict_keys(['pagination_dag']) retrieved from /opt/airflow/dags/dag.py
[2026-02-28T13:04:05.505+0000] {logging_mixin.py:151} INFO - [2026-02-28T13:04:05.504+0000] {dag.py:2915} INFO - Sync 1 DAGs
[2026-02-28T13:04:05.518+0000] {logging_mixin.py:151} INFO - [2026-02-28T13:04:05.517+0000] {dag.py:3696} INFO - Setting next_dagrun for pagination_dag to None, run_after=None
[2026-02-28T13:04:05.549+0000] {processor.py:179} INFO - Processing /opt/airflow/dags/dag.py took 0.496 seconds
[2026-02-28T13:04:35.916+0000] {processor.py:157} INFO - Started process (PID=284) to work on /opt/airflow/dags/dag.py
[2026-02-28T13:04:35.917+0000] {processor.py:829} INFO - Processing file /opt/airflow/dags/dag.py for tasks to queue
[2026-02-28T13:04:35.918+0000] {logging_mixin.py:151} INFO - [2026-02-28T13:04:35.918+0000] {dagbag.py:539} INFO - Filling up the DagBag from /opt/airflow/dags/dag.py
[2026-02-28T13:04:36.377+0000] {processor.py:839} INFO - DAG(s) dict_keys(['pagination_dag']) retrieved from /opt/airflow/dags/dag.py
[2026-02-28T13:04:36.403+0000] {logging_mixin.py:151} INFO - [2026-02-28T13:04:36.403+0000] {dag.py:2915} INFO - Sync 1 DAGs
[2026-02-28T13:04:36.415+0000] {logging_mixin.py:151} INFO - [2026-02-28T13:04:36.415+0000] {dag.py:3696} INFO - Setting next_dagrun for pagination_dag to None, run_after=None
[2026-02-28T13:04:36.436+0000] {processor.py:179} INFO - Processing /opt/airflow/dags/dag.py took 0.525 seconds
[2026-02-28T13:05:06.640+0000] {processor.py:157} INFO - Started process (PID=303) to work on /opt/airflow/dags/dag.py
[2026-02-28T13:05:06.642+0000] {processor.py:829} INFO - Processing file /opt/airflow/dags/dag.py for tasks to queue
[2026-02-28T13:05:06.643+0000] {logging_mixin.py:151} INFO - [2026-02-28T13:05:06.642+0000] {dagbag.py:539} INFO - Filling up the DagBag from /opt/airflow/dags/dag.py
[2026-02-28T13:05:07.131+0000] {processor.py:839} INFO - DAG(s) dict_keys(['pagination_dag']) retrieved from /opt/airflow/dags/dag.py
[2026-02-28T13:05:07.158+0000] {logging_mixin.py:151} INFO - [2026-02-28T13:05:07.158+0000] {dag.py:2915} INFO - Sync 1 DAGs
[2026-02-28T13:05:07.179+0000] {logging_mixin.py:151} INFO - [2026-02-28T13:05:07.178+0000] {dag.py:3696} INFO - Setting next_dagrun for pagination_dag to None, run_after=None
[2026-02-28T13:05:07.204+0000] {processor.py:179} INFO - Processing /opt/airflow/dags/dag.py took 0.570 seconds
[2026-02-28T13:05:37.326+0000] {processor.py:157} INFO - Started process (PID=317) to work on /opt/airflow/dags/dag.py
[2026-02-28T13:05:37.328+0000] {processor.py:829} INFO - Processing file /opt/airflow/dags/dag.py for tasks to queue
[2026-02-28T13:05:37.329+0000] {logging_mixin.py:151} INFO - [2026-02-28T13:05:37.329+0000] {dagbag.py:539} INFO - Filling up the DagBag from /opt/airflow/dags/dag.py
[2026-02-28T13:05:37.670+0000] {processor.py:839} INFO - DAG(s) dict_keys(['pagination_dag']) retrieved from /opt/airflow/dags/dag.py
[2026-02-28T13:05:37.697+0000] {logging_mixin.py:151} INFO - [2026-02-28T13:05:37.697+0000] {dag.py:2915} INFO - Sync 1 DAGs
[2026-02-28T13:05:37.709+0000] {logging_mixin.py:151} INFO - [2026-02-28T13:05:37.708+0000] {dag.py:3696} INFO - Setting next_dagrun for pagination_dag to None, run_after=None
[2026-02-28T13:05:37.728+0000] {processor.py:179} INFO - Processing /opt/airflow/dags/dag.py took 0.405 seconds
[2026-02-28T13:06:07.859+0000] {processor.py:157} INFO - Started process (PID=329) to work on /opt/airflow/dags/dag.py
[2026-02-28T13:06:07.860+0000] {processor.py:829} INFO - Processing file /opt/airflow/dags/dag.py for tasks to queue
[2026-02-28T13:06:07.861+0000] {logging_mixin.py:151} INFO - [2026-02-28T13:06:07.861+0000] {dagbag.py:539} INFO - Filling up the DagBag from /opt/airflow/dags/dag.py
[2026-02-28T13:06:08.117+0000] {processor.py:839} INFO - DAG(s) dict_keys(['pagination_dag']) retrieved from /opt/airflow/dags/dag.py
[2026-02-28T13:06:08.142+0000] {logging_mixin.py:151} INFO - [2026-02-28T13:06:08.142+0000] {dag.py:2915} INFO - Sync 1 DAGs
[2026-02-28T13:06:08.155+0000] {logging_mixin.py:151} INFO - [2026-02-28T13:06:08.155+0000] {dag.py:3696} INFO - Setting next_dagrun for pagination_dag to None, run_after=None
[2026-02-28T13:06:08.174+0000] {processor.py:179} INFO - Processing /opt/airflow/dags/dag.py took 0.319 seconds
[2026-02-28T13:06:38.402+0000] {processor.py:157} INFO - Started process (PID=341) to work on /opt/airflow/dags/dag.py
[2026-02-28T13:06:38.403+0000] {processor.py:829} INFO - Processing file /opt/airflow/dags/dag.py for tasks to queue
[2026-02-28T13:06:38.403+0000] {logging_mixin.py:151} INFO - [2026-02-28T13:06:38.403+0000] {dagbag.py:539} INFO - Filling up the DagBag from /opt/airflow/dags/dag.py
[2026-02-28T13:06:38.653+0000] {processor.py:839} INFO - DAG(s) dict_keys(['pagination_dag']) retrieved from /opt/airflow/dags/dag.py
[2026-02-28T13:06:38.679+0000] {logging_mixin.py:151} INFO - [2026-02-28T13:06:38.679+0000] {dag.py:2915} INFO - Sync 1 DAGs
[2026-02-28T13:06:38.690+0000] {logging_mixin.py:151} INFO - [2026-02-28T13:06:38.689+0000] {dag.py:3696} INFO - Setting next_dagrun for pagination_dag to None, run_after=None
[2026-02-28T13:06:38.709+0000] {processor.py:179} INFO - Processing /opt/airflow/dags/dag.py took 0.310 seconds
[2026-02-28T13:07:08.935+0000] {processor.py:157} INFO - Started process (PID=353) to work on /opt/airflow/dags/dag.py
[2026-02-28T13:07:08.936+0000] {processor.py:829} INFO - Processing file /opt/airflow/dags/dag.py for tasks to queue
[2026-02-28T13:07:08.937+0000] {logging_mixin.py:151} INFO - [2026-02-28T13:07:08.937+0000] {dagbag.py:539} INFO - Filling up the DagBag from /opt/airflow/dags/dag.py
[2026-02-28T13:07:09.325+0000] {processor.py:839} INFO - DAG(s) dict_keys(['pagination_dag']) retrieved from /opt/airflow/dags/dag.py
[2026-02-28T13:07:09.349+0000] {logging_mixin.py:151} INFO - [2026-02-28T13:07:09.349+0000] {dag.py:2915} INFO - Sync 1 DAGs
[2026-02-28T13:07:09.360+0000] {logging_mixin.py:151} INFO - [2026-02-28T13:07:09.360+0000] {dag.py:3696} INFO - Setting next_dagrun for pagination_dag to None, run_after=None
[2026-02-28T13:07:09.379+0000] {processor.py:179} INFO - Processing /opt/airflow/dags/dag.py took 0.447 seconds
[2026-02-28T13:07:39.506+0000] {processor.py:157} INFO - Started process (PID=365) to work on /opt/airflow/dags/dag.py
[2026-02-28T13:07:39.507+0000] {processor.py:829} INFO - Processing file /opt/airflow/dags/dag.py for tasks to queue
[2026-02-28T13:07:39.508+0000] {logging_mixin.py:151} INFO - [2026-02-28T13:07:39.508+0000] {dagbag.py:539} INFO - Filling up the DagBag from /opt/airflow/dags/dag.py
[2026-02-28T13:07:39.770+0000] {processor.py:839} INFO - DAG(s) dict_keys(['pagination_dag']) retrieved from /opt/airflow/dags/dag.py
[2026-02-28T13:07:39.798+0000] {logging_mixin.py:151} INFO - [2026-02-28T13:07:39.798+0000] {dag.py:2915} INFO - Sync 1 DAGs
[2026-02-28T13:07:39.813+0000] {logging_mixin.py:151} INFO - [2026-02-28T13:07:39.813+0000] {dag.py:3696} INFO - Setting next_dagrun for pagination_dag to None, run_after=None
[2026-02-28T13:07:39.834+0000] {processor.py:179} INFO - Processing /opt/airflow/dags/dag.py took 0.330 seconds
[2026-02-28T13:08:10.055+0000] {processor.py:157} INFO - Started process (PID=377) to work on /opt/airflow/dags/dag.py
[2026-02-28T13:08:10.056+0000] {processor.py:829} INFO - Processing file /opt/airflow/dags/dag.py for tasks to queue
[2026-02-28T13:08:10.057+0000] {logging_mixin.py:151} INFO - [2026-02-28T13:08:10.057+0000] {dagbag.py:539} INFO - Filling up the DagBag from /opt/airflow/dags/dag.py
[2026-02-28T13:08:10.310+0000] {processor.py:839} INFO - DAG(s) dict_keys(['pagination_dag']) retrieved from /opt/airflow/dags/dag.py
[2026-02-28T13:08:10.335+0000] {logging_mixin.py:151} INFO - [2026-02-28T13:08:10.334+0000] {dag.py:2915} INFO - Sync 1 DAGs
[2026-02-28T13:08:10.347+0000] {logging_mixin.py:151} INFO - [2026-02-28T13:08:10.347+0000] {dag.py:3696} INFO - Setting next_dagrun for pagination_dag to None, run_after=None
[2026-02-28T13:08:10.365+0000] {processor.py:179} INFO - Processing /opt/airflow/dags/dag.py took 0.312 seconds
[2026-02-28T13:08:40.583+0000] {processor.py:157} INFO - Started process (PID=389) to work on /opt/airflow/dags/dag.py
[2026-02-28T13:08:40.584+0000] {processor.py:829} INFO - Processing file /opt/airflow/dags/dag.py for tasks to queue
[2026-02-28T13:08:40.584+0000] {logging_mixin.py:151} INFO - [2026-02-28T13:08:40.584+0000] {dagbag.py:539} INFO - Filling up the DagBag from /opt/airflow/dags/dag.py
[2026-02-28T13:08:40.841+0000] {processor.py:839} INFO - DAG(s) dict_keys(['pagination_dag']) retrieved from /opt/airflow/dags/dag.py
[2026-02-28T13:08:40.865+0000] {logging_mixin.py:151} INFO - [2026-02-28T13:08:40.864+0000] {dag.py:2915} INFO - Sync 1 DAGs
[2026-02-28T13:08:40.876+0000] {logging_mixin.py:151} INFO - [2026-02-28T13:08:40.876+0000] {dag.py:3696} INFO - Setting next_dagrun for pagination_dag to None, run_after=None
[2026-02-28T13:08:40.895+0000] {processor.py:179} INFO - Processing /opt/airflow/dags/dag.py took 0.315 seconds
[2026-02-28T13:09:11.118+0000] {processor.py:157} INFO - Started process (PID=401) to work on /opt/airflow/dags/dag.py
[2026-02-28T13:09:11.119+0000] {processor.py:829} INFO - Processing file /opt/airflow/dags/dag.py for tasks to queue
[2026-02-28T13:09:11.120+0000] {logging_mixin.py:151} INFO - [2026-02-28T13:09:11.120+0000] {dagbag.py:539} INFO - Filling up the DagBag from /opt/airflow/dags/dag.py
[2026-02-28T13:09:11.387+0000] {processor.py:839} INFO - DAG(s) dict_keys(['pagination_dag']) retrieved from /opt/airflow/dags/dag.py
[2026-02-28T13:09:11.414+0000] {logging_mixin.py:151} INFO - [2026-02-28T13:09:11.413+0000] {dag.py:2915} INFO - Sync 1 DAGs
[2026-02-28T13:09:11.425+0000] {logging_mixin.py:151} INFO - [2026-02-28T13:09:11.425+0000] {dag.py:3696} INFO - Setting next_dagrun for pagination_dag to None, run_after=None
[2026-02-28T13:09:11.445+0000] {processor.py:179} INFO - Processing /opt/airflow/dags/dag.py took 0.331 seconds
[2026-02-28T13:09:41.684+0000] {processor.py:157} INFO - Started process (PID=413) to work on /opt/airflow/dags/dag.py
[2026-02-28T13:09:41.686+0000] {processor.py:829} INFO - Processing file /opt/airflow/dags/dag.py for tasks to queue
[2026-02-28T13:09:41.687+0000] {logging_mixin.py:151} INFO - [2026-02-28T13:09:41.686+0000] {dagbag.py:539} INFO - Filling up the DagBag from /opt/airflow/dags/dag.py
[2026-02-28T13:09:41.973+0000] {processor.py:839} INFO - DAG(s) dict_keys(['pagination_dag']) retrieved from /opt/airflow/dags/dag.py
[2026-02-28T13:09:42.004+0000] {logging_mixin.py:151} INFO - [2026-02-28T13:09:42.003+0000] {dag.py:2915} INFO - Sync 1 DAGs
[2026-02-28T13:09:42.017+0000] {logging_mixin.py:151} INFO - [2026-02-28T13:09:42.017+0000] {dag.py:3696} INFO - Setting next_dagrun for pagination_dag to None, run_after=None
[2026-02-28T13:09:42.038+0000] {processor.py:179} INFO - Processing /opt/airflow/dags/dag.py took 0.357 seconds
[2026-02-28T13:10:12.288+0000] {processor.py:157} INFO - Started process (PID=425) to work on /opt/airflow/dags/dag.py
[2026-02-28T13:10:12.289+0000] {processor.py:829} INFO - Processing file /opt/airflow/dags/dag.py for tasks to queue
[2026-02-28T13:10:12.290+0000] {logging_mixin.py:151} INFO - [2026-02-28T13:10:12.290+0000] {dagbag.py:539} INFO - Filling up the DagBag from /opt/airflow/dags/dag.py
[2026-02-28T13:10:12.630+0000] {processor.py:839} INFO - DAG(s) dict_keys(['pagination_dag']) retrieved from /opt/airflow/dags/dag.py
[2026-02-28T13:10:12.702+0000] {logging_mixin.py:151} INFO - [2026-02-28T13:10:12.701+0000] {dag.py:2915} INFO - Sync 1 DAGs
[2026-02-28T13:10:12.728+0000] {logging_mixin.py:151} INFO - [2026-02-28T13:10:12.728+0000] {dag.py:3696} INFO - Setting next_dagrun for pagination_dag to None, run_after=None
[2026-02-28T13:10:12.790+0000] {processor.py:179} INFO - Processing /opt/airflow/dags/dag.py took 0.506 seconds
[2026-02-28T13:10:43.131+0000] {processor.py:157} INFO - Started process (PID=437) to work on /opt/airflow/dags/dag.py
[2026-02-28T13:10:43.133+0000] {processor.py:829} INFO - Processing file /opt/airflow/dags/dag.py for tasks to queue
[2026-02-28T13:10:43.135+0000] {logging_mixin.py:151} INFO - [2026-02-28T13:10:43.134+0000] {dagbag.py:539} INFO - Filling up the DagBag from /opt/airflow/dags/dag.py
[2026-02-28T13:10:43.520+0000] {processor.py:839} INFO - DAG(s) dict_keys(['pagination_dag']) retrieved from /opt/airflow/dags/dag.py
[2026-02-28T13:10:43.553+0000] {logging_mixin.py:151} INFO - [2026-02-28T13:10:43.552+0000] {dag.py:2915} INFO - Sync 1 DAGs
[2026-02-28T13:10:43.570+0000] {logging_mixin.py:151} INFO - [2026-02-28T13:10:43.570+0000] {dag.py:3696} INFO - Setting next_dagrun for pagination_dag to None, run_after=None
[2026-02-28T13:10:43.601+0000] {processor.py:179} INFO - Processing /opt/airflow/dags/dag.py took 0.475 seconds
[2026-02-28T13:11:13.808+0000] {processor.py:157} INFO - Started process (PID=449) to work on /opt/airflow/dags/dag.py
[2026-02-28T13:11:13.809+0000] {processor.py:829} INFO - Processing file /opt/airflow/dags/dag.py for tasks to queue
[2026-02-28T13:11:13.810+0000] {logging_mixin.py:151} INFO - [2026-02-28T13:11:13.809+0000] {dagbag.py:539} INFO - Filling up the DagBag from /opt/airflow/dags/dag.py
[2026-02-28T13:11:14.134+0000] {processor.py:839} INFO - DAG(s) dict_keys(['pagination_dag']) retrieved from /opt/airflow/dags/dag.py
[2026-02-28T13:11:14.167+0000] {logging_mixin.py:151} INFO - [2026-02-28T13:11:14.167+0000] {dag.py:2915} INFO - Sync 1 DAGs
[2026-02-28T13:11:14.181+0000] {logging_mixin.py:151} INFO - [2026-02-28T13:11:14.180+0000] {dag.py:3696} INFO - Setting next_dagrun for pagination_dag to None, run_after=None
[2026-02-28T13:11:14.207+0000] {processor.py:179} INFO - Processing /opt/airflow/dags/dag.py took 0.403 seconds
[2026-02-28T13:11:44.409+0000] {processor.py:157} INFO - Started process (PID=461) to work on /opt/airflow/dags/dag.py
[2026-02-28T13:11:44.410+0000] {processor.py:829} INFO - Processing file /opt/airflow/dags/dag.py for tasks to queue
[2026-02-28T13:11:44.411+0000] {logging_mixin.py:151} INFO - [2026-02-28T13:11:44.411+0000] {dagbag.py:539} INFO - Filling up the DagBag from /opt/airflow/dags/dag.py
[2026-02-28T13:11:44.690+0000] {processor.py:839} INFO - DAG(s) dict_keys(['pagination_dag']) retrieved from /opt/airflow/dags/dag.py
[2026-02-28T13:11:44.723+0000] {logging_mixin.py:151} INFO - [2026-02-28T13:11:44.722+0000] {dag.py:2915} INFO - Sync 1 DAGs
[2026-02-28T13:11:44.739+0000] {logging_mixin.py:151} INFO - [2026-02-28T13:11:44.738+0000] {dag.py:3696} INFO - Setting next_dagrun for pagination_dag to None, run_after=None
[2026-02-28T13:11:44.760+0000] {processor.py:179} INFO - Processing /opt/airflow/dags/dag.py took 0.355 seconds
[2026-02-28T18:01:14.987+0000] {processor.py:157} INFO - Started process (PID=174) to work on /opt/airflow/dags/dag.py
[2026-02-28T18:01:14.989+0000] {processor.py:829} INFO - Processing file /opt/airflow/dags/dag.py for tasks to queue
[2026-02-28T18:01:14.990+0000] {logging_mixin.py:151} INFO - [2026-02-28T18:01:14.990+0000] {dagbag.py:539} INFO - Filling up the DagBag from /opt/airflow/dags/dag.py
[2026-02-28T18:01:16.575+0000] {processor.py:839} INFO - DAG(s) dict_keys(['pagination_dag']) retrieved from /opt/airflow/dags/dag.py
[2026-02-28T18:01:16.627+0000] {logging_mixin.py:151} INFO - [2026-02-28T18:01:16.627+0000] {dag.py:2915} INFO - Sync 1 DAGs
[2026-02-28T18:01:16.640+0000] {logging_mixin.py:151} INFO - [2026-02-28T18:01:16.640+0000] {dag.py:3696} INFO - Setting next_dagrun for pagination_dag to None, run_after=None
[2026-02-28T18:01:16.672+0000] {processor.py:179} INFO - Processing /opt/airflow/dags/dag.py took 1.688 seconds
[2026-02-28T18:01:46.891+0000] {processor.py:157} INFO - Started process (PID=186) to work on /opt/airflow/dags/dag.py
[2026-02-28T18:01:46.893+0000] {processor.py:829} INFO - Processing file /opt/airflow/dags/dag.py for tasks to queue
[2026-02-28T18:01:46.894+0000] {logging_mixin.py:151} INFO - [2026-02-28T18:01:46.894+0000] {dagbag.py:539} INFO - Filling up the DagBag from /opt/airflow/dags/dag.py
[2026-02-28T18:01:47.343+0000] {processor.py:839} INFO - DAG(s) dict_keys(['pagination_dag']) retrieved from /opt/airflow/dags/dag.py
[2026-02-28T18:01:47.367+0000] {logging_mixin.py:151} INFO - [2026-02-28T18:01:47.366+0000] {dag.py:2915} INFO - Sync 1 DAGs
[2026-02-28T18:01:47.378+0000] {logging_mixin.py:151} INFO - [2026-02-28T18:01:47.378+0000] {dag.py:3696} INFO - Setting next_dagrun for pagination_dag to None, run_after=None
[2026-02-28T18:01:47.401+0000] {processor.py:179} INFO - Processing /opt/airflow/dags/dag.py took 0.516 seconds
[2026-02-28T18:02:17.628+0000] {processor.py:157} INFO - Started process (PID=198) to work on /opt/airflow/dags/dag.py
[2026-02-28T18:02:17.629+0000] {processor.py:829} INFO - Processing file /opt/airflow/dags/dag.py for tasks to queue
[2026-02-28T18:02:17.630+0000] {logging_mixin.py:151} INFO - [2026-02-28T18:02:17.630+0000] {dagbag.py:539} INFO - Filling up the DagBag from /opt/airflow/dags/dag.py
[2026-02-28T18:02:18.076+0000] {processor.py:839} INFO - DAG(s) dict_keys(['pagination_dag']) retrieved from /opt/airflow/dags/dag.py
[2026-02-28T18:02:18.100+0000] {logging_mixin.py:151} INFO - [2026-02-28T18:02:18.099+0000] {dag.py:2915} INFO - Sync 1 DAGs
[2026-02-28T18:02:18.112+0000] {logging_mixin.py:151} INFO - [2026-02-28T18:02:18.112+0000] {dag.py:3696} INFO - Setting next_dagrun for pagination_dag to None, run_after=None
[2026-02-28T18:02:18.135+0000] {processor.py:179} INFO - Processing /opt/airflow/dags/dag.py took 0.511 seconds
[2026-02-28T18:02:48.344+0000] {processor.py:157} INFO - Started process (PID=213) to work on /opt/airflow/dags/dag.py
[2026-02-28T18:02:48.345+0000] {processor.py:829} INFO - Processing file /opt/airflow/dags/dag.py for tasks to queue
[2026-02-28T18:02:48.346+0000] {logging_mixin.py:151} INFO - [2026-02-28T18:02:48.346+0000] {dagbag.py:539} INFO - Filling up the DagBag from /opt/airflow/dags/dag.py
[2026-02-28T18:02:48.761+0000] {processor.py:839} INFO - DAG(s) dict_keys(['pagination_dag']) retrieved from /opt/airflow/dags/dag.py
[2026-02-28T18:02:48.786+0000] {logging_mixin.py:151} INFO - [2026-02-28T18:02:48.786+0000] {dag.py:2915} INFO - Sync 1 DAGs
[2026-02-28T18:02:48.797+0000] {logging_mixin.py:151} INFO - [2026-02-28T18:02:48.797+0000] {dag.py:3696} INFO - Setting next_dagrun for pagination_dag to None, run_after=None
[2026-02-28T18:02:48.816+0000] {processor.py:179} INFO - Processing /opt/airflow/dags/dag.py took 0.475 seconds
[2026-02-28T18:03:19.043+0000] {processor.py:157} INFO - Started process (PID=225) to work on /opt/airflow/dags/dag.py
[2026-02-28T18:03:19.044+0000] {processor.py:829} INFO - Processing file /opt/airflow/dags/dag.py for tasks to queue
[2026-02-28T18:03:19.045+0000] {logging_mixin.py:151} INFO - [2026-02-28T18:03:19.045+0000] {dagbag.py:539} INFO - Filling up the DagBag from /opt/airflow/dags/dag.py
[2026-02-28T18:03:19.480+0000] {processor.py:839} INFO - DAG(s) dict_keys(['pagination_dag']) retrieved from /opt/airflow/dags/dag.py
[2026-02-28T18:03:19.505+0000] {logging_mixin.py:151} INFO - [2026-02-28T18:03:19.505+0000] {dag.py:2915} INFO - Sync 1 DAGs
[2026-02-28T18:03:19.516+0000] {logging_mixin.py:151} INFO - [2026-02-28T18:03:19.516+0000] {dag.py:3696} INFO - Setting next_dagrun for pagination_dag to None, run_after=None
[2026-02-28T18:03:19.535+0000] {processor.py:179} INFO - Processing /opt/airflow/dags/dag.py took 0.495 seconds
[2026-02-28T18:03:49.724+0000] {processor.py:157} INFO - Started process (PID=237) to work on /opt/airflow/dags/dag.py
[2026-02-28T18:03:49.725+0000] {processor.py:829} INFO - Processing file /opt/airflow/dags/dag.py for tasks to queue
[2026-02-28T18:03:49.726+0000] {logging_mixin.py:151} INFO - [2026-02-28T18:03:49.726+0000] {dagbag.py:539} INFO - Filling up the DagBag from /opt/airflow/dags/dag.py
[2026-02-28T18:03:50.163+0000] {processor.py:839} INFO - DAG(s) dict_keys(['pagination_dag']) retrieved from /opt/airflow/dags/dag.py
[2026-02-28T18:03:50.192+0000] {logging_mixin.py:151} INFO - [2026-02-28T18:03:50.192+0000] {dag.py:2915} INFO - Sync 1 DAGs
[2026-02-28T18:03:50.203+0000] {logging_mixin.py:151} INFO - [2026-02-28T18:03:50.203+0000] {dag.py:3696} INFO - Setting next_dagrun for pagination_dag to None, run_after=None
[2026-02-28T18:03:50.224+0000] {processor.py:179} INFO - Processing /opt/airflow/dags/dag.py took 0.504 seconds
[2026-02-28T18:04:20.393+0000] {processor.py:157} INFO - Started process (PID=249) to work on /opt/airflow/dags/dag.py
[2026-02-28T18:04:20.395+0000] {processor.py:829} INFO - Processing file /opt/airflow/dags/dag.py for tasks to queue
[2026-02-28T18:04:20.395+0000] {logging_mixin.py:151} INFO - [2026-02-28T18:04:20.395+0000] {dagbag.py:539} INFO - Filling up the DagBag from /opt/airflow/dags/dag.py
[2026-02-28T18:04:20.674+0000] {processor.py:839} INFO - DAG(s) dict_keys(['pagination_dag']) retrieved from /opt/airflow/dags/dag.py
[2026-02-28T18:04:20.702+0000] {logging_mixin.py:151} INFO - [2026-02-28T18:04:20.701+0000] {dag.py:2915} INFO - Sync 1 DAGs
[2026-02-28T18:04:20.714+0000] {logging_mixin.py:151} INFO - [2026-02-28T18:04:20.714+0000] {dag.py:3696} INFO - Setting next_dagrun for pagination_dag to None, run_after=None
[2026-02-28T18:04:20.739+0000] {processor.py:179} INFO - Processing /opt/airflow/dags/dag.py took 0.349 seconds
[2026-02-28T18:04:50.971+0000] {processor.py:157} INFO - Started process (PID=261) to work on /opt/airflow/dags/dag.py
[2026-02-28T18:04:50.972+0000] {processor.py:829} INFO - Processing file /opt/airflow/dags/dag.py for tasks to queue
[2026-02-28T18:04:50.973+0000] {logging_mixin.py:151} INFO - [2026-02-28T18:04:50.973+0000] {dagbag.py:539} INFO - Filling up the DagBag from /opt/airflow/dags/dag.py
[2026-02-28T18:04:51.273+0000] {processor.py:839} INFO - DAG(s) dict_keys(['pagination_dag']) retrieved from /opt/airflow/dags/dag.py
[2026-02-28T18:04:51.299+0000] {logging_mixin.py:151} INFO - [2026-02-28T18:04:51.298+0000] {dag.py:2915} INFO - Sync 1 DAGs
[2026-02-28T18:04:51.312+0000] {logging_mixin.py:151} INFO - [2026-02-28T18:04:51.311+0000] {dag.py:3696} INFO - Setting next_dagrun for pagination_dag to None, run_after=None
[2026-02-28T18:04:51.333+0000] {processor.py:179} INFO - Processing /opt/airflow/dags/dag.py took 0.365 seconds
[2026-02-28T18:05:21.952+0000] {processor.py:157} INFO - Started process (PID=273) to work on /opt/airflow/dags/dag.py
[2026-02-28T18:05:21.953+0000] {processor.py:829} INFO - Processing file /opt/airflow/dags/dag.py for tasks to queue
[2026-02-28T18:05:21.954+0000] {logging_mixin.py:151} INFO - [2026-02-28T18:05:21.954+0000] {dagbag.py:539} INFO - Filling up the DagBag from /opt/airflow/dags/dag.py
[2026-02-28T18:05:22.309+0000] {processor.py:839} INFO - DAG(s) dict_keys(['pagination_dag']) retrieved from /opt/airflow/dags/dag.py
[2026-02-28T18:05:22.340+0000] {logging_mixin.py:151} INFO - [2026-02-28T18:05:22.339+0000] {dag.py:2915} INFO - Sync 1 DAGs
[2026-02-28T18:05:22.353+0000] {logging_mixin.py:151} INFO - [2026-02-28T18:05:22.353+0000] {dag.py:3696} INFO - Setting next_dagrun for pagination_dag to None, run_after=None
[2026-02-28T18:05:22.381+0000] {processor.py:179} INFO - Processing /opt/airflow/dags/dag.py took 0.433 seconds
[2026-02-28T18:05:52.649+0000] {processor.py:157} INFO - Started process (PID=285) to work on /opt/airflow/dags/dag.py
[2026-02-28T18:05:52.650+0000] {processor.py:829} INFO - Processing file /opt/airflow/dags/dag.py for tasks to queue
[2026-02-28T18:05:52.651+0000] {logging_mixin.py:151} INFO - [2026-02-28T18:05:52.650+0000] {dagbag.py:539} INFO - Filling up the DagBag from /opt/airflow/dags/dag.py
[2026-02-28T18:05:52.923+0000] {processor.py:839} INFO - DAG(s) dict_keys(['pagination_dag']) retrieved from /opt/airflow/dags/dag.py
[2026-02-28T18:05:52.951+0000] {logging_mixin.py:151} INFO - [2026-02-28T18:05:52.950+0000] {dag.py:2915} INFO - Sync 1 DAGs
[2026-02-28T18:05:52.963+0000] {logging_mixin.py:151} INFO - [2026-02-28T18:05:52.963+0000] {dag.py:3696} INFO - Setting next_dagrun for pagination_dag to None, run_after=None
[2026-02-28T18:05:52.988+0000] {processor.py:179} INFO - Processing /opt/airflow/dags/dag.py took 0.342 seconds
[2026-02-28T18:06:23.243+0000] {processor.py:157} INFO - Started process (PID=297) to work on /opt/airflow/dags/dag.py
[2026-02-28T18:06:23.244+0000] {processor.py:829} INFO - Processing file /opt/airflow/dags/dag.py for tasks to queue
[2026-02-28T18:06:23.244+0000] {logging_mixin.py:151} INFO - [2026-02-28T18:06:23.244+0000] {dagbag.py:539} INFO - Filling up the DagBag from /opt/airflow/dags/dag.py
[2026-02-28T18:06:23.511+0000] {processor.py:839} INFO - DAG(s) dict_keys(['pagination_dag']) retrieved from /opt/airflow/dags/dag.py
[2026-02-28T18:06:23.536+0000] {logging_mixin.py:151} INFO - [2026-02-28T18:06:23.536+0000] {dag.py:2915} INFO - Sync 1 DAGs
[2026-02-28T18:06:23.552+0000] {logging_mixin.py:151} INFO - [2026-02-28T18:06:23.551+0000] {dag.py:3696} INFO - Setting next_dagrun for pagination_dag to None, run_after=None
[2026-02-28T18:06:23.574+0000] {processor.py:179} INFO - Processing /opt/airflow/dags/dag.py took 0.335 seconds
[2026-02-28T18:06:53.802+0000] {processor.py:157} INFO - Started process (PID=309) to work on /opt/airflow/dags/dag.py
[2026-02-28T18:06:53.803+0000] {processor.py:829} INFO - Processing file /opt/airflow/dags/dag.py for tasks to queue
[2026-02-28T18:06:53.804+0000] {logging_mixin.py:151} INFO - [2026-02-28T18:06:53.803+0000] {dagbag.py:539} INFO - Filling up the DagBag from /opt/airflow/dags/dag.py
[2026-02-28T18:06:54.077+0000] {processor.py:839} INFO - DAG(s) dict_keys(['pagination_dag']) retrieved from /opt/airflow/dags/dag.py
[2026-02-28T18:06:54.104+0000] {logging_mixin.py:151} INFO - [2026-02-28T18:06:54.103+0000] {dag.py:2915} INFO - Sync 1 DAGs
[2026-02-28T18:06:54.116+0000] {logging_mixin.py:151} INFO - [2026-02-28T18:06:54.116+0000] {dag.py:3696} INFO - Setting next_dagrun for pagination_dag to None, run_after=None
[2026-02-28T18:06:54.137+0000] {processor.py:179} INFO - Processing /opt/airflow/dags/dag.py took 0.339 seconds
[2026-02-28T18:07:24.358+0000] {processor.py:157} INFO - Started process (PID=321) to work on /opt/airflow/dags/dag.py
[2026-02-28T18:07:24.359+0000] {processor.py:829} INFO - Processing file /opt/airflow/dags/dag.py for tasks to queue
[2026-02-28T18:07:24.360+0000] {logging_mixin.py:151} INFO - [2026-02-28T18:07:24.360+0000] {dagbag.py:539} INFO - Filling up the DagBag from /opt/airflow/dags/dag.py
[2026-02-28T18:07:24.642+0000] {processor.py:839} INFO - DAG(s) dict_keys(['pagination_dag']) retrieved from /opt/airflow/dags/dag.py
[2026-02-28T18:07:24.666+0000] {logging_mixin.py:151} INFO - [2026-02-28T18:07:24.666+0000] {dag.py:2915} INFO - Sync 1 DAGs
[2026-02-28T18:07:24.679+0000] {logging_mixin.py:151} INFO - [2026-02-28T18:07:24.679+0000] {dag.py:3696} INFO - Setting next_dagrun for pagination_dag to None, run_after=None
[2026-02-28T18:07:24.702+0000] {processor.py:179} INFO - Processing /opt/airflow/dags/dag.py took 0.348 seconds
[2026-02-28T18:07:54.915+0000] {processor.py:157} INFO - Started process (PID=333) to work on /opt/airflow/dags/dag.py
[2026-02-28T18:07:54.916+0000] {processor.py:829} INFO - Processing file /opt/airflow/dags/dag.py for tasks to queue
[2026-02-28T18:07:54.917+0000] {logging_mixin.py:151} INFO - [2026-02-28T18:07:54.917+0000] {dagbag.py:539} INFO - Filling up the DagBag from /opt/airflow/dags/dag.py
[2026-02-28T18:07:55.218+0000] {processor.py:839} INFO - DAG(s) dict_keys(['pagination_dag']) retrieved from /opt/airflow/dags/dag.py
[2026-02-28T18:07:55.251+0000] {logging_mixin.py:151} INFO - [2026-02-28T18:07:55.251+0000] {dag.py:2915} INFO - Sync 1 DAGs
[2026-02-28T18:07:55.269+0000] {logging_mixin.py:151} INFO - [2026-02-28T18:07:55.269+0000] {dag.py:3696} INFO - Setting next_dagrun for pagination_dag to None, run_after=None
[2026-02-28T18:07:55.318+0000] {processor.py:179} INFO - Processing /opt/airflow/dags/dag.py took 0.407 seconds
[2026-02-28T18:08:25.603+0000] {processor.py:157} INFO - Started process (PID=348) to work on /opt/airflow/dags/dag.py
[2026-02-28T18:08:25.604+0000] {processor.py:829} INFO - Processing file /opt/airflow/dags/dag.py for tasks to queue
[2026-02-28T18:08:25.605+0000] {logging_mixin.py:151} INFO - [2026-02-28T18:08:25.604+0000] {dagbag.py:539} INFO - Filling up the DagBag from /opt/airflow/dags/dag.py
[2026-02-28T18:08:25.978+0000] {processor.py:839} INFO - DAG(s) dict_keys(['pagination_dag']) retrieved from /opt/airflow/dags/dag.py
[2026-02-28T18:08:26.022+0000] {logging_mixin.py:151} INFO - [2026-02-28T18:08:26.021+0000] {dag.py:2915} INFO - Sync 1 DAGs
[2026-02-28T18:08:26.043+0000] {logging_mixin.py:151} INFO - [2026-02-28T18:08:26.043+0000] {dag.py:3696} INFO - Setting next_dagrun for pagination_dag to None, run_after=None
[2026-02-28T18:08:26.072+0000] {processor.py:179} INFO - Processing /opt/airflow/dags/dag.py took 0.473 seconds
[2026-02-28T18:08:53.630+0000] {processor.py:157} INFO - Started process (PID=174) to work on /opt/airflow/dags/dag.py
[2026-02-28T18:08:53.631+0000] {processor.py:829} INFO - Processing file /opt/airflow/dags/dag.py for tasks to queue
[2026-02-28T18:08:53.631+0000] {logging_mixin.py:151} INFO - [2026-02-28T18:08:53.631+0000] {dagbag.py:539} INFO - Filling up the DagBag from /opt/airflow/dags/dag.py
[2026-02-28T18:08:54.121+0000] {processor.py:839} INFO - DAG(s) dict_keys(['pagination_dag']) retrieved from /opt/airflow/dags/dag.py
[2026-02-28T18:08:54.159+0000] {logging_mixin.py:151} INFO - [2026-02-28T18:08:54.158+0000] {dag.py:2915} INFO - Sync 1 DAGs
[2026-02-28T18:08:54.169+0000] {logging_mixin.py:151} INFO - [2026-02-28T18:08:54.169+0000] {dag.py:3696} INFO - Setting next_dagrun for pagination_dag to None, run_after=None
[2026-02-28T18:08:54.195+0000] {processor.py:179} INFO - Processing /opt/airflow/dags/dag.py took 0.567 seconds
[2026-02-28T18:09:24.425+0000] {processor.py:157} INFO - Started process (PID=189) to work on /opt/airflow/dags/dag.py
[2026-02-28T18:09:24.426+0000] {processor.py:829} INFO - Processing file /opt/airflow/dags/dag.py for tasks to queue
[2026-02-28T18:09:24.427+0000] {logging_mixin.py:151} INFO - [2026-02-28T18:09:24.426+0000] {dagbag.py:539} INFO - Filling up the DagBag from /opt/airflow/dags/dag.py
[2026-02-28T18:09:24.819+0000] {processor.py:839} INFO - DAG(s) dict_keys(['pagination_dag']) retrieved from /opt/airflow/dags/dag.py
[2026-02-28T18:09:24.842+0000] {logging_mixin.py:151} INFO - [2026-02-28T18:09:24.841+0000] {dag.py:2915} INFO - Sync 1 DAGs
[2026-02-28T18:09:24.851+0000] {logging_mixin.py:151} INFO - [2026-02-28T18:09:24.851+0000] {dag.py:3696} INFO - Setting next_dagrun for pagination_dag to None, run_after=None
[2026-02-28T18:09:24.872+0000] {processor.py:179} INFO - Processing /opt/airflow/dags/dag.py took 0.450 seconds
[2026-02-28T18:09:55.096+0000] {processor.py:157} INFO - Started process (PID=201) to work on /opt/airflow/dags/dag.py
[2026-02-28T18:09:55.096+0000] {processor.py:829} INFO - Processing file /opt/airflow/dags/dag.py for tasks to queue
[2026-02-28T18:09:55.097+0000] {logging_mixin.py:151} INFO - [2026-02-28T18:09:55.097+0000] {dagbag.py:539} INFO - Filling up the DagBag from /opt/airflow/dags/dag.py
[2026-02-28T18:09:55.478+0000] {processor.py:839} INFO - DAG(s) dict_keys(['pagination_dag']) retrieved from /opt/airflow/dags/dag.py
[2026-02-28T18:09:55.499+0000] {logging_mixin.py:151} INFO - [2026-02-28T18:09:55.499+0000] {dag.py:2915} INFO - Sync 1 DAGs
[2026-02-28T18:09:55.510+0000] {logging_mixin.py:151} INFO - [2026-02-28T18:09:55.509+0000] {dag.py:3696} INFO - Setting next_dagrun for pagination_dag to None, run_after=None
[2026-02-28T18:09:55.528+0000] {processor.py:179} INFO - Processing /opt/airflow/dags/dag.py took 0.435 seconds
[2026-02-28T18:10:25.752+0000] {processor.py:157} INFO - Started process (PID=216) to work on /opt/airflow/dags/dag.py
[2026-02-28T18:10:25.753+0000] {processor.py:829} INFO - Processing file /opt/airflow/dags/dag.py for tasks to queue
[2026-02-28T18:10:25.754+0000] {logging_mixin.py:151} INFO - [2026-02-28T18:10:25.753+0000] {dagbag.py:539} INFO - Filling up the DagBag from /opt/airflow/dags/dag.py
[2026-02-28T18:10:26.220+0000] {processor.py:839} INFO - DAG(s) dict_keys(['pagination_dag']) retrieved from /opt/airflow/dags/dag.py
[2026-02-28T18:10:26.244+0000] {logging_mixin.py:151} INFO - [2026-02-28T18:10:26.243+0000] {dag.py:2915} INFO - Sync 1 DAGs
[2026-02-28T18:10:26.253+0000] {logging_mixin.py:151} INFO - [2026-02-28T18:10:26.253+0000] {dag.py:3696} INFO - Setting next_dagrun for pagination_dag to None, run_after=None
[2026-02-28T18:10:26.272+0000] {processor.py:179} INFO - Processing /opt/airflow/dags/dag.py took 0.524 seconds
[2026-02-28T18:10:56.489+0000] {processor.py:157} INFO - Started process (PID=228) to work on /opt/airflow/dags/dag.py
[2026-02-28T18:10:56.491+0000] {processor.py:829} INFO - Processing file /opt/airflow/dags/dag.py for tasks to queue
[2026-02-28T18:10:56.492+0000] {logging_mixin.py:151} INFO - [2026-02-28T18:10:56.491+0000] {dagbag.py:539} INFO - Filling up the DagBag from /opt/airflow/dags/dag.py
[2026-02-28T18:10:56.879+0000] {processor.py:839} INFO - DAG(s) dict_keys(['pagination_dag']) retrieved from /opt/airflow/dags/dag.py
[2026-02-28T18:10:56.901+0000] {logging_mixin.py:151} INFO - [2026-02-28T18:10:56.900+0000] {dag.py:2915} INFO - Sync 1 DAGs
[2026-02-28T18:10:56.911+0000] {logging_mixin.py:151} INFO - [2026-02-28T18:10:56.910+0000] {dag.py:3696} INFO - Setting next_dagrun for pagination_dag to None, run_after=None
[2026-02-28T18:10:56.930+0000] {processor.py:179} INFO - Processing /opt/airflow/dags/dag.py took 0.444 seconds
[2026-02-28T18:11:27.135+0000] {processor.py:157} INFO - Started process (PID=240) to work on /opt/airflow/dags/dag.py
[2026-02-28T18:11:27.136+0000] {processor.py:829} INFO - Processing file /opt/airflow/dags/dag.py for tasks to queue
[2026-02-28T18:11:27.136+0000] {logging_mixin.py:151} INFO - [2026-02-28T18:11:27.136+0000] {dagbag.py:539} INFO - Filling up the DagBag from /opt/airflow/dags/dag.py
[2026-02-28T18:11:27.554+0000] {processor.py:839} INFO - DAG(s) dict_keys(['pagination_dag']) retrieved from /opt/airflow/dags/dag.py
[2026-02-28T18:11:27.580+0000] {logging_mixin.py:151} INFO - [2026-02-28T18:11:27.579+0000] {dag.py:2915} INFO - Sync 1 DAGs
[2026-02-28T18:11:27.592+0000] {logging_mixin.py:151} INFO - [2026-02-28T18:11:27.592+0000] {dag.py:3696} INFO - Setting next_dagrun for pagination_dag to None, run_after=None
[2026-02-28T18:11:27.617+0000] {processor.py:179} INFO - Processing /opt/airflow/dags/dag.py took 0.486 seconds
[2026-02-28T18:11:57.836+0000] {processor.py:157} INFO - Started process (PID=252) to work on /opt/airflow/dags/dag.py
[2026-02-28T18:11:57.838+0000] {processor.py:829} INFO - Processing file /opt/airflow/dags/dag.py for tasks to queue
[2026-02-28T18:11:57.839+0000] {logging_mixin.py:151} INFO - [2026-02-28T18:11:57.839+0000] {dagbag.py:539} INFO - Filling up the DagBag from /opt/airflow/dags/dag.py
[2026-02-28T18:11:58.240+0000] {processor.py:839} INFO - DAG(s) dict_keys(['pagination_dag']) retrieved from /opt/airflow/dags/dag.py
[2026-02-28T18:11:58.265+0000] {logging_mixin.py:151} INFO - [2026-02-28T18:11:58.264+0000] {dag.py:2915} INFO - Sync 1 DAGs
[2026-02-28T18:11:58.276+0000] {logging_mixin.py:151} INFO - [2026-02-28T18:11:58.276+0000] {dag.py:3696} INFO - Setting next_dagrun for pagination_dag to None, run_after=None
[2026-02-28T18:11:58.299+0000] {processor.py:179} INFO - Processing /opt/airflow/dags/dag.py took 0.466 seconds
[2026-02-28T18:12:28.518+0000] {processor.py:157} INFO - Started process (PID=264) to work on /opt/airflow/dags/dag.py
[2026-02-28T18:12:28.519+0000] {processor.py:829} INFO - Processing file /opt/airflow/dags/dag.py for tasks to queue
[2026-02-28T18:12:28.519+0000] {logging_mixin.py:151} INFO - [2026-02-28T18:12:28.519+0000] {dagbag.py:539} INFO - Filling up the DagBag from /opt/airflow/dags/dag.py
[2026-02-28T18:12:28.907+0000] {processor.py:839} INFO - DAG(s) dict_keys(['pagination_dag']) retrieved from /opt/airflow/dags/dag.py
[2026-02-28T18:12:28.930+0000] {logging_mixin.py:151} INFO - [2026-02-28T18:12:28.930+0000] {dag.py:2915} INFO - Sync 1 DAGs
[2026-02-28T18:12:28.939+0000] {logging_mixin.py:151} INFO - [2026-02-28T18:12:28.939+0000] {dag.py:3696} INFO - Setting next_dagrun for pagination_dag to None, run_after=None
[2026-02-28T18:12:28.959+0000] {processor.py:179} INFO - Processing /opt/airflow/dags/dag.py took 0.445 seconds
[2026-02-28T18:12:59.186+0000] {processor.py:157} INFO - Started process (PID=276) to work on /opt/airflow/dags/dag.py
[2026-02-28T18:12:59.187+0000] {processor.py:829} INFO - Processing file /opt/airflow/dags/dag.py for tasks to queue
[2026-02-28T18:12:59.188+0000] {logging_mixin.py:151} INFO - [2026-02-28T18:12:59.188+0000] {dagbag.py:539} INFO - Filling up the DagBag from /opt/airflow/dags/dag.py
[2026-02-28T18:12:59.570+0000] {processor.py:839} INFO - DAG(s) dict_keys(['pagination_dag']) retrieved from /opt/airflow/dags/dag.py
[2026-02-28T18:12:59.592+0000] {logging_mixin.py:151} INFO - [2026-02-28T18:12:59.592+0000] {dag.py:2915} INFO - Sync 1 DAGs
[2026-02-28T18:12:59.602+0000] {logging_mixin.py:151} INFO - [2026-02-28T18:12:59.601+0000] {dag.py:3696} INFO - Setting next_dagrun for pagination_dag to None, run_after=None
[2026-02-28T18:12:59.619+0000] {processor.py:179} INFO - Processing /opt/airflow/dags/dag.py took 0.436 seconds
[2026-02-28T18:13:29.845+0000] {processor.py:157} INFO - Started process (PID=288) to work on /opt/airflow/dags/dag.py
[2026-02-28T18:13:29.846+0000] {processor.py:829} INFO - Processing file /opt/airflow/dags/dag.py for tasks to queue
[2026-02-28T18:13:29.846+0000] {logging_mixin.py:151} INFO - [2026-02-28T18:13:29.846+0000] {dagbag.py:539} INFO - Filling up the DagBag from /opt/airflow/dags/dag.py
[2026-02-28T18:13:30.227+0000] {processor.py:839} INFO - DAG(s) dict_keys(['pagination_dag']) retrieved from /opt/airflow/dags/dag.py
[2026-02-28T18:13:30.249+0000] {logging_mixin.py:151} INFO - [2026-02-28T18:13:30.249+0000] {dag.py:2915} INFO - Sync 1 DAGs
[2026-02-28T18:13:30.258+0000] {logging_mixin.py:151} INFO - [2026-02-28T18:13:30.258+0000] {dag.py:3696} INFO - Setting next_dagrun for pagination_dag to None, run_after=None
[2026-02-28T18:13:30.278+0000] {processor.py:179} INFO - Processing /opt/airflow/dags/dag.py took 0.437 seconds
[2026-02-28T18:14:00.648+0000] {processor.py:157} INFO - Started process (PID=300) to work on /opt/airflow/dags/dag.py
[2026-02-28T18:14:00.649+0000] {processor.py:829} INFO - Processing file /opt/airflow/dags/dag.py for tasks to queue
[2026-02-28T18:14:00.650+0000] {logging_mixin.py:151} INFO - [2026-02-28T18:14:00.650+0000] {dagbag.py:539} INFO - Filling up the DagBag from /opt/airflow/dags/dag.py
[2026-02-28T18:14:00.910+0000] {processor.py:839} INFO - DAG(s) dict_keys(['pagination_dag']) retrieved from /opt/airflow/dags/dag.py
[2026-02-28T18:14:00.941+0000] {logging_mixin.py:151} INFO - [2026-02-28T18:14:00.940+0000] {dag.py:2915} INFO - Sync 1 DAGs
[2026-02-28T18:14:00.951+0000] {logging_mixin.py:151} INFO - [2026-02-28T18:14:00.951+0000] {dag.py:3696} INFO - Setting next_dagrun for pagination_dag to None, run_after=None
[2026-02-28T18:14:00.973+0000] {processor.py:179} INFO - Processing /opt/airflow/dags/dag.py took 0.328 seconds
[2026-02-28T18:14:31.194+0000] {processor.py:157} INFO - Started process (PID=312) to work on /opt/airflow/dags/dag.py
[2026-02-28T18:14:31.195+0000] {processor.py:829} INFO - Processing file /opt/airflow/dags/dag.py for tasks to queue
[2026-02-28T18:14:31.196+0000] {logging_mixin.py:151} INFO - [2026-02-28T18:14:31.196+0000] {dagbag.py:539} INFO - Filling up the DagBag from /opt/airflow/dags/dag.py
[2026-02-28T18:14:31.465+0000] {processor.py:839} INFO - DAG(s) dict_keys(['pagination_dag']) retrieved from /opt/airflow/dags/dag.py
[2026-02-28T18:14:31.491+0000] {logging_mixin.py:151} INFO - [2026-02-28T18:14:31.490+0000] {dag.py:2915} INFO - Sync 1 DAGs
[2026-02-28T18:14:31.503+0000] {logging_mixin.py:151} INFO - [2026-02-28T18:14:31.503+0000] {dag.py:3696} INFO - Setting next_dagrun for pagination_dag to None, run_after=None
[2026-02-28T18:14:31.524+0000] {processor.py:179} INFO - Processing /opt/airflow/dags/dag.py took 0.332 seconds
[2026-02-28T18:15:01.745+0000] {processor.py:157} INFO - Started process (PID=324) to work on /opt/airflow/dags/dag.py
[2026-02-28T18:15:01.746+0000] {processor.py:829} INFO - Processing file /opt/airflow/dags/dag.py for tasks to queue
[2026-02-28T18:15:01.747+0000] {logging_mixin.py:151} INFO - [2026-02-28T18:15:01.747+0000] {dagbag.py:539} INFO - Filling up the DagBag from /opt/airflow/dags/dag.py
[2026-02-28T18:15:02.002+0000] {processor.py:839} INFO - DAG(s) dict_keys(['pagination_dag']) retrieved from /opt/airflow/dags/dag.py
[2026-02-28T18:15:02.030+0000] {logging_mixin.py:151} INFO - [2026-02-28T18:15:02.030+0000] {dag.py:2915} INFO - Sync 1 DAGs
[2026-02-28T18:15:02.041+0000] {logging_mixin.py:151} INFO - [2026-02-28T18:15:02.041+0000] {dag.py:3696} INFO - Setting next_dagrun for pagination_dag to None, run_after=None
[2026-02-28T18:15:02.062+0000] {processor.py:179} INFO - Processing /opt/airflow/dags/dag.py took 0.320 seconds
[2026-02-28T18:15:35.057+0000] {processor.py:157} INFO - Started process (PID=174) to work on /opt/airflow/dags/dag.py
[2026-02-28T18:15:35.058+0000] {processor.py:829} INFO - Processing file /opt/airflow/dags/dag.py for tasks to queue
[2026-02-28T18:15:35.059+0000] {logging_mixin.py:151} INFO - [2026-02-28T18:15:35.058+0000] {dagbag.py:539} INFO - Filling up the DagBag from /opt/airflow/dags/dag.py
[2026-02-28T18:15:36.126+0000] {processor.py:839} INFO - DAG(s) dict_keys(['pagination_dag']) retrieved from /opt/airflow/dags/dag.py
[2026-02-28T18:15:36.173+0000] {logging_mixin.py:151} INFO - [2026-02-28T18:15:36.172+0000] {dag.py:2915} INFO - Sync 1 DAGs
[2026-02-28T18:15:36.185+0000] {logging_mixin.py:151} INFO - [2026-02-28T18:15:36.184+0000] {dag.py:3696} INFO - Setting next_dagrun for pagination_dag to None, run_after=None
[2026-02-28T18:15:36.205+0000] {processor.py:179} INFO - Processing /opt/airflow/dags/dag.py took 1.152 seconds
[2026-02-28T18:16:06.441+0000] {processor.py:157} INFO - Started process (PID=186) to work on /opt/airflow/dags/dag.py
[2026-02-28T18:16:06.442+0000] {processor.py:829} INFO - Processing file /opt/airflow/dags/dag.py for tasks to queue
[2026-02-28T18:16:06.443+0000] {logging_mixin.py:151} INFO - [2026-02-28T18:16:06.442+0000] {dagbag.py:539} INFO - Filling up the DagBag from /opt/airflow/dags/dag.py
[2026-02-28T18:16:06.847+0000] {processor.py:839} INFO - DAG(s) dict_keys(['pagination_dag']) retrieved from /opt/airflow/dags/dag.py
[2026-02-28T18:16:06.869+0000] {logging_mixin.py:151} INFO - [2026-02-28T18:16:06.868+0000] {dag.py:2915} INFO - Sync 1 DAGs
[2026-02-28T18:16:06.878+0000] {logging_mixin.py:151} INFO - [2026-02-28T18:16:06.878+0000] {dag.py:3696} INFO - Setting next_dagrun for pagination_dag to None, run_after=None
[2026-02-28T18:16:06.898+0000] {processor.py:179} INFO - Processing /opt/airflow/dags/dag.py took 0.461 seconds
[2026-02-28T18:16:37.111+0000] {processor.py:157} INFO - Started process (PID=198) to work on /opt/airflow/dags/dag.py
[2026-02-28T18:16:37.112+0000] {processor.py:829} INFO - Processing file /opt/airflow/dags/dag.py for tasks to queue
[2026-02-28T18:16:37.113+0000] {logging_mixin.py:151} INFO - [2026-02-28T18:16:37.113+0000] {dagbag.py:539} INFO - Filling up the DagBag from /opt/airflow/dags/dag.py
[2026-02-28T18:16:37.644+0000] {processor.py:839} INFO - DAG(s) dict_keys(['pagination_dag']) retrieved from /opt/airflow/dags/dag.py
[2026-02-28T18:16:37.670+0000] {logging_mixin.py:151} INFO - [2026-02-28T18:16:37.669+0000] {dag.py:2915} INFO - Sync 1 DAGs
[2026-02-28T18:16:37.682+0000] {logging_mixin.py:151} INFO - [2026-02-28T18:16:37.682+0000] {dag.py:3696} INFO - Setting next_dagrun for pagination_dag to None, run_after=None
[2026-02-28T18:16:37.703+0000] {processor.py:179} INFO - Processing /opt/airflow/dags/dag.py took 0.596 seconds
[2026-02-28T18:17:07.933+0000] {processor.py:157} INFO - Started process (PID=210) to work on /opt/airflow/dags/dag.py
[2026-02-28T18:17:07.934+0000] {processor.py:829} INFO - Processing file /opt/airflow/dags/dag.py for tasks to queue
[2026-02-28T18:17:07.935+0000] {logging_mixin.py:151} INFO - [2026-02-28T18:17:07.935+0000] {dagbag.py:539} INFO - Filling up the DagBag from /opt/airflow/dags/dag.py
[2026-02-28T18:17:08.329+0000] {processor.py:839} INFO - DAG(s) dict_keys(['pagination_dag']) retrieved from /opt/airflow/dags/dag.py
[2026-02-28T18:17:08.352+0000] {logging_mixin.py:151} INFO - [2026-02-28T18:17:08.351+0000] {dag.py:2915} INFO - Sync 1 DAGs
[2026-02-28T18:17:08.362+0000] {logging_mixin.py:151} INFO - [2026-02-28T18:17:08.362+0000] {dag.py:3696} INFO - Setting next_dagrun for pagination_dag to None, run_after=None
[2026-02-28T18:17:08.382+0000] {processor.py:179} INFO - Processing /opt/airflow/dags/dag.py took 0.452 seconds
[2026-02-28T18:17:38.607+0000] {processor.py:157} INFO - Started process (PID=222) to work on /opt/airflow/dags/dag.py
[2026-02-28T18:17:38.608+0000] {processor.py:829} INFO - Processing file /opt/airflow/dags/dag.py for tasks to queue
[2026-02-28T18:17:38.609+0000] {logging_mixin.py:151} INFO - [2026-02-28T18:17:38.609+0000] {dagbag.py:539} INFO - Filling up the DagBag from /opt/airflow/dags/dag.py
[2026-02-28T18:17:39.032+0000] {processor.py:839} INFO - DAG(s) dict_keys(['pagination_dag']) retrieved from /opt/airflow/dags/dag.py
[2026-02-28T18:17:39.055+0000] {logging_mixin.py:151} INFO - [2026-02-28T18:17:39.054+0000] {dag.py:2915} INFO - Sync 1 DAGs
[2026-02-28T18:17:39.066+0000] {logging_mixin.py:151} INFO - [2026-02-28T18:17:39.065+0000] {dag.py:3696} INFO - Setting next_dagrun for pagination_dag to None, run_after=None
[2026-02-28T18:17:39.086+0000] {processor.py:179} INFO - Processing /opt/airflow/dags/dag.py took 0.483 seconds
[2026-02-28T18:18:09.312+0000] {processor.py:157} INFO - Started process (PID=234) to work on /opt/airflow/dags/dag.py
[2026-02-28T18:18:09.314+0000] {processor.py:829} INFO - Processing file /opt/airflow/dags/dag.py for tasks to queue
[2026-02-28T18:18:09.314+0000] {logging_mixin.py:151} INFO - [2026-02-28T18:18:09.314+0000] {dagbag.py:539} INFO - Filling up the DagBag from /opt/airflow/dags/dag.py
[2026-02-28T18:18:09.732+0000] {processor.py:839} INFO - DAG(s) dict_keys(['pagination_dag']) retrieved from /opt/airflow/dags/dag.py
[2026-02-28T18:18:09.752+0000] {logging_mixin.py:151} INFO - [2026-02-28T18:18:09.752+0000] {dag.py:2915} INFO - Sync 1 DAGs
[2026-02-28T18:18:09.762+0000] {logging_mixin.py:151} INFO - [2026-02-28T18:18:09.762+0000] {dag.py:3696} INFO - Setting next_dagrun for pagination_dag to None, run_after=None
[2026-02-28T18:18:09.781+0000] {processor.py:179} INFO - Processing /opt/airflow/dags/dag.py took 0.472 seconds
[2026-02-28T18:18:40.150+0000] {processor.py:157} INFO - Started process (PID=246) to work on /opt/airflow/dags/dag.py
[2026-02-28T18:18:40.151+0000] {processor.py:829} INFO - Processing file /opt/airflow/dags/dag.py for tasks to queue
[2026-02-28T18:18:40.152+0000] {logging_mixin.py:151} INFO - [2026-02-28T18:18:40.152+0000] {dagbag.py:539} INFO - Filling up the DagBag from /opt/airflow/dags/dag.py
[2026-02-28T18:18:40.420+0000] {processor.py:839} INFO - DAG(s) dict_keys(['pagination_dag']) retrieved from /opt/airflow/dags/dag.py
[2026-02-28T18:18:40.446+0000] {logging_mixin.py:151} INFO - [2026-02-28T18:18:40.446+0000] {dag.py:2915} INFO - Sync 1 DAGs
[2026-02-28T18:18:40.458+0000] {logging_mixin.py:151} INFO - [2026-02-28T18:18:40.457+0000] {dag.py:3696} INFO - Setting next_dagrun for pagination_dag to None, run_after=None
[2026-02-28T18:18:40.480+0000] {processor.py:179} INFO - Processing /opt/airflow/dags/dag.py took 0.334 seconds
[2026-02-28T18:19:10.684+0000] {processor.py:157} INFO - Started process (PID=258) to work on /opt/airflow/dags/dag.py
[2026-02-28T18:19:10.685+0000] {processor.py:829} INFO - Processing file /opt/airflow/dags/dag.py for tasks to queue
[2026-02-28T18:19:10.686+0000] {logging_mixin.py:151} INFO - [2026-02-28T18:19:10.685+0000] {dagbag.py:539} INFO - Filling up the DagBag from /opt/airflow/dags/dag.py
[2026-02-28T18:19:10.951+0000] {processor.py:839} INFO - DAG(s) dict_keys(['pagination_dag']) retrieved from /opt/airflow/dags/dag.py
[2026-02-28T18:19:10.976+0000] {logging_mixin.py:151} INFO - [2026-02-28T18:19:10.976+0000] {dag.py:2915} INFO - Sync 1 DAGs
[2026-02-28T18:19:10.988+0000] {logging_mixin.py:151} INFO - [2026-02-28T18:19:10.988+0000] {dag.py:3696} INFO - Setting next_dagrun for pagination_dag to None, run_after=None
[2026-02-28T18:19:11.009+0000] {processor.py:179} INFO - Processing /opt/airflow/dags/dag.py took 0.329 seconds
[2026-02-28T18:19:41.216+0000] {processor.py:157} INFO - Started process (PID=270) to work on /opt/airflow/dags/dag.py
[2026-02-28T18:19:41.217+0000] {processor.py:829} INFO - Processing file /opt/airflow/dags/dag.py for tasks to queue
[2026-02-28T18:19:41.218+0000] {logging_mixin.py:151} INFO - [2026-02-28T18:19:41.218+0000] {dagbag.py:539} INFO - Filling up the DagBag from /opt/airflow/dags/dag.py
[2026-02-28T18:19:41.481+0000] {processor.py:839} INFO - DAG(s) dict_keys(['pagination_dag']) retrieved from /opt/airflow/dags/dag.py
[2026-02-28T18:19:41.509+0000] {logging_mixin.py:151} INFO - [2026-02-28T18:19:41.509+0000] {dag.py:2915} INFO - Sync 1 DAGs
[2026-02-28T18:19:41.521+0000] {logging_mixin.py:151} INFO - [2026-02-28T18:19:41.521+0000] {dag.py:3696} INFO - Setting next_dagrun for pagination_dag to None, run_after=None
[2026-02-28T18:19:41.542+0000] {processor.py:179} INFO - Processing /opt/airflow/dags/dag.py took 0.330 seconds
[2026-02-28T18:20:11.760+0000] {processor.py:157} INFO - Started process (PID=282) to work on /opt/airflow/dags/dag.py
[2026-02-28T18:20:11.761+0000] {processor.py:829} INFO - Processing file /opt/airflow/dags/dag.py for tasks to queue
[2026-02-28T18:20:11.762+0000] {logging_mixin.py:151} INFO - [2026-02-28T18:20:11.762+0000] {dagbag.py:539} INFO - Filling up the DagBag from /opt/airflow/dags/dag.py
[2026-02-28T18:20:12.056+0000] {processor.py:839} INFO - DAG(s) dict_keys(['pagination_dag']) retrieved from /opt/airflow/dags/dag.py
[2026-02-28T18:20:12.083+0000] {logging_mixin.py:151} INFO - [2026-02-28T18:20:12.083+0000] {dag.py:2915} INFO - Sync 1 DAGs
[2026-02-28T18:20:12.097+0000] {logging_mixin.py:151} INFO - [2026-02-28T18:20:12.096+0000] {dag.py:3696} INFO - Setting next_dagrun for pagination_dag to None, run_after=None
[2026-02-28T18:20:12.120+0000] {processor.py:179} INFO - Processing /opt/airflow/dags/dag.py took 0.364 seconds
[2026-02-28T18:20:42.341+0000] {processor.py:157} INFO - Started process (PID=294) to work on /opt/airflow/dags/dag.py
[2026-02-28T18:20:42.342+0000] {processor.py:829} INFO - Processing file /opt/airflow/dags/dag.py for tasks to queue
[2026-02-28T18:20:42.343+0000] {logging_mixin.py:151} INFO - [2026-02-28T18:20:42.343+0000] {dagbag.py:539} INFO - Filling up the DagBag from /opt/airflow/dags/dag.py
[2026-02-28T18:20:42.618+0000] {processor.py:839} INFO - DAG(s) dict_keys(['pagination_dag']) retrieved from /opt/airflow/dags/dag.py
[2026-02-28T18:20:42.645+0000] {logging_mixin.py:151} INFO - [2026-02-28T18:20:42.645+0000] {dag.py:2915} INFO - Sync 1 DAGs
[2026-02-28T18:20:42.657+0000] {logging_mixin.py:151} INFO - [2026-02-28T18:20:42.657+0000] {dag.py:3696} INFO - Setting next_dagrun for pagination_dag to None, run_after=None
[2026-02-28T18:20:42.678+0000] {processor.py:179} INFO - Processing /opt/airflow/dags/dag.py took 0.340 seconds
[2026-02-28T18:21:12.902+0000] {processor.py:157} INFO - Started process (PID=306) to work on /opt/airflow/dags/dag.py
[2026-02-28T18:21:12.903+0000] {processor.py:829} INFO - Processing file /opt/airflow/dags/dag.py for tasks to queue
[2026-02-28T18:21:12.904+0000] {logging_mixin.py:151} INFO - [2026-02-28T18:21:12.904+0000] {dagbag.py:539} INFO - Filling up the DagBag from /opt/airflow/dags/dag.py
[2026-02-28T18:21:13.161+0000] {processor.py:839} INFO - DAG(s) dict_keys(['pagination_dag']) retrieved from /opt/airflow/dags/dag.py
[2026-02-28T18:21:13.188+0000] {logging_mixin.py:151} INFO - [2026-02-28T18:21:13.188+0000] {dag.py:2915} INFO - Sync 1 DAGs
[2026-02-28T18:21:13.200+0000] {logging_mixin.py:151} INFO - [2026-02-28T18:21:13.199+0000] {dag.py:3696} INFO - Setting next_dagrun for pagination_dag to None, run_after=None
[2026-02-28T18:21:13.222+0000] {processor.py:179} INFO - Processing /opt/airflow/dags/dag.py took 0.324 seconds
[2026-02-28T18:21:43.449+0000] {processor.py:157} INFO - Started process (PID=318) to work on /opt/airflow/dags/dag.py
[2026-02-28T18:21:43.449+0000] {processor.py:829} INFO - Processing file /opt/airflow/dags/dag.py for tasks to queue
[2026-02-28T18:21:43.450+0000] {logging_mixin.py:151} INFO - [2026-02-28T18:21:43.450+0000] {dagbag.py:539} INFO - Filling up the DagBag from /opt/airflow/dags/dag.py
[2026-02-28T18:21:43.713+0000] {processor.py:839} INFO - DAG(s) dict_keys(['pagination_dag']) retrieved from /opt/airflow/dags/dag.py
[2026-02-28T18:21:43.738+0000] {logging_mixin.py:151} INFO - [2026-02-28T18:21:43.738+0000] {dag.py:2915} INFO - Sync 1 DAGs
[2026-02-28T18:21:43.750+0000] {logging_mixin.py:151} INFO - [2026-02-28T18:21:43.750+0000] {dag.py:3696} INFO - Setting next_dagrun for pagination_dag to None, run_after=None
[2026-02-28T18:21:43.769+0000] {processor.py:179} INFO - Processing /opt/airflow/dags/dag.py took 0.323 seconds
[2026-02-28T18:22:13.964+0000] {processor.py:157} INFO - Started process (PID=330) to work on /opt/airflow/dags/dag.py
[2026-02-28T18:22:13.965+0000] {processor.py:829} INFO - Processing file /opt/airflow/dags/dag.py for tasks to queue
[2026-02-28T18:22:13.966+0000] {logging_mixin.py:151} INFO - [2026-02-28T18:22:13.965+0000] {dagbag.py:539} INFO - Filling up the DagBag from /opt/airflow/dags/dag.py
[2026-02-28T18:22:14.260+0000] {processor.py:839} INFO - DAG(s) dict_keys(['pagination_dag']) retrieved from /opt/airflow/dags/dag.py
[2026-02-28T18:22:14.287+0000] {logging_mixin.py:151} INFO - [2026-02-28T18:22:14.287+0000] {dag.py:2915} INFO - Sync 1 DAGs
[2026-02-28T18:22:14.299+0000] {logging_mixin.py:151} INFO - [2026-02-28T18:22:14.299+0000] {dag.py:3696} INFO - Setting next_dagrun for pagination_dag to None, run_after=None
[2026-02-28T18:22:14.320+0000] {processor.py:179} INFO - Processing /opt/airflow/dags/dag.py took 0.360 seconds
[2026-02-28T18:22:44.525+0000] {processor.py:157} INFO - Started process (PID=342) to work on /opt/airflow/dags/dag.py
[2026-02-28T18:22:44.526+0000] {processor.py:829} INFO - Processing file /opt/airflow/dags/dag.py for tasks to queue
[2026-02-28T18:22:44.527+0000] {logging_mixin.py:151} INFO - [2026-02-28T18:22:44.526+0000] {dagbag.py:539} INFO - Filling up the DagBag from /opt/airflow/dags/dag.py
[2026-02-28T18:22:44.796+0000] {processor.py:839} INFO - DAG(s) dict_keys(['pagination_dag']) retrieved from /opt/airflow/dags/dag.py
[2026-02-28T18:22:44.825+0000] {logging_mixin.py:151} INFO - [2026-02-28T18:22:44.824+0000] {dag.py:2915} INFO - Sync 1 DAGs
[2026-02-28T18:22:44.837+0000] {logging_mixin.py:151} INFO - [2026-02-28T18:22:44.837+0000] {dag.py:3696} INFO - Setting next_dagrun for pagination_dag to None, run_after=None
[2026-02-28T18:22:44.859+0000] {processor.py:179} INFO - Processing /opt/airflow/dags/dag.py took 0.337 seconds
[2026-02-28T18:23:15.094+0000] {processor.py:157} INFO - Started process (PID=357) to work on /opt/airflow/dags/dag.py
[2026-02-28T18:23:15.095+0000] {processor.py:829} INFO - Processing file /opt/airflow/dags/dag.py for tasks to queue
[2026-02-28T18:23:15.096+0000] {logging_mixin.py:151} INFO - [2026-02-28T18:23:15.095+0000] {dagbag.py:539} INFO - Filling up the DagBag from /opt/airflow/dags/dag.py
[2026-02-28T18:23:15.363+0000] {processor.py:839} INFO - DAG(s) dict_keys(['pagination_dag']) retrieved from /opt/airflow/dags/dag.py
[2026-02-28T18:23:15.394+0000] {logging_mixin.py:151} INFO - [2026-02-28T18:23:15.394+0000] {dag.py:2915} INFO - Sync 1 DAGs
[2026-02-28T18:23:15.408+0000] {logging_mixin.py:151} INFO - [2026-02-28T18:23:15.407+0000] {dag.py:3696} INFO - Setting next_dagrun for pagination_dag to None, run_after=None
[2026-02-28T18:23:15.437+0000] {processor.py:179} INFO - Processing /opt/airflow/dags/dag.py took 0.347 seconds
[2026-02-28T18:23:45.662+0000] {processor.py:157} INFO - Started process (PID=369) to work on /opt/airflow/dags/dag.py
[2026-02-28T18:23:45.663+0000] {processor.py:829} INFO - Processing file /opt/airflow/dags/dag.py for tasks to queue
[2026-02-28T18:23:45.664+0000] {logging_mixin.py:151} INFO - [2026-02-28T18:23:45.664+0000] {dagbag.py:539} INFO - Filling up the DagBag from /opt/airflow/dags/dag.py
[2026-02-28T18:23:45.940+0000] {processor.py:839} INFO - DAG(s) dict_keys(['pagination_dag']) retrieved from /opt/airflow/dags/dag.py
[2026-02-28T18:23:45.967+0000] {logging_mixin.py:151} INFO - [2026-02-28T18:23:45.967+0000] {dag.py:2915} INFO - Sync 1 DAGs
[2026-02-28T18:23:45.979+0000] {logging_mixin.py:151} INFO - [2026-02-28T18:23:45.979+0000] {dag.py:3696} INFO - Setting next_dagrun for pagination_dag to None, run_after=None
[2026-02-28T18:23:46.002+0000] {processor.py:179} INFO - Processing /opt/airflow/dags/dag.py took 0.343 seconds
[2026-02-28T18:24:16.236+0000] {processor.py:157} INFO - Started process (PID=381) to work on /opt/airflow/dags/dag.py
[2026-02-28T18:24:16.237+0000] {processor.py:829} INFO - Processing file /opt/airflow/dags/dag.py for tasks to queue
[2026-02-28T18:24:16.238+0000] {logging_mixin.py:151} INFO - [2026-02-28T18:24:16.238+0000] {dagbag.py:539} INFO - Filling up the DagBag from /opt/airflow/dags/dag.py
[2026-02-28T18:24:16.497+0000] {processor.py:839} INFO - DAG(s) dict_keys(['pagination_dag']) retrieved from /opt/airflow/dags/dag.py
[2026-02-28T18:24:16.524+0000] {logging_mixin.py:151} INFO - [2026-02-28T18:24:16.523+0000] {dag.py:2915} INFO - Sync 1 DAGs
[2026-02-28T18:24:16.537+0000] {logging_mixin.py:151} INFO - [2026-02-28T18:24:16.536+0000] {dag.py:3696} INFO - Setting next_dagrun for pagination_dag to None, run_after=None
[2026-02-28T18:24:16.559+0000] {processor.py:179} INFO - Processing /opt/airflow/dags/dag.py took 0.326 seconds
[2026-02-28T18:24:46.793+0000] {processor.py:157} INFO - Started process (PID=393) to work on /opt/airflow/dags/dag.py
[2026-02-28T18:24:46.794+0000] {processor.py:829} INFO - Processing file /opt/airflow/dags/dag.py for tasks to queue
[2026-02-28T18:24:46.796+0000] {logging_mixin.py:151} INFO - [2026-02-28T18:24:46.795+0000] {dagbag.py:539} INFO - Filling up the DagBag from /opt/airflow/dags/dag.py
[2026-02-28T18:24:47.114+0000] {processor.py:839} INFO - DAG(s) dict_keys(['pagination_dag']) retrieved from /opt/airflow/dags/dag.py
[2026-02-28T18:24:47.139+0000] {logging_mixin.py:151} INFO - [2026-02-28T18:24:47.138+0000] {dag.py:2915} INFO - Sync 1 DAGs
[2026-02-28T18:24:47.151+0000] {logging_mixin.py:151} INFO - [2026-02-28T18:24:47.151+0000] {dag.py:3696} INFO - Setting next_dagrun for pagination_dag to None, run_after=None
[2026-02-28T18:24:47.173+0000] {processor.py:179} INFO - Processing /opt/airflow/dags/dag.py took 0.384 seconds
[2026-02-28T18:25:17.398+0000] {processor.py:157} INFO - Started process (PID=405) to work on /opt/airflow/dags/dag.py
[2026-02-28T18:25:17.400+0000] {processor.py:829} INFO - Processing file /opt/airflow/dags/dag.py for tasks to queue
[2026-02-28T18:25:17.401+0000] {logging_mixin.py:151} INFO - [2026-02-28T18:25:17.400+0000] {dagbag.py:539} INFO - Filling up the DagBag from /opt/airflow/dags/dag.py
[2026-02-28T18:25:17.705+0000] {processor.py:839} INFO - DAG(s) dict_keys(['pagination_dag']) retrieved from /opt/airflow/dags/dag.py
[2026-02-28T18:25:17.732+0000] {logging_mixin.py:151} INFO - [2026-02-28T18:25:17.731+0000] {dag.py:2915} INFO - Sync 1 DAGs
[2026-02-28T18:25:17.744+0000] {logging_mixin.py:151} INFO - [2026-02-28T18:25:17.744+0000] {dag.py:3696} INFO - Setting next_dagrun for pagination_dag to None, run_after=None
[2026-02-28T18:25:17.768+0000] {processor.py:179} INFO - Processing /opt/airflow/dags/dag.py took 0.373 seconds
[2026-02-28T18:25:48.016+0000] {processor.py:157} INFO - Started process (PID=417) to work on /opt/airflow/dags/dag.py
[2026-02-28T18:25:48.017+0000] {processor.py:829} INFO - Processing file /opt/airflow/dags/dag.py for tasks to queue
[2026-02-28T18:25:48.018+0000] {logging_mixin.py:151} INFO - [2026-02-28T18:25:48.018+0000] {dagbag.py:539} INFO - Filling up the DagBag from /opt/airflow/dags/dag.py
[2026-02-28T18:25:48.285+0000] {processor.py:839} INFO - DAG(s) dict_keys(['pagination_dag']) retrieved from /opt/airflow/dags/dag.py
[2026-02-28T18:25:48.318+0000] {logging_mixin.py:151} INFO - [2026-02-28T18:25:48.317+0000] {dag.py:2915} INFO - Sync 1 DAGs
[2026-02-28T18:25:48.333+0000] {logging_mixin.py:151} INFO - [2026-02-28T18:25:48.332+0000] {dag.py:3696} INFO - Setting next_dagrun for pagination_dag to None, run_after=None
[2026-02-28T18:25:48.357+0000] {processor.py:179} INFO - Processing /opt/airflow/dags/dag.py took 0.343 seconds
[2026-02-28T18:26:19.027+0000] {processor.py:157} INFO - Started process (PID=429) to work on /opt/airflow/dags/dag.py
[2026-02-28T18:26:19.029+0000] {processor.py:829} INFO - Processing file /opt/airflow/dags/dag.py for tasks to queue
[2026-02-28T18:26:19.030+0000] {logging_mixin.py:151} INFO - [2026-02-28T18:26:19.029+0000] {dagbag.py:539} INFO - Filling up the DagBag from /opt/airflow/dags/dag.py
[2026-02-28T18:26:19.343+0000] {processor.py:839} INFO - DAG(s) dict_keys(['pagination_dag']) retrieved from /opt/airflow/dags/dag.py
[2026-02-28T18:26:19.374+0000] {logging_mixin.py:151} INFO - [2026-02-28T18:26:19.374+0000] {dag.py:2915} INFO - Sync 1 DAGs
[2026-02-28T18:26:19.386+0000] {logging_mixin.py:151} INFO - [2026-02-28T18:26:19.386+0000] {dag.py:3696} INFO - Setting next_dagrun for pagination_dag to None, run_after=None
[2026-02-28T18:26:19.412+0000] {processor.py:179} INFO - Processing /opt/airflow/dags/dag.py took 0.388 seconds
[2026-02-28T18:26:49.708+0000] {processor.py:157} INFO - Started process (PID=444) to work on /opt/airflow/dags/dag.py
[2026-02-28T18:26:49.709+0000] {processor.py:829} INFO - Processing file /opt/airflow/dags/dag.py for tasks to queue
[2026-02-28T18:26:49.710+0000] {logging_mixin.py:151} INFO - [2026-02-28T18:26:49.710+0000] {dagbag.py:539} INFO - Filling up the DagBag from /opt/airflow/dags/dag.py
[2026-02-28T18:26:49.959+0000] {processor.py:839} INFO - DAG(s) dict_keys(['pagination_dag']) retrieved from /opt/airflow/dags/dag.py
[2026-02-28T18:26:49.988+0000] {logging_mixin.py:151} INFO - [2026-02-28T18:26:49.987+0000] {dag.py:2915} INFO - Sync 1 DAGs
[2026-02-28T18:26:50.000+0000] {logging_mixin.py:151} INFO - [2026-02-28T18:26:49.999+0000] {dag.py:3696} INFO - Setting next_dagrun for pagination_dag to None, run_after=None
[2026-02-28T18:26:50.018+0000] {processor.py:179} INFO - Processing /opt/airflow/dags/dag.py took 0.314 seconds
[2026-02-28T18:27:17.279+0000] {processor.py:157} INFO - Started process (PID=174) to work on /opt/airflow/dags/dag.py
[2026-02-28T18:27:17.281+0000] {processor.py:829} INFO - Processing file /opt/airflow/dags/dag.py for tasks to queue
[2026-02-28T18:27:17.283+0000] {logging_mixin.py:151} INFO - [2026-02-28T18:27:17.283+0000] {dagbag.py:539} INFO - Filling up the DagBag from /opt/airflow/dags/dag.py
[2026-02-28T18:27:17.848+0000] {processor.py:839} INFO - DAG(s) dict_keys(['pagination_dag']) retrieved from /opt/airflow/dags/dag.py
[2026-02-28T18:27:17.886+0000] {logging_mixin.py:151} INFO - [2026-02-28T18:27:17.886+0000] {dag.py:2915} INFO - Sync 1 DAGs
[2026-02-28T18:27:17.897+0000] {logging_mixin.py:151} INFO - [2026-02-28T18:27:17.897+0000] {dag.py:3696} INFO - Setting next_dagrun for pagination_dag to None, run_after=None
[2026-02-28T18:27:17.918+0000] {processor.py:179} INFO - Processing /opt/airflow/dags/dag.py took 0.644 seconds
[2026-02-28T18:27:48.139+0000] {processor.py:157} INFO - Started process (PID=189) to work on /opt/airflow/dags/dag.py
[2026-02-28T18:27:48.139+0000] {processor.py:829} INFO - Processing file /opt/airflow/dags/dag.py for tasks to queue
[2026-02-28T18:27:48.140+0000] {logging_mixin.py:151} INFO - [2026-02-28T18:27:48.140+0000] {dagbag.py:539} INFO - Filling up the DagBag from /opt/airflow/dags/dag.py
[2026-02-28T18:27:48.531+0000] {processor.py:839} INFO - DAG(s) dict_keys(['pagination_dag']) retrieved from /opt/airflow/dags/dag.py
[2026-02-28T18:27:48.555+0000] {logging_mixin.py:151} INFO - [2026-02-28T18:27:48.555+0000] {dag.py:2915} INFO - Sync 1 DAGs
[2026-02-28T18:27:48.565+0000] {logging_mixin.py:151} INFO - [2026-02-28T18:27:48.565+0000] {dag.py:3696} INFO - Setting next_dagrun for pagination_dag to None, run_after=None
[2026-02-28T18:27:48.587+0000] {processor.py:179} INFO - Processing /opt/airflow/dags/dag.py took 0.452 seconds
[2026-02-28T18:28:18.812+0000] {processor.py:157} INFO - Started process (PID=201) to work on /opt/airflow/dags/dag.py
[2026-02-28T18:28:18.813+0000] {processor.py:829} INFO - Processing file /opt/airflow/dags/dag.py for tasks to queue
[2026-02-28T18:28:18.814+0000] {logging_mixin.py:151} INFO - [2026-02-28T18:28:18.813+0000] {dagbag.py:539} INFO - Filling up the DagBag from /opt/airflow/dags/dag.py
[2026-02-28T18:28:19.227+0000] {processor.py:839} INFO - DAG(s) dict_keys(['pagination_dag']) retrieved from /opt/airflow/dags/dag.py
[2026-02-28T18:28:19.249+0000] {logging_mixin.py:151} INFO - [2026-02-28T18:28:19.249+0000] {dag.py:2915} INFO - Sync 1 DAGs
[2026-02-28T18:28:19.259+0000] {logging_mixin.py:151} INFO - [2026-02-28T18:28:19.259+0000] {dag.py:3696} INFO - Setting next_dagrun for pagination_dag to None, run_after=None
[2026-02-28T18:28:19.280+0000] {processor.py:179} INFO - Processing /opt/airflow/dags/dag.py took 0.472 seconds
[2026-02-28T18:28:49.490+0000] {processor.py:157} INFO - Started process (PID=216) to work on /opt/airflow/dags/dag.py
[2026-02-28T18:28:49.492+0000] {processor.py:829} INFO - Processing file /opt/airflow/dags/dag.py for tasks to queue
[2026-02-28T18:28:49.493+0000] {logging_mixin.py:151} INFO - [2026-02-28T18:28:49.492+0000] {dagbag.py:539} INFO - Filling up the DagBag from /opt/airflow/dags/dag.py
[2026-02-28T18:28:49.894+0000] {processor.py:839} INFO - DAG(s) dict_keys(['pagination_dag']) retrieved from /opt/airflow/dags/dag.py
[2026-02-28T18:28:49.917+0000] {logging_mixin.py:151} INFO - [2026-02-28T18:28:49.917+0000] {dag.py:2915} INFO - Sync 1 DAGs
[2026-02-28T18:28:49.928+0000] {logging_mixin.py:151} INFO - [2026-02-28T18:28:49.927+0000] {dag.py:3696} INFO - Setting next_dagrun for pagination_dag to None, run_after=None
[2026-02-28T18:28:49.950+0000] {processor.py:179} INFO - Processing /opt/airflow/dags/dag.py took 0.463 seconds
[2026-02-28T18:29:20.156+0000] {processor.py:157} INFO - Started process (PID=228) to work on /opt/airflow/dags/dag.py
[2026-02-28T18:29:20.157+0000] {processor.py:829} INFO - Processing file /opt/airflow/dags/dag.py for tasks to queue
[2026-02-28T18:29:20.158+0000] {logging_mixin.py:151} INFO - [2026-02-28T18:29:20.158+0000] {dagbag.py:539} INFO - Filling up the DagBag from /opt/airflow/dags/dag.py
[2026-02-28T18:29:20.569+0000] {processor.py:839} INFO - DAG(s) dict_keys(['pagination_dag']) retrieved from /opt/airflow/dags/dag.py
[2026-02-28T18:29:20.593+0000] {logging_mixin.py:151} INFO - [2026-02-28T18:29:20.592+0000] {dag.py:2915} INFO - Sync 1 DAGs
[2026-02-28T18:29:20.602+0000] {logging_mixin.py:151} INFO - [2026-02-28T18:29:20.602+0000] {dag.py:3696} INFO - Setting next_dagrun for pagination_dag to None, run_after=None
[2026-02-28T18:29:20.621+0000] {processor.py:179} INFO - Processing /opt/airflow/dags/dag.py took 0.467 seconds
[2026-02-28T18:29:50.848+0000] {processor.py:157} INFO - Started process (PID=240) to work on /opt/airflow/dags/dag.py
[2026-02-28T18:29:50.849+0000] {processor.py:829} INFO - Processing file /opt/airflow/dags/dag.py for tasks to queue
[2026-02-28T18:29:50.849+0000] {logging_mixin.py:151} INFO - [2026-02-28T18:29:50.849+0000] {dagbag.py:539} INFO - Filling up the DagBag from /opt/airflow/dags/dag.py
[2026-02-28T18:29:51.240+0000] {processor.py:839} INFO - DAG(s) dict_keys(['pagination_dag']) retrieved from /opt/airflow/dags/dag.py
[2026-02-28T18:29:51.261+0000] {logging_mixin.py:151} INFO - [2026-02-28T18:29:51.260+0000] {dag.py:2915} INFO - Sync 1 DAGs
[2026-02-28T18:29:51.270+0000] {logging_mixin.py:151} INFO - [2026-02-28T18:29:51.270+0000] {dag.py:3696} INFO - Setting next_dagrun for pagination_dag to None, run_after=None
[2026-02-28T18:29:51.291+0000] {processor.py:179} INFO - Processing /opt/airflow/dags/dag.py took 0.447 seconds
[2026-02-28T18:30:21.692+0000] {processor.py:157} INFO - Started process (PID=252) to work on /opt/airflow/dags/dag.py
[2026-02-28T18:30:21.694+0000] {processor.py:829} INFO - Processing file /opt/airflow/dags/dag.py for tasks to queue
[2026-02-28T18:30:21.694+0000] {logging_mixin.py:151} INFO - [2026-02-28T18:30:21.694+0000] {dagbag.py:539} INFO - Filling up the DagBag from /opt/airflow/dags/dag.py
[2026-02-28T18:30:22.089+0000] {processor.py:839} INFO - DAG(s) dict_keys(['pagination_dag']) retrieved from /opt/airflow/dags/dag.py
[2026-02-28T18:30:22.112+0000] {logging_mixin.py:151} INFO - [2026-02-28T18:30:22.112+0000] {dag.py:2915} INFO - Sync 1 DAGs
[2026-02-28T18:30:22.122+0000] {logging_mixin.py:151} INFO - [2026-02-28T18:30:22.122+0000] {dag.py:3696} INFO - Setting next_dagrun for pagination_dag to None, run_after=None
[2026-02-28T18:30:22.141+0000] {processor.py:179} INFO - Processing /opt/airflow/dags/dag.py took 0.453 seconds
[2026-02-28T18:30:52.371+0000] {processor.py:157} INFO - Started process (PID=264) to work on /opt/airflow/dags/dag.py
[2026-02-28T18:30:52.372+0000] {processor.py:829} INFO - Processing file /opt/airflow/dags/dag.py for tasks to queue
[2026-02-28T18:30:52.373+0000] {logging_mixin.py:151} INFO - [2026-02-28T18:30:52.373+0000] {dagbag.py:539} INFO - Filling up the DagBag from /opt/airflow/dags/dag.py
[2026-02-28T18:30:52.768+0000] {processor.py:839} INFO - DAG(s) dict_keys(['pagination_dag']) retrieved from /opt/airflow/dags/dag.py
[2026-02-28T18:30:52.788+0000] {logging_mixin.py:151} INFO - [2026-02-28T18:30:52.788+0000] {dag.py:2915} INFO - Sync 1 DAGs
[2026-02-28T18:30:52.798+0000] {logging_mixin.py:151} INFO - [2026-02-28T18:30:52.798+0000] {dag.py:3696} INFO - Setting next_dagrun for pagination_dag to None, run_after=None
[2026-02-28T18:30:52.817+0000] {processor.py:179} INFO - Processing /opt/airflow/dags/dag.py took 0.448 seconds
[2026-02-28T18:31:06.941+0000] {processor.py:157} INFO - Started process (PID=273) to work on /opt/airflow/dags/dag.py
[2026-02-28T18:31:06.942+0000] {processor.py:829} INFO - Processing file /opt/airflow/dags/dag.py for tasks to queue
[2026-02-28T18:31:06.944+0000] {logging_mixin.py:151} INFO - [2026-02-28T18:31:06.944+0000] {dagbag.py:539} INFO - Filling up the DagBag from /opt/airflow/dags/dag.py
[2026-02-28T18:31:06.962+0000] {logging_mixin.py:151} INFO - [2026-02-28T18:31:06.957+0000] {dagbag.py:347} ERROR - Failed to import: /opt/airflow/dags/dag.py
Traceback (most recent call last):
  File "/home/airflow/.local/lib/python3.8/site-packages/airflow/models/dagbag.py", line 343, in parse
    loader.exec_module(new_module)
  File "<frozen importlib._bootstrap_external>", line 839, in exec_module
  File "<frozen importlib._bootstrap_external>", line 976, in get_code
  File "<frozen importlib._bootstrap_external>", line 906, in source_to_code
  File "<frozen importlib._bootstrap>", line 219, in _call_with_frames_removed
  File "/opt/airflow/dags/dag.py", line 49
    <<<<<<< HEAD
               ^
IndentationError: unexpected unindent
[2026-02-28T18:31:06.963+0000] {processor.py:841} WARNING - No viable dags retrieved from /opt/airflow/dags/dag.py
[2026-02-28T18:31:06.992+0000] {processor.py:179} INFO - Processing /opt/airflow/dags/dag.py took 0.054 seconds
[2026-02-28T18:31:14.046+0000] {processor.py:157} INFO - Started process (PID=278) to work on /opt/airflow/dags/dag.py
[2026-02-28T18:31:14.047+0000] {processor.py:829} INFO - Processing file /opt/airflow/dags/dag.py for tasks to queue
[2026-02-28T18:31:14.049+0000] {logging_mixin.py:151} INFO - [2026-02-28T18:31:14.048+0000] {dagbag.py:539} INFO - Filling up the DagBag from /opt/airflow/dags/dag.py
[2026-02-28T18:31:14.792+0000] {processor.py:839} INFO - DAG(s) dict_keys(['pagination_dag']) retrieved from /opt/airflow/dags/dag.py
[2026-02-28T18:31:14.834+0000] {logging_mixin.py:151} INFO - [2026-02-28T18:31:14.833+0000] {dag.py:2915} INFO - Sync 1 DAGs
[2026-02-28T18:31:14.854+0000] {logging_mixin.py:151} INFO - [2026-02-28T18:31:14.854+0000] {dag.py:3696} INFO - Setting next_dagrun for pagination_dag to None, run_after=None
[2026-02-28T18:31:14.891+0000] {processor.py:179} INFO - Processing /opt/airflow/dags/dag.py took 0.850 seconds
[2026-02-28T18:31:44.993+0000] {processor.py:157} INFO - Started process (PID=290) to work on /opt/airflow/dags/dag.py
[2026-02-28T18:31:44.994+0000] {processor.py:829} INFO - Processing file /opt/airflow/dags/dag.py for tasks to queue
[2026-02-28T18:31:44.995+0000] {logging_mixin.py:151} INFO - [2026-02-28T18:31:44.995+0000] {dagbag.py:539} INFO - Filling up the DagBag from /opt/airflow/dags/dag.py
[2026-02-28T18:31:45.377+0000] {processor.py:839} INFO - DAG(s) dict_keys(['pagination_dag']) retrieved from /opt/airflow/dags/dag.py
[2026-02-28T18:31:45.397+0000] {logging_mixin.py:151} INFO - [2026-02-28T18:31:45.397+0000] {dag.py:2915} INFO - Sync 1 DAGs
[2026-02-28T18:31:45.406+0000] {logging_mixin.py:151} INFO - [2026-02-28T18:31:45.406+0000] {dag.py:3696} INFO - Setting next_dagrun for pagination_dag to None, run_after=None
[2026-02-28T18:31:45.426+0000] {processor.py:179} INFO - Processing /opt/airflow/dags/dag.py took 0.437 seconds
[2026-02-28T18:32:15.626+0000] {processor.py:157} INFO - Started process (PID=302) to work on /opt/airflow/dags/dag.py
[2026-02-28T18:32:15.627+0000] {processor.py:829} INFO - Processing file /opt/airflow/dags/dag.py for tasks to queue
[2026-02-28T18:32:15.628+0000] {logging_mixin.py:151} INFO - [2026-02-28T18:32:15.628+0000] {dagbag.py:539} INFO - Filling up the DagBag from /opt/airflow/dags/dag.py
[2026-02-28T18:32:15.885+0000] {processor.py:839} INFO - DAG(s) dict_keys(['pagination_dag']) retrieved from /opt/airflow/dags/dag.py
[2026-02-28T18:32:15.913+0000] {logging_mixin.py:151} INFO - [2026-02-28T18:32:15.913+0000] {dag.py:2915} INFO - Sync 1 DAGs
[2026-02-28T18:32:15.926+0000] {logging_mixin.py:151} INFO - [2026-02-28T18:32:15.926+0000] {dag.py:3696} INFO - Setting next_dagrun for pagination_dag to None, run_after=None
[2026-02-28T18:32:15.951+0000] {processor.py:179} INFO - Processing /opt/airflow/dags/dag.py took 0.329 seconds
[2026-02-28T18:32:46.186+0000] {processor.py:157} INFO - Started process (PID=314) to work on /opt/airflow/dags/dag.py
[2026-02-28T18:32:46.187+0000] {processor.py:829} INFO - Processing file /opt/airflow/dags/dag.py for tasks to queue
[2026-02-28T18:32:46.188+0000] {logging_mixin.py:151} INFO - [2026-02-28T18:32:46.188+0000] {dagbag.py:539} INFO - Filling up the DagBag from /opt/airflow/dags/dag.py
[2026-02-28T18:32:46.485+0000] {processor.py:839} INFO - DAG(s) dict_keys(['pagination_dag']) retrieved from /opt/airflow/dags/dag.py
[2026-02-28T18:32:46.516+0000] {logging_mixin.py:151} INFO - [2026-02-28T18:32:46.515+0000] {dag.py:2915} INFO - Sync 1 DAGs
[2026-02-28T18:32:46.530+0000] {logging_mixin.py:151} INFO - [2026-02-28T18:32:46.529+0000] {dag.py:3696} INFO - Setting next_dagrun for pagination_dag to None, run_after=None
[2026-02-28T18:32:46.556+0000] {processor.py:179} INFO - Processing /opt/airflow/dags/dag.py took 0.374 seconds
[2026-02-28T18:33:17.079+0000] {processor.py:157} INFO - Started process (PID=326) to work on /opt/airflow/dags/dag.py
[2026-02-28T18:33:17.081+0000] {processor.py:829} INFO - Processing file /opt/airflow/dags/dag.py for tasks to queue
[2026-02-28T18:33:17.082+0000] {logging_mixin.py:151} INFO - [2026-02-28T18:33:17.081+0000] {dagbag.py:539} INFO - Filling up the DagBag from /opt/airflow/dags/dag.py
[2026-02-28T18:33:17.336+0000] {processor.py:839} INFO - DAG(s) dict_keys(['pagination_dag']) retrieved from /opt/airflow/dags/dag.py
[2026-02-28T18:33:17.361+0000] {logging_mixin.py:151} INFO - [2026-02-28T18:33:17.360+0000] {dag.py:2915} INFO - Sync 1 DAGs
[2026-02-28T18:33:17.372+0000] {logging_mixin.py:151} INFO - [2026-02-28T18:33:17.372+0000] {dag.py:3696} INFO - Setting next_dagrun for pagination_dag to None, run_after=None
[2026-02-28T18:33:17.393+0000] {processor.py:179} INFO - Processing /opt/airflow/dags/dag.py took 0.318 seconds
[2026-02-28T18:33:18.309+0000] {processor.py:157} INFO - Started process (PID=332) to work on /opt/airflow/dags/dag.py
[2026-02-28T18:33:18.310+0000] {processor.py:829} INFO - Processing file /opt/airflow/dags/dag.py for tasks to queue
[2026-02-28T18:33:18.311+0000] {logging_mixin.py:151} INFO - [2026-02-28T18:33:18.310+0000] {dagbag.py:539} INFO - Filling up the DagBag from /opt/airflow/dags/dag.py
[2026-02-28T18:33:18.602+0000] {processor.py:839} INFO - DAG(s) dict_keys(['pagination_dag']) retrieved from /opt/airflow/dags/dag.py
[2026-02-28T18:33:18.627+0000] {logging_mixin.py:151} INFO - [2026-02-28T18:33:18.626+0000] {dag.py:2915} INFO - Sync 1 DAGs
[2026-02-28T18:33:18.638+0000] {logging_mixin.py:151} INFO - [2026-02-28T18:33:18.638+0000] {dag.py:3696} INFO - Setting next_dagrun for pagination_dag to None, run_after=None
[2026-02-28T18:33:18.666+0000] {processor.py:179} INFO - Processing /opt/airflow/dags/dag.py took 0.361 seconds
[2026-02-28T18:33:49.131+0000] {processor.py:157} INFO - Started process (PID=350) to work on /opt/airflow/dags/dag.py
[2026-02-28T18:33:49.132+0000] {processor.py:829} INFO - Processing file /opt/airflow/dags/dag.py for tasks to queue
[2026-02-28T18:33:49.133+0000] {logging_mixin.py:151} INFO - [2026-02-28T18:33:49.133+0000] {dagbag.py:539} INFO - Filling up the DagBag from /opt/airflow/dags/dag.py
[2026-02-28T18:33:49.401+0000] {processor.py:839} INFO - DAG(s) dict_keys(['pagination_dag']) retrieved from /opt/airflow/dags/dag.py
[2026-02-28T18:33:49.429+0000] {logging_mixin.py:151} INFO - [2026-02-28T18:33:49.428+0000] {dag.py:2915} INFO - Sync 1 DAGs
[2026-02-28T18:33:49.446+0000] {logging_mixin.py:151} INFO - [2026-02-28T18:33:49.446+0000] {dag.py:3696} INFO - Setting next_dagrun for pagination_dag to None, run_after=None
[2026-02-28T18:33:49.474+0000] {processor.py:179} INFO - Processing /opt/airflow/dags/dag.py took 0.346 seconds
[2026-02-28T18:34:19.701+0000] {processor.py:157} INFO - Started process (PID=362) to work on /opt/airflow/dags/dag.py
[2026-02-28T18:34:19.702+0000] {processor.py:829} INFO - Processing file /opt/airflow/dags/dag.py for tasks to queue
[2026-02-28T18:34:19.704+0000] {logging_mixin.py:151} INFO - [2026-02-28T18:34:19.703+0000] {dagbag.py:539} INFO - Filling up the DagBag from /opt/airflow/dags/dag.py
[2026-02-28T18:34:19.968+0000] {processor.py:839} INFO - DAG(s) dict_keys(['pagination_dag']) retrieved from /opt/airflow/dags/dag.py
[2026-02-28T18:34:19.996+0000] {logging_mixin.py:151} INFO - [2026-02-28T18:34:19.996+0000] {dag.py:2915} INFO - Sync 1 DAGs
[2026-02-28T18:34:20.010+0000] {logging_mixin.py:151} INFO - [2026-02-28T18:34:20.009+0000] {dag.py:3696} INFO - Setting next_dagrun for pagination_dag to None, run_after=None
[2026-02-28T18:34:20.035+0000] {processor.py:179} INFO - Processing /opt/airflow/dags/dag.py took 0.338 seconds
[2026-02-28T18:34:50.245+0000] {processor.py:157} INFO - Started process (PID=374) to work on /opt/airflow/dags/dag.py
[2026-02-28T18:34:50.246+0000] {processor.py:829} INFO - Processing file /opt/airflow/dags/dag.py for tasks to queue
[2026-02-28T18:34:50.247+0000] {logging_mixin.py:151} INFO - [2026-02-28T18:34:50.247+0000] {dagbag.py:539} INFO - Filling up the DagBag from /opt/airflow/dags/dag.py
[2026-02-28T18:34:50.500+0000] {processor.py:839} INFO - DAG(s) dict_keys(['pagination_dag']) retrieved from /opt/airflow/dags/dag.py
[2026-02-28T18:34:50.529+0000] {logging_mixin.py:151} INFO - [2026-02-28T18:34:50.528+0000] {dag.py:2915} INFO - Sync 1 DAGs
[2026-02-28T18:34:50.541+0000] {logging_mixin.py:151} INFO - [2026-02-28T18:34:50.541+0000] {dag.py:3696} INFO - Setting next_dagrun for pagination_dag to None, run_after=None
[2026-02-28T18:34:50.561+0000] {processor.py:179} INFO - Processing /opt/airflow/dags/dag.py took 0.319 seconds
[2026-02-28T18:35:20.779+0000] {processor.py:157} INFO - Started process (PID=386) to work on /opt/airflow/dags/dag.py
[2026-02-28T18:35:20.781+0000] {processor.py:829} INFO - Processing file /opt/airflow/dags/dag.py for tasks to queue
[2026-02-28T18:35:20.782+0000] {logging_mixin.py:151} INFO - [2026-02-28T18:35:20.781+0000] {dagbag.py:539} INFO - Filling up the DagBag from /opt/airflow/dags/dag.py
[2026-02-28T18:35:21.069+0000] {processor.py:839} INFO - DAG(s) dict_keys(['pagination_dag']) retrieved from /opt/airflow/dags/dag.py
[2026-02-28T18:35:21.097+0000] {logging_mixin.py:151} INFO - [2026-02-28T18:35:21.096+0000] {dag.py:2915} INFO - Sync 1 DAGs
[2026-02-28T18:35:21.109+0000] {logging_mixin.py:151} INFO - [2026-02-28T18:35:21.109+0000] {dag.py:3696} INFO - Setting next_dagrun for pagination_dag to None, run_after=None
[2026-02-28T18:35:21.130+0000] {processor.py:179} INFO - Processing /opt/airflow/dags/dag.py took 0.354 seconds
[2026-02-28T18:35:51.322+0000] {processor.py:157} INFO - Started process (PID=398) to work on /opt/airflow/dags/dag.py
[2026-02-28T18:35:51.323+0000] {processor.py:829} INFO - Processing file /opt/airflow/dags/dag.py for tasks to queue
[2026-02-28T18:35:51.324+0000] {logging_mixin.py:151} INFO - [2026-02-28T18:35:51.323+0000] {dagbag.py:539} INFO - Filling up the DagBag from /opt/airflow/dags/dag.py
[2026-02-28T18:35:51.598+0000] {processor.py:839} INFO - DAG(s) dict_keys(['pagination_dag']) retrieved from /opt/airflow/dags/dag.py
[2026-02-28T18:35:51.630+0000] {logging_mixin.py:151} INFO - [2026-02-28T18:35:51.629+0000] {dag.py:2915} INFO - Sync 1 DAGs
[2026-02-28T18:35:51.643+0000] {logging_mixin.py:151} INFO - [2026-02-28T18:35:51.642+0000] {dag.py:3696} INFO - Setting next_dagrun for pagination_dag to None, run_after=None
[2026-02-28T18:35:51.663+0000] {processor.py:179} INFO - Processing /opt/airflow/dags/dag.py took 0.345 seconds
[2026-02-28T18:36:21.855+0000] {processor.py:157} INFO - Started process (PID=410) to work on /opt/airflow/dags/dag.py
[2026-02-28T18:36:21.856+0000] {processor.py:829} INFO - Processing file /opt/airflow/dags/dag.py for tasks to queue
[2026-02-28T18:36:21.856+0000] {logging_mixin.py:151} INFO - [2026-02-28T18:36:21.856+0000] {dagbag.py:539} INFO - Filling up the DagBag from /opt/airflow/dags/dag.py
[2026-02-28T18:36:22.120+0000] {processor.py:839} INFO - DAG(s) dict_keys(['pagination_dag']) retrieved from /opt/airflow/dags/dag.py
[2026-02-28T18:36:22.149+0000] {logging_mixin.py:151} INFO - [2026-02-28T18:36:22.148+0000] {dag.py:2915} INFO - Sync 1 DAGs
[2026-02-28T18:36:22.161+0000] {logging_mixin.py:151} INFO - [2026-02-28T18:36:22.161+0000] {dag.py:3696} INFO - Setting next_dagrun for pagination_dag to None, run_after=None
[2026-02-28T18:36:22.180+0000] {processor.py:179} INFO - Processing /opt/airflow/dags/dag.py took 0.329 seconds
[2026-02-28T18:36:52.396+0000] {processor.py:157} INFO - Started process (PID=422) to work on /opt/airflow/dags/dag.py
[2026-02-28T18:36:52.397+0000] {processor.py:829} INFO - Processing file /opt/airflow/dags/dag.py for tasks to queue
[2026-02-28T18:36:52.398+0000] {logging_mixin.py:151} INFO - [2026-02-28T18:36:52.397+0000] {dagbag.py:539} INFO - Filling up the DagBag from /opt/airflow/dags/dag.py
[2026-02-28T18:36:52.667+0000] {processor.py:839} INFO - DAG(s) dict_keys(['pagination_dag']) retrieved from /opt/airflow/dags/dag.py
[2026-02-28T18:36:52.696+0000] {logging_mixin.py:151} INFO - [2026-02-28T18:36:52.696+0000] {dag.py:2915} INFO - Sync 1 DAGs
[2026-02-28T18:36:52.709+0000] {logging_mixin.py:151} INFO - [2026-02-28T18:36:52.709+0000] {dag.py:3696} INFO - Setting next_dagrun for pagination_dag to None, run_after=None
[2026-02-28T18:36:52.731+0000] {processor.py:179} INFO - Processing /opt/airflow/dags/dag.py took 0.339 seconds
[2026-02-28T18:37:22.963+0000] {processor.py:157} INFO - Started process (PID=434) to work on /opt/airflow/dags/dag.py
[2026-02-28T18:37:22.965+0000] {processor.py:829} INFO - Processing file /opt/airflow/dags/dag.py for tasks to queue
[2026-02-28T18:37:22.966+0000] {logging_mixin.py:151} INFO - [2026-02-28T18:37:22.965+0000] {dagbag.py:539} INFO - Filling up the DagBag from /opt/airflow/dags/dag.py
[2026-02-28T18:37:23.227+0000] {processor.py:839} INFO - DAG(s) dict_keys(['pagination_dag']) retrieved from /opt/airflow/dags/dag.py
[2026-02-28T18:37:23.255+0000] {logging_mixin.py:151} INFO - [2026-02-28T18:37:23.255+0000] {dag.py:2915} INFO - Sync 1 DAGs
[2026-02-28T18:37:23.267+0000] {logging_mixin.py:151} INFO - [2026-02-28T18:37:23.267+0000] {dag.py:3696} INFO - Setting next_dagrun for pagination_dag to None, run_after=None
[2026-02-28T18:37:23.286+0000] {processor.py:179} INFO - Processing /opt/airflow/dags/dag.py took 0.328 seconds
[2026-02-28T18:37:53.484+0000] {processor.py:157} INFO - Started process (PID=446) to work on /opt/airflow/dags/dag.py
[2026-02-28T18:37:53.486+0000] {processor.py:829} INFO - Processing file /opt/airflow/dags/dag.py for tasks to queue
[2026-02-28T18:37:53.487+0000] {logging_mixin.py:151} INFO - [2026-02-28T18:37:53.486+0000] {dagbag.py:539} INFO - Filling up the DagBag from /opt/airflow/dags/dag.py
[2026-02-28T18:37:53.769+0000] {processor.py:839} INFO - DAG(s) dict_keys(['pagination_dag']) retrieved from /opt/airflow/dags/dag.py
[2026-02-28T18:37:53.798+0000] {logging_mixin.py:151} INFO - [2026-02-28T18:37:53.798+0000] {dag.py:2915} INFO - Sync 1 DAGs
[2026-02-28T18:37:53.811+0000] {logging_mixin.py:151} INFO - [2026-02-28T18:37:53.811+0000] {dag.py:3696} INFO - Setting next_dagrun for pagination_dag to None, run_after=None
[2026-02-28T18:37:53.838+0000] {processor.py:179} INFO - Processing /opt/airflow/dags/dag.py took 0.357 seconds
[2026-02-28T18:38:24.044+0000] {processor.py:157} INFO - Started process (PID=458) to work on /opt/airflow/dags/dag.py
[2026-02-28T18:38:24.045+0000] {processor.py:829} INFO - Processing file /opt/airflow/dags/dag.py for tasks to queue
[2026-02-28T18:38:24.046+0000] {logging_mixin.py:151} INFO - [2026-02-28T18:38:24.045+0000] {dagbag.py:539} INFO - Filling up the DagBag from /opt/airflow/dags/dag.py
[2026-02-28T18:38:24.323+0000] {processor.py:839} INFO - DAG(s) dict_keys(['pagination_dag']) retrieved from /opt/airflow/dags/dag.py
[2026-02-28T18:38:24.351+0000] {logging_mixin.py:151} INFO - [2026-02-28T18:38:24.351+0000] {dag.py:2915} INFO - Sync 1 DAGs
[2026-02-28T18:38:24.364+0000] {logging_mixin.py:151} INFO - [2026-02-28T18:38:24.363+0000] {dag.py:3696} INFO - Setting next_dagrun for pagination_dag to None, run_after=None
[2026-02-28T18:38:24.386+0000] {processor.py:179} INFO - Processing /opt/airflow/dags/dag.py took 0.346 seconds
[2026-02-28T18:38:54.591+0000] {processor.py:157} INFO - Started process (PID=470) to work on /opt/airflow/dags/dag.py
[2026-02-28T18:38:54.592+0000] {processor.py:829} INFO - Processing file /opt/airflow/dags/dag.py for tasks to queue
[2026-02-28T18:38:54.593+0000] {logging_mixin.py:151} INFO - [2026-02-28T18:38:54.593+0000] {dagbag.py:539} INFO - Filling up the DagBag from /opt/airflow/dags/dag.py
[2026-02-28T18:38:54.880+0000] {processor.py:839} INFO - DAG(s) dict_keys(['pagination_dag']) retrieved from /opt/airflow/dags/dag.py
[2026-02-28T18:38:54.910+0000] {logging_mixin.py:151} INFO - [2026-02-28T18:38:54.909+0000] {dag.py:2915} INFO - Sync 1 DAGs
[2026-02-28T18:38:54.924+0000] {logging_mixin.py:151} INFO - [2026-02-28T18:38:54.924+0000] {dag.py:3696} INFO - Setting next_dagrun for pagination_dag to None, run_after=None
[2026-02-28T18:38:54.948+0000] {processor.py:179} INFO - Processing /opt/airflow/dags/dag.py took 0.362 seconds
[2026-02-28T18:39:25.151+0000] {processor.py:157} INFO - Started process (PID=482) to work on /opt/airflow/dags/dag.py
[2026-02-28T18:39:25.153+0000] {processor.py:829} INFO - Processing file /opt/airflow/dags/dag.py for tasks to queue
[2026-02-28T18:39:25.154+0000] {logging_mixin.py:151} INFO - [2026-02-28T18:39:25.153+0000] {dagbag.py:539} INFO - Filling up the DagBag from /opt/airflow/dags/dag.py
[2026-02-28T18:39:25.437+0000] {processor.py:839} INFO - DAG(s) dict_keys(['pagination_dag']) retrieved from /opt/airflow/dags/dag.py
[2026-02-28T18:39:25.469+0000] {logging_mixin.py:151} INFO - [2026-02-28T18:39:25.468+0000] {dag.py:2915} INFO - Sync 1 DAGs
[2026-02-28T18:39:25.482+0000] {logging_mixin.py:151} INFO - [2026-02-28T18:39:25.482+0000] {dag.py:3696} INFO - Setting next_dagrun for pagination_dag to None, run_after=None
[2026-02-28T18:39:25.506+0000] {processor.py:179} INFO - Processing /opt/airflow/dags/dag.py took 0.358 seconds
[2026-02-28T18:39:55.708+0000] {processor.py:157} INFO - Started process (PID=494) to work on /opt/airflow/dags/dag.py
[2026-02-28T18:39:55.710+0000] {processor.py:829} INFO - Processing file /opt/airflow/dags/dag.py for tasks to queue
[2026-02-28T18:39:55.711+0000] {logging_mixin.py:151} INFO - [2026-02-28T18:39:55.711+0000] {dagbag.py:539} INFO - Filling up the DagBag from /opt/airflow/dags/dag.py
[2026-02-28T18:39:55.987+0000] {processor.py:839} INFO - DAG(s) dict_keys(['pagination_dag']) retrieved from /opt/airflow/dags/dag.py
[2026-02-28T18:39:56.015+0000] {logging_mixin.py:151} INFO - [2026-02-28T18:39:56.015+0000] {dag.py:2915} INFO - Sync 1 DAGs
[2026-02-28T18:39:56.027+0000] {logging_mixin.py:151} INFO - [2026-02-28T18:39:56.027+0000] {dag.py:3696} INFO - Setting next_dagrun for pagination_dag to None, run_after=None
[2026-02-28T18:39:56.049+0000] {processor.py:179} INFO - Processing /opt/airflow/dags/dag.py took 0.344 seconds
[2026-02-28T18:40:26.252+0000] {processor.py:157} INFO - Started process (PID=506) to work on /opt/airflow/dags/dag.py
[2026-02-28T18:40:26.253+0000] {processor.py:829} INFO - Processing file /opt/airflow/dags/dag.py for tasks to queue
[2026-02-28T18:40:26.254+0000] {logging_mixin.py:151} INFO - [2026-02-28T18:40:26.254+0000] {dagbag.py:539} INFO - Filling up the DagBag from /opt/airflow/dags/dag.py
[2026-02-28T18:40:26.541+0000] {processor.py:839} INFO - DAG(s) dict_keys(['pagination_dag']) retrieved from /opt/airflow/dags/dag.py
[2026-02-28T18:40:26.573+0000] {logging_mixin.py:151} INFO - [2026-02-28T18:40:26.573+0000] {dag.py:2915} INFO - Sync 1 DAGs
[2026-02-28T18:40:26.587+0000] {logging_mixin.py:151} INFO - [2026-02-28T18:40:26.586+0000] {dag.py:3696} INFO - Setting next_dagrun for pagination_dag to None, run_after=None
[2026-02-28T18:40:26.610+0000] {processor.py:179} INFO - Processing /opt/airflow/dags/dag.py took 0.361 seconds
[2026-02-28T18:40:56.805+0000] {processor.py:157} INFO - Started process (PID=518) to work on /opt/airflow/dags/dag.py
[2026-02-28T18:40:56.806+0000] {processor.py:829} INFO - Processing file /opt/airflow/dags/dag.py for tasks to queue
[2026-02-28T18:40:56.807+0000] {logging_mixin.py:151} INFO - [2026-02-28T18:40:56.807+0000] {dagbag.py:539} INFO - Filling up the DagBag from /opt/airflow/dags/dag.py
[2026-02-28T18:40:57.062+0000] {processor.py:839} INFO - DAG(s) dict_keys(['pagination_dag']) retrieved from /opt/airflow/dags/dag.py
[2026-02-28T18:40:57.091+0000] {logging_mixin.py:151} INFO - [2026-02-28T18:40:57.090+0000] {dag.py:2915} INFO - Sync 1 DAGs
[2026-02-28T18:40:57.104+0000] {logging_mixin.py:151} INFO - [2026-02-28T18:40:57.104+0000] {dag.py:3696} INFO - Setting next_dagrun for pagination_dag to None, run_after=None
[2026-02-28T18:40:57.125+0000] {processor.py:179} INFO - Processing /opt/airflow/dags/dag.py took 0.324 seconds
[2026-02-28T18:41:27.333+0000] {processor.py:157} INFO - Started process (PID=530) to work on /opt/airflow/dags/dag.py
[2026-02-28T18:41:27.334+0000] {processor.py:829} INFO - Processing file /opt/airflow/dags/dag.py for tasks to queue
[2026-02-28T18:41:27.335+0000] {logging_mixin.py:151} INFO - [2026-02-28T18:41:27.335+0000] {dagbag.py:539} INFO - Filling up the DagBag from /opt/airflow/dags/dag.py
[2026-02-28T18:41:27.598+0000] {processor.py:839} INFO - DAG(s) dict_keys(['pagination_dag']) retrieved from /opt/airflow/dags/dag.py
[2026-02-28T18:41:27.629+0000] {logging_mixin.py:151} INFO - [2026-02-28T18:41:27.628+0000] {dag.py:2915} INFO - Sync 1 DAGs
[2026-02-28T18:41:27.640+0000] {logging_mixin.py:151} INFO - [2026-02-28T18:41:27.640+0000] {dag.py:3696} INFO - Setting next_dagrun for pagination_dag to None, run_after=None
[2026-02-28T18:41:27.665+0000] {processor.py:179} INFO - Processing /opt/airflow/dags/dag.py took 0.336 seconds
[2026-02-28T18:41:57.878+0000] {processor.py:157} INFO - Started process (PID=542) to work on /opt/airflow/dags/dag.py
[2026-02-28T18:41:57.880+0000] {processor.py:829} INFO - Processing file /opt/airflow/dags/dag.py for tasks to queue
[2026-02-28T18:41:57.880+0000] {logging_mixin.py:151} INFO - [2026-02-28T18:41:57.880+0000] {dagbag.py:539} INFO - Filling up the DagBag from /opt/airflow/dags/dag.py
[2026-02-28T18:41:58.136+0000] {processor.py:839} INFO - DAG(s) dict_keys(['pagination_dag']) retrieved from /opt/airflow/dags/dag.py
[2026-02-28T18:41:58.164+0000] {logging_mixin.py:151} INFO - [2026-02-28T18:41:58.164+0000] {dag.py:2915} INFO - Sync 1 DAGs
[2026-02-28T18:41:58.176+0000] {logging_mixin.py:151} INFO - [2026-02-28T18:41:58.176+0000] {dag.py:3696} INFO - Setting next_dagrun for pagination_dag to None, run_after=None
[2026-02-28T18:41:58.198+0000] {processor.py:179} INFO - Processing /opt/airflow/dags/dag.py took 0.323 seconds
