[2026-02-28T08:44:20.707+0000] {processor.py:157} INFO - Started process (PID=171) to work on /opt/airflow/dags/transfer_date_of_bd.py
[2026-02-28T08:44:20.708+0000] {processor.py:829} INFO - Processing file /opt/airflow/dags/transfer_date_of_bd.py for tasks to queue
[2026-02-28T08:44:20.710+0000] {logging_mixin.py:151} INFO - [2026-02-28T08:44:20.709+0000] {dagbag.py:539} INFO - Filling up the DagBag from /opt/airflow/dags/transfer_date_of_bd.py
[2026-02-28T08:44:22.287+0000] {processor.py:839} INFO - DAG(s) dict_keys(['sqlite_to_postgres_incremental']) retrieved from /opt/airflow/dags/transfer_date_of_bd.py
[2026-02-28T08:44:22.471+0000] {logging_mixin.py:151} INFO - [2026-02-28T08:44:22.471+0000] {manager.py:499} INFO - Created Permission View: %s
[2026-02-28T08:44:22.486+0000] {logging_mixin.py:151} INFO - [2026-02-28T08:44:22.485+0000] {manager.py:499} INFO - Created Permission View: %s
[2026-02-28T08:44:22.494+0000] {logging_mixin.py:151} INFO - [2026-02-28T08:44:22.494+0000] {manager.py:499} INFO - Created Permission View: %s
[2026-02-28T08:44:22.495+0000] {logging_mixin.py:151} INFO - [2026-02-28T08:44:22.495+0000] {security.py:708} INFO - Not syncing DAG-level permissions for DAG 'DAG:sqlite_to_postgres_incremental' as access control is unset.
[2026-02-28T08:44:22.496+0000] {logging_mixin.py:151} INFO - [2026-02-28T08:44:22.495+0000] {dag.py:2915} INFO - Sync 1 DAGs
[2026-02-28T08:44:22.507+0000] {logging_mixin.py:151} INFO - [2026-02-28T08:44:22.507+0000] {dag.py:2937} INFO - Creating ORM DAG for sqlite_to_postgres_incremental
[2026-02-28T08:44:22.519+0000] {logging_mixin.py:151} INFO - [2026-02-28T08:44:22.519+0000] {dag.py:3696} INFO - Setting next_dagrun for sqlite_to_postgres_incremental to 2026-02-27T00:00:00+00:00, run_after=2026-02-28T00:00:00+00:00
[2026-02-28T08:44:22.539+0000] {processor.py:179} INFO - Processing /opt/airflow/dags/transfer_date_of_bd.py took 1.837 seconds
[2026-02-28T08:44:52.764+0000] {processor.py:157} INFO - Started process (PID=183) to work on /opt/airflow/dags/transfer_date_of_bd.py
[2026-02-28T08:44:52.766+0000] {processor.py:829} INFO - Processing file /opt/airflow/dags/transfer_date_of_bd.py for tasks to queue
[2026-02-28T08:44:52.767+0000] {logging_mixin.py:151} INFO - [2026-02-28T08:44:52.767+0000] {dagbag.py:539} INFO - Filling up the DagBag from /opt/airflow/dags/transfer_date_of_bd.py
[2026-02-28T08:44:53.239+0000] {processor.py:839} INFO - DAG(s) dict_keys(['sqlite_to_postgres_incremental']) retrieved from /opt/airflow/dags/transfer_date_of_bd.py
[2026-02-28T08:44:53.267+0000] {logging_mixin.py:151} INFO - [2026-02-28T08:44:53.266+0000] {dag.py:2915} INFO - Sync 1 DAGs
[2026-02-28T08:44:53.294+0000] {logging_mixin.py:151} INFO - [2026-02-28T08:44:53.294+0000] {dag.py:3696} INFO - Setting next_dagrun for sqlite_to_postgres_incremental to 2026-02-27T00:00:00+00:00, run_after=2026-02-28T00:00:00+00:00
[2026-02-28T08:44:53.323+0000] {processor.py:179} INFO - Processing /opt/airflow/dags/transfer_date_of_bd.py took 0.565 seconds
[2026-02-28T08:45:23.573+0000] {processor.py:157} INFO - Started process (PID=204) to work on /opt/airflow/dags/transfer_date_of_bd.py
[2026-02-28T08:45:23.575+0000] {processor.py:829} INFO - Processing file /opt/airflow/dags/transfer_date_of_bd.py for tasks to queue
[2026-02-28T08:45:23.576+0000] {logging_mixin.py:151} INFO - [2026-02-28T08:45:23.576+0000] {dagbag.py:539} INFO - Filling up the DagBag from /opt/airflow/dags/transfer_date_of_bd.py
[2026-02-28T08:45:24.035+0000] {processor.py:839} INFO - DAG(s) dict_keys(['sqlite_to_postgres_incremental']) retrieved from /opt/airflow/dags/transfer_date_of_bd.py
[2026-02-28T08:45:24.058+0000] {logging_mixin.py:151} INFO - [2026-02-28T08:45:24.057+0000] {dag.py:2915} INFO - Sync 1 DAGs
[2026-02-28T08:45:24.077+0000] {logging_mixin.py:151} INFO - [2026-02-28T08:45:24.077+0000] {dag.py:3696} INFO - Setting next_dagrun for sqlite_to_postgres_incremental to 2026-02-28T00:00:00+00:00, run_after=2026-03-01T00:00:00+00:00
[2026-02-28T08:45:24.098+0000] {processor.py:179} INFO - Processing /opt/airflow/dags/transfer_date_of_bd.py took 0.530 seconds
[2026-02-28T08:45:54.313+0000] {processor.py:157} INFO - Started process (PID=216) to work on /opt/airflow/dags/transfer_date_of_bd.py
[2026-02-28T08:45:54.314+0000] {processor.py:829} INFO - Processing file /opt/airflow/dags/transfer_date_of_bd.py for tasks to queue
[2026-02-28T08:45:54.315+0000] {logging_mixin.py:151} INFO - [2026-02-28T08:45:54.315+0000] {dagbag.py:539} INFO - Filling up the DagBag from /opt/airflow/dags/transfer_date_of_bd.py
[2026-02-28T08:45:54.718+0000] {processor.py:839} INFO - DAG(s) dict_keys(['sqlite_to_postgres_incremental']) retrieved from /opt/airflow/dags/transfer_date_of_bd.py
[2026-02-28T08:45:54.738+0000] {logging_mixin.py:151} INFO - [2026-02-28T08:45:54.738+0000] {dag.py:2915} INFO - Sync 1 DAGs
[2026-02-28T08:45:54.757+0000] {logging_mixin.py:151} INFO - [2026-02-28T08:45:54.757+0000] {dag.py:3696} INFO - Setting next_dagrun for sqlite_to_postgres_incremental to 2026-02-28T00:00:00+00:00, run_after=2026-03-01T00:00:00+00:00
[2026-02-28T08:45:54.776+0000] {processor.py:179} INFO - Processing /opt/airflow/dags/transfer_date_of_bd.py took 0.466 seconds
[2026-02-28T08:46:24.988+0000] {processor.py:157} INFO - Started process (PID=228) to work on /opt/airflow/dags/transfer_date_of_bd.py
[2026-02-28T08:46:24.989+0000] {processor.py:829} INFO - Processing file /opt/airflow/dags/transfer_date_of_bd.py for tasks to queue
[2026-02-28T08:46:24.990+0000] {logging_mixin.py:151} INFO - [2026-02-28T08:46:24.990+0000] {dagbag.py:539} INFO - Filling up the DagBag from /opt/airflow/dags/transfer_date_of_bd.py
[2026-02-28T08:46:25.383+0000] {processor.py:839} INFO - DAG(s) dict_keys(['sqlite_to_postgres_incremental']) retrieved from /opt/airflow/dags/transfer_date_of_bd.py
[2026-02-28T08:46:25.408+0000] {logging_mixin.py:151} INFO - [2026-02-28T08:46:25.408+0000] {dag.py:2915} INFO - Sync 1 DAGs
[2026-02-28T08:46:25.427+0000] {logging_mixin.py:151} INFO - [2026-02-28T08:46:25.427+0000] {dag.py:3696} INFO - Setting next_dagrun for sqlite_to_postgres_incremental to 2026-02-28T00:00:00+00:00, run_after=2026-03-01T00:00:00+00:00
[2026-02-28T08:46:25.447+0000] {processor.py:179} INFO - Processing /opt/airflow/dags/transfer_date_of_bd.py took 0.462 seconds
[2026-02-28T08:46:55.674+0000] {processor.py:157} INFO - Started process (PID=240) to work on /opt/airflow/dags/transfer_date_of_bd.py
[2026-02-28T08:46:55.677+0000] {processor.py:829} INFO - Processing file /opt/airflow/dags/transfer_date_of_bd.py for tasks to queue
[2026-02-28T08:46:55.678+0000] {logging_mixin.py:151} INFO - [2026-02-28T08:46:55.678+0000] {dagbag.py:539} INFO - Filling up the DagBag from /opt/airflow/dags/transfer_date_of_bd.py
[2026-02-28T08:46:56.253+0000] {processor.py:839} INFO - DAG(s) dict_keys(['sqlite_to_postgres_incremental']) retrieved from /opt/airflow/dags/transfer_date_of_bd.py
[2026-02-28T08:46:56.283+0000] {logging_mixin.py:151} INFO - [2026-02-28T08:46:56.282+0000] {dag.py:2915} INFO - Sync 1 DAGs
[2026-02-28T08:46:56.315+0000] {logging_mixin.py:151} INFO - [2026-02-28T08:46:56.315+0000] {dag.py:3696} INFO - Setting next_dagrun for sqlite_to_postgres_incremental to 2026-02-28T00:00:00+00:00, run_after=2026-03-01T00:00:00+00:00
[2026-02-28T08:46:56.340+0000] {processor.py:179} INFO - Processing /opt/airflow/dags/transfer_date_of_bd.py took 0.671 seconds
[2026-02-28T08:47:26.556+0000] {processor.py:157} INFO - Started process (PID=258) to work on /opt/airflow/dags/transfer_date_of_bd.py
[2026-02-28T08:47:26.557+0000] {processor.py:829} INFO - Processing file /opt/airflow/dags/transfer_date_of_bd.py for tasks to queue
[2026-02-28T08:47:26.558+0000] {logging_mixin.py:151} INFO - [2026-02-28T08:47:26.558+0000] {dagbag.py:539} INFO - Filling up the DagBag from /opt/airflow/dags/transfer_date_of_bd.py
[2026-02-28T08:47:26.986+0000] {processor.py:839} INFO - DAG(s) dict_keys(['sqlite_to_postgres_incremental']) retrieved from /opt/airflow/dags/transfer_date_of_bd.py
[2026-02-28T08:47:27.007+0000] {logging_mixin.py:151} INFO - [2026-02-28T08:47:27.006+0000] {dag.py:2915} INFO - Sync 1 DAGs
[2026-02-28T08:47:27.027+0000] {logging_mixin.py:151} INFO - [2026-02-28T08:47:27.026+0000] {dag.py:3696} INFO - Setting next_dagrun for sqlite_to_postgres_incremental to 2026-02-28T00:00:00+00:00, run_after=2026-03-01T00:00:00+00:00
[2026-02-28T08:47:27.046+0000] {processor.py:179} INFO - Processing /opt/airflow/dags/transfer_date_of_bd.py took 0.493 seconds
[2026-02-28T08:47:57.277+0000] {processor.py:157} INFO - Started process (PID=270) to work on /opt/airflow/dags/transfer_date_of_bd.py
[2026-02-28T08:47:57.278+0000] {processor.py:829} INFO - Processing file /opt/airflow/dags/transfer_date_of_bd.py for tasks to queue
[2026-02-28T08:47:57.279+0000] {logging_mixin.py:151} INFO - [2026-02-28T08:47:57.279+0000] {dagbag.py:539} INFO - Filling up the DagBag from /opt/airflow/dags/transfer_date_of_bd.py
[2026-02-28T08:47:57.695+0000] {processor.py:839} INFO - DAG(s) dict_keys(['sqlite_to_postgres_incremental']) retrieved from /opt/airflow/dags/transfer_date_of_bd.py
[2026-02-28T08:47:57.717+0000] {logging_mixin.py:151} INFO - [2026-02-28T08:47:57.715+0000] {dag.py:2915} INFO - Sync 1 DAGs
[2026-02-28T08:47:57.736+0000] {logging_mixin.py:151} INFO - [2026-02-28T08:47:57.736+0000] {dag.py:3696} INFO - Setting next_dagrun for sqlite_to_postgres_incremental to 2026-02-28T00:00:00+00:00, run_after=2026-03-01T00:00:00+00:00
[2026-02-28T08:47:57.755+0000] {processor.py:179} INFO - Processing /opt/airflow/dags/transfer_date_of_bd.py took 0.482 seconds
[2026-02-28T08:48:27.971+0000] {processor.py:157} INFO - Started process (PID=282) to work on /opt/airflow/dags/transfer_date_of_bd.py
[2026-02-28T08:48:27.973+0000] {processor.py:829} INFO - Processing file /opt/airflow/dags/transfer_date_of_bd.py for tasks to queue
[2026-02-28T08:48:27.974+0000] {logging_mixin.py:151} INFO - [2026-02-28T08:48:27.973+0000] {dagbag.py:539} INFO - Filling up the DagBag from /opt/airflow/dags/transfer_date_of_bd.py
[2026-02-28T08:48:28.394+0000] {processor.py:839} INFO - DAG(s) dict_keys(['sqlite_to_postgres_incremental']) retrieved from /opt/airflow/dags/transfer_date_of_bd.py
[2026-02-28T08:48:28.419+0000] {logging_mixin.py:151} INFO - [2026-02-28T08:48:28.418+0000] {dag.py:2915} INFO - Sync 1 DAGs
[2026-02-28T08:48:28.460+0000] {logging_mixin.py:151} INFO - [2026-02-28T08:48:28.460+0000] {dag.py:3696} INFO - Setting next_dagrun for sqlite_to_postgres_incremental to 2026-02-28T00:00:00+00:00, run_after=2026-03-01T00:00:00+00:00
[2026-02-28T08:48:28.494+0000] {processor.py:179} INFO - Processing /opt/airflow/dags/transfer_date_of_bd.py took 0.526 seconds
[2026-02-28T08:48:58.706+0000] {processor.py:157} INFO - Started process (PID=294) to work on /opt/airflow/dags/transfer_date_of_bd.py
[2026-02-28T08:48:58.708+0000] {processor.py:829} INFO - Processing file /opt/airflow/dags/transfer_date_of_bd.py for tasks to queue
[2026-02-28T08:48:58.709+0000] {logging_mixin.py:151} INFO - [2026-02-28T08:48:58.708+0000] {dagbag.py:539} INFO - Filling up the DagBag from /opt/airflow/dags/transfer_date_of_bd.py
[2026-02-28T08:48:59.114+0000] {processor.py:839} INFO - DAG(s) dict_keys(['sqlite_to_postgres_incremental']) retrieved from /opt/airflow/dags/transfer_date_of_bd.py
[2026-02-28T08:48:59.135+0000] {logging_mixin.py:151} INFO - [2026-02-28T08:48:59.135+0000] {dag.py:2915} INFO - Sync 1 DAGs
[2026-02-28T08:48:59.154+0000] {logging_mixin.py:151} INFO - [2026-02-28T08:48:59.154+0000] {dag.py:3696} INFO - Setting next_dagrun for sqlite_to_postgres_incremental to 2026-02-28T00:00:00+00:00, run_after=2026-03-01T00:00:00+00:00
[2026-02-28T08:48:59.174+0000] {processor.py:179} INFO - Processing /opt/airflow/dags/transfer_date_of_bd.py took 0.471 seconds
[2026-02-28T08:49:29.536+0000] {processor.py:157} INFO - Started process (PID=306) to work on /opt/airflow/dags/transfer_date_of_bd.py
[2026-02-28T08:49:29.537+0000] {processor.py:829} INFO - Processing file /opt/airflow/dags/transfer_date_of_bd.py for tasks to queue
[2026-02-28T08:49:29.538+0000] {logging_mixin.py:151} INFO - [2026-02-28T08:49:29.538+0000] {dagbag.py:539} INFO - Filling up the DagBag from /opt/airflow/dags/transfer_date_of_bd.py
[2026-02-28T08:49:29.804+0000] {processor.py:839} INFO - DAG(s) dict_keys(['sqlite_to_postgres_incremental']) retrieved from /opt/airflow/dags/transfer_date_of_bd.py
[2026-02-28T08:49:29.831+0000] {logging_mixin.py:151} INFO - [2026-02-28T08:49:29.830+0000] {dag.py:2915} INFO - Sync 1 DAGs
[2026-02-28T08:49:29.855+0000] {logging_mixin.py:151} INFO - [2026-02-28T08:49:29.854+0000] {dag.py:3696} INFO - Setting next_dagrun for sqlite_to_postgres_incremental to 2026-02-28T00:00:00+00:00, run_after=2026-03-01T00:00:00+00:00
[2026-02-28T08:49:29.876+0000] {processor.py:179} INFO - Processing /opt/airflow/dags/transfer_date_of_bd.py took 0.344 seconds
[2026-02-28T08:50:00.086+0000] {processor.py:157} INFO - Started process (PID=318) to work on /opt/airflow/dags/transfer_date_of_bd.py
[2026-02-28T08:50:00.087+0000] {processor.py:829} INFO - Processing file /opt/airflow/dags/transfer_date_of_bd.py for tasks to queue
[2026-02-28T08:50:00.088+0000] {logging_mixin.py:151} INFO - [2026-02-28T08:50:00.088+0000] {dagbag.py:539} INFO - Filling up the DagBag from /opt/airflow/dags/transfer_date_of_bd.py
[2026-02-28T08:50:00.357+0000] {processor.py:839} INFO - DAG(s) dict_keys(['sqlite_to_postgres_incremental']) retrieved from /opt/airflow/dags/transfer_date_of_bd.py
[2026-02-28T08:50:00.384+0000] {logging_mixin.py:151} INFO - [2026-02-28T08:50:00.384+0000] {dag.py:2915} INFO - Sync 1 DAGs
[2026-02-28T08:50:00.406+0000] {logging_mixin.py:151} INFO - [2026-02-28T08:50:00.406+0000] {dag.py:3696} INFO - Setting next_dagrun for sqlite_to_postgres_incremental to 2026-02-28T00:00:00+00:00, run_after=2026-03-01T00:00:00+00:00
[2026-02-28T08:50:00.428+0000] {processor.py:179} INFO - Processing /opt/airflow/dags/transfer_date_of_bd.py took 0.345 seconds
[2026-02-28T08:50:30.636+0000] {processor.py:157} INFO - Started process (PID=330) to work on /opt/airflow/dags/transfer_date_of_bd.py
[2026-02-28T08:50:30.637+0000] {processor.py:829} INFO - Processing file /opt/airflow/dags/transfer_date_of_bd.py for tasks to queue
[2026-02-28T08:50:30.638+0000] {logging_mixin.py:151} INFO - [2026-02-28T08:50:30.638+0000] {dagbag.py:539} INFO - Filling up the DagBag from /opt/airflow/dags/transfer_date_of_bd.py
[2026-02-28T08:50:30.908+0000] {processor.py:839} INFO - DAG(s) dict_keys(['sqlite_to_postgres_incremental']) retrieved from /opt/airflow/dags/transfer_date_of_bd.py
[2026-02-28T08:50:30.935+0000] {logging_mixin.py:151} INFO - [2026-02-28T08:50:30.935+0000] {dag.py:2915} INFO - Sync 1 DAGs
[2026-02-28T08:50:30.957+0000] {logging_mixin.py:151} INFO - [2026-02-28T08:50:30.957+0000] {dag.py:3696} INFO - Setting next_dagrun for sqlite_to_postgres_incremental to 2026-02-28T00:00:00+00:00, run_after=2026-03-01T00:00:00+00:00
[2026-02-28T08:50:30.978+0000] {processor.py:179} INFO - Processing /opt/airflow/dags/transfer_date_of_bd.py took 0.346 seconds
[2026-02-28T08:51:01.201+0000] {processor.py:157} INFO - Started process (PID=342) to work on /opt/airflow/dags/transfer_date_of_bd.py
[2026-02-28T08:51:01.202+0000] {processor.py:829} INFO - Processing file /opt/airflow/dags/transfer_date_of_bd.py for tasks to queue
[2026-02-28T08:51:01.203+0000] {logging_mixin.py:151} INFO - [2026-02-28T08:51:01.203+0000] {dagbag.py:539} INFO - Filling up the DagBag from /opt/airflow/dags/transfer_date_of_bd.py
[2026-02-28T08:51:01.521+0000] {processor.py:839} INFO - DAG(s) dict_keys(['sqlite_to_postgres_incremental']) retrieved from /opt/airflow/dags/transfer_date_of_bd.py
[2026-02-28T08:51:01.552+0000] {logging_mixin.py:151} INFO - [2026-02-28T08:51:01.552+0000] {dag.py:2915} INFO - Sync 1 DAGs
[2026-02-28T08:51:01.576+0000] {logging_mixin.py:151} INFO - [2026-02-28T08:51:01.576+0000] {dag.py:3696} INFO - Setting next_dagrun for sqlite_to_postgres_incremental to 2026-02-28T00:00:00+00:00, run_after=2026-03-01T00:00:00+00:00
[2026-02-28T08:51:01.605+0000] {processor.py:179} INFO - Processing /opt/airflow/dags/transfer_date_of_bd.py took 0.407 seconds
[2026-02-28T08:51:31.820+0000] {processor.py:157} INFO - Started process (PID=354) to work on /opt/airflow/dags/transfer_date_of_bd.py
[2026-02-28T08:51:31.822+0000] {processor.py:829} INFO - Processing file /opt/airflow/dags/transfer_date_of_bd.py for tasks to queue
[2026-02-28T08:51:31.824+0000] {logging_mixin.py:151} INFO - [2026-02-28T08:51:31.824+0000] {dagbag.py:539} INFO - Filling up the DagBag from /opt/airflow/dags/transfer_date_of_bd.py
[2026-02-28T08:51:32.179+0000] {processor.py:839} INFO - DAG(s) dict_keys(['sqlite_to_postgres_incremental']) retrieved from /opt/airflow/dags/transfer_date_of_bd.py
[2026-02-28T08:51:32.212+0000] {logging_mixin.py:151} INFO - [2026-02-28T08:51:32.210+0000] {dag.py:2915} INFO - Sync 1 DAGs
[2026-02-28T08:51:32.237+0000] {logging_mixin.py:151} INFO - [2026-02-28T08:51:32.237+0000] {dag.py:3696} INFO - Setting next_dagrun for sqlite_to_postgres_incremental to 2026-02-28T00:00:00+00:00, run_after=2026-03-01T00:00:00+00:00
[2026-02-28T08:51:32.268+0000] {processor.py:179} INFO - Processing /opt/airflow/dags/transfer_date_of_bd.py took 0.452 seconds
[2026-02-28T08:52:02.490+0000] {processor.py:157} INFO - Started process (PID=366) to work on /opt/airflow/dags/transfer_date_of_bd.py
[2026-02-28T08:52:02.491+0000] {processor.py:829} INFO - Processing file /opt/airflow/dags/transfer_date_of_bd.py for tasks to queue
[2026-02-28T08:52:02.492+0000] {logging_mixin.py:151} INFO - [2026-02-28T08:52:02.492+0000] {dagbag.py:539} INFO - Filling up the DagBag from /opt/airflow/dags/transfer_date_of_bd.py
[2026-02-28T08:52:02.812+0000] {processor.py:839} INFO - DAG(s) dict_keys(['sqlite_to_postgres_incremental']) retrieved from /opt/airflow/dags/transfer_date_of_bd.py
[2026-02-28T08:52:02.840+0000] {logging_mixin.py:151} INFO - [2026-02-28T08:52:02.840+0000] {dag.py:2915} INFO - Sync 1 DAGs
[2026-02-28T08:52:02.867+0000] {logging_mixin.py:151} INFO - [2026-02-28T08:52:02.866+0000] {dag.py:3696} INFO - Setting next_dagrun for sqlite_to_postgres_incremental to 2026-02-28T00:00:00+00:00, run_after=2026-03-01T00:00:00+00:00
[2026-02-28T08:52:02.893+0000] {processor.py:179} INFO - Processing /opt/airflow/dags/transfer_date_of_bd.py took 0.406 seconds
[2026-02-28T08:52:33.106+0000] {processor.py:157} INFO - Started process (PID=378) to work on /opt/airflow/dags/transfer_date_of_bd.py
[2026-02-28T08:52:33.109+0000] {processor.py:829} INFO - Processing file /opt/airflow/dags/transfer_date_of_bd.py for tasks to queue
[2026-02-28T08:52:33.111+0000] {logging_mixin.py:151} INFO - [2026-02-28T08:52:33.110+0000] {dagbag.py:539} INFO - Filling up the DagBag from /opt/airflow/dags/transfer_date_of_bd.py
[2026-02-28T08:52:33.411+0000] {processor.py:839} INFO - DAG(s) dict_keys(['sqlite_to_postgres_incremental']) retrieved from /opt/airflow/dags/transfer_date_of_bd.py
[2026-02-28T08:52:33.437+0000] {logging_mixin.py:151} INFO - [2026-02-28T08:52:33.436+0000] {dag.py:2915} INFO - Sync 1 DAGs
[2026-02-28T08:52:33.464+0000] {logging_mixin.py:151} INFO - [2026-02-28T08:52:33.463+0000] {dag.py:3696} INFO - Setting next_dagrun for sqlite_to_postgres_incremental to 2026-02-28T00:00:00+00:00, run_after=2026-03-01T00:00:00+00:00
[2026-02-28T08:52:33.487+0000] {processor.py:179} INFO - Processing /opt/airflow/dags/transfer_date_of_bd.py took 0.386 seconds
[2026-02-28T08:53:03.704+0000] {processor.py:157} INFO - Started process (PID=390) to work on /opt/airflow/dags/transfer_date_of_bd.py
[2026-02-28T08:53:03.705+0000] {processor.py:829} INFO - Processing file /opt/airflow/dags/transfer_date_of_bd.py for tasks to queue
[2026-02-28T08:53:03.707+0000] {logging_mixin.py:151} INFO - [2026-02-28T08:53:03.706+0000] {dagbag.py:539} INFO - Filling up the DagBag from /opt/airflow/dags/transfer_date_of_bd.py
[2026-02-28T08:53:03.972+0000] {processor.py:839} INFO - DAG(s) dict_keys(['sqlite_to_postgres_incremental']) retrieved from /opt/airflow/dags/transfer_date_of_bd.py
[2026-02-28T08:53:04.001+0000] {logging_mixin.py:151} INFO - [2026-02-28T08:53:03.999+0000] {dag.py:2915} INFO - Sync 1 DAGs
[2026-02-28T08:53:04.023+0000] {logging_mixin.py:151} INFO - [2026-02-28T08:53:04.023+0000] {dag.py:3696} INFO - Setting next_dagrun for sqlite_to_postgres_incremental to 2026-02-28T00:00:00+00:00, run_after=2026-03-01T00:00:00+00:00
[2026-02-28T08:53:04.045+0000] {processor.py:179} INFO - Processing /opt/airflow/dags/transfer_date_of_bd.py took 0.344 seconds
[2026-02-28T08:53:34.245+0000] {processor.py:157} INFO - Started process (PID=402) to work on /opt/airflow/dags/transfer_date_of_bd.py
[2026-02-28T08:53:34.247+0000] {processor.py:829} INFO - Processing file /opt/airflow/dags/transfer_date_of_bd.py for tasks to queue
[2026-02-28T08:53:34.248+0000] {logging_mixin.py:151} INFO - [2026-02-28T08:53:34.247+0000] {dagbag.py:539} INFO - Filling up the DagBag from /opt/airflow/dags/transfer_date_of_bd.py
[2026-02-28T08:53:34.524+0000] {processor.py:839} INFO - DAG(s) dict_keys(['sqlite_to_postgres_incremental']) retrieved from /opt/airflow/dags/transfer_date_of_bd.py
[2026-02-28T08:53:34.553+0000] {logging_mixin.py:151} INFO - [2026-02-28T08:53:34.552+0000] {dag.py:2915} INFO - Sync 1 DAGs
[2026-02-28T08:53:34.573+0000] {logging_mixin.py:151} INFO - [2026-02-28T08:53:34.573+0000] {dag.py:3696} INFO - Setting next_dagrun for sqlite_to_postgres_incremental to 2026-02-28T00:00:00+00:00, run_after=2026-03-01T00:00:00+00:00
[2026-02-28T08:53:34.596+0000] {processor.py:179} INFO - Processing /opt/airflow/dags/transfer_date_of_bd.py took 0.353 seconds
[2026-02-28T08:54:04.814+0000] {processor.py:157} INFO - Started process (PID=414) to work on /opt/airflow/dags/transfer_date_of_bd.py
[2026-02-28T08:54:04.815+0000] {processor.py:829} INFO - Processing file /opt/airflow/dags/transfer_date_of_bd.py for tasks to queue
[2026-02-28T08:54:04.816+0000] {logging_mixin.py:151} INFO - [2026-02-28T08:54:04.816+0000] {dagbag.py:539} INFO - Filling up the DagBag from /opt/airflow/dags/transfer_date_of_bd.py
[2026-02-28T08:54:05.099+0000] {processor.py:839} INFO - DAG(s) dict_keys(['sqlite_to_postgres_incremental']) retrieved from /opt/airflow/dags/transfer_date_of_bd.py
[2026-02-28T08:54:05.128+0000] {logging_mixin.py:151} INFO - [2026-02-28T08:54:05.128+0000] {dag.py:2915} INFO - Sync 1 DAGs
[2026-02-28T08:54:05.149+0000] {logging_mixin.py:151} INFO - [2026-02-28T08:54:05.149+0000] {dag.py:3696} INFO - Setting next_dagrun for sqlite_to_postgres_incremental to 2026-02-28T00:00:00+00:00, run_after=2026-03-01T00:00:00+00:00
[2026-02-28T08:54:05.171+0000] {processor.py:179} INFO - Processing /opt/airflow/dags/transfer_date_of_bd.py took 0.361 seconds
[2026-02-28T08:54:35.384+0000] {processor.py:157} INFO - Started process (PID=426) to work on /opt/airflow/dags/transfer_date_of_bd.py
[2026-02-28T08:54:35.385+0000] {processor.py:829} INFO - Processing file /opt/airflow/dags/transfer_date_of_bd.py for tasks to queue
[2026-02-28T08:54:35.386+0000] {logging_mixin.py:151} INFO - [2026-02-28T08:54:35.386+0000] {dagbag.py:539} INFO - Filling up the DagBag from /opt/airflow/dags/transfer_date_of_bd.py
[2026-02-28T08:54:35.657+0000] {processor.py:839} INFO - DAG(s) dict_keys(['sqlite_to_postgres_incremental']) retrieved from /opt/airflow/dags/transfer_date_of_bd.py
[2026-02-28T08:54:35.688+0000] {logging_mixin.py:151} INFO - [2026-02-28T08:54:35.688+0000] {dag.py:2915} INFO - Sync 1 DAGs
[2026-02-28T08:54:35.713+0000] {logging_mixin.py:151} INFO - [2026-02-28T08:54:35.712+0000] {dag.py:3696} INFO - Setting next_dagrun for sqlite_to_postgres_incremental to 2026-02-28T00:00:00+00:00, run_after=2026-03-01T00:00:00+00:00
[2026-02-28T08:54:35.733+0000] {processor.py:179} INFO - Processing /opt/airflow/dags/transfer_date_of_bd.py took 0.352 seconds
[2026-02-28T08:55:05.937+0000] {processor.py:157} INFO - Started process (PID=438) to work on /opt/airflow/dags/transfer_date_of_bd.py
[2026-02-28T08:55:05.938+0000] {processor.py:829} INFO - Processing file /opt/airflow/dags/transfer_date_of_bd.py for tasks to queue
[2026-02-28T08:55:05.939+0000] {logging_mixin.py:151} INFO - [2026-02-28T08:55:05.939+0000] {dagbag.py:539} INFO - Filling up the DagBag from /opt/airflow/dags/transfer_date_of_bd.py
[2026-02-28T08:55:06.205+0000] {processor.py:839} INFO - DAG(s) dict_keys(['sqlite_to_postgres_incremental']) retrieved from /opt/airflow/dags/transfer_date_of_bd.py
[2026-02-28T08:55:06.232+0000] {logging_mixin.py:151} INFO - [2026-02-28T08:55:06.231+0000] {dag.py:2915} INFO - Sync 1 DAGs
[2026-02-28T08:55:06.254+0000] {logging_mixin.py:151} INFO - [2026-02-28T08:55:06.254+0000] {dag.py:3696} INFO - Setting next_dagrun for sqlite_to_postgres_incremental to 2026-02-28T00:00:00+00:00, run_after=2026-03-01T00:00:00+00:00
[2026-02-28T08:55:06.275+0000] {processor.py:179} INFO - Processing /opt/airflow/dags/transfer_date_of_bd.py took 0.341 seconds
[2026-02-28T08:55:36.496+0000] {processor.py:157} INFO - Started process (PID=450) to work on /opt/airflow/dags/transfer_date_of_bd.py
[2026-02-28T08:55:36.498+0000] {processor.py:829} INFO - Processing file /opt/airflow/dags/transfer_date_of_bd.py for tasks to queue
[2026-02-28T08:55:36.499+0000] {logging_mixin.py:151} INFO - [2026-02-28T08:55:36.499+0000] {dagbag.py:539} INFO - Filling up the DagBag from /opt/airflow/dags/transfer_date_of_bd.py
[2026-02-28T08:55:36.767+0000] {processor.py:839} INFO - DAG(s) dict_keys(['sqlite_to_postgres_incremental']) retrieved from /opt/airflow/dags/transfer_date_of_bd.py
[2026-02-28T08:55:36.793+0000] {logging_mixin.py:151} INFO - [2026-02-28T08:55:36.791+0000] {dag.py:2915} INFO - Sync 1 DAGs
[2026-02-28T08:55:36.814+0000] {logging_mixin.py:151} INFO - [2026-02-28T08:55:36.814+0000] {dag.py:3696} INFO - Setting next_dagrun for sqlite_to_postgres_incremental to 2026-02-28T00:00:00+00:00, run_after=2026-03-01T00:00:00+00:00
[2026-02-28T08:55:36.833+0000] {processor.py:179} INFO - Processing /opt/airflow/dags/transfer_date_of_bd.py took 0.340 seconds
[2026-02-28T08:56:07.048+0000] {processor.py:157} INFO - Started process (PID=462) to work on /opt/airflow/dags/transfer_date_of_bd.py
[2026-02-28T08:56:07.050+0000] {processor.py:829} INFO - Processing file /opt/airflow/dags/transfer_date_of_bd.py for tasks to queue
[2026-02-28T08:56:07.051+0000] {logging_mixin.py:151} INFO - [2026-02-28T08:56:07.051+0000] {dagbag.py:539} INFO - Filling up the DagBag from /opt/airflow/dags/transfer_date_of_bd.py
[2026-02-28T08:56:07.326+0000] {processor.py:839} INFO - DAG(s) dict_keys(['sqlite_to_postgres_incremental']) retrieved from /opt/airflow/dags/transfer_date_of_bd.py
[2026-02-28T08:56:07.365+0000] {logging_mixin.py:151} INFO - [2026-02-28T08:56:07.364+0000] {dag.py:2915} INFO - Sync 1 DAGs
[2026-02-28T08:56:07.396+0000] {logging_mixin.py:151} INFO - [2026-02-28T08:56:07.395+0000] {dag.py:3696} INFO - Setting next_dagrun for sqlite_to_postgres_incremental to 2026-02-28T00:00:00+00:00, run_after=2026-03-01T00:00:00+00:00
[2026-02-28T08:56:07.422+0000] {processor.py:179} INFO - Processing /opt/airflow/dags/transfer_date_of_bd.py took 0.376 seconds
[2026-02-28T08:56:37.639+0000] {processor.py:157} INFO - Started process (PID=474) to work on /opt/airflow/dags/transfer_date_of_bd.py
[2026-02-28T08:56:37.641+0000] {processor.py:829} INFO - Processing file /opt/airflow/dags/transfer_date_of_bd.py for tasks to queue
[2026-02-28T08:56:37.642+0000] {logging_mixin.py:151} INFO - [2026-02-28T08:56:37.642+0000] {dagbag.py:539} INFO - Filling up the DagBag from /opt/airflow/dags/transfer_date_of_bd.py
[2026-02-28T08:56:37.940+0000] {processor.py:839} INFO - DAG(s) dict_keys(['sqlite_to_postgres_incremental']) retrieved from /opt/airflow/dags/transfer_date_of_bd.py
[2026-02-28T08:56:37.968+0000] {logging_mixin.py:151} INFO - [2026-02-28T08:56:37.967+0000] {dag.py:2915} INFO - Sync 1 DAGs
[2026-02-28T08:56:37.992+0000] {logging_mixin.py:151} INFO - [2026-02-28T08:56:37.992+0000] {dag.py:3696} INFO - Setting next_dagrun for sqlite_to_postgres_incremental to 2026-02-28T00:00:00+00:00, run_after=2026-03-01T00:00:00+00:00
[2026-02-28T08:56:38.017+0000] {processor.py:179} INFO - Processing /opt/airflow/dags/transfer_date_of_bd.py took 0.382 seconds
[2026-02-28T08:57:08.240+0000] {processor.py:157} INFO - Started process (PID=486) to work on /opt/airflow/dags/transfer_date_of_bd.py
[2026-02-28T08:57:08.241+0000] {processor.py:829} INFO - Processing file /opt/airflow/dags/transfer_date_of_bd.py for tasks to queue
[2026-02-28T08:57:08.243+0000] {logging_mixin.py:151} INFO - [2026-02-28T08:57:08.242+0000] {dagbag.py:539} INFO - Filling up the DagBag from /opt/airflow/dags/transfer_date_of_bd.py
[2026-02-28T08:57:08.585+0000] {processor.py:839} INFO - DAG(s) dict_keys(['sqlite_to_postgres_incremental']) retrieved from /opt/airflow/dags/transfer_date_of_bd.py
[2026-02-28T08:57:08.616+0000] {logging_mixin.py:151} INFO - [2026-02-28T08:57:08.615+0000] {dag.py:2915} INFO - Sync 1 DAGs
[2026-02-28T08:57:08.645+0000] {logging_mixin.py:151} INFO - [2026-02-28T08:57:08.645+0000] {dag.py:3696} INFO - Setting next_dagrun for sqlite_to_postgres_incremental to 2026-02-28T00:00:00+00:00, run_after=2026-03-01T00:00:00+00:00
[2026-02-28T08:57:08.674+0000] {processor.py:179} INFO - Processing /opt/airflow/dags/transfer_date_of_bd.py took 0.439 seconds
[2026-02-28T08:57:38.902+0000] {processor.py:157} INFO - Started process (PID=498) to work on /opt/airflow/dags/transfer_date_of_bd.py
[2026-02-28T08:57:38.904+0000] {processor.py:829} INFO - Processing file /opt/airflow/dags/transfer_date_of_bd.py for tasks to queue
[2026-02-28T08:57:38.906+0000] {logging_mixin.py:151} INFO - [2026-02-28T08:57:38.905+0000] {dagbag.py:539} INFO - Filling up the DagBag from /opt/airflow/dags/transfer_date_of_bd.py
[2026-02-28T08:57:39.224+0000] {processor.py:839} INFO - DAG(s) dict_keys(['sqlite_to_postgres_incremental']) retrieved from /opt/airflow/dags/transfer_date_of_bd.py
[2026-02-28T08:57:39.256+0000] {logging_mixin.py:151} INFO - [2026-02-28T08:57:39.256+0000] {dag.py:2915} INFO - Sync 1 DAGs
[2026-02-28T08:57:39.282+0000] {logging_mixin.py:151} INFO - [2026-02-28T08:57:39.281+0000] {dag.py:3696} INFO - Setting next_dagrun for sqlite_to_postgres_incremental to 2026-02-28T00:00:00+00:00, run_after=2026-03-01T00:00:00+00:00
[2026-02-28T08:57:39.309+0000] {processor.py:179} INFO - Processing /opt/airflow/dags/transfer_date_of_bd.py took 0.412 seconds
[2026-02-28T08:58:09.524+0000] {processor.py:157} INFO - Started process (PID=510) to work on /opt/airflow/dags/transfer_date_of_bd.py
[2026-02-28T08:58:09.525+0000] {processor.py:829} INFO - Processing file /opt/airflow/dags/transfer_date_of_bd.py for tasks to queue
[2026-02-28T08:58:09.526+0000] {logging_mixin.py:151} INFO - [2026-02-28T08:58:09.526+0000] {dagbag.py:539} INFO - Filling up the DagBag from /opt/airflow/dags/transfer_date_of_bd.py
[2026-02-28T08:58:09.796+0000] {processor.py:839} INFO - DAG(s) dict_keys(['sqlite_to_postgres_incremental']) retrieved from /opt/airflow/dags/transfer_date_of_bd.py
[2026-02-28T08:58:09.823+0000] {logging_mixin.py:151} INFO - [2026-02-28T08:58:09.822+0000] {dag.py:2915} INFO - Sync 1 DAGs
[2026-02-28T08:58:09.848+0000] {logging_mixin.py:151} INFO - [2026-02-28T08:58:09.847+0000] {dag.py:3696} INFO - Setting next_dagrun for sqlite_to_postgres_incremental to 2026-02-28T00:00:00+00:00, run_after=2026-03-01T00:00:00+00:00
[2026-02-28T08:58:09.876+0000] {processor.py:179} INFO - Processing /opt/airflow/dags/transfer_date_of_bd.py took 0.355 seconds
[2026-02-28T08:58:40.101+0000] {processor.py:157} INFO - Started process (PID=522) to work on /opt/airflow/dags/transfer_date_of_bd.py
[2026-02-28T08:58:40.102+0000] {processor.py:829} INFO - Processing file /opt/airflow/dags/transfer_date_of_bd.py for tasks to queue
[2026-02-28T08:58:40.103+0000] {logging_mixin.py:151} INFO - [2026-02-28T08:58:40.103+0000] {dagbag.py:539} INFO - Filling up the DagBag from /opt/airflow/dags/transfer_date_of_bd.py
[2026-02-28T08:58:40.372+0000] {processor.py:839} INFO - DAG(s) dict_keys(['sqlite_to_postgres_incremental']) retrieved from /opt/airflow/dags/transfer_date_of_bd.py
[2026-02-28T08:58:40.399+0000] {logging_mixin.py:151} INFO - [2026-02-28T08:58:40.399+0000] {dag.py:2915} INFO - Sync 1 DAGs
[2026-02-28T08:58:40.421+0000] {logging_mixin.py:151} INFO - [2026-02-28T08:58:40.421+0000] {dag.py:3696} INFO - Setting next_dagrun for sqlite_to_postgres_incremental to 2026-02-28T00:00:00+00:00, run_after=2026-03-01T00:00:00+00:00
[2026-02-28T08:58:40.441+0000] {processor.py:179} INFO - Processing /opt/airflow/dags/transfer_date_of_bd.py took 0.344 seconds
[2026-02-28T08:59:10.658+0000] {processor.py:157} INFO - Started process (PID=534) to work on /opt/airflow/dags/transfer_date_of_bd.py
[2026-02-28T08:59:10.659+0000] {processor.py:829} INFO - Processing file /opt/airflow/dags/transfer_date_of_bd.py for tasks to queue
[2026-02-28T08:59:10.660+0000] {logging_mixin.py:151} INFO - [2026-02-28T08:59:10.660+0000] {dagbag.py:539} INFO - Filling up the DagBag from /opt/airflow/dags/transfer_date_of_bd.py
[2026-02-28T08:59:10.939+0000] {processor.py:839} INFO - DAG(s) dict_keys(['sqlite_to_postgres_incremental']) retrieved from /opt/airflow/dags/transfer_date_of_bd.py
[2026-02-28T08:59:10.964+0000] {logging_mixin.py:151} INFO - [2026-02-28T08:59:10.964+0000] {dag.py:2915} INFO - Sync 1 DAGs
[2026-02-28T08:59:10.984+0000] {logging_mixin.py:151} INFO - [2026-02-28T08:59:10.984+0000] {dag.py:3696} INFO - Setting next_dagrun for sqlite_to_postgres_incremental to 2026-02-28T00:00:00+00:00, run_after=2026-03-01T00:00:00+00:00
[2026-02-28T08:59:11.005+0000] {processor.py:179} INFO - Processing /opt/airflow/dags/transfer_date_of_bd.py took 0.350 seconds
[2026-02-28T08:59:41.252+0000] {processor.py:157} INFO - Started process (PID=546) to work on /opt/airflow/dags/transfer_date_of_bd.py
[2026-02-28T08:59:41.253+0000] {processor.py:829} INFO - Processing file /opt/airflow/dags/transfer_date_of_bd.py for tasks to queue
[2026-02-28T08:59:41.254+0000] {logging_mixin.py:151} INFO - [2026-02-28T08:59:41.254+0000] {dagbag.py:539} INFO - Filling up the DagBag from /opt/airflow/dags/transfer_date_of_bd.py
[2026-02-28T08:59:41.517+0000] {processor.py:839} INFO - DAG(s) dict_keys(['sqlite_to_postgres_incremental']) retrieved from /opt/airflow/dags/transfer_date_of_bd.py
[2026-02-28T08:59:41.545+0000] {logging_mixin.py:151} INFO - [2026-02-28T08:59:41.544+0000] {dag.py:2915} INFO - Sync 1 DAGs
[2026-02-28T08:59:41.567+0000] {logging_mixin.py:151} INFO - [2026-02-28T08:59:41.567+0000] {dag.py:3696} INFO - Setting next_dagrun for sqlite_to_postgres_incremental to 2026-02-28T00:00:00+00:00, run_after=2026-03-01T00:00:00+00:00
[2026-02-28T08:59:41.589+0000] {processor.py:179} INFO - Processing /opt/airflow/dags/transfer_date_of_bd.py took 0.340 seconds
[2026-02-28T09:00:11.803+0000] {processor.py:157} INFO - Started process (PID=558) to work on /opt/airflow/dags/transfer_date_of_bd.py
[2026-02-28T09:00:11.804+0000] {processor.py:829} INFO - Processing file /opt/airflow/dags/transfer_date_of_bd.py for tasks to queue
[2026-02-28T09:00:11.805+0000] {logging_mixin.py:151} INFO - [2026-02-28T09:00:11.805+0000] {dagbag.py:539} INFO - Filling up the DagBag from /opt/airflow/dags/transfer_date_of_bd.py
[2026-02-28T09:00:12.069+0000] {processor.py:839} INFO - DAG(s) dict_keys(['sqlite_to_postgres_incremental']) retrieved from /opt/airflow/dags/transfer_date_of_bd.py
[2026-02-28T09:00:12.096+0000] {logging_mixin.py:151} INFO - [2026-02-28T09:00:12.096+0000] {dag.py:2915} INFO - Sync 1 DAGs
[2026-02-28T09:00:12.118+0000] {logging_mixin.py:151} INFO - [2026-02-28T09:00:12.118+0000] {dag.py:3696} INFO - Setting next_dagrun for sqlite_to_postgres_incremental to 2026-02-28T00:00:00+00:00, run_after=2026-03-01T00:00:00+00:00
[2026-02-28T09:00:12.143+0000] {processor.py:179} INFO - Processing /opt/airflow/dags/transfer_date_of_bd.py took 0.342 seconds
[2026-02-28T09:00:42.355+0000] {processor.py:157} INFO - Started process (PID=570) to work on /opt/airflow/dags/transfer_date_of_bd.py
[2026-02-28T09:00:42.356+0000] {processor.py:829} INFO - Processing file /opt/airflow/dags/transfer_date_of_bd.py for tasks to queue
[2026-02-28T09:00:42.357+0000] {logging_mixin.py:151} INFO - [2026-02-28T09:00:42.356+0000] {dagbag.py:539} INFO - Filling up the DagBag from /opt/airflow/dags/transfer_date_of_bd.py
[2026-02-28T09:00:42.629+0000] {processor.py:839} INFO - DAG(s) dict_keys(['sqlite_to_postgres_incremental']) retrieved from /opt/airflow/dags/transfer_date_of_bd.py
[2026-02-28T09:00:42.658+0000] {logging_mixin.py:151} INFO - [2026-02-28T09:00:42.657+0000] {dag.py:2915} INFO - Sync 1 DAGs
[2026-02-28T09:00:42.681+0000] {logging_mixin.py:151} INFO - [2026-02-28T09:00:42.681+0000] {dag.py:3696} INFO - Setting next_dagrun for sqlite_to_postgres_incremental to 2026-02-28T00:00:00+00:00, run_after=2026-03-01T00:00:00+00:00
[2026-02-28T09:00:42.705+0000] {processor.py:179} INFO - Processing /opt/airflow/dags/transfer_date_of_bd.py took 0.354 seconds
[2026-02-28T09:01:12.904+0000] {processor.py:157} INFO - Started process (PID=582) to work on /opt/airflow/dags/transfer_date_of_bd.py
[2026-02-28T09:01:12.905+0000] {processor.py:829} INFO - Processing file /opt/airflow/dags/transfer_date_of_bd.py for tasks to queue
[2026-02-28T09:01:12.906+0000] {logging_mixin.py:151} INFO - [2026-02-28T09:01:12.905+0000] {dagbag.py:539} INFO - Filling up the DagBag from /opt/airflow/dags/transfer_date_of_bd.py
[2026-02-28T09:01:13.188+0000] {processor.py:839} INFO - DAG(s) dict_keys(['sqlite_to_postgres_incremental']) retrieved from /opt/airflow/dags/transfer_date_of_bd.py
[2026-02-28T09:01:13.221+0000] {logging_mixin.py:151} INFO - [2026-02-28T09:01:13.219+0000] {dag.py:2915} INFO - Sync 1 DAGs
[2026-02-28T09:01:13.244+0000] {logging_mixin.py:151} INFO - [2026-02-28T09:01:13.243+0000] {dag.py:3696} INFO - Setting next_dagrun for sqlite_to_postgres_incremental to 2026-02-28T00:00:00+00:00, run_after=2026-03-01T00:00:00+00:00
[2026-02-28T09:01:13.267+0000] {processor.py:179} INFO - Processing /opt/airflow/dags/transfer_date_of_bd.py took 0.367 seconds
[2026-02-28T09:01:43.492+0000] {processor.py:157} INFO - Started process (PID=594) to work on /opt/airflow/dags/transfer_date_of_bd.py
[2026-02-28T09:01:43.493+0000] {processor.py:829} INFO - Processing file /opt/airflow/dags/transfer_date_of_bd.py for tasks to queue
[2026-02-28T09:01:43.494+0000] {logging_mixin.py:151} INFO - [2026-02-28T09:01:43.494+0000] {dagbag.py:539} INFO - Filling up the DagBag from /opt/airflow/dags/transfer_date_of_bd.py
[2026-02-28T09:01:43.794+0000] {processor.py:839} INFO - DAG(s) dict_keys(['sqlite_to_postgres_incremental']) retrieved from /opt/airflow/dags/transfer_date_of_bd.py
[2026-02-28T09:01:43.829+0000] {logging_mixin.py:151} INFO - [2026-02-28T09:01:43.829+0000] {dag.py:2915} INFO - Sync 1 DAGs
[2026-02-28T09:01:43.855+0000] {logging_mixin.py:151} INFO - [2026-02-28T09:01:43.855+0000] {dag.py:3696} INFO - Setting next_dagrun for sqlite_to_postgres_incremental to 2026-02-28T00:00:00+00:00, run_after=2026-03-01T00:00:00+00:00
[2026-02-28T09:01:43.882+0000] {processor.py:179} INFO - Processing /opt/airflow/dags/transfer_date_of_bd.py took 0.393 seconds
[2026-02-28T09:02:14.102+0000] {processor.py:157} INFO - Started process (PID=606) to work on /opt/airflow/dags/transfer_date_of_bd.py
[2026-02-28T09:02:14.104+0000] {processor.py:829} INFO - Processing file /opt/airflow/dags/transfer_date_of_bd.py for tasks to queue
[2026-02-28T09:02:14.106+0000] {logging_mixin.py:151} INFO - [2026-02-28T09:02:14.105+0000] {dagbag.py:539} INFO - Filling up the DagBag from /opt/airflow/dags/transfer_date_of_bd.py
[2026-02-28T09:02:14.447+0000] {processor.py:839} INFO - DAG(s) dict_keys(['sqlite_to_postgres_incremental']) retrieved from /opt/airflow/dags/transfer_date_of_bd.py
[2026-02-28T09:02:14.491+0000] {logging_mixin.py:151} INFO - [2026-02-28T09:02:14.489+0000] {dag.py:2915} INFO - Sync 1 DAGs
[2026-02-28T09:02:14.524+0000] {logging_mixin.py:151} INFO - [2026-02-28T09:02:14.524+0000] {dag.py:3696} INFO - Setting next_dagrun for sqlite_to_postgres_incremental to 2026-02-28T00:00:00+00:00, run_after=2026-03-01T00:00:00+00:00
[2026-02-28T09:02:14.555+0000] {processor.py:179} INFO - Processing /opt/airflow/dags/transfer_date_of_bd.py took 0.458 seconds
[2026-02-28T09:02:44.765+0000] {processor.py:157} INFO - Started process (PID=618) to work on /opt/airflow/dags/transfer_date_of_bd.py
[2026-02-28T09:02:44.767+0000] {processor.py:829} INFO - Processing file /opt/airflow/dags/transfer_date_of_bd.py for tasks to queue
[2026-02-28T09:02:44.768+0000] {logging_mixin.py:151} INFO - [2026-02-28T09:02:44.768+0000] {dagbag.py:539} INFO - Filling up the DagBag from /opt/airflow/dags/transfer_date_of_bd.py
[2026-02-28T09:02:45.095+0000] {processor.py:839} INFO - DAG(s) dict_keys(['sqlite_to_postgres_incremental']) retrieved from /opt/airflow/dags/transfer_date_of_bd.py
[2026-02-28T09:02:45.127+0000] {logging_mixin.py:151} INFO - [2026-02-28T09:02:45.126+0000] {dag.py:2915} INFO - Sync 1 DAGs
[2026-02-28T09:02:45.152+0000] {logging_mixin.py:151} INFO - [2026-02-28T09:02:45.152+0000] {dag.py:3696} INFO - Setting next_dagrun for sqlite_to_postgres_incremental to 2026-02-28T00:00:00+00:00, run_after=2026-03-01T00:00:00+00:00
[2026-02-28T09:02:45.181+0000] {processor.py:179} INFO - Processing /opt/airflow/dags/transfer_date_of_bd.py took 0.420 seconds
[2026-02-28T09:03:15.375+0000] {processor.py:157} INFO - Started process (PID=630) to work on /opt/airflow/dags/transfer_date_of_bd.py
[2026-02-28T09:03:15.376+0000] {processor.py:829} INFO - Processing file /opt/airflow/dags/transfer_date_of_bd.py for tasks to queue
[2026-02-28T09:03:15.377+0000] {logging_mixin.py:151} INFO - [2026-02-28T09:03:15.377+0000] {dagbag.py:539} INFO - Filling up the DagBag from /opt/airflow/dags/transfer_date_of_bd.py
[2026-02-28T09:03:15.698+0000] {processor.py:839} INFO - DAG(s) dict_keys(['sqlite_to_postgres_incremental']) retrieved from /opt/airflow/dags/transfer_date_of_bd.py
[2026-02-28T09:03:15.726+0000] {logging_mixin.py:151} INFO - [2026-02-28T09:03:15.725+0000] {dag.py:2915} INFO - Sync 1 DAGs
[2026-02-28T09:03:15.750+0000] {logging_mixin.py:151} INFO - [2026-02-28T09:03:15.750+0000] {dag.py:3696} INFO - Setting next_dagrun for sqlite_to_postgres_incremental to 2026-02-28T00:00:00+00:00, run_after=2026-03-01T00:00:00+00:00
[2026-02-28T09:03:15.773+0000] {processor.py:179} INFO - Processing /opt/airflow/dags/transfer_date_of_bd.py took 0.401 seconds
[2026-02-28T09:03:45.998+0000] {processor.py:157} INFO - Started process (PID=642) to work on /opt/airflow/dags/transfer_date_of_bd.py
[2026-02-28T09:03:45.999+0000] {processor.py:829} INFO - Processing file /opt/airflow/dags/transfer_date_of_bd.py for tasks to queue
[2026-02-28T09:03:46.001+0000] {logging_mixin.py:151} INFO - [2026-02-28T09:03:46.000+0000] {dagbag.py:539} INFO - Filling up the DagBag from /opt/airflow/dags/transfer_date_of_bd.py
[2026-02-28T09:03:46.268+0000] {processor.py:839} INFO - DAG(s) dict_keys(['sqlite_to_postgres_incremental']) retrieved from /opt/airflow/dags/transfer_date_of_bd.py
[2026-02-28T09:03:46.298+0000] {logging_mixin.py:151} INFO - [2026-02-28T09:03:46.297+0000] {dag.py:2915} INFO - Sync 1 DAGs
[2026-02-28T09:03:46.323+0000] {logging_mixin.py:151} INFO - [2026-02-28T09:03:46.323+0000] {dag.py:3696} INFO - Setting next_dagrun for sqlite_to_postgres_incremental to 2026-02-28T00:00:00+00:00, run_after=2026-03-01T00:00:00+00:00
[2026-02-28T09:03:46.344+0000] {processor.py:179} INFO - Processing /opt/airflow/dags/transfer_date_of_bd.py took 0.349 seconds
[2026-02-28T09:04:16.569+0000] {processor.py:157} INFO - Started process (PID=654) to work on /opt/airflow/dags/transfer_date_of_bd.py
[2026-02-28T09:04:16.570+0000] {processor.py:829} INFO - Processing file /opt/airflow/dags/transfer_date_of_bd.py for tasks to queue
[2026-02-28T09:04:16.571+0000] {logging_mixin.py:151} INFO - [2026-02-28T09:04:16.570+0000] {dagbag.py:539} INFO - Filling up the DagBag from /opt/airflow/dags/transfer_date_of_bd.py
[2026-02-28T09:04:16.860+0000] {processor.py:839} INFO - DAG(s) dict_keys(['sqlite_to_postgres_incremental']) retrieved from /opt/airflow/dags/transfer_date_of_bd.py
[2026-02-28T09:04:16.889+0000] {logging_mixin.py:151} INFO - [2026-02-28T09:04:16.888+0000] {dag.py:2915} INFO - Sync 1 DAGs
[2026-02-28T09:04:16.911+0000] {logging_mixin.py:151} INFO - [2026-02-28T09:04:16.911+0000] {dag.py:3696} INFO - Setting next_dagrun for sqlite_to_postgres_incremental to 2026-02-28T00:00:00+00:00, run_after=2026-03-01T00:00:00+00:00
[2026-02-28T09:04:16.936+0000] {processor.py:179} INFO - Processing /opt/airflow/dags/transfer_date_of_bd.py took 0.370 seconds
[2026-02-28T09:04:47.185+0000] {processor.py:157} INFO - Started process (PID=666) to work on /opt/airflow/dags/transfer_date_of_bd.py
[2026-02-28T09:04:47.186+0000] {processor.py:829} INFO - Processing file /opt/airflow/dags/transfer_date_of_bd.py for tasks to queue
[2026-02-28T09:04:47.187+0000] {logging_mixin.py:151} INFO - [2026-02-28T09:04:47.187+0000] {dagbag.py:539} INFO - Filling up the DagBag from /opt/airflow/dags/transfer_date_of_bd.py
[2026-02-28T09:04:47.478+0000] {processor.py:839} INFO - DAG(s) dict_keys(['sqlite_to_postgres_incremental']) retrieved from /opt/airflow/dags/transfer_date_of_bd.py
[2026-02-28T09:04:47.505+0000] {logging_mixin.py:151} INFO - [2026-02-28T09:04:47.505+0000] {dag.py:2915} INFO - Sync 1 DAGs
[2026-02-28T09:04:47.529+0000] {logging_mixin.py:151} INFO - [2026-02-28T09:04:47.529+0000] {dag.py:3696} INFO - Setting next_dagrun for sqlite_to_postgres_incremental to 2026-02-28T00:00:00+00:00, run_after=2026-03-01T00:00:00+00:00
[2026-02-28T09:04:47.549+0000] {processor.py:179} INFO - Processing /opt/airflow/dags/transfer_date_of_bd.py took 0.367 seconds
[2026-02-28T09:05:17.774+0000] {processor.py:157} INFO - Started process (PID=678) to work on /opt/airflow/dags/transfer_date_of_bd.py
[2026-02-28T09:05:17.775+0000] {processor.py:829} INFO - Processing file /opt/airflow/dags/transfer_date_of_bd.py for tasks to queue
[2026-02-28T09:05:17.776+0000] {logging_mixin.py:151} INFO - [2026-02-28T09:05:17.776+0000] {dagbag.py:539} INFO - Filling up the DagBag from /opt/airflow/dags/transfer_date_of_bd.py
[2026-02-28T09:05:18.077+0000] {processor.py:839} INFO - DAG(s) dict_keys(['sqlite_to_postgres_incremental']) retrieved from /opt/airflow/dags/transfer_date_of_bd.py
[2026-02-28T09:05:18.107+0000] {logging_mixin.py:151} INFO - [2026-02-28T09:05:18.106+0000] {dag.py:2915} INFO - Sync 1 DAGs
[2026-02-28T09:05:18.133+0000] {logging_mixin.py:151} INFO - [2026-02-28T09:05:18.133+0000] {dag.py:3696} INFO - Setting next_dagrun for sqlite_to_postgres_incremental to 2026-02-28T00:00:00+00:00, run_after=2026-03-01T00:00:00+00:00
[2026-02-28T09:05:18.155+0000] {processor.py:179} INFO - Processing /opt/airflow/dags/transfer_date_of_bd.py took 0.386 seconds
[2026-02-28T09:05:48.369+0000] {processor.py:157} INFO - Started process (PID=690) to work on /opt/airflow/dags/transfer_date_of_bd.py
[2026-02-28T09:05:48.370+0000] {processor.py:829} INFO - Processing file /opt/airflow/dags/transfer_date_of_bd.py for tasks to queue
[2026-02-28T09:05:48.371+0000] {logging_mixin.py:151} INFO - [2026-02-28T09:05:48.371+0000] {dagbag.py:539} INFO - Filling up the DagBag from /opt/airflow/dags/transfer_date_of_bd.py
[2026-02-28T09:05:48.648+0000] {processor.py:839} INFO - DAG(s) dict_keys(['sqlite_to_postgres_incremental']) retrieved from /opt/airflow/dags/transfer_date_of_bd.py
[2026-02-28T09:05:48.674+0000] {logging_mixin.py:151} INFO - [2026-02-28T09:05:48.674+0000] {dag.py:2915} INFO - Sync 1 DAGs
[2026-02-28T09:05:48.696+0000] {logging_mixin.py:151} INFO - [2026-02-28T09:05:48.696+0000] {dag.py:3696} INFO - Setting next_dagrun for sqlite_to_postgres_incremental to 2026-02-28T00:00:00+00:00, run_after=2026-03-01T00:00:00+00:00
[2026-02-28T09:05:48.717+0000] {processor.py:179} INFO - Processing /opt/airflow/dags/transfer_date_of_bd.py took 0.352 seconds
[2026-02-28T09:06:18.926+0000] {processor.py:157} INFO - Started process (PID=702) to work on /opt/airflow/dags/transfer_date_of_bd.py
[2026-02-28T09:06:18.927+0000] {processor.py:829} INFO - Processing file /opt/airflow/dags/transfer_date_of_bd.py for tasks to queue
[2026-02-28T09:06:18.928+0000] {logging_mixin.py:151} INFO - [2026-02-28T09:06:18.928+0000] {dagbag.py:539} INFO - Filling up the DagBag from /opt/airflow/dags/transfer_date_of_bd.py
[2026-02-28T09:06:19.207+0000] {processor.py:839} INFO - DAG(s) dict_keys(['sqlite_to_postgres_incremental']) retrieved from /opt/airflow/dags/transfer_date_of_bd.py
[2026-02-28T09:06:19.240+0000] {logging_mixin.py:151} INFO - [2026-02-28T09:06:19.239+0000] {dag.py:2915} INFO - Sync 1 DAGs
[2026-02-28T09:06:19.270+0000] {logging_mixin.py:151} INFO - [2026-02-28T09:06:19.270+0000] {dag.py:3696} INFO - Setting next_dagrun for sqlite_to_postgres_incremental to 2026-02-28T00:00:00+00:00, run_after=2026-03-01T00:00:00+00:00
[2026-02-28T09:06:19.307+0000] {processor.py:179} INFO - Processing /opt/airflow/dags/transfer_date_of_bd.py took 0.384 seconds
[2026-02-28T09:06:49.550+0000] {processor.py:157} INFO - Started process (PID=714) to work on /opt/airflow/dags/transfer_date_of_bd.py
[2026-02-28T09:06:49.552+0000] {processor.py:829} INFO - Processing file /opt/airflow/dags/transfer_date_of_bd.py for tasks to queue
[2026-02-28T09:06:49.553+0000] {logging_mixin.py:151} INFO - [2026-02-28T09:06:49.553+0000] {dagbag.py:539} INFO - Filling up the DagBag from /opt/airflow/dags/transfer_date_of_bd.py
[2026-02-28T09:06:49.865+0000] {processor.py:839} INFO - DAG(s) dict_keys(['sqlite_to_postgres_incremental']) retrieved from /opt/airflow/dags/transfer_date_of_bd.py
[2026-02-28T09:06:49.896+0000] {logging_mixin.py:151} INFO - [2026-02-28T09:06:49.896+0000] {dag.py:2915} INFO - Sync 1 DAGs
[2026-02-28T09:06:49.922+0000] {logging_mixin.py:151} INFO - [2026-02-28T09:06:49.921+0000] {dag.py:3696} INFO - Setting next_dagrun for sqlite_to_postgres_incremental to 2026-02-28T00:00:00+00:00, run_after=2026-03-01T00:00:00+00:00
[2026-02-28T09:06:49.947+0000] {processor.py:179} INFO - Processing /opt/airflow/dags/transfer_date_of_bd.py took 0.401 seconds
[2026-02-28T09:07:20.176+0000] {processor.py:157} INFO - Started process (PID=726) to work on /opt/airflow/dags/transfer_date_of_bd.py
[2026-02-28T09:07:20.177+0000] {processor.py:829} INFO - Processing file /opt/airflow/dags/transfer_date_of_bd.py for tasks to queue
[2026-02-28T09:07:20.178+0000] {logging_mixin.py:151} INFO - [2026-02-28T09:07:20.178+0000] {dagbag.py:539} INFO - Filling up the DagBag from /opt/airflow/dags/transfer_date_of_bd.py
[2026-02-28T09:07:20.505+0000] {processor.py:839} INFO - DAG(s) dict_keys(['sqlite_to_postgres_incremental']) retrieved from /opt/airflow/dags/transfer_date_of_bd.py
[2026-02-28T09:07:20.540+0000] {logging_mixin.py:151} INFO - [2026-02-28T09:07:20.539+0000] {dag.py:2915} INFO - Sync 1 DAGs
[2026-02-28T09:07:20.567+0000] {logging_mixin.py:151} INFO - [2026-02-28T09:07:20.566+0000] {dag.py:3696} INFO - Setting next_dagrun for sqlite_to_postgres_incremental to 2026-02-28T00:00:00+00:00, run_after=2026-03-01T00:00:00+00:00
[2026-02-28T09:07:20.594+0000] {processor.py:179} INFO - Processing /opt/airflow/dags/transfer_date_of_bd.py took 0.423 seconds
[2026-02-28T09:07:50.817+0000] {processor.py:157} INFO - Started process (PID=738) to work on /opt/airflow/dags/transfer_date_of_bd.py
[2026-02-28T09:07:50.818+0000] {processor.py:829} INFO - Processing file /opt/airflow/dags/transfer_date_of_bd.py for tasks to queue
[2026-02-28T09:07:50.819+0000] {logging_mixin.py:151} INFO - [2026-02-28T09:07:50.818+0000] {dagbag.py:539} INFO - Filling up the DagBag from /opt/airflow/dags/transfer_date_of_bd.py
[2026-02-28T09:07:51.115+0000] {processor.py:839} INFO - DAG(s) dict_keys(['sqlite_to_postgres_incremental']) retrieved from /opt/airflow/dags/transfer_date_of_bd.py
[2026-02-28T09:07:51.149+0000] {logging_mixin.py:151} INFO - [2026-02-28T09:07:51.148+0000] {dag.py:2915} INFO - Sync 1 DAGs
[2026-02-28T09:07:51.174+0000] {logging_mixin.py:151} INFO - [2026-02-28T09:07:51.173+0000] {dag.py:3696} INFO - Setting next_dagrun for sqlite_to_postgres_incremental to 2026-02-28T00:00:00+00:00, run_after=2026-03-01T00:00:00+00:00
[2026-02-28T09:07:51.203+0000] {processor.py:179} INFO - Processing /opt/airflow/dags/transfer_date_of_bd.py took 0.390 seconds
[2026-02-28T09:08:21.440+0000] {processor.py:157} INFO - Started process (PID=750) to work on /opt/airflow/dags/transfer_date_of_bd.py
[2026-02-28T09:08:21.441+0000] {processor.py:829} INFO - Processing file /opt/airflow/dags/transfer_date_of_bd.py for tasks to queue
[2026-02-28T09:08:21.442+0000] {logging_mixin.py:151} INFO - [2026-02-28T09:08:21.442+0000] {dagbag.py:539} INFO - Filling up the DagBag from /opt/airflow/dags/transfer_date_of_bd.py
[2026-02-28T09:08:21.719+0000] {processor.py:839} INFO - DAG(s) dict_keys(['sqlite_to_postgres_incremental']) retrieved from /opt/airflow/dags/transfer_date_of_bd.py
[2026-02-28T09:08:21.748+0000] {logging_mixin.py:151} INFO - [2026-02-28T09:08:21.747+0000] {dag.py:2915} INFO - Sync 1 DAGs
[2026-02-28T09:08:21.773+0000] {logging_mixin.py:151} INFO - [2026-02-28T09:08:21.772+0000] {dag.py:3696} INFO - Setting next_dagrun for sqlite_to_postgres_incremental to 2026-02-28T00:00:00+00:00, run_after=2026-03-01T00:00:00+00:00
[2026-02-28T09:08:21.795+0000] {processor.py:179} INFO - Processing /opt/airflow/dags/transfer_date_of_bd.py took 0.359 seconds
[2026-02-28T09:08:52.009+0000] {processor.py:157} INFO - Started process (PID=762) to work on /opt/airflow/dags/transfer_date_of_bd.py
[2026-02-28T09:08:52.011+0000] {processor.py:829} INFO - Processing file /opt/airflow/dags/transfer_date_of_bd.py for tasks to queue
[2026-02-28T09:08:52.012+0000] {logging_mixin.py:151} INFO - [2026-02-28T09:08:52.011+0000] {dagbag.py:539} INFO - Filling up the DagBag from /opt/airflow/dags/transfer_date_of_bd.py
[2026-02-28T09:08:52.276+0000] {processor.py:839} INFO - DAG(s) dict_keys(['sqlite_to_postgres_incremental']) retrieved from /opt/airflow/dags/transfer_date_of_bd.py
[2026-02-28T09:08:52.303+0000] {logging_mixin.py:151} INFO - [2026-02-28T09:08:52.302+0000] {dag.py:2915} INFO - Sync 1 DAGs
[2026-02-28T09:08:52.325+0000] {logging_mixin.py:151} INFO - [2026-02-28T09:08:52.325+0000] {dag.py:3696} INFO - Setting next_dagrun for sqlite_to_postgres_incremental to 2026-02-28T00:00:00+00:00, run_after=2026-03-01T00:00:00+00:00
[2026-02-28T09:08:52.347+0000] {processor.py:179} INFO - Processing /opt/airflow/dags/transfer_date_of_bd.py took 0.341 seconds
[2026-02-28T09:09:22.555+0000] {processor.py:157} INFO - Started process (PID=774) to work on /opt/airflow/dags/transfer_date_of_bd.py
[2026-02-28T09:09:22.557+0000] {processor.py:829} INFO - Processing file /opt/airflow/dags/transfer_date_of_bd.py for tasks to queue
[2026-02-28T09:09:22.558+0000] {logging_mixin.py:151} INFO - [2026-02-28T09:09:22.557+0000] {dagbag.py:539} INFO - Filling up the DagBag from /opt/airflow/dags/transfer_date_of_bd.py
[2026-02-28T09:09:22.824+0000] {processor.py:839} INFO - DAG(s) dict_keys(['sqlite_to_postgres_incremental']) retrieved from /opt/airflow/dags/transfer_date_of_bd.py
[2026-02-28T09:09:22.855+0000] {logging_mixin.py:151} INFO - [2026-02-28T09:09:22.854+0000] {dag.py:2915} INFO - Sync 1 DAGs
[2026-02-28T09:09:22.875+0000] {logging_mixin.py:151} INFO - [2026-02-28T09:09:22.875+0000] {dag.py:3696} INFO - Setting next_dagrun for sqlite_to_postgres_incremental to 2026-02-28T00:00:00+00:00, run_after=2026-03-01T00:00:00+00:00
[2026-02-28T09:09:22.898+0000] {processor.py:179} INFO - Processing /opt/airflow/dags/transfer_date_of_bd.py took 0.346 seconds
[2026-02-28T09:09:53.103+0000] {processor.py:157} INFO - Started process (PID=786) to work on /opt/airflow/dags/transfer_date_of_bd.py
[2026-02-28T09:09:53.104+0000] {processor.py:829} INFO - Processing file /opt/airflow/dags/transfer_date_of_bd.py for tasks to queue
[2026-02-28T09:09:53.105+0000] {logging_mixin.py:151} INFO - [2026-02-28T09:09:53.105+0000] {dagbag.py:539} INFO - Filling up the DagBag from /opt/airflow/dags/transfer_date_of_bd.py
[2026-02-28T09:09:53.399+0000] {processor.py:839} INFO - DAG(s) dict_keys(['sqlite_to_postgres_incremental']) retrieved from /opt/airflow/dags/transfer_date_of_bd.py
[2026-02-28T09:09:53.429+0000] {logging_mixin.py:151} INFO - [2026-02-28T09:09:53.428+0000] {dag.py:2915} INFO - Sync 1 DAGs
[2026-02-28T09:09:53.450+0000] {logging_mixin.py:151} INFO - [2026-02-28T09:09:53.450+0000] {dag.py:3696} INFO - Setting next_dagrun for sqlite_to_postgres_incremental to 2026-02-28T00:00:00+00:00, run_after=2026-03-01T00:00:00+00:00
[2026-02-28T09:09:53.482+0000] {processor.py:179} INFO - Processing /opt/airflow/dags/transfer_date_of_bd.py took 0.383 seconds
[2026-02-28T09:10:23.707+0000] {processor.py:157} INFO - Started process (PID=798) to work on /opt/airflow/dags/transfer_date_of_bd.py
[2026-02-28T09:10:23.708+0000] {processor.py:829} INFO - Processing file /opt/airflow/dags/transfer_date_of_bd.py for tasks to queue
[2026-02-28T09:10:23.709+0000] {logging_mixin.py:151} INFO - [2026-02-28T09:10:23.709+0000] {dagbag.py:539} INFO - Filling up the DagBag from /opt/airflow/dags/transfer_date_of_bd.py
[2026-02-28T09:10:23.995+0000] {processor.py:839} INFO - DAG(s) dict_keys(['sqlite_to_postgres_incremental']) retrieved from /opt/airflow/dags/transfer_date_of_bd.py
[2026-02-28T09:10:24.022+0000] {logging_mixin.py:151} INFO - [2026-02-28T09:10:24.021+0000] {dag.py:2915} INFO - Sync 1 DAGs
[2026-02-28T09:10:24.043+0000] {logging_mixin.py:151} INFO - [2026-02-28T09:10:24.042+0000] {dag.py:3696} INFO - Setting next_dagrun for sqlite_to_postgres_incremental to 2026-02-28T00:00:00+00:00, run_after=2026-03-01T00:00:00+00:00
[2026-02-28T09:10:24.067+0000] {processor.py:179} INFO - Processing /opt/airflow/dags/transfer_date_of_bd.py took 0.363 seconds
[2026-02-28T09:10:54.286+0000] {processor.py:157} INFO - Started process (PID=810) to work on /opt/airflow/dags/transfer_date_of_bd.py
[2026-02-28T09:10:54.288+0000] {processor.py:829} INFO - Processing file /opt/airflow/dags/transfer_date_of_bd.py for tasks to queue
[2026-02-28T09:10:54.289+0000] {logging_mixin.py:151} INFO - [2026-02-28T09:10:54.288+0000] {dagbag.py:539} INFO - Filling up the DagBag from /opt/airflow/dags/transfer_date_of_bd.py
[2026-02-28T09:10:54.580+0000] {processor.py:839} INFO - DAG(s) dict_keys(['sqlite_to_postgres_incremental']) retrieved from /opt/airflow/dags/transfer_date_of_bd.py
[2026-02-28T09:10:54.608+0000] {logging_mixin.py:151} INFO - [2026-02-28T09:10:54.608+0000] {dag.py:2915} INFO - Sync 1 DAGs
[2026-02-28T09:10:54.635+0000] {logging_mixin.py:151} INFO - [2026-02-28T09:10:54.634+0000] {dag.py:3696} INFO - Setting next_dagrun for sqlite_to_postgres_incremental to 2026-02-28T00:00:00+00:00, run_after=2026-03-01T00:00:00+00:00
[2026-02-28T09:10:54.658+0000] {processor.py:179} INFO - Processing /opt/airflow/dags/transfer_date_of_bd.py took 0.375 seconds
[2026-02-28T09:11:24.880+0000] {processor.py:157} INFO - Started process (PID=822) to work on /opt/airflow/dags/transfer_date_of_bd.py
[2026-02-28T09:11:24.881+0000] {processor.py:829} INFO - Processing file /opt/airflow/dags/transfer_date_of_bd.py for tasks to queue
[2026-02-28T09:11:24.882+0000] {logging_mixin.py:151} INFO - [2026-02-28T09:11:24.882+0000] {dagbag.py:539} INFO - Filling up the DagBag from /opt/airflow/dags/transfer_date_of_bd.py
[2026-02-28T09:11:25.173+0000] {processor.py:839} INFO - DAG(s) dict_keys(['sqlite_to_postgres_incremental']) retrieved from /opt/airflow/dags/transfer_date_of_bd.py
[2026-02-28T09:11:25.204+0000] {logging_mixin.py:151} INFO - [2026-02-28T09:11:25.203+0000] {dag.py:2915} INFO - Sync 1 DAGs
[2026-02-28T09:11:25.227+0000] {logging_mixin.py:151} INFO - [2026-02-28T09:11:25.226+0000] {dag.py:3696} INFO - Setting next_dagrun for sqlite_to_postgres_incremental to 2026-02-28T00:00:00+00:00, run_after=2026-03-01T00:00:00+00:00
[2026-02-28T09:11:25.248+0000] {processor.py:179} INFO - Processing /opt/airflow/dags/transfer_date_of_bd.py took 0.372 seconds
[2026-02-28T09:11:55.479+0000] {processor.py:157} INFO - Started process (PID=834) to work on /opt/airflow/dags/transfer_date_of_bd.py
[2026-02-28T09:11:55.480+0000] {processor.py:829} INFO - Processing file /opt/airflow/dags/transfer_date_of_bd.py for tasks to queue
[2026-02-28T09:11:55.482+0000] {logging_mixin.py:151} INFO - [2026-02-28T09:11:55.481+0000] {dagbag.py:539} INFO - Filling up the DagBag from /opt/airflow/dags/transfer_date_of_bd.py
[2026-02-28T09:11:55.791+0000] {processor.py:839} INFO - DAG(s) dict_keys(['sqlite_to_postgres_incremental']) retrieved from /opt/airflow/dags/transfer_date_of_bd.py
[2026-02-28T09:11:55.822+0000] {logging_mixin.py:151} INFO - [2026-02-28T09:11:55.821+0000] {dag.py:2915} INFO - Sync 1 DAGs
[2026-02-28T09:11:55.847+0000] {logging_mixin.py:151} INFO - [2026-02-28T09:11:55.847+0000] {dag.py:3696} INFO - Setting next_dagrun for sqlite_to_postgres_incremental to 2026-02-28T00:00:00+00:00, run_after=2026-03-01T00:00:00+00:00
[2026-02-28T09:11:55.871+0000] {processor.py:179} INFO - Processing /opt/airflow/dags/transfer_date_of_bd.py took 0.396 seconds
[2026-02-28T09:12:26.111+0000] {processor.py:157} INFO - Started process (PID=846) to work on /opt/airflow/dags/transfer_date_of_bd.py
[2026-02-28T09:12:26.112+0000] {processor.py:829} INFO - Processing file /opt/airflow/dags/transfer_date_of_bd.py for tasks to queue
[2026-02-28T09:12:26.113+0000] {logging_mixin.py:151} INFO - [2026-02-28T09:12:26.113+0000] {dagbag.py:539} INFO - Filling up the DagBag from /opt/airflow/dags/transfer_date_of_bd.py
[2026-02-28T09:12:26.423+0000] {processor.py:839} INFO - DAG(s) dict_keys(['sqlite_to_postgres_incremental']) retrieved from /opt/airflow/dags/transfer_date_of_bd.py
[2026-02-28T09:12:26.452+0000] {logging_mixin.py:151} INFO - [2026-02-28T09:12:26.451+0000] {dag.py:2915} INFO - Sync 1 DAGs
[2026-02-28T09:12:26.479+0000] {logging_mixin.py:151} INFO - [2026-02-28T09:12:26.479+0000] {dag.py:3696} INFO - Setting next_dagrun for sqlite_to_postgres_incremental to 2026-02-28T00:00:00+00:00, run_after=2026-03-01T00:00:00+00:00
[2026-02-28T09:12:26.505+0000] {processor.py:179} INFO - Processing /opt/airflow/dags/transfer_date_of_bd.py took 0.398 seconds
[2026-02-28T09:12:56.726+0000] {processor.py:157} INFO - Started process (PID=858) to work on /opt/airflow/dags/transfer_date_of_bd.py
[2026-02-28T09:12:56.727+0000] {processor.py:829} INFO - Processing file /opt/airflow/dags/transfer_date_of_bd.py for tasks to queue
[2026-02-28T09:12:56.728+0000] {logging_mixin.py:151} INFO - [2026-02-28T09:12:56.728+0000] {dagbag.py:539} INFO - Filling up the DagBag from /opt/airflow/dags/transfer_date_of_bd.py
[2026-02-28T09:12:57.053+0000] {processor.py:839} INFO - DAG(s) dict_keys(['sqlite_to_postgres_incremental']) retrieved from /opt/airflow/dags/transfer_date_of_bd.py
[2026-02-28T09:12:57.088+0000] {logging_mixin.py:151} INFO - [2026-02-28T09:12:57.088+0000] {dag.py:2915} INFO - Sync 1 DAGs
[2026-02-28T09:12:57.118+0000] {logging_mixin.py:151} INFO - [2026-02-28T09:12:57.118+0000] {dag.py:3696} INFO - Setting next_dagrun for sqlite_to_postgres_incremental to 2026-02-28T00:00:00+00:00, run_after=2026-03-01T00:00:00+00:00
[2026-02-28T09:12:57.146+0000] {processor.py:179} INFO - Processing /opt/airflow/dags/transfer_date_of_bd.py took 0.423 seconds
[2026-02-28T09:13:27.363+0000] {processor.py:157} INFO - Started process (PID=870) to work on /opt/airflow/dags/transfer_date_of_bd.py
[2026-02-28T09:13:27.364+0000] {processor.py:829} INFO - Processing file /opt/airflow/dags/transfer_date_of_bd.py for tasks to queue
[2026-02-28T09:13:27.365+0000] {logging_mixin.py:151} INFO - [2026-02-28T09:13:27.365+0000] {dagbag.py:539} INFO - Filling up the DagBag from /opt/airflow/dags/transfer_date_of_bd.py
[2026-02-28T09:13:27.642+0000] {processor.py:839} INFO - DAG(s) dict_keys(['sqlite_to_postgres_incremental']) retrieved from /opt/airflow/dags/transfer_date_of_bd.py
[2026-02-28T09:13:27.667+0000] {logging_mixin.py:151} INFO - [2026-02-28T09:13:27.666+0000] {dag.py:2915} INFO - Sync 1 DAGs
[2026-02-28T09:13:27.690+0000] {logging_mixin.py:151} INFO - [2026-02-28T09:13:27.690+0000] {dag.py:3696} INFO - Setting next_dagrun for sqlite_to_postgres_incremental to 2026-02-28T00:00:00+00:00, run_after=2026-03-01T00:00:00+00:00
[2026-02-28T09:13:27.712+0000] {processor.py:179} INFO - Processing /opt/airflow/dags/transfer_date_of_bd.py took 0.353 seconds
[2026-02-28T09:13:57.932+0000] {processor.py:157} INFO - Started process (PID=882) to work on /opt/airflow/dags/transfer_date_of_bd.py
[2026-02-28T09:13:57.933+0000] {processor.py:829} INFO - Processing file /opt/airflow/dags/transfer_date_of_bd.py for tasks to queue
[2026-02-28T09:13:57.935+0000] {logging_mixin.py:151} INFO - [2026-02-28T09:13:57.934+0000] {dagbag.py:539} INFO - Filling up the DagBag from /opt/airflow/dags/transfer_date_of_bd.py
[2026-02-28T09:13:58.231+0000] {processor.py:839} INFO - DAG(s) dict_keys(['sqlite_to_postgres_incremental']) retrieved from /opt/airflow/dags/transfer_date_of_bd.py
[2026-02-28T09:13:58.261+0000] {logging_mixin.py:151} INFO - [2026-02-28T09:13:58.261+0000] {dag.py:2915} INFO - Sync 1 DAGs
[2026-02-28T09:13:58.288+0000] {logging_mixin.py:151} INFO - [2026-02-28T09:13:58.288+0000] {dag.py:3696} INFO - Setting next_dagrun for sqlite_to_postgres_incremental to 2026-02-28T00:00:00+00:00, run_after=2026-03-01T00:00:00+00:00
[2026-02-28T09:13:58.310+0000] {processor.py:179} INFO - Processing /opt/airflow/dags/transfer_date_of_bd.py took 0.382 seconds
[2026-02-28T09:14:28.559+0000] {processor.py:157} INFO - Started process (PID=894) to work on /opt/airflow/dags/transfer_date_of_bd.py
[2026-02-28T09:14:28.560+0000] {processor.py:829} INFO - Processing file /opt/airflow/dags/transfer_date_of_bd.py for tasks to queue
[2026-02-28T09:14:28.561+0000] {logging_mixin.py:151} INFO - [2026-02-28T09:14:28.560+0000] {dagbag.py:539} INFO - Filling up the DagBag from /opt/airflow/dags/transfer_date_of_bd.py
[2026-02-28T09:14:28.834+0000] {processor.py:839} INFO - DAG(s) dict_keys(['sqlite_to_postgres_incremental']) retrieved from /opt/airflow/dags/transfer_date_of_bd.py
[2026-02-28T09:14:28.863+0000] {logging_mixin.py:151} INFO - [2026-02-28T09:14:28.863+0000] {dag.py:2915} INFO - Sync 1 DAGs
[2026-02-28T09:14:28.887+0000] {logging_mixin.py:151} INFO - [2026-02-28T09:14:28.887+0000] {dag.py:3696} INFO - Setting next_dagrun for sqlite_to_postgres_incremental to 2026-02-28T00:00:00+00:00, run_after=2026-03-01T00:00:00+00:00
[2026-02-28T09:14:28.913+0000] {processor.py:179} INFO - Processing /opt/airflow/dags/transfer_date_of_bd.py took 0.357 seconds
[2026-02-28T09:14:59.131+0000] {processor.py:157} INFO - Started process (PID=906) to work on /opt/airflow/dags/transfer_date_of_bd.py
[2026-02-28T09:14:59.132+0000] {processor.py:829} INFO - Processing file /opt/airflow/dags/transfer_date_of_bd.py for tasks to queue
[2026-02-28T09:14:59.133+0000] {logging_mixin.py:151} INFO - [2026-02-28T09:14:59.133+0000] {dagbag.py:539} INFO - Filling up the DagBag from /opt/airflow/dags/transfer_date_of_bd.py
[2026-02-28T09:14:59.420+0000] {processor.py:839} INFO - DAG(s) dict_keys(['sqlite_to_postgres_incremental']) retrieved from /opt/airflow/dags/transfer_date_of_bd.py
[2026-02-28T09:14:59.450+0000] {logging_mixin.py:151} INFO - [2026-02-28T09:14:59.450+0000] {dag.py:2915} INFO - Sync 1 DAGs
[2026-02-28T09:14:59.476+0000] {logging_mixin.py:151} INFO - [2026-02-28T09:14:59.476+0000] {dag.py:3696} INFO - Setting next_dagrun for sqlite_to_postgres_incremental to 2026-02-28T00:00:00+00:00, run_after=2026-03-01T00:00:00+00:00
[2026-02-28T09:14:59.500+0000] {processor.py:179} INFO - Processing /opt/airflow/dags/transfer_date_of_bd.py took 0.373 seconds
[2026-02-28T09:15:29.724+0000] {processor.py:157} INFO - Started process (PID=918) to work on /opt/airflow/dags/transfer_date_of_bd.py
[2026-02-28T09:15:29.726+0000] {processor.py:829} INFO - Processing file /opt/airflow/dags/transfer_date_of_bd.py for tasks to queue
[2026-02-28T09:15:29.728+0000] {logging_mixin.py:151} INFO - [2026-02-28T09:15:29.727+0000] {dagbag.py:539} INFO - Filling up the DagBag from /opt/airflow/dags/transfer_date_of_bd.py
[2026-02-28T09:15:30.016+0000] {processor.py:839} INFO - DAG(s) dict_keys(['sqlite_to_postgres_incremental']) retrieved from /opt/airflow/dags/transfer_date_of_bd.py
[2026-02-28T09:15:30.045+0000] {logging_mixin.py:151} INFO - [2026-02-28T09:15:30.045+0000] {dag.py:2915} INFO - Sync 1 DAGs
[2026-02-28T09:15:30.068+0000] {logging_mixin.py:151} INFO - [2026-02-28T09:15:30.068+0000] {dag.py:3696} INFO - Setting next_dagrun for sqlite_to_postgres_incremental to 2026-02-28T00:00:00+00:00, run_after=2026-03-01T00:00:00+00:00
[2026-02-28T09:15:30.090+0000] {processor.py:179} INFO - Processing /opt/airflow/dags/transfer_date_of_bd.py took 0.370 seconds
[2026-02-28T09:16:00.301+0000] {processor.py:157} INFO - Started process (PID=930) to work on /opt/airflow/dags/transfer_date_of_bd.py
[2026-02-28T09:16:00.302+0000] {processor.py:829} INFO - Processing file /opt/airflow/dags/transfer_date_of_bd.py for tasks to queue
[2026-02-28T09:16:00.303+0000] {logging_mixin.py:151} INFO - [2026-02-28T09:16:00.303+0000] {dagbag.py:539} INFO - Filling up the DagBag from /opt/airflow/dags/transfer_date_of_bd.py
[2026-02-28T09:16:00.595+0000] {processor.py:839} INFO - DAG(s) dict_keys(['sqlite_to_postgres_incremental']) retrieved from /opt/airflow/dags/transfer_date_of_bd.py
[2026-02-28T09:16:00.624+0000] {logging_mixin.py:151} INFO - [2026-02-28T09:16:00.623+0000] {dag.py:2915} INFO - Sync 1 DAGs
[2026-02-28T09:16:00.647+0000] {logging_mixin.py:151} INFO - [2026-02-28T09:16:00.647+0000] {dag.py:3696} INFO - Setting next_dagrun for sqlite_to_postgres_incremental to 2026-02-28T00:00:00+00:00, run_after=2026-03-01T00:00:00+00:00
[2026-02-28T09:16:00.672+0000] {processor.py:179} INFO - Processing /opt/airflow/dags/transfer_date_of_bd.py took 0.374 seconds
[2026-02-28T09:16:30.891+0000] {processor.py:157} INFO - Started process (PID=942) to work on /opt/airflow/dags/transfer_date_of_bd.py
[2026-02-28T09:16:30.892+0000] {processor.py:829} INFO - Processing file /opt/airflow/dags/transfer_date_of_bd.py for tasks to queue
[2026-02-28T09:16:30.893+0000] {logging_mixin.py:151} INFO - [2026-02-28T09:16:30.893+0000] {dagbag.py:539} INFO - Filling up the DagBag from /opt/airflow/dags/transfer_date_of_bd.py
[2026-02-28T09:16:31.164+0000] {processor.py:839} INFO - DAG(s) dict_keys(['sqlite_to_postgres_incremental']) retrieved from /opt/airflow/dags/transfer_date_of_bd.py
[2026-02-28T09:16:31.189+0000] {logging_mixin.py:151} INFO - [2026-02-28T09:16:31.188+0000] {dag.py:2915} INFO - Sync 1 DAGs
[2026-02-28T09:16:31.213+0000] {logging_mixin.py:151} INFO - [2026-02-28T09:16:31.213+0000] {dag.py:3696} INFO - Setting next_dagrun for sqlite_to_postgres_incremental to 2026-02-28T00:00:00+00:00, run_after=2026-03-01T00:00:00+00:00
[2026-02-28T09:16:31.236+0000] {processor.py:179} INFO - Processing /opt/airflow/dags/transfer_date_of_bd.py took 0.348 seconds
[2026-02-28T09:17:01.450+0000] {processor.py:157} INFO - Started process (PID=954) to work on /opt/airflow/dags/transfer_date_of_bd.py
[2026-02-28T09:17:01.452+0000] {processor.py:829} INFO - Processing file /opt/airflow/dags/transfer_date_of_bd.py for tasks to queue
[2026-02-28T09:17:01.453+0000] {logging_mixin.py:151} INFO - [2026-02-28T09:17:01.452+0000] {dagbag.py:539} INFO - Filling up the DagBag from /opt/airflow/dags/transfer_date_of_bd.py
[2026-02-28T09:17:01.797+0000] {processor.py:839} INFO - DAG(s) dict_keys(['sqlite_to_postgres_incremental']) retrieved from /opt/airflow/dags/transfer_date_of_bd.py
[2026-02-28T09:17:01.830+0000] {logging_mixin.py:151} INFO - [2026-02-28T09:17:01.826+0000] {dag.py:2915} INFO - Sync 1 DAGs
[2026-02-28T09:17:01.859+0000] {logging_mixin.py:151} INFO - [2026-02-28T09:17:01.859+0000] {dag.py:3696} INFO - Setting next_dagrun for sqlite_to_postgres_incremental to 2026-02-28T00:00:00+00:00, run_after=2026-03-01T00:00:00+00:00
[2026-02-28T09:17:01.882+0000] {processor.py:179} INFO - Processing /opt/airflow/dags/transfer_date_of_bd.py took 0.435 seconds
[2026-02-28T09:17:32.080+0000] {processor.py:157} INFO - Started process (PID=966) to work on /opt/airflow/dags/transfer_date_of_bd.py
[2026-02-28T09:17:32.082+0000] {processor.py:829} INFO - Processing file /opt/airflow/dags/transfer_date_of_bd.py for tasks to queue
[2026-02-28T09:17:32.083+0000] {logging_mixin.py:151} INFO - [2026-02-28T09:17:32.083+0000] {dagbag.py:539} INFO - Filling up the DagBag from /opt/airflow/dags/transfer_date_of_bd.py
[2026-02-28T09:17:32.410+0000] {processor.py:839} INFO - DAG(s) dict_keys(['sqlite_to_postgres_incremental']) retrieved from /opt/airflow/dags/transfer_date_of_bd.py
[2026-02-28T09:17:32.446+0000] {logging_mixin.py:151} INFO - [2026-02-28T09:17:32.445+0000] {dag.py:2915} INFO - Sync 1 DAGs
[2026-02-28T09:17:32.473+0000] {logging_mixin.py:151} INFO - [2026-02-28T09:17:32.473+0000] {dag.py:3696} INFO - Setting next_dagrun for sqlite_to_postgres_incremental to 2026-02-28T00:00:00+00:00, run_after=2026-03-01T00:00:00+00:00
[2026-02-28T09:17:32.499+0000] {processor.py:179} INFO - Processing /opt/airflow/dags/transfer_date_of_bd.py took 0.423 seconds
[2026-02-28T09:18:02.703+0000] {processor.py:157} INFO - Started process (PID=978) to work on /opt/airflow/dags/transfer_date_of_bd.py
[2026-02-28T09:18:02.704+0000] {processor.py:829} INFO - Processing file /opt/airflow/dags/transfer_date_of_bd.py for tasks to queue
[2026-02-28T09:18:02.705+0000] {logging_mixin.py:151} INFO - [2026-02-28T09:18:02.705+0000] {dagbag.py:539} INFO - Filling up the DagBag from /opt/airflow/dags/transfer_date_of_bd.py
[2026-02-28T09:18:03.046+0000] {processor.py:839} INFO - DAG(s) dict_keys(['sqlite_to_postgres_incremental']) retrieved from /opt/airflow/dags/transfer_date_of_bd.py
[2026-02-28T09:18:03.077+0000] {logging_mixin.py:151} INFO - [2026-02-28T09:18:03.077+0000] {dag.py:2915} INFO - Sync 1 DAGs
[2026-02-28T09:18:03.103+0000] {logging_mixin.py:151} INFO - [2026-02-28T09:18:03.103+0000] {dag.py:3696} INFO - Setting next_dagrun for sqlite_to_postgres_incremental to 2026-02-28T00:00:00+00:00, run_after=2026-03-01T00:00:00+00:00
[2026-02-28T09:18:03.130+0000] {processor.py:179} INFO - Processing /opt/airflow/dags/transfer_date_of_bd.py took 0.431 seconds
[2026-02-28T09:18:33.347+0000] {processor.py:157} INFO - Started process (PID=990) to work on /opt/airflow/dags/transfer_date_of_bd.py
[2026-02-28T09:18:33.348+0000] {processor.py:829} INFO - Processing file /opt/airflow/dags/transfer_date_of_bd.py for tasks to queue
[2026-02-28T09:18:33.349+0000] {logging_mixin.py:151} INFO - [2026-02-28T09:18:33.348+0000] {dagbag.py:539} INFO - Filling up the DagBag from /opt/airflow/dags/transfer_date_of_bd.py
[2026-02-28T09:18:33.630+0000] {processor.py:839} INFO - DAG(s) dict_keys(['sqlite_to_postgres_incremental']) retrieved from /opt/airflow/dags/transfer_date_of_bd.py
[2026-02-28T09:18:33.656+0000] {logging_mixin.py:151} INFO - [2026-02-28T09:18:33.655+0000] {dag.py:2915} INFO - Sync 1 DAGs
[2026-02-28T09:18:33.679+0000] {logging_mixin.py:151} INFO - [2026-02-28T09:18:33.679+0000] {dag.py:3696} INFO - Setting next_dagrun for sqlite_to_postgres_incremental to 2026-02-28T00:00:00+00:00, run_after=2026-03-01T00:00:00+00:00
[2026-02-28T09:18:33.702+0000] {processor.py:179} INFO - Processing /opt/airflow/dags/transfer_date_of_bd.py took 0.358 seconds
[2026-02-28T09:19:03.919+0000] {processor.py:157} INFO - Started process (PID=1002) to work on /opt/airflow/dags/transfer_date_of_bd.py
[2026-02-28T09:19:03.920+0000] {processor.py:829} INFO - Processing file /opt/airflow/dags/transfer_date_of_bd.py for tasks to queue
[2026-02-28T09:19:03.922+0000] {logging_mixin.py:151} INFO - [2026-02-28T09:19:03.922+0000] {dagbag.py:539} INFO - Filling up the DagBag from /opt/airflow/dags/transfer_date_of_bd.py
[2026-02-28T09:19:04.191+0000] {processor.py:839} INFO - DAG(s) dict_keys(['sqlite_to_postgres_incremental']) retrieved from /opt/airflow/dags/transfer_date_of_bd.py
[2026-02-28T09:19:04.219+0000] {logging_mixin.py:151} INFO - [2026-02-28T09:19:04.219+0000] {dag.py:2915} INFO - Sync 1 DAGs
[2026-02-28T09:19:04.243+0000] {logging_mixin.py:151} INFO - [2026-02-28T09:19:04.243+0000] {dag.py:3696} INFO - Setting next_dagrun for sqlite_to_postgres_incremental to 2026-02-28T00:00:00+00:00, run_after=2026-03-01T00:00:00+00:00
[2026-02-28T09:19:04.266+0000] {processor.py:179} INFO - Processing /opt/airflow/dags/transfer_date_of_bd.py took 0.351 seconds
[2026-02-28T09:19:34.525+0000] {processor.py:157} INFO - Started process (PID=1014) to work on /opt/airflow/dags/transfer_date_of_bd.py
[2026-02-28T09:19:34.527+0000] {processor.py:829} INFO - Processing file /opt/airflow/dags/transfer_date_of_bd.py for tasks to queue
[2026-02-28T09:19:34.528+0000] {logging_mixin.py:151} INFO - [2026-02-28T09:19:34.527+0000] {dagbag.py:539} INFO - Filling up the DagBag from /opt/airflow/dags/transfer_date_of_bd.py
[2026-02-28T09:19:34.797+0000] {processor.py:839} INFO - DAG(s) dict_keys(['sqlite_to_postgres_incremental']) retrieved from /opt/airflow/dags/transfer_date_of_bd.py
[2026-02-28T09:19:34.824+0000] {logging_mixin.py:151} INFO - [2026-02-28T09:19:34.822+0000] {dag.py:2915} INFO - Sync 1 DAGs
[2026-02-28T09:19:34.847+0000] {logging_mixin.py:151} INFO - [2026-02-28T09:19:34.847+0000] {dag.py:3696} INFO - Setting next_dagrun for sqlite_to_postgres_incremental to 2026-02-28T00:00:00+00:00, run_after=2026-03-01T00:00:00+00:00
[2026-02-28T09:19:34.868+0000] {processor.py:179} INFO - Processing /opt/airflow/dags/transfer_date_of_bd.py took 0.347 seconds
[2026-02-28T09:20:05.095+0000] {processor.py:157} INFO - Started process (PID=1026) to work on /opt/airflow/dags/transfer_date_of_bd.py
[2026-02-28T09:20:05.096+0000] {processor.py:829} INFO - Processing file /opt/airflow/dags/transfer_date_of_bd.py for tasks to queue
[2026-02-28T09:20:05.098+0000] {logging_mixin.py:151} INFO - [2026-02-28T09:20:05.097+0000] {dagbag.py:539} INFO - Filling up the DagBag from /opt/airflow/dags/transfer_date_of_bd.py
[2026-02-28T09:20:05.394+0000] {processor.py:839} INFO - DAG(s) dict_keys(['sqlite_to_postgres_incremental']) retrieved from /opt/airflow/dags/transfer_date_of_bd.py
[2026-02-28T09:20:05.425+0000] {logging_mixin.py:151} INFO - [2026-02-28T09:20:05.424+0000] {dag.py:2915} INFO - Sync 1 DAGs
[2026-02-28T09:20:05.448+0000] {logging_mixin.py:151} INFO - [2026-02-28T09:20:05.448+0000] {dag.py:3696} INFO - Setting next_dagrun for sqlite_to_postgres_incremental to 2026-02-28T00:00:00+00:00, run_after=2026-03-01T00:00:00+00:00
[2026-02-28T09:20:05.473+0000] {processor.py:179} INFO - Processing /opt/airflow/dags/transfer_date_of_bd.py took 0.382 seconds
[2026-02-28T09:20:35.684+0000] {processor.py:157} INFO - Started process (PID=1038) to work on /opt/airflow/dags/transfer_date_of_bd.py
[2026-02-28T09:20:35.685+0000] {processor.py:829} INFO - Processing file /opt/airflow/dags/transfer_date_of_bd.py for tasks to queue
[2026-02-28T09:20:35.686+0000] {logging_mixin.py:151} INFO - [2026-02-28T09:20:35.686+0000] {dagbag.py:539} INFO - Filling up the DagBag from /opt/airflow/dags/transfer_date_of_bd.py
[2026-02-28T09:20:35.977+0000] {processor.py:839} INFO - DAG(s) dict_keys(['sqlite_to_postgres_incremental']) retrieved from /opt/airflow/dags/transfer_date_of_bd.py
[2026-02-28T09:20:36.004+0000] {logging_mixin.py:151} INFO - [2026-02-28T09:20:36.004+0000] {dag.py:2915} INFO - Sync 1 DAGs
[2026-02-28T09:20:36.026+0000] {logging_mixin.py:151} INFO - [2026-02-28T09:20:36.026+0000] {dag.py:3696} INFO - Setting next_dagrun for sqlite_to_postgres_incremental to 2026-02-28T00:00:00+00:00, run_after=2026-03-01T00:00:00+00:00
[2026-02-28T09:20:36.049+0000] {processor.py:179} INFO - Processing /opt/airflow/dags/transfer_date_of_bd.py took 0.368 seconds
[2026-02-28T09:21:06.278+0000] {processor.py:157} INFO - Started process (PID=1050) to work on /opt/airflow/dags/transfer_date_of_bd.py
[2026-02-28T09:21:06.279+0000] {processor.py:829} INFO - Processing file /opt/airflow/dags/transfer_date_of_bd.py for tasks to queue
[2026-02-28T09:21:06.280+0000] {logging_mixin.py:151} INFO - [2026-02-28T09:21:06.280+0000] {dagbag.py:539} INFO - Filling up the DagBag from /opt/airflow/dags/transfer_date_of_bd.py
[2026-02-28T09:21:06.565+0000] {processor.py:839} INFO - DAG(s) dict_keys(['sqlite_to_postgres_incremental']) retrieved from /opt/airflow/dags/transfer_date_of_bd.py
[2026-02-28T09:21:06.594+0000] {logging_mixin.py:151} INFO - [2026-02-28T09:21:06.593+0000] {dag.py:2915} INFO - Sync 1 DAGs
[2026-02-28T09:21:06.618+0000] {logging_mixin.py:151} INFO - [2026-02-28T09:21:06.617+0000] {dag.py:3696} INFO - Setting next_dagrun for sqlite_to_postgres_incremental to 2026-02-28T00:00:00+00:00, run_after=2026-03-01T00:00:00+00:00
[2026-02-28T09:21:06.640+0000] {processor.py:179} INFO - Processing /opt/airflow/dags/transfer_date_of_bd.py took 0.366 seconds
[2026-02-28T09:21:36.857+0000] {processor.py:157} INFO - Started process (PID=1062) to work on /opt/airflow/dags/transfer_date_of_bd.py
[2026-02-28T09:21:36.858+0000] {processor.py:829} INFO - Processing file /opt/airflow/dags/transfer_date_of_bd.py for tasks to queue
[2026-02-28T09:21:36.859+0000] {logging_mixin.py:151} INFO - [2026-02-28T09:21:36.858+0000] {dagbag.py:539} INFO - Filling up the DagBag from /opt/airflow/dags/transfer_date_of_bd.py
[2026-02-28T09:21:37.132+0000] {processor.py:839} INFO - DAG(s) dict_keys(['sqlite_to_postgres_incremental']) retrieved from /opt/airflow/dags/transfer_date_of_bd.py
[2026-02-28T09:21:37.160+0000] {logging_mixin.py:151} INFO - [2026-02-28T09:21:37.160+0000] {dag.py:2915} INFO - Sync 1 DAGs
[2026-02-28T09:21:37.184+0000] {logging_mixin.py:151} INFO - [2026-02-28T09:21:37.183+0000] {dag.py:3696} INFO - Setting next_dagrun for sqlite_to_postgres_incremental to 2026-02-28T00:00:00+00:00, run_after=2026-03-01T00:00:00+00:00
[2026-02-28T09:21:37.204+0000] {processor.py:179} INFO - Processing /opt/airflow/dags/transfer_date_of_bd.py took 0.350 seconds
[2026-02-28T09:22:07.427+0000] {processor.py:157} INFO - Started process (PID=1074) to work on /opt/airflow/dags/transfer_date_of_bd.py
[2026-02-28T09:22:07.428+0000] {processor.py:829} INFO - Processing file /opt/airflow/dags/transfer_date_of_bd.py for tasks to queue
[2026-02-28T09:22:07.430+0000] {logging_mixin.py:151} INFO - [2026-02-28T09:22:07.429+0000] {dagbag.py:539} INFO - Filling up the DagBag from /opt/airflow/dags/transfer_date_of_bd.py
[2026-02-28T09:22:07.739+0000] {processor.py:839} INFO - DAG(s) dict_keys(['sqlite_to_postgres_incremental']) retrieved from /opt/airflow/dags/transfer_date_of_bd.py
[2026-02-28T09:22:07.772+0000] {logging_mixin.py:151} INFO - [2026-02-28T09:22:07.771+0000] {dag.py:2915} INFO - Sync 1 DAGs
[2026-02-28T09:22:07.799+0000] {logging_mixin.py:151} INFO - [2026-02-28T09:22:07.799+0000] {dag.py:3696} INFO - Setting next_dagrun for sqlite_to_postgres_incremental to 2026-02-28T00:00:00+00:00, run_after=2026-03-01T00:00:00+00:00
[2026-02-28T09:22:07.823+0000] {processor.py:179} INFO - Processing /opt/airflow/dags/transfer_date_of_bd.py took 0.400 seconds
[2026-02-28T09:22:38.067+0000] {processor.py:157} INFO - Started process (PID=1086) to work on /opt/airflow/dags/transfer_date_of_bd.py
[2026-02-28T09:22:38.068+0000] {processor.py:829} INFO - Processing file /opt/airflow/dags/transfer_date_of_bd.py for tasks to queue
[2026-02-28T09:22:38.069+0000] {logging_mixin.py:151} INFO - [2026-02-28T09:22:38.068+0000] {dagbag.py:539} INFO - Filling up the DagBag from /opt/airflow/dags/transfer_date_of_bd.py
[2026-02-28T09:22:38.376+0000] {processor.py:839} INFO - DAG(s) dict_keys(['sqlite_to_postgres_incremental']) retrieved from /opt/airflow/dags/transfer_date_of_bd.py
[2026-02-28T09:22:38.408+0000] {logging_mixin.py:151} INFO - [2026-02-28T09:22:38.407+0000] {dag.py:2915} INFO - Sync 1 DAGs
[2026-02-28T09:22:38.435+0000] {logging_mixin.py:151} INFO - [2026-02-28T09:22:38.435+0000] {dag.py:3696} INFO - Setting next_dagrun for sqlite_to_postgres_incremental to 2026-02-28T00:00:00+00:00, run_after=2026-03-01T00:00:00+00:00
[2026-02-28T09:22:38.461+0000] {processor.py:179} INFO - Processing /opt/airflow/dags/transfer_date_of_bd.py took 0.399 seconds
[2026-02-28T09:23:08.689+0000] {processor.py:157} INFO - Started process (PID=1098) to work on /opt/airflow/dags/transfer_date_of_bd.py
[2026-02-28T09:23:08.690+0000] {processor.py:829} INFO - Processing file /opt/airflow/dags/transfer_date_of_bd.py for tasks to queue
[2026-02-28T09:23:08.691+0000] {logging_mixin.py:151} INFO - [2026-02-28T09:23:08.690+0000] {dagbag.py:539} INFO - Filling up the DagBag from /opt/airflow/dags/transfer_date_of_bd.py
[2026-02-28T09:23:09.023+0000] {processor.py:839} INFO - DAG(s) dict_keys(['sqlite_to_postgres_incremental']) retrieved from /opt/airflow/dags/transfer_date_of_bd.py
[2026-02-28T09:23:09.057+0000] {logging_mixin.py:151} INFO - [2026-02-28T09:23:09.056+0000] {dag.py:2915} INFO - Sync 1 DAGs
[2026-02-28T09:23:09.084+0000] {logging_mixin.py:151} INFO - [2026-02-28T09:23:09.084+0000] {dag.py:3696} INFO - Setting next_dagrun for sqlite_to_postgres_incremental to 2026-02-28T00:00:00+00:00, run_after=2026-03-01T00:00:00+00:00
[2026-02-28T09:23:09.107+0000] {processor.py:179} INFO - Processing /opt/airflow/dags/transfer_date_of_bd.py took 0.422 seconds
[2026-02-28T09:23:39.318+0000] {processor.py:157} INFO - Started process (PID=1110) to work on /opt/airflow/dags/transfer_date_of_bd.py
[2026-02-28T09:23:39.320+0000] {processor.py:829} INFO - Processing file /opt/airflow/dags/transfer_date_of_bd.py for tasks to queue
[2026-02-28T09:23:39.321+0000] {logging_mixin.py:151} INFO - [2026-02-28T09:23:39.321+0000] {dagbag.py:539} INFO - Filling up the DagBag from /opt/airflow/dags/transfer_date_of_bd.py
[2026-02-28T09:23:39.600+0000] {processor.py:839} INFO - DAG(s) dict_keys(['sqlite_to_postgres_incremental']) retrieved from /opt/airflow/dags/transfer_date_of_bd.py
[2026-02-28T09:23:39.624+0000] {logging_mixin.py:151} INFO - [2026-02-28T09:23:39.624+0000] {dag.py:2915} INFO - Sync 1 DAGs
[2026-02-28T09:23:39.648+0000] {logging_mixin.py:151} INFO - [2026-02-28T09:23:39.648+0000] {dag.py:3696} INFO - Setting next_dagrun for sqlite_to_postgres_incremental to 2026-02-28T00:00:00+00:00, run_after=2026-03-01T00:00:00+00:00
[2026-02-28T09:23:39.672+0000] {processor.py:179} INFO - Processing /opt/airflow/dags/transfer_date_of_bd.py took 0.357 seconds
[2026-02-28T09:24:09.891+0000] {processor.py:157} INFO - Started process (PID=1122) to work on /opt/airflow/dags/transfer_date_of_bd.py
[2026-02-28T09:24:09.893+0000] {processor.py:829} INFO - Processing file /opt/airflow/dags/transfer_date_of_bd.py for tasks to queue
[2026-02-28T09:24:09.894+0000] {logging_mixin.py:151} INFO - [2026-02-28T09:24:09.893+0000] {dagbag.py:539} INFO - Filling up the DagBag from /opt/airflow/dags/transfer_date_of_bd.py
[2026-02-28T09:24:10.203+0000] {processor.py:839} INFO - DAG(s) dict_keys(['sqlite_to_postgres_incremental']) retrieved from /opt/airflow/dags/transfer_date_of_bd.py
[2026-02-28T09:24:10.233+0000] {logging_mixin.py:151} INFO - [2026-02-28T09:24:10.232+0000] {dag.py:2915} INFO - Sync 1 DAGs
[2026-02-28T09:24:10.259+0000] {logging_mixin.py:151} INFO - [2026-02-28T09:24:10.259+0000] {dag.py:3696} INFO - Setting next_dagrun for sqlite_to_postgres_incremental to 2026-02-28T00:00:00+00:00, run_after=2026-03-01T00:00:00+00:00
[2026-02-28T09:24:10.280+0000] {processor.py:179} INFO - Processing /opt/airflow/dags/transfer_date_of_bd.py took 0.392 seconds
[2026-02-28T09:24:40.500+0000] {processor.py:157} INFO - Started process (PID=1134) to work on /opt/airflow/dags/transfer_date_of_bd.py
[2026-02-28T09:24:40.502+0000] {processor.py:829} INFO - Processing file /opt/airflow/dags/transfer_date_of_bd.py for tasks to queue
[2026-02-28T09:24:40.503+0000] {logging_mixin.py:151} INFO - [2026-02-28T09:24:40.502+0000] {dagbag.py:539} INFO - Filling up the DagBag from /opt/airflow/dags/transfer_date_of_bd.py
[2026-02-28T09:24:40.778+0000] {processor.py:839} INFO - DAG(s) dict_keys(['sqlite_to_postgres_incremental']) retrieved from /opt/airflow/dags/transfer_date_of_bd.py
[2026-02-28T09:24:40.806+0000] {logging_mixin.py:151} INFO - [2026-02-28T09:24:40.805+0000] {dag.py:2915} INFO - Sync 1 DAGs
[2026-02-28T09:24:40.828+0000] {logging_mixin.py:151} INFO - [2026-02-28T09:24:40.828+0000] {dag.py:3696} INFO - Setting next_dagrun for sqlite_to_postgres_incremental to 2026-02-28T00:00:00+00:00, run_after=2026-03-01T00:00:00+00:00
[2026-02-28T09:24:40.851+0000] {processor.py:179} INFO - Processing /opt/airflow/dags/transfer_date_of_bd.py took 0.354 seconds
[2026-02-28T09:25:11.082+0000] {processor.py:157} INFO - Started process (PID=1146) to work on /opt/airflow/dags/transfer_date_of_bd.py
[2026-02-28T09:25:11.083+0000] {processor.py:829} INFO - Processing file /opt/airflow/dags/transfer_date_of_bd.py for tasks to queue
[2026-02-28T09:25:11.084+0000] {logging_mixin.py:151} INFO - [2026-02-28T09:25:11.084+0000] {dagbag.py:539} INFO - Filling up the DagBag from /opt/airflow/dags/transfer_date_of_bd.py
[2026-02-28T09:25:11.363+0000] {processor.py:839} INFO - DAG(s) dict_keys(['sqlite_to_postgres_incremental']) retrieved from /opt/airflow/dags/transfer_date_of_bd.py
[2026-02-28T09:25:11.392+0000] {logging_mixin.py:151} INFO - [2026-02-28T09:25:11.391+0000] {dag.py:2915} INFO - Sync 1 DAGs
[2026-02-28T09:25:11.414+0000] {logging_mixin.py:151} INFO - [2026-02-28T09:25:11.414+0000] {dag.py:3696} INFO - Setting next_dagrun for sqlite_to_postgres_incremental to 2026-02-28T00:00:00+00:00, run_after=2026-03-01T00:00:00+00:00
[2026-02-28T09:25:11.437+0000] {processor.py:179} INFO - Processing /opt/airflow/dags/transfer_date_of_bd.py took 0.359 seconds
[2026-02-28T09:25:41.656+0000] {processor.py:157} INFO - Started process (PID=1158) to work on /opt/airflow/dags/transfer_date_of_bd.py
[2026-02-28T09:25:41.658+0000] {processor.py:829} INFO - Processing file /opt/airflow/dags/transfer_date_of_bd.py for tasks to queue
[2026-02-28T09:25:41.659+0000] {logging_mixin.py:151} INFO - [2026-02-28T09:25:41.659+0000] {dagbag.py:539} INFO - Filling up the DagBag from /opt/airflow/dags/transfer_date_of_bd.py
[2026-02-28T09:25:41.935+0000] {processor.py:839} INFO - DAG(s) dict_keys(['sqlite_to_postgres_incremental']) retrieved from /opt/airflow/dags/transfer_date_of_bd.py
[2026-02-28T09:25:41.958+0000] {logging_mixin.py:151} INFO - [2026-02-28T09:25:41.958+0000] {dag.py:2915} INFO - Sync 1 DAGs
[2026-02-28T09:25:41.980+0000] {logging_mixin.py:151} INFO - [2026-02-28T09:25:41.980+0000] {dag.py:3696} INFO - Setting next_dagrun for sqlite_to_postgres_incremental to 2026-02-28T00:00:00+00:00, run_after=2026-03-01T00:00:00+00:00
[2026-02-28T09:25:42.001+0000] {processor.py:179} INFO - Processing /opt/airflow/dags/transfer_date_of_bd.py took 0.348 seconds
[2026-02-28T09:26:12.195+0000] {processor.py:157} INFO - Started process (PID=1170) to work on /opt/airflow/dags/transfer_date_of_bd.py
[2026-02-28T09:26:12.196+0000] {processor.py:829} INFO - Processing file /opt/airflow/dags/transfer_date_of_bd.py for tasks to queue
[2026-02-28T09:26:12.197+0000] {logging_mixin.py:151} INFO - [2026-02-28T09:26:12.197+0000] {dagbag.py:539} INFO - Filling up the DagBag from /opt/airflow/dags/transfer_date_of_bd.py
[2026-02-28T09:26:12.473+0000] {processor.py:839} INFO - DAG(s) dict_keys(['sqlite_to_postgres_incremental']) retrieved from /opt/airflow/dags/transfer_date_of_bd.py
[2026-02-28T09:26:12.500+0000] {logging_mixin.py:151} INFO - [2026-02-28T09:26:12.500+0000] {dag.py:2915} INFO - Sync 1 DAGs
[2026-02-28T09:26:12.524+0000] {logging_mixin.py:151} INFO - [2026-02-28T09:26:12.523+0000] {dag.py:3696} INFO - Setting next_dagrun for sqlite_to_postgres_incremental to 2026-02-28T00:00:00+00:00, run_after=2026-03-01T00:00:00+00:00
[2026-02-28T09:26:12.546+0000] {processor.py:179} INFO - Processing /opt/airflow/dags/transfer_date_of_bd.py took 0.354 seconds
[2026-02-28T09:26:42.766+0000] {processor.py:157} INFO - Started process (PID=1182) to work on /opt/airflow/dags/transfer_date_of_bd.py
[2026-02-28T09:26:42.767+0000] {processor.py:829} INFO - Processing file /opt/airflow/dags/transfer_date_of_bd.py for tasks to queue
[2026-02-28T09:26:42.768+0000] {logging_mixin.py:151} INFO - [2026-02-28T09:26:42.768+0000] {dagbag.py:539} INFO - Filling up the DagBag from /opt/airflow/dags/transfer_date_of_bd.py
[2026-02-28T09:26:43.039+0000] {processor.py:839} INFO - DAG(s) dict_keys(['sqlite_to_postgres_incremental']) retrieved from /opt/airflow/dags/transfer_date_of_bd.py
[2026-02-28T09:26:43.071+0000] {logging_mixin.py:151} INFO - [2026-02-28T09:26:43.070+0000] {dag.py:2915} INFO - Sync 1 DAGs
[2026-02-28T09:26:43.094+0000] {logging_mixin.py:151} INFO - [2026-02-28T09:26:43.094+0000] {dag.py:3696} INFO - Setting next_dagrun for sqlite_to_postgres_incremental to 2026-02-28T00:00:00+00:00, run_after=2026-03-01T00:00:00+00:00
[2026-02-28T09:26:43.115+0000] {processor.py:179} INFO - Processing /opt/airflow/dags/transfer_date_of_bd.py took 0.353 seconds
[2026-02-28T09:27:13.328+0000] {processor.py:157} INFO - Started process (PID=1194) to work on /opt/airflow/dags/transfer_date_of_bd.py
[2026-02-28T09:27:13.331+0000] {processor.py:829} INFO - Processing file /opt/airflow/dags/transfer_date_of_bd.py for tasks to queue
[2026-02-28T09:27:13.333+0000] {logging_mixin.py:151} INFO - [2026-02-28T09:27:13.332+0000] {dagbag.py:539} INFO - Filling up the DagBag from /opt/airflow/dags/transfer_date_of_bd.py
[2026-02-28T09:27:13.644+0000] {processor.py:839} INFO - DAG(s) dict_keys(['sqlite_to_postgres_incremental']) retrieved from /opt/airflow/dags/transfer_date_of_bd.py
[2026-02-28T09:27:13.678+0000] {logging_mixin.py:151} INFO - [2026-02-28T09:27:13.678+0000] {dag.py:2915} INFO - Sync 1 DAGs
[2026-02-28T09:27:13.707+0000] {logging_mixin.py:151} INFO - [2026-02-28T09:27:13.707+0000] {dag.py:3696} INFO - Setting next_dagrun for sqlite_to_postgres_incremental to 2026-02-28T00:00:00+00:00, run_after=2026-03-01T00:00:00+00:00
[2026-02-28T09:27:13.731+0000] {processor.py:179} INFO - Processing /opt/airflow/dags/transfer_date_of_bd.py took 0.408 seconds
[2026-02-28T09:27:43.948+0000] {processor.py:157} INFO - Started process (PID=1206) to work on /opt/airflow/dags/transfer_date_of_bd.py
[2026-02-28T09:27:43.950+0000] {processor.py:829} INFO - Processing file /opt/airflow/dags/transfer_date_of_bd.py for tasks to queue
[2026-02-28T09:27:43.951+0000] {logging_mixin.py:151} INFO - [2026-02-28T09:27:43.951+0000] {dagbag.py:539} INFO - Filling up the DagBag from /opt/airflow/dags/transfer_date_of_bd.py
[2026-02-28T09:27:44.274+0000] {processor.py:839} INFO - DAG(s) dict_keys(['sqlite_to_postgres_incremental']) retrieved from /opt/airflow/dags/transfer_date_of_bd.py
[2026-02-28T09:27:44.312+0000] {logging_mixin.py:151} INFO - [2026-02-28T09:27:44.310+0000] {dag.py:2915} INFO - Sync 1 DAGs
[2026-02-28T09:27:44.339+0000] {logging_mixin.py:151} INFO - [2026-02-28T09:27:44.339+0000] {dag.py:3696} INFO - Setting next_dagrun for sqlite_to_postgres_incremental to 2026-02-28T00:00:00+00:00, run_after=2026-03-01T00:00:00+00:00
[2026-02-28T09:27:44.363+0000] {processor.py:179} INFO - Processing /opt/airflow/dags/transfer_date_of_bd.py took 0.419 seconds
[2026-02-28T09:28:14.584+0000] {processor.py:157} INFO - Started process (PID=1218) to work on /opt/airflow/dags/transfer_date_of_bd.py
[2026-02-28T09:28:14.585+0000] {processor.py:829} INFO - Processing file /opt/airflow/dags/transfer_date_of_bd.py for tasks to queue
[2026-02-28T09:28:14.587+0000] {logging_mixin.py:151} INFO - [2026-02-28T09:28:14.586+0000] {dagbag.py:539} INFO - Filling up the DagBag from /opt/airflow/dags/transfer_date_of_bd.py
[2026-02-28T09:28:14.924+0000] {processor.py:839} INFO - DAG(s) dict_keys(['sqlite_to_postgres_incremental']) retrieved from /opt/airflow/dags/transfer_date_of_bd.py
[2026-02-28T09:28:14.963+0000] {logging_mixin.py:151} INFO - [2026-02-28T09:28:14.963+0000] {dag.py:2915} INFO - Sync 1 DAGs
[2026-02-28T09:28:14.991+0000] {logging_mixin.py:151} INFO - [2026-02-28T09:28:14.991+0000] {dag.py:3696} INFO - Setting next_dagrun for sqlite_to_postgres_incremental to 2026-02-28T00:00:00+00:00, run_after=2026-03-01T00:00:00+00:00
[2026-02-28T09:28:15.022+0000] {processor.py:179} INFO - Processing /opt/airflow/dags/transfer_date_of_bd.py took 0.443 seconds
[2026-02-28T09:28:45.267+0000] {processor.py:157} INFO - Started process (PID=1230) to work on /opt/airflow/dags/transfer_date_of_bd.py
[2026-02-28T09:28:45.269+0000] {processor.py:829} INFO - Processing file /opt/airflow/dags/transfer_date_of_bd.py for tasks to queue
[2026-02-28T09:28:45.270+0000] {logging_mixin.py:151} INFO - [2026-02-28T09:28:45.269+0000] {dagbag.py:539} INFO - Filling up the DagBag from /opt/airflow/dags/transfer_date_of_bd.py
[2026-02-28T09:28:45.565+0000] {processor.py:839} INFO - DAG(s) dict_keys(['sqlite_to_postgres_incremental']) retrieved from /opt/airflow/dags/transfer_date_of_bd.py
[2026-02-28T09:28:45.598+0000] {logging_mixin.py:151} INFO - [2026-02-28T09:28:45.598+0000] {dag.py:2915} INFO - Sync 1 DAGs
[2026-02-28T09:28:45.621+0000] {logging_mixin.py:151} INFO - [2026-02-28T09:28:45.621+0000] {dag.py:3696} INFO - Setting next_dagrun for sqlite_to_postgres_incremental to 2026-02-28T00:00:00+00:00, run_after=2026-03-01T00:00:00+00:00
[2026-02-28T09:28:45.646+0000] {processor.py:179} INFO - Processing /opt/airflow/dags/transfer_date_of_bd.py took 0.382 seconds
[2026-02-28T09:29:15.872+0000] {processor.py:157} INFO - Started process (PID=1242) to work on /opt/airflow/dags/transfer_date_of_bd.py
[2026-02-28T09:29:15.874+0000] {processor.py:829} INFO - Processing file /opt/airflow/dags/transfer_date_of_bd.py for tasks to queue
[2026-02-28T09:29:15.876+0000] {logging_mixin.py:151} INFO - [2026-02-28T09:29:15.875+0000] {dagbag.py:539} INFO - Filling up the DagBag from /opt/airflow/dags/transfer_date_of_bd.py
[2026-02-28T09:29:16.171+0000] {processor.py:839} INFO - DAG(s) dict_keys(['sqlite_to_postgres_incremental']) retrieved from /opt/airflow/dags/transfer_date_of_bd.py
[2026-02-28T09:29:16.211+0000] {logging_mixin.py:151} INFO - [2026-02-28T09:29:16.210+0000] {dag.py:2915} INFO - Sync 1 DAGs
[2026-02-28T09:29:16.235+0000] {logging_mixin.py:151} INFO - [2026-02-28T09:29:16.235+0000] {dag.py:3696} INFO - Setting next_dagrun for sqlite_to_postgres_incremental to 2026-02-28T00:00:00+00:00, run_after=2026-03-01T00:00:00+00:00
[2026-02-28T09:29:16.259+0000] {processor.py:179} INFO - Processing /opt/airflow/dags/transfer_date_of_bd.py took 0.390 seconds
[2026-02-28T09:29:46.522+0000] {processor.py:157} INFO - Started process (PID=1254) to work on /opt/airflow/dags/transfer_date_of_bd.py
[2026-02-28T09:29:46.523+0000] {processor.py:829} INFO - Processing file /opt/airflow/dags/transfer_date_of_bd.py for tasks to queue
[2026-02-28T09:29:46.524+0000] {logging_mixin.py:151} INFO - [2026-02-28T09:29:46.524+0000] {dagbag.py:539} INFO - Filling up the DagBag from /opt/airflow/dags/transfer_date_of_bd.py
[2026-02-28T09:29:46.806+0000] {processor.py:839} INFO - DAG(s) dict_keys(['sqlite_to_postgres_incremental']) retrieved from /opt/airflow/dags/transfer_date_of_bd.py
[2026-02-28T09:29:46.834+0000] {logging_mixin.py:151} INFO - [2026-02-28T09:29:46.833+0000] {dag.py:2915} INFO - Sync 1 DAGs
[2026-02-28T09:29:46.857+0000] {logging_mixin.py:151} INFO - [2026-02-28T09:29:46.857+0000] {dag.py:3696} INFO - Setting next_dagrun for sqlite_to_postgres_incremental to 2026-02-28T00:00:00+00:00, run_after=2026-03-01T00:00:00+00:00
[2026-02-28T09:29:46.880+0000] {processor.py:179} INFO - Processing /opt/airflow/dags/transfer_date_of_bd.py took 0.362 seconds
[2026-02-28T09:30:17.109+0000] {processor.py:157} INFO - Started process (PID=1266) to work on /opt/airflow/dags/transfer_date_of_bd.py
[2026-02-28T09:30:17.110+0000] {processor.py:829} INFO - Processing file /opt/airflow/dags/transfer_date_of_bd.py for tasks to queue
[2026-02-28T09:30:17.111+0000] {logging_mixin.py:151} INFO - [2026-02-28T09:30:17.111+0000] {dagbag.py:539} INFO - Filling up the DagBag from /opt/airflow/dags/transfer_date_of_bd.py
[2026-02-28T09:30:17.425+0000] {processor.py:839} INFO - DAG(s) dict_keys(['sqlite_to_postgres_incremental']) retrieved from /opt/airflow/dags/transfer_date_of_bd.py
[2026-02-28T09:30:17.452+0000] {logging_mixin.py:151} INFO - [2026-02-28T09:30:17.451+0000] {dag.py:2915} INFO - Sync 1 DAGs
[2026-02-28T09:30:17.478+0000] {logging_mixin.py:151} INFO - [2026-02-28T09:30:17.477+0000] {dag.py:3696} INFO - Setting next_dagrun for sqlite_to_postgres_incremental to 2026-02-28T00:00:00+00:00, run_after=2026-03-01T00:00:00+00:00
[2026-02-28T09:30:17.501+0000] {processor.py:179} INFO - Processing /opt/airflow/dags/transfer_date_of_bd.py took 0.395 seconds
[2026-02-28T09:30:47.702+0000] {processor.py:157} INFO - Started process (PID=1278) to work on /opt/airflow/dags/transfer_date_of_bd.py
[2026-02-28T09:30:47.704+0000] {processor.py:829} INFO - Processing file /opt/airflow/dags/transfer_date_of_bd.py for tasks to queue
[2026-02-28T09:30:47.706+0000] {logging_mixin.py:151} INFO - [2026-02-28T09:30:47.705+0000] {dagbag.py:539} INFO - Filling up the DagBag from /opt/airflow/dags/transfer_date_of_bd.py
[2026-02-28T09:30:47.993+0000] {processor.py:839} INFO - DAG(s) dict_keys(['sqlite_to_postgres_incremental']) retrieved from /opt/airflow/dags/transfer_date_of_bd.py
[2026-02-28T09:30:48.021+0000] {logging_mixin.py:151} INFO - [2026-02-28T09:30:48.020+0000] {dag.py:2915} INFO - Sync 1 DAGs
[2026-02-28T09:30:48.043+0000] {logging_mixin.py:151} INFO - [2026-02-28T09:30:48.043+0000] {dag.py:3696} INFO - Setting next_dagrun for sqlite_to_postgres_incremental to 2026-02-28T00:00:00+00:00, run_after=2026-03-01T00:00:00+00:00
[2026-02-28T09:30:48.065+0000] {processor.py:179} INFO - Processing /opt/airflow/dags/transfer_date_of_bd.py took 0.366 seconds
[2026-02-28T09:31:18.268+0000] {processor.py:157} INFO - Started process (PID=1290) to work on /opt/airflow/dags/transfer_date_of_bd.py
[2026-02-28T09:31:18.269+0000] {processor.py:829} INFO - Processing file /opt/airflow/dags/transfer_date_of_bd.py for tasks to queue
[2026-02-28T09:31:18.270+0000] {logging_mixin.py:151} INFO - [2026-02-28T09:31:18.270+0000] {dagbag.py:539} INFO - Filling up the DagBag from /opt/airflow/dags/transfer_date_of_bd.py
[2026-02-28T09:31:18.571+0000] {processor.py:839} INFO - DAG(s) dict_keys(['sqlite_to_postgres_incremental']) retrieved from /opt/airflow/dags/transfer_date_of_bd.py
[2026-02-28T09:31:18.598+0000] {logging_mixin.py:151} INFO - [2026-02-28T09:31:18.597+0000] {dag.py:2915} INFO - Sync 1 DAGs
[2026-02-28T09:31:18.619+0000] {logging_mixin.py:151} INFO - [2026-02-28T09:31:18.618+0000] {dag.py:3696} INFO - Setting next_dagrun for sqlite_to_postgres_incremental to 2026-02-28T00:00:00+00:00, run_after=2026-03-01T00:00:00+00:00
[2026-02-28T09:31:18.641+0000] {processor.py:179} INFO - Processing /opt/airflow/dags/transfer_date_of_bd.py took 0.376 seconds
[2026-02-28T09:31:48.862+0000] {processor.py:157} INFO - Started process (PID=1302) to work on /opt/airflow/dags/transfer_date_of_bd.py
[2026-02-28T09:31:48.864+0000] {processor.py:829} INFO - Processing file /opt/airflow/dags/transfer_date_of_bd.py for tasks to queue
[2026-02-28T09:31:48.865+0000] {logging_mixin.py:151} INFO - [2026-02-28T09:31:48.865+0000] {dagbag.py:539} INFO - Filling up the DagBag from /opt/airflow/dags/transfer_date_of_bd.py
[2026-02-28T09:31:49.168+0000] {processor.py:839} INFO - DAG(s) dict_keys(['sqlite_to_postgres_incremental']) retrieved from /opt/airflow/dags/transfer_date_of_bd.py
[2026-02-28T09:31:49.194+0000] {logging_mixin.py:151} INFO - [2026-02-28T09:31:49.194+0000] {dag.py:2915} INFO - Sync 1 DAGs
[2026-02-28T09:31:49.217+0000] {logging_mixin.py:151} INFO - [2026-02-28T09:31:49.217+0000] {dag.py:3696} INFO - Setting next_dagrun for sqlite_to_postgres_incremental to 2026-02-28T00:00:00+00:00, run_after=2026-03-01T00:00:00+00:00
[2026-02-28T09:31:49.243+0000] {processor.py:179} INFO - Processing /opt/airflow/dags/transfer_date_of_bd.py took 0.384 seconds
[2026-02-28T09:32:19.471+0000] {processor.py:157} INFO - Started process (PID=1314) to work on /opt/airflow/dags/transfer_date_of_bd.py
[2026-02-28T09:32:19.472+0000] {processor.py:829} INFO - Processing file /opt/airflow/dags/transfer_date_of_bd.py for tasks to queue
[2026-02-28T09:32:19.473+0000] {logging_mixin.py:151} INFO - [2026-02-28T09:32:19.473+0000] {dagbag.py:539} INFO - Filling up the DagBag from /opt/airflow/dags/transfer_date_of_bd.py
[2026-02-28T09:32:19.798+0000] {processor.py:839} INFO - DAG(s) dict_keys(['sqlite_to_postgres_incremental']) retrieved from /opt/airflow/dags/transfer_date_of_bd.py
[2026-02-28T09:32:19.832+0000] {logging_mixin.py:151} INFO - [2026-02-28T09:32:19.831+0000] {dag.py:2915} INFO - Sync 1 DAGs
[2026-02-28T09:32:19.860+0000] {logging_mixin.py:151} INFO - [2026-02-28T09:32:19.859+0000] {dag.py:3696} INFO - Setting next_dagrun for sqlite_to_postgres_incremental to 2026-02-28T00:00:00+00:00, run_after=2026-03-01T00:00:00+00:00
[2026-02-28T09:32:19.884+0000] {processor.py:179} INFO - Processing /opt/airflow/dags/transfer_date_of_bd.py took 0.416 seconds
[2026-02-28T09:32:50.089+0000] {processor.py:157} INFO - Started process (PID=1326) to work on /opt/airflow/dags/transfer_date_of_bd.py
[2026-02-28T09:32:50.090+0000] {processor.py:829} INFO - Processing file /opt/airflow/dags/transfer_date_of_bd.py for tasks to queue
[2026-02-28T09:32:50.091+0000] {logging_mixin.py:151} INFO - [2026-02-28T09:32:50.091+0000] {dagbag.py:539} INFO - Filling up the DagBag from /opt/airflow/dags/transfer_date_of_bd.py
[2026-02-28T09:32:50.402+0000] {processor.py:839} INFO - DAG(s) dict_keys(['sqlite_to_postgres_incremental']) retrieved from /opt/airflow/dags/transfer_date_of_bd.py
[2026-02-28T09:32:50.440+0000] {logging_mixin.py:151} INFO - [2026-02-28T09:32:50.436+0000] {dag.py:2915} INFO - Sync 1 DAGs
[2026-02-28T09:32:50.472+0000] {logging_mixin.py:151} INFO - [2026-02-28T09:32:50.472+0000] {dag.py:3696} INFO - Setting next_dagrun for sqlite_to_postgres_incremental to 2026-02-28T00:00:00+00:00, run_after=2026-03-01T00:00:00+00:00
[2026-02-28T09:32:50.505+0000] {processor.py:179} INFO - Processing /opt/airflow/dags/transfer_date_of_bd.py took 0.419 seconds
[2026-02-28T09:33:20.738+0000] {processor.py:157} INFO - Started process (PID=1338) to work on /opt/airflow/dags/transfer_date_of_bd.py
[2026-02-28T09:33:20.739+0000] {processor.py:829} INFO - Processing file /opt/airflow/dags/transfer_date_of_bd.py for tasks to queue
[2026-02-28T09:33:20.740+0000] {logging_mixin.py:151} INFO - [2026-02-28T09:33:20.740+0000] {dagbag.py:539} INFO - Filling up the DagBag from /opt/airflow/dags/transfer_date_of_bd.py
[2026-02-28T09:33:21.048+0000] {processor.py:839} INFO - DAG(s) dict_keys(['sqlite_to_postgres_incremental']) retrieved from /opt/airflow/dags/transfer_date_of_bd.py
[2026-02-28T09:33:21.081+0000] {logging_mixin.py:151} INFO - [2026-02-28T09:33:21.080+0000] {dag.py:2915} INFO - Sync 1 DAGs
[2026-02-28T09:33:21.105+0000] {logging_mixin.py:151} INFO - [2026-02-28T09:33:21.105+0000] {dag.py:3696} INFO - Setting next_dagrun for sqlite_to_postgres_incremental to 2026-02-28T00:00:00+00:00, run_after=2026-03-01T00:00:00+00:00
[2026-02-28T09:33:21.131+0000] {processor.py:179} INFO - Processing /opt/airflow/dags/transfer_date_of_bd.py took 0.397 seconds
[2026-02-28T09:33:51.350+0000] {processor.py:157} INFO - Started process (PID=1350) to work on /opt/airflow/dags/transfer_date_of_bd.py
[2026-02-28T09:33:51.351+0000] {processor.py:829} INFO - Processing file /opt/airflow/dags/transfer_date_of_bd.py for tasks to queue
[2026-02-28T09:33:51.352+0000] {logging_mixin.py:151} INFO - [2026-02-28T09:33:51.351+0000] {dagbag.py:539} INFO - Filling up the DagBag from /opt/airflow/dags/transfer_date_of_bd.py
[2026-02-28T09:33:51.649+0000] {processor.py:839} INFO - DAG(s) dict_keys(['sqlite_to_postgres_incremental']) retrieved from /opt/airflow/dags/transfer_date_of_bd.py
[2026-02-28T09:33:51.677+0000] {logging_mixin.py:151} INFO - [2026-02-28T09:33:51.677+0000] {dag.py:2915} INFO - Sync 1 DAGs
[2026-02-28T09:33:51.699+0000] {logging_mixin.py:151} INFO - [2026-02-28T09:33:51.698+0000] {dag.py:3696} INFO - Setting next_dagrun for sqlite_to_postgres_incremental to 2026-02-28T00:00:00+00:00, run_after=2026-03-01T00:00:00+00:00
[2026-02-28T09:33:51.722+0000] {processor.py:179} INFO - Processing /opt/airflow/dags/transfer_date_of_bd.py took 0.375 seconds
[2026-02-28T09:34:21.927+0000] {processor.py:157} INFO - Started process (PID=1362) to work on /opt/airflow/dags/transfer_date_of_bd.py
[2026-02-28T09:34:21.929+0000] {processor.py:829} INFO - Processing file /opt/airflow/dags/transfer_date_of_bd.py for tasks to queue
[2026-02-28T09:34:21.930+0000] {logging_mixin.py:151} INFO - [2026-02-28T09:34:21.930+0000] {dagbag.py:539} INFO - Filling up the DagBag from /opt/airflow/dags/transfer_date_of_bd.py
[2026-02-28T09:34:22.228+0000] {processor.py:839} INFO - DAG(s) dict_keys(['sqlite_to_postgres_incremental']) retrieved from /opt/airflow/dags/transfer_date_of_bd.py
[2026-02-28T09:34:22.254+0000] {logging_mixin.py:151} INFO - [2026-02-28T09:34:22.254+0000] {dag.py:2915} INFO - Sync 1 DAGs
[2026-02-28T09:34:22.276+0000] {logging_mixin.py:151} INFO - [2026-02-28T09:34:22.276+0000] {dag.py:3696} INFO - Setting next_dagrun for sqlite_to_postgres_incremental to 2026-02-28T00:00:00+00:00, run_after=2026-03-01T00:00:00+00:00
[2026-02-28T09:34:22.298+0000] {processor.py:179} INFO - Processing /opt/airflow/dags/transfer_date_of_bd.py took 0.374 seconds
[2026-02-28T09:34:52.545+0000] {processor.py:157} INFO - Started process (PID=1374) to work on /opt/airflow/dags/transfer_date_of_bd.py
[2026-02-28T09:34:52.546+0000] {processor.py:829} INFO - Processing file /opt/airflow/dags/transfer_date_of_bd.py for tasks to queue
[2026-02-28T09:34:52.547+0000] {logging_mixin.py:151} INFO - [2026-02-28T09:34:52.547+0000] {dagbag.py:539} INFO - Filling up the DagBag from /opt/airflow/dags/transfer_date_of_bd.py
[2026-02-28T09:34:52.846+0000] {processor.py:839} INFO - DAG(s) dict_keys(['sqlite_to_postgres_incremental']) retrieved from /opt/airflow/dags/transfer_date_of_bd.py
[2026-02-28T09:34:52.871+0000] {logging_mixin.py:151} INFO - [2026-02-28T09:34:52.870+0000] {dag.py:2915} INFO - Sync 1 DAGs
[2026-02-28T09:34:52.896+0000] {logging_mixin.py:151} INFO - [2026-02-28T09:34:52.895+0000] {dag.py:3696} INFO - Setting next_dagrun for sqlite_to_postgres_incremental to 2026-02-28T00:00:00+00:00, run_after=2026-03-01T00:00:00+00:00
[2026-02-28T09:34:52.926+0000] {processor.py:179} INFO - Processing /opt/airflow/dags/transfer_date_of_bd.py took 0.384 seconds
[2026-02-28T09:35:23.144+0000] {processor.py:157} INFO - Started process (PID=1386) to work on /opt/airflow/dags/transfer_date_of_bd.py
[2026-02-28T09:35:23.146+0000] {processor.py:829} INFO - Processing file /opt/airflow/dags/transfer_date_of_bd.py for tasks to queue
[2026-02-28T09:35:23.147+0000] {logging_mixin.py:151} INFO - [2026-02-28T09:35:23.147+0000] {dagbag.py:539} INFO - Filling up the DagBag from /opt/airflow/dags/transfer_date_of_bd.py
[2026-02-28T09:35:23.426+0000] {processor.py:839} INFO - DAG(s) dict_keys(['sqlite_to_postgres_incremental']) retrieved from /opt/airflow/dags/transfer_date_of_bd.py
[2026-02-28T09:35:23.457+0000] {logging_mixin.py:151} INFO - [2026-02-28T09:35:23.456+0000] {dag.py:2915} INFO - Sync 1 DAGs
[2026-02-28T09:35:23.483+0000] {logging_mixin.py:151} INFO - [2026-02-28T09:35:23.483+0000] {dag.py:3696} INFO - Setting next_dagrun for sqlite_to_postgres_incremental to 2026-02-28T00:00:00+00:00, run_after=2026-03-01T00:00:00+00:00
[2026-02-28T09:35:23.509+0000] {processor.py:179} INFO - Processing /opt/airflow/dags/transfer_date_of_bd.py took 0.369 seconds
[2026-02-28T09:35:53.722+0000] {processor.py:157} INFO - Started process (PID=1398) to work on /opt/airflow/dags/transfer_date_of_bd.py
[2026-02-28T09:35:53.723+0000] {processor.py:829} INFO - Processing file /opt/airflow/dags/transfer_date_of_bd.py for tasks to queue
[2026-02-28T09:35:53.724+0000] {logging_mixin.py:151} INFO - [2026-02-28T09:35:53.724+0000] {dagbag.py:539} INFO - Filling up the DagBag from /opt/airflow/dags/transfer_date_of_bd.py
[2026-02-28T09:35:54.002+0000] {processor.py:839} INFO - DAG(s) dict_keys(['sqlite_to_postgres_incremental']) retrieved from /opt/airflow/dags/transfer_date_of_bd.py
[2026-02-28T09:35:54.028+0000] {logging_mixin.py:151} INFO - [2026-02-28T09:35:54.027+0000] {dag.py:2915} INFO - Sync 1 DAGs
[2026-02-28T09:35:54.048+0000] {logging_mixin.py:151} INFO - [2026-02-28T09:35:54.048+0000] {dag.py:3696} INFO - Setting next_dagrun for sqlite_to_postgres_incremental to 2026-02-28T00:00:00+00:00, run_after=2026-03-01T00:00:00+00:00
[2026-02-28T09:35:54.070+0000] {processor.py:179} INFO - Processing /opt/airflow/dags/transfer_date_of_bd.py took 0.352 seconds
[2026-02-28T09:36:24.268+0000] {processor.py:157} INFO - Started process (PID=1410) to work on /opt/airflow/dags/transfer_date_of_bd.py
[2026-02-28T09:36:24.269+0000] {processor.py:829} INFO - Processing file /opt/airflow/dags/transfer_date_of_bd.py for tasks to queue
[2026-02-28T09:36:24.270+0000] {logging_mixin.py:151} INFO - [2026-02-28T09:36:24.270+0000] {dagbag.py:539} INFO - Filling up the DagBag from /opt/airflow/dags/transfer_date_of_bd.py
[2026-02-28T09:36:24.557+0000] {processor.py:839} INFO - DAG(s) dict_keys(['sqlite_to_postgres_incremental']) retrieved from /opt/airflow/dags/transfer_date_of_bd.py
[2026-02-28T09:36:24.586+0000] {logging_mixin.py:151} INFO - [2026-02-28T09:36:24.585+0000] {dag.py:2915} INFO - Sync 1 DAGs
[2026-02-28T09:36:24.608+0000] {logging_mixin.py:151} INFO - [2026-02-28T09:36:24.608+0000] {dag.py:3696} INFO - Setting next_dagrun for sqlite_to_postgres_incremental to 2026-02-28T00:00:00+00:00, run_after=2026-03-01T00:00:00+00:00
[2026-02-28T09:36:24.628+0000] {processor.py:179} INFO - Processing /opt/airflow/dags/transfer_date_of_bd.py took 0.364 seconds
[2026-02-28T09:36:54.846+0000] {processor.py:157} INFO - Started process (PID=1422) to work on /opt/airflow/dags/transfer_date_of_bd.py
[2026-02-28T09:36:54.847+0000] {processor.py:829} INFO - Processing file /opt/airflow/dags/transfer_date_of_bd.py for tasks to queue
[2026-02-28T09:36:54.848+0000] {logging_mixin.py:151} INFO - [2026-02-28T09:36:54.848+0000] {dagbag.py:539} INFO - Filling up the DagBag from /opt/airflow/dags/transfer_date_of_bd.py
[2026-02-28T09:36:55.117+0000] {processor.py:839} INFO - DAG(s) dict_keys(['sqlite_to_postgres_incremental']) retrieved from /opt/airflow/dags/transfer_date_of_bd.py
[2026-02-28T09:36:55.146+0000] {logging_mixin.py:151} INFO - [2026-02-28T09:36:55.145+0000] {dag.py:2915} INFO - Sync 1 DAGs
[2026-02-28T09:36:55.166+0000] {logging_mixin.py:151} INFO - [2026-02-28T09:36:55.166+0000] {dag.py:3696} INFO - Setting next_dagrun for sqlite_to_postgres_incremental to 2026-02-28T00:00:00+00:00, run_after=2026-03-01T00:00:00+00:00
[2026-02-28T09:36:55.189+0000] {processor.py:179} INFO - Processing /opt/airflow/dags/transfer_date_of_bd.py took 0.346 seconds
[2026-02-28T09:37:25.406+0000] {processor.py:157} INFO - Started process (PID=1434) to work on /opt/airflow/dags/transfer_date_of_bd.py
[2026-02-28T09:37:25.408+0000] {processor.py:829} INFO - Processing file /opt/airflow/dags/transfer_date_of_bd.py for tasks to queue
[2026-02-28T09:37:25.410+0000] {logging_mixin.py:151} INFO - [2026-02-28T09:37:25.409+0000] {dagbag.py:539} INFO - Filling up the DagBag from /opt/airflow/dags/transfer_date_of_bd.py
[2026-02-28T09:37:25.717+0000] {processor.py:839} INFO - DAG(s) dict_keys(['sqlite_to_postgres_incremental']) retrieved from /opt/airflow/dags/transfer_date_of_bd.py
[2026-02-28T09:37:25.747+0000] {logging_mixin.py:151} INFO - [2026-02-28T09:37:25.746+0000] {dag.py:2915} INFO - Sync 1 DAGs
[2026-02-28T09:37:25.772+0000] {logging_mixin.py:151} INFO - [2026-02-28T09:37:25.772+0000] {dag.py:3696} INFO - Setting next_dagrun for sqlite_to_postgres_incremental to 2026-02-28T00:00:00+00:00, run_after=2026-03-01T00:00:00+00:00
[2026-02-28T09:37:25.796+0000] {processor.py:179} INFO - Processing /opt/airflow/dags/transfer_date_of_bd.py took 0.393 seconds
[2026-02-28T09:37:56.014+0000] {processor.py:157} INFO - Started process (PID=1446) to work on /opt/airflow/dags/transfer_date_of_bd.py
[2026-02-28T09:37:56.015+0000] {processor.py:829} INFO - Processing file /opt/airflow/dags/transfer_date_of_bd.py for tasks to queue
[2026-02-28T09:37:56.016+0000] {logging_mixin.py:151} INFO - [2026-02-28T09:37:56.016+0000] {dagbag.py:539} INFO - Filling up the DagBag from /opt/airflow/dags/transfer_date_of_bd.py
[2026-02-28T09:37:56.339+0000] {processor.py:839} INFO - DAG(s) dict_keys(['sqlite_to_postgres_incremental']) retrieved from /opt/airflow/dags/transfer_date_of_bd.py
[2026-02-28T09:37:56.369+0000] {logging_mixin.py:151} INFO - [2026-02-28T09:37:56.368+0000] {dag.py:2915} INFO - Sync 1 DAGs
[2026-02-28T09:37:56.394+0000] {logging_mixin.py:151} INFO - [2026-02-28T09:37:56.393+0000] {dag.py:3696} INFO - Setting next_dagrun for sqlite_to_postgres_incremental to 2026-02-28T00:00:00+00:00, run_after=2026-03-01T00:00:00+00:00
[2026-02-28T09:37:56.420+0000] {processor.py:179} INFO - Processing /opt/airflow/dags/transfer_date_of_bd.py took 0.409 seconds
[2026-02-28T09:38:26.639+0000] {processor.py:157} INFO - Started process (PID=1458) to work on /opt/airflow/dags/transfer_date_of_bd.py
[2026-02-28T09:38:26.641+0000] {processor.py:829} INFO - Processing file /opt/airflow/dags/transfer_date_of_bd.py for tasks to queue
[2026-02-28T09:38:26.643+0000] {logging_mixin.py:151} INFO - [2026-02-28T09:38:26.643+0000] {dagbag.py:539} INFO - Filling up the DagBag from /opt/airflow/dags/transfer_date_of_bd.py
[2026-02-28T09:38:26.975+0000] {processor.py:839} INFO - DAG(s) dict_keys(['sqlite_to_postgres_incremental']) retrieved from /opt/airflow/dags/transfer_date_of_bd.py
[2026-02-28T09:38:27.015+0000] {logging_mixin.py:151} INFO - [2026-02-28T09:38:27.014+0000] {dag.py:2915} INFO - Sync 1 DAGs
[2026-02-28T09:38:27.052+0000] {logging_mixin.py:151} INFO - [2026-02-28T09:38:27.051+0000] {dag.py:3696} INFO - Setting next_dagrun for sqlite_to_postgres_incremental to 2026-02-28T00:00:00+00:00, run_after=2026-03-01T00:00:00+00:00
[2026-02-28T09:38:27.082+0000] {processor.py:179} INFO - Processing /opt/airflow/dags/transfer_date_of_bd.py took 0.448 seconds
[2026-02-28T09:38:57.322+0000] {processor.py:157} INFO - Started process (PID=1470) to work on /opt/airflow/dags/transfer_date_of_bd.py
[2026-02-28T09:38:57.325+0000] {processor.py:829} INFO - Processing file /opt/airflow/dags/transfer_date_of_bd.py for tasks to queue
[2026-02-28T09:38:57.327+0000] {logging_mixin.py:151} INFO - [2026-02-28T09:38:57.326+0000] {dagbag.py:539} INFO - Filling up the DagBag from /opt/airflow/dags/transfer_date_of_bd.py
[2026-02-28T09:38:57.601+0000] {processor.py:839} INFO - DAG(s) dict_keys(['sqlite_to_postgres_incremental']) retrieved from /opt/airflow/dags/transfer_date_of_bd.py
[2026-02-28T09:38:57.625+0000] {logging_mixin.py:151} INFO - [2026-02-28T09:38:57.625+0000] {dag.py:2915} INFO - Sync 1 DAGs
[2026-02-28T09:38:57.648+0000] {logging_mixin.py:151} INFO - [2026-02-28T09:38:57.648+0000] {dag.py:3696} INFO - Setting next_dagrun for sqlite_to_postgres_incremental to 2026-02-28T00:00:00+00:00, run_after=2026-03-01T00:00:00+00:00
[2026-02-28T09:38:57.667+0000] {processor.py:179} INFO - Processing /opt/airflow/dags/transfer_date_of_bd.py took 0.350 seconds
[2026-02-28T09:39:27.898+0000] {processor.py:157} INFO - Started process (PID=1482) to work on /opt/airflow/dags/transfer_date_of_bd.py
[2026-02-28T09:39:27.899+0000] {processor.py:829} INFO - Processing file /opt/airflow/dags/transfer_date_of_bd.py for tasks to queue
[2026-02-28T09:39:27.900+0000] {logging_mixin.py:151} INFO - [2026-02-28T09:39:27.899+0000] {dagbag.py:539} INFO - Filling up the DagBag from /opt/airflow/dags/transfer_date_of_bd.py
[2026-02-28T09:39:28.173+0000] {processor.py:839} INFO - DAG(s) dict_keys(['sqlite_to_postgres_incremental']) retrieved from /opt/airflow/dags/transfer_date_of_bd.py
[2026-02-28T09:39:28.201+0000] {logging_mixin.py:151} INFO - [2026-02-28T09:39:28.200+0000] {dag.py:2915} INFO - Sync 1 DAGs
[2026-02-28T09:39:28.223+0000] {logging_mixin.py:151} INFO - [2026-02-28T09:39:28.222+0000] {dag.py:3696} INFO - Setting next_dagrun for sqlite_to_postgres_incremental to 2026-02-28T00:00:00+00:00, run_after=2026-03-01T00:00:00+00:00
[2026-02-28T09:39:28.248+0000] {processor.py:179} INFO - Processing /opt/airflow/dags/transfer_date_of_bd.py took 0.354 seconds
[2026-02-28T09:39:58.482+0000] {processor.py:157} INFO - Started process (PID=1494) to work on /opt/airflow/dags/transfer_date_of_bd.py
[2026-02-28T09:39:58.483+0000] {processor.py:829} INFO - Processing file /opt/airflow/dags/transfer_date_of_bd.py for tasks to queue
[2026-02-28T09:39:58.484+0000] {logging_mixin.py:151} INFO - [2026-02-28T09:39:58.484+0000] {dagbag.py:539} INFO - Filling up the DagBag from /opt/airflow/dags/transfer_date_of_bd.py
[2026-02-28T09:39:58.751+0000] {processor.py:839} INFO - DAG(s) dict_keys(['sqlite_to_postgres_incremental']) retrieved from /opt/airflow/dags/transfer_date_of_bd.py
[2026-02-28T09:39:58.777+0000] {logging_mixin.py:151} INFO - [2026-02-28T09:39:58.777+0000] {dag.py:2915} INFO - Sync 1 DAGs
[2026-02-28T09:39:58.800+0000] {logging_mixin.py:151} INFO - [2026-02-28T09:39:58.800+0000] {dag.py:3696} INFO - Setting next_dagrun for sqlite_to_postgres_incremental to 2026-02-28T00:00:00+00:00, run_after=2026-03-01T00:00:00+00:00
[2026-02-28T09:39:58.821+0000] {processor.py:179} INFO - Processing /opt/airflow/dags/transfer_date_of_bd.py took 0.343 seconds
[2026-02-28T09:40:29.040+0000] {processor.py:157} INFO - Started process (PID=1506) to work on /opt/airflow/dags/transfer_date_of_bd.py
[2026-02-28T09:40:29.042+0000] {processor.py:829} INFO - Processing file /opt/airflow/dags/transfer_date_of_bd.py for tasks to queue
[2026-02-28T09:40:29.043+0000] {logging_mixin.py:151} INFO - [2026-02-28T09:40:29.043+0000] {dagbag.py:539} INFO - Filling up the DagBag from /opt/airflow/dags/transfer_date_of_bd.py
[2026-02-28T09:40:29.300+0000] {processor.py:839} INFO - DAG(s) dict_keys(['sqlite_to_postgres_incremental']) retrieved from /opt/airflow/dags/transfer_date_of_bd.py
[2026-02-28T09:40:29.326+0000] {logging_mixin.py:151} INFO - [2026-02-28T09:40:29.326+0000] {dag.py:2915} INFO - Sync 1 DAGs
[2026-02-28T09:40:29.350+0000] {logging_mixin.py:151} INFO - [2026-02-28T09:40:29.349+0000] {dag.py:3696} INFO - Setting next_dagrun for sqlite_to_postgres_incremental to 2026-02-28T00:00:00+00:00, run_after=2026-03-01T00:00:00+00:00
[2026-02-28T09:40:29.372+0000] {processor.py:179} INFO - Processing /opt/airflow/dags/transfer_date_of_bd.py took 0.335 seconds
[2026-02-28T09:40:59.578+0000] {processor.py:157} INFO - Started process (PID=1518) to work on /opt/airflow/dags/transfer_date_of_bd.py
[2026-02-28T09:40:59.579+0000] {processor.py:829} INFO - Processing file /opt/airflow/dags/transfer_date_of_bd.py for tasks to queue
[2026-02-28T09:40:59.580+0000] {logging_mixin.py:151} INFO - [2026-02-28T09:40:59.580+0000] {dagbag.py:539} INFO - Filling up the DagBag from /opt/airflow/dags/transfer_date_of_bd.py
[2026-02-28T09:40:59.845+0000] {processor.py:839} INFO - DAG(s) dict_keys(['sqlite_to_postgres_incremental']) retrieved from /opt/airflow/dags/transfer_date_of_bd.py
[2026-02-28T09:40:59.873+0000] {logging_mixin.py:151} INFO - [2026-02-28T09:40:59.872+0000] {dag.py:2915} INFO - Sync 1 DAGs
[2026-02-28T09:40:59.896+0000] {logging_mixin.py:151} INFO - [2026-02-28T09:40:59.896+0000] {dag.py:3696} INFO - Setting next_dagrun for sqlite_to_postgres_incremental to 2026-02-28T00:00:00+00:00, run_after=2026-03-01T00:00:00+00:00
[2026-02-28T09:40:59.916+0000] {processor.py:179} INFO - Processing /opt/airflow/dags/transfer_date_of_bd.py took 0.342 seconds
[2026-02-28T09:41:30.133+0000] {processor.py:157} INFO - Started process (PID=1530) to work on /opt/airflow/dags/transfer_date_of_bd.py
[2026-02-28T09:41:30.134+0000] {processor.py:829} INFO - Processing file /opt/airflow/dags/transfer_date_of_bd.py for tasks to queue
[2026-02-28T09:41:30.135+0000] {logging_mixin.py:151} INFO - [2026-02-28T09:41:30.135+0000] {dagbag.py:539} INFO - Filling up the DagBag from /opt/airflow/dags/transfer_date_of_bd.py
[2026-02-28T09:41:30.399+0000] {processor.py:839} INFO - DAG(s) dict_keys(['sqlite_to_postgres_incremental']) retrieved from /opt/airflow/dags/transfer_date_of_bd.py
[2026-02-28T09:41:30.430+0000] {logging_mixin.py:151} INFO - [2026-02-28T09:41:30.430+0000] {dag.py:2915} INFO - Sync 1 DAGs
[2026-02-28T09:41:30.452+0000] {logging_mixin.py:151} INFO - [2026-02-28T09:41:30.452+0000] {dag.py:3696} INFO - Setting next_dagrun for sqlite_to_postgres_incremental to 2026-02-28T00:00:00+00:00, run_after=2026-03-01T00:00:00+00:00
[2026-02-28T09:41:30.481+0000] {processor.py:179} INFO - Processing /opt/airflow/dags/transfer_date_of_bd.py took 0.351 seconds
[2026-02-28T09:42:00.705+0000] {processor.py:157} INFO - Started process (PID=1542) to work on /opt/airflow/dags/transfer_date_of_bd.py
[2026-02-28T09:42:00.706+0000] {processor.py:829} INFO - Processing file /opt/airflow/dags/transfer_date_of_bd.py for tasks to queue
[2026-02-28T09:42:00.707+0000] {logging_mixin.py:151} INFO - [2026-02-28T09:42:00.707+0000] {dagbag.py:539} INFO - Filling up the DagBag from /opt/airflow/dags/transfer_date_of_bd.py
[2026-02-28T09:42:01.039+0000] {processor.py:839} INFO - DAG(s) dict_keys(['sqlite_to_postgres_incremental']) retrieved from /opt/airflow/dags/transfer_date_of_bd.py
[2026-02-28T09:42:01.066+0000] {logging_mixin.py:151} INFO - [2026-02-28T09:42:01.065+0000] {dag.py:2915} INFO - Sync 1 DAGs
[2026-02-28T09:42:01.087+0000] {logging_mixin.py:151} INFO - [2026-02-28T09:42:01.087+0000] {dag.py:3696} INFO - Setting next_dagrun for sqlite_to_postgres_incremental to 2026-02-28T00:00:00+00:00, run_after=2026-03-01T00:00:00+00:00
[2026-02-28T09:42:01.111+0000] {processor.py:179} INFO - Processing /opt/airflow/dags/transfer_date_of_bd.py took 0.410 seconds
[2026-02-28T09:42:31.349+0000] {processor.py:157} INFO - Started process (PID=1554) to work on /opt/airflow/dags/transfer_date_of_bd.py
[2026-02-28T09:42:31.351+0000] {processor.py:829} INFO - Processing file /opt/airflow/dags/transfer_date_of_bd.py for tasks to queue
[2026-02-28T09:42:31.352+0000] {logging_mixin.py:151} INFO - [2026-02-28T09:42:31.352+0000] {dagbag.py:539} INFO - Filling up the DagBag from /opt/airflow/dags/transfer_date_of_bd.py
[2026-02-28T09:42:31.708+0000] {processor.py:839} INFO - DAG(s) dict_keys(['sqlite_to_postgres_incremental']) retrieved from /opt/airflow/dags/transfer_date_of_bd.py
[2026-02-28T09:42:31.756+0000] {logging_mixin.py:151} INFO - [2026-02-28T09:42:31.755+0000] {dag.py:2915} INFO - Sync 1 DAGs
[2026-02-28T09:42:31.801+0000] {logging_mixin.py:151} INFO - [2026-02-28T09:42:31.801+0000] {dag.py:3696} INFO - Setting next_dagrun for sqlite_to_postgres_incremental to 2026-02-28T00:00:00+00:00, run_after=2026-03-01T00:00:00+00:00
[2026-02-28T09:42:31.839+0000] {processor.py:179} INFO - Processing /opt/airflow/dags/transfer_date_of_bd.py took 0.494 seconds
[2026-02-28T09:43:02.079+0000] {processor.py:157} INFO - Started process (PID=1566) to work on /opt/airflow/dags/transfer_date_of_bd.py
[2026-02-28T09:43:02.083+0000] {processor.py:829} INFO - Processing file /opt/airflow/dags/transfer_date_of_bd.py for tasks to queue
[2026-02-28T09:43:02.085+0000] {logging_mixin.py:151} INFO - [2026-02-28T09:43:02.084+0000] {dagbag.py:539} INFO - Filling up the DagBag from /opt/airflow/dags/transfer_date_of_bd.py
[2026-02-28T09:43:02.482+0000] {processor.py:839} INFO - DAG(s) dict_keys(['sqlite_to_postgres_incremental']) retrieved from /opt/airflow/dags/transfer_date_of_bd.py
[2026-02-28T09:43:02.517+0000] {logging_mixin.py:151} INFO - [2026-02-28T09:43:02.517+0000] {dag.py:2915} INFO - Sync 1 DAGs
[2026-02-28T09:43:02.548+0000] {logging_mixin.py:151} INFO - [2026-02-28T09:43:02.548+0000] {dag.py:3696} INFO - Setting next_dagrun for sqlite_to_postgres_incremental to 2026-02-28T00:00:00+00:00, run_after=2026-03-01T00:00:00+00:00
[2026-02-28T09:43:02.569+0000] {processor.py:179} INFO - Processing /opt/airflow/dags/transfer_date_of_bd.py took 0.495 seconds
[2026-02-28T09:43:32.837+0000] {processor.py:157} INFO - Started process (PID=1578) to work on /opt/airflow/dags/transfer_date_of_bd.py
[2026-02-28T09:43:32.839+0000] {processor.py:829} INFO - Processing file /opt/airflow/dags/transfer_date_of_bd.py for tasks to queue
[2026-02-28T09:43:32.841+0000] {logging_mixin.py:151} INFO - [2026-02-28T09:43:32.840+0000] {dagbag.py:539} INFO - Filling up the DagBag from /opt/airflow/dags/transfer_date_of_bd.py
[2026-02-28T09:43:33.308+0000] {processor.py:839} INFO - DAG(s) dict_keys(['sqlite_to_postgres_incremental']) retrieved from /opt/airflow/dags/transfer_date_of_bd.py
[2026-02-28T09:43:33.341+0000] {logging_mixin.py:151} INFO - [2026-02-28T09:43:33.340+0000] {dag.py:2915} INFO - Sync 1 DAGs
[2026-02-28T09:43:33.365+0000] {logging_mixin.py:151} INFO - [2026-02-28T09:43:33.364+0000] {dag.py:3696} INFO - Setting next_dagrun for sqlite_to_postgres_incremental to 2026-02-28T00:00:00+00:00, run_after=2026-03-01T00:00:00+00:00
[2026-02-28T09:43:33.385+0000] {processor.py:179} INFO - Processing /opt/airflow/dags/transfer_date_of_bd.py took 0.560 seconds
[2026-02-28T09:44:03.608+0000] {processor.py:157} INFO - Started process (PID=1590) to work on /opt/airflow/dags/transfer_date_of_bd.py
[2026-02-28T09:44:03.609+0000] {processor.py:829} INFO - Processing file /opt/airflow/dags/transfer_date_of_bd.py for tasks to queue
[2026-02-28T09:44:03.610+0000] {logging_mixin.py:151} INFO - [2026-02-28T09:44:03.610+0000] {dagbag.py:539} INFO - Filling up the DagBag from /opt/airflow/dags/transfer_date_of_bd.py
[2026-02-28T09:44:03.894+0000] {processor.py:839} INFO - DAG(s) dict_keys(['sqlite_to_postgres_incremental']) retrieved from /opt/airflow/dags/transfer_date_of_bd.py
[2026-02-28T09:44:03.921+0000] {logging_mixin.py:151} INFO - [2026-02-28T09:44:03.920+0000] {dag.py:2915} INFO - Sync 1 DAGs
[2026-02-28T09:44:03.942+0000] {logging_mixin.py:151} INFO - [2026-02-28T09:44:03.941+0000] {dag.py:3696} INFO - Setting next_dagrun for sqlite_to_postgres_incremental to 2026-02-28T00:00:00+00:00, run_after=2026-03-01T00:00:00+00:00
[2026-02-28T09:44:03.961+0000] {processor.py:179} INFO - Processing /opt/airflow/dags/transfer_date_of_bd.py took 0.358 seconds
[2026-02-28T09:44:34.225+0000] {processor.py:157} INFO - Started process (PID=1602) to work on /opt/airflow/dags/transfer_date_of_bd.py
[2026-02-28T09:44:34.228+0000] {processor.py:829} INFO - Processing file /opt/airflow/dags/transfer_date_of_bd.py for tasks to queue
[2026-02-28T09:44:34.231+0000] {logging_mixin.py:151} INFO - [2026-02-28T09:44:34.231+0000] {dagbag.py:539} INFO - Filling up the DagBag from /opt/airflow/dags/transfer_date_of_bd.py
[2026-02-28T09:44:34.521+0000] {processor.py:839} INFO - DAG(s) dict_keys(['sqlite_to_postgres_incremental']) retrieved from /opt/airflow/dags/transfer_date_of_bd.py
[2026-02-28T09:44:34.547+0000] {logging_mixin.py:151} INFO - [2026-02-28T09:44:34.546+0000] {dag.py:2915} INFO - Sync 1 DAGs
[2026-02-28T09:44:34.570+0000] {logging_mixin.py:151} INFO - [2026-02-28T09:44:34.570+0000] {dag.py:3696} INFO - Setting next_dagrun for sqlite_to_postgres_incremental to 2026-02-28T00:00:00+00:00, run_after=2026-03-01T00:00:00+00:00
[2026-02-28T09:44:34.591+0000] {processor.py:179} INFO - Processing /opt/airflow/dags/transfer_date_of_bd.py took 0.371 seconds
[2026-02-28T09:45:04.840+0000] {processor.py:157} INFO - Started process (PID=1614) to work on /opt/airflow/dags/transfer_date_of_bd.py
[2026-02-28T09:45:04.842+0000] {processor.py:829} INFO - Processing file /opt/airflow/dags/transfer_date_of_bd.py for tasks to queue
[2026-02-28T09:45:04.843+0000] {logging_mixin.py:151} INFO - [2026-02-28T09:45:04.842+0000] {dagbag.py:539} INFO - Filling up the DagBag from /opt/airflow/dags/transfer_date_of_bd.py
[2026-02-28T09:45:05.115+0000] {processor.py:839} INFO - DAG(s) dict_keys(['sqlite_to_postgres_incremental']) retrieved from /opt/airflow/dags/transfer_date_of_bd.py
[2026-02-28T09:45:05.142+0000] {logging_mixin.py:151} INFO - [2026-02-28T09:45:05.142+0000] {dag.py:2915} INFO - Sync 1 DAGs
[2026-02-28T09:45:05.164+0000] {logging_mixin.py:151} INFO - [2026-02-28T09:45:05.164+0000] {dag.py:3696} INFO - Setting next_dagrun for sqlite_to_postgres_incremental to 2026-02-28T00:00:00+00:00, run_after=2026-03-01T00:00:00+00:00
[2026-02-28T09:45:05.183+0000] {processor.py:179} INFO - Processing /opt/airflow/dags/transfer_date_of_bd.py took 0.347 seconds
[2026-02-28T09:45:35.400+0000] {processor.py:157} INFO - Started process (PID=1626) to work on /opt/airflow/dags/transfer_date_of_bd.py
[2026-02-28T09:45:35.401+0000] {processor.py:829} INFO - Processing file /opt/airflow/dags/transfer_date_of_bd.py for tasks to queue
[2026-02-28T09:45:35.402+0000] {logging_mixin.py:151} INFO - [2026-02-28T09:45:35.402+0000] {dagbag.py:539} INFO - Filling up the DagBag from /opt/airflow/dags/transfer_date_of_bd.py
[2026-02-28T09:45:35.674+0000] {processor.py:839} INFO - DAG(s) dict_keys(['sqlite_to_postgres_incremental']) retrieved from /opt/airflow/dags/transfer_date_of_bd.py
[2026-02-28T09:45:35.699+0000] {logging_mixin.py:151} INFO - [2026-02-28T09:45:35.699+0000] {dag.py:2915} INFO - Sync 1 DAGs
[2026-02-28T09:45:35.721+0000] {logging_mixin.py:151} INFO - [2026-02-28T09:45:35.721+0000] {dag.py:3696} INFO - Setting next_dagrun for sqlite_to_postgres_incremental to 2026-02-28T00:00:00+00:00, run_after=2026-03-01T00:00:00+00:00
[2026-02-28T09:45:35.740+0000] {processor.py:179} INFO - Processing /opt/airflow/dags/transfer_date_of_bd.py took 0.344 seconds
[2026-02-28T09:46:05.967+0000] {processor.py:157} INFO - Started process (PID=1638) to work on /opt/airflow/dags/transfer_date_of_bd.py
[2026-02-28T09:46:05.968+0000] {processor.py:829} INFO - Processing file /opt/airflow/dags/transfer_date_of_bd.py for tasks to queue
[2026-02-28T09:46:05.969+0000] {logging_mixin.py:151} INFO - [2026-02-28T09:46:05.969+0000] {dagbag.py:539} INFO - Filling up the DagBag from /opt/airflow/dags/transfer_date_of_bd.py
[2026-02-28T09:46:06.256+0000] {processor.py:839} INFO - DAG(s) dict_keys(['sqlite_to_postgres_incremental']) retrieved from /opt/airflow/dags/transfer_date_of_bd.py
[2026-02-28T09:46:06.281+0000] {logging_mixin.py:151} INFO - [2026-02-28T09:46:06.279+0000] {dag.py:2915} INFO - Sync 1 DAGs
[2026-02-28T09:46:06.307+0000] {logging_mixin.py:151} INFO - [2026-02-28T09:46:06.307+0000] {dag.py:3696} INFO - Setting next_dagrun for sqlite_to_postgres_incremental to 2026-02-28T00:00:00+00:00, run_after=2026-03-01T00:00:00+00:00
[2026-02-28T09:46:06.330+0000] {processor.py:179} INFO - Processing /opt/airflow/dags/transfer_date_of_bd.py took 0.367 seconds
[2026-02-28T09:46:36.557+0000] {processor.py:157} INFO - Started process (PID=1650) to work on /opt/airflow/dags/transfer_date_of_bd.py
[2026-02-28T09:46:36.558+0000] {processor.py:829} INFO - Processing file /opt/airflow/dags/transfer_date_of_bd.py for tasks to queue
[2026-02-28T09:46:36.560+0000] {logging_mixin.py:151} INFO - [2026-02-28T09:46:36.559+0000] {dagbag.py:539} INFO - Filling up the DagBag from /opt/airflow/dags/transfer_date_of_bd.py
[2026-02-28T09:46:36.841+0000] {processor.py:839} INFO - DAG(s) dict_keys(['sqlite_to_postgres_incremental']) retrieved from /opt/airflow/dags/transfer_date_of_bd.py
[2026-02-28T09:46:36.864+0000] {logging_mixin.py:151} INFO - [2026-02-28T09:46:36.863+0000] {dag.py:2915} INFO - Sync 1 DAGs
[2026-02-28T09:46:36.886+0000] {logging_mixin.py:151} INFO - [2026-02-28T09:46:36.886+0000] {dag.py:3696} INFO - Setting next_dagrun for sqlite_to_postgres_incremental to 2026-02-28T00:00:00+00:00, run_after=2026-03-01T00:00:00+00:00
[2026-02-28T09:46:36.905+0000] {processor.py:179} INFO - Processing /opt/airflow/dags/transfer_date_of_bd.py took 0.351 seconds
[2026-02-28T09:47:07.137+0000] {processor.py:157} INFO - Started process (PID=1662) to work on /opt/airflow/dags/transfer_date_of_bd.py
[2026-02-28T09:47:07.138+0000] {processor.py:829} INFO - Processing file /opt/airflow/dags/transfer_date_of_bd.py for tasks to queue
[2026-02-28T09:47:07.140+0000] {logging_mixin.py:151} INFO - [2026-02-28T09:47:07.139+0000] {dagbag.py:539} INFO - Filling up the DagBag from /opt/airflow/dags/transfer_date_of_bd.py
[2026-02-28T09:47:07.438+0000] {processor.py:839} INFO - DAG(s) dict_keys(['sqlite_to_postgres_incremental']) retrieved from /opt/airflow/dags/transfer_date_of_bd.py
[2026-02-28T09:47:07.464+0000] {logging_mixin.py:151} INFO - [2026-02-28T09:47:07.463+0000] {dag.py:2915} INFO - Sync 1 DAGs
[2026-02-28T09:47:07.488+0000] {logging_mixin.py:151} INFO - [2026-02-28T09:47:07.488+0000] {dag.py:3696} INFO - Setting next_dagrun for sqlite_to_postgres_incremental to 2026-02-28T00:00:00+00:00, run_after=2026-03-01T00:00:00+00:00
[2026-02-28T09:47:07.508+0000] {processor.py:179} INFO - Processing /opt/airflow/dags/transfer_date_of_bd.py took 0.377 seconds
[2026-02-28T09:47:37.741+0000] {processor.py:157} INFO - Started process (PID=1674) to work on /opt/airflow/dags/transfer_date_of_bd.py
[2026-02-28T09:47:37.743+0000] {processor.py:829} INFO - Processing file /opt/airflow/dags/transfer_date_of_bd.py for tasks to queue
[2026-02-28T09:47:37.744+0000] {logging_mixin.py:151} INFO - [2026-02-28T09:47:37.743+0000] {dagbag.py:539} INFO - Filling up the DagBag from /opt/airflow/dags/transfer_date_of_bd.py
[2026-02-28T09:47:38.042+0000] {processor.py:839} INFO - DAG(s) dict_keys(['sqlite_to_postgres_incremental']) retrieved from /opt/airflow/dags/transfer_date_of_bd.py
[2026-02-28T09:47:38.075+0000] {logging_mixin.py:151} INFO - [2026-02-28T09:47:38.074+0000] {dag.py:2915} INFO - Sync 1 DAGs
[2026-02-28T09:47:38.104+0000] {logging_mixin.py:151} INFO - [2026-02-28T09:47:38.104+0000] {dag.py:3696} INFO - Setting next_dagrun for sqlite_to_postgres_incremental to 2026-02-28T00:00:00+00:00, run_after=2026-03-01T00:00:00+00:00
[2026-02-28T09:47:38.137+0000] {processor.py:179} INFO - Processing /opt/airflow/dags/transfer_date_of_bd.py took 0.399 seconds
[2026-02-28T09:48:08.362+0000] {processor.py:157} INFO - Started process (PID=1686) to work on /opt/airflow/dags/transfer_date_of_bd.py
[2026-02-28T09:48:08.363+0000] {processor.py:829} INFO - Processing file /opt/airflow/dags/transfer_date_of_bd.py for tasks to queue
[2026-02-28T09:48:08.364+0000] {logging_mixin.py:151} INFO - [2026-02-28T09:48:08.364+0000] {dagbag.py:539} INFO - Filling up the DagBag from /opt/airflow/dags/transfer_date_of_bd.py
[2026-02-28T09:48:08.648+0000] {processor.py:839} INFO - DAG(s) dict_keys(['sqlite_to_postgres_incremental']) retrieved from /opt/airflow/dags/transfer_date_of_bd.py
[2026-02-28T09:48:08.678+0000] {logging_mixin.py:151} INFO - [2026-02-28T09:48:08.677+0000] {dag.py:2915} INFO - Sync 1 DAGs
[2026-02-28T09:48:08.703+0000] {logging_mixin.py:151} INFO - [2026-02-28T09:48:08.703+0000] {dag.py:3696} INFO - Setting next_dagrun for sqlite_to_postgres_incremental to 2026-02-28T00:00:00+00:00, run_after=2026-03-01T00:00:00+00:00
[2026-02-28T09:48:08.723+0000] {processor.py:179} INFO - Processing /opt/airflow/dags/transfer_date_of_bd.py took 0.366 seconds
[2026-02-28T09:48:38.954+0000] {processor.py:157} INFO - Started process (PID=1698) to work on /opt/airflow/dags/transfer_date_of_bd.py
[2026-02-28T09:48:38.955+0000] {processor.py:829} INFO - Processing file /opt/airflow/dags/transfer_date_of_bd.py for tasks to queue
[2026-02-28T09:48:38.956+0000] {logging_mixin.py:151} INFO - [2026-02-28T09:48:38.955+0000] {dagbag.py:539} INFO - Filling up the DagBag from /opt/airflow/dags/transfer_date_of_bd.py
[2026-02-28T09:48:39.214+0000] {processor.py:839} INFO - DAG(s) dict_keys(['sqlite_to_postgres_incremental']) retrieved from /opt/airflow/dags/transfer_date_of_bd.py
[2026-02-28T09:48:39.240+0000] {logging_mixin.py:151} INFO - [2026-02-28T09:48:39.238+0000] {dag.py:2915} INFO - Sync 1 DAGs
[2026-02-28T09:48:39.260+0000] {logging_mixin.py:151} INFO - [2026-02-28T09:48:39.259+0000] {dag.py:3696} INFO - Setting next_dagrun for sqlite_to_postgres_incremental to 2026-02-28T00:00:00+00:00, run_after=2026-03-01T00:00:00+00:00
[2026-02-28T09:48:39.281+0000] {processor.py:179} INFO - Processing /opt/airflow/dags/transfer_date_of_bd.py took 0.330 seconds
[2026-02-28T09:49:09.480+0000] {processor.py:157} INFO - Started process (PID=1710) to work on /opt/airflow/dags/transfer_date_of_bd.py
[2026-02-28T09:49:09.481+0000] {processor.py:829} INFO - Processing file /opt/airflow/dags/transfer_date_of_bd.py for tasks to queue
[2026-02-28T09:49:09.482+0000] {logging_mixin.py:151} INFO - [2026-02-28T09:49:09.482+0000] {dagbag.py:539} INFO - Filling up the DagBag from /opt/airflow/dags/transfer_date_of_bd.py
[2026-02-28T09:49:09.753+0000] {processor.py:839} INFO - DAG(s) dict_keys(['sqlite_to_postgres_incremental']) retrieved from /opt/airflow/dags/transfer_date_of_bd.py
[2026-02-28T09:49:09.781+0000] {logging_mixin.py:151} INFO - [2026-02-28T09:49:09.780+0000] {dag.py:2915} INFO - Sync 1 DAGs
[2026-02-28T09:49:09.801+0000] {logging_mixin.py:151} INFO - [2026-02-28T09:49:09.800+0000] {dag.py:3696} INFO - Setting next_dagrun for sqlite_to_postgres_incremental to 2026-02-28T00:00:00+00:00, run_after=2026-03-01T00:00:00+00:00
[2026-02-28T09:49:09.819+0000] {processor.py:179} INFO - Processing /opt/airflow/dags/transfer_date_of_bd.py took 0.342 seconds
[2026-02-28T09:49:40.032+0000] {processor.py:157} INFO - Started process (PID=1722) to work on /opt/airflow/dags/transfer_date_of_bd.py
[2026-02-28T09:49:40.033+0000] {processor.py:829} INFO - Processing file /opt/airflow/dags/transfer_date_of_bd.py for tasks to queue
[2026-02-28T09:49:40.034+0000] {logging_mixin.py:151} INFO - [2026-02-28T09:49:40.033+0000] {dagbag.py:539} INFO - Filling up the DagBag from /opt/airflow/dags/transfer_date_of_bd.py
[2026-02-28T09:49:40.301+0000] {processor.py:839} INFO - DAG(s) dict_keys(['sqlite_to_postgres_incremental']) retrieved from /opt/airflow/dags/transfer_date_of_bd.py
[2026-02-28T09:49:40.327+0000] {logging_mixin.py:151} INFO - [2026-02-28T09:49:40.326+0000] {dag.py:2915} INFO - Sync 1 DAGs
[2026-02-28T09:49:40.349+0000] {logging_mixin.py:151} INFO - [2026-02-28T09:49:40.349+0000] {dag.py:3696} INFO - Setting next_dagrun for sqlite_to_postgres_incremental to 2026-02-28T00:00:00+00:00, run_after=2026-03-01T00:00:00+00:00
[2026-02-28T09:49:40.371+0000] {processor.py:179} INFO - Processing /opt/airflow/dags/transfer_date_of_bd.py took 0.342 seconds
[2026-02-28T09:50:10.597+0000] {processor.py:157} INFO - Started process (PID=1734) to work on /opt/airflow/dags/transfer_date_of_bd.py
[2026-02-28T09:50:10.599+0000] {processor.py:829} INFO - Processing file /opt/airflow/dags/transfer_date_of_bd.py for tasks to queue
[2026-02-28T09:50:10.600+0000] {logging_mixin.py:151} INFO - [2026-02-28T09:50:10.599+0000] {dagbag.py:539} INFO - Filling up the DagBag from /opt/airflow/dags/transfer_date_of_bd.py
[2026-02-28T09:50:10.860+0000] {processor.py:839} INFO - DAG(s) dict_keys(['sqlite_to_postgres_incremental']) retrieved from /opt/airflow/dags/transfer_date_of_bd.py
[2026-02-28T09:50:10.887+0000] {logging_mixin.py:151} INFO - [2026-02-28T09:50:10.886+0000] {dag.py:2915} INFO - Sync 1 DAGs
[2026-02-28T09:50:10.907+0000] {logging_mixin.py:151} INFO - [2026-02-28T09:50:10.906+0000] {dag.py:3696} INFO - Setting next_dagrun for sqlite_to_postgres_incremental to 2026-02-28T00:00:00+00:00, run_after=2026-03-01T00:00:00+00:00
[2026-02-28T09:50:10.928+0000] {processor.py:179} INFO - Processing /opt/airflow/dags/transfer_date_of_bd.py took 0.334 seconds
[2026-02-28T09:50:41.145+0000] {processor.py:157} INFO - Started process (PID=1746) to work on /opt/airflow/dags/transfer_date_of_bd.py
[2026-02-28T09:50:41.146+0000] {processor.py:829} INFO - Processing file /opt/airflow/dags/transfer_date_of_bd.py for tasks to queue
[2026-02-28T09:50:41.147+0000] {logging_mixin.py:151} INFO - [2026-02-28T09:50:41.147+0000] {dagbag.py:539} INFO - Filling up the DagBag from /opt/airflow/dags/transfer_date_of_bd.py
[2026-02-28T09:50:41.467+0000] {processor.py:839} INFO - DAG(s) dict_keys(['sqlite_to_postgres_incremental']) retrieved from /opt/airflow/dags/transfer_date_of_bd.py
[2026-02-28T09:50:41.497+0000] {logging_mixin.py:151} INFO - [2026-02-28T09:50:41.496+0000] {dag.py:2915} INFO - Sync 1 DAGs
[2026-02-28T09:50:41.518+0000] {logging_mixin.py:151} INFO - [2026-02-28T09:50:41.518+0000] {dag.py:3696} INFO - Setting next_dagrun for sqlite_to_postgres_incremental to 2026-02-28T00:00:00+00:00, run_after=2026-03-01T00:00:00+00:00
[2026-02-28T09:50:41.538+0000] {processor.py:179} INFO - Processing /opt/airflow/dags/transfer_date_of_bd.py took 0.396 seconds
[2026-02-28T09:51:11.763+0000] {processor.py:157} INFO - Started process (PID=1758) to work on /opt/airflow/dags/transfer_date_of_bd.py
[2026-02-28T09:51:11.765+0000] {processor.py:829} INFO - Processing file /opt/airflow/dags/transfer_date_of_bd.py for tasks to queue
[2026-02-28T09:51:11.766+0000] {logging_mixin.py:151} INFO - [2026-02-28T09:51:11.766+0000] {dagbag.py:539} INFO - Filling up the DagBag from /opt/airflow/dags/transfer_date_of_bd.py
[2026-02-28T09:51:12.100+0000] {processor.py:839} INFO - DAG(s) dict_keys(['sqlite_to_postgres_incremental']) retrieved from /opt/airflow/dags/transfer_date_of_bd.py
[2026-02-28T09:51:12.127+0000] {logging_mixin.py:151} INFO - [2026-02-28T09:51:12.127+0000] {dag.py:2915} INFO - Sync 1 DAGs
[2026-02-28T09:51:12.151+0000] {logging_mixin.py:151} INFO - [2026-02-28T09:51:12.151+0000] {dag.py:3696} INFO - Setting next_dagrun for sqlite_to_postgres_incremental to 2026-02-28T00:00:00+00:00, run_after=2026-03-01T00:00:00+00:00
[2026-02-28T09:51:12.175+0000] {processor.py:179} INFO - Processing /opt/airflow/dags/transfer_date_of_bd.py took 0.415 seconds
[2026-02-28T09:51:42.394+0000] {processor.py:157} INFO - Started process (PID=1770) to work on /opt/airflow/dags/transfer_date_of_bd.py
[2026-02-28T09:51:42.395+0000] {processor.py:829} INFO - Processing file /opt/airflow/dags/transfer_date_of_bd.py for tasks to queue
[2026-02-28T09:51:42.397+0000] {logging_mixin.py:151} INFO - [2026-02-28T09:51:42.397+0000] {dagbag.py:539} INFO - Filling up the DagBag from /opt/airflow/dags/transfer_date_of_bd.py
[2026-02-28T09:51:42.681+0000] {processor.py:839} INFO - DAG(s) dict_keys(['sqlite_to_postgres_incremental']) retrieved from /opt/airflow/dags/transfer_date_of_bd.py
[2026-02-28T09:51:42.712+0000] {logging_mixin.py:151} INFO - [2026-02-28T09:51:42.712+0000] {dag.py:2915} INFO - Sync 1 DAGs
[2026-02-28T09:51:42.733+0000] {logging_mixin.py:151} INFO - [2026-02-28T09:51:42.733+0000] {dag.py:3696} INFO - Setting next_dagrun for sqlite_to_postgres_incremental to 2026-02-28T00:00:00+00:00, run_after=2026-03-01T00:00:00+00:00
[2026-02-28T09:51:42.757+0000] {processor.py:179} INFO - Processing /opt/airflow/dags/transfer_date_of_bd.py took 0.366 seconds
[2026-02-28T09:52:12.986+0000] {processor.py:157} INFO - Started process (PID=1782) to work on /opt/airflow/dags/transfer_date_of_bd.py
[2026-02-28T09:52:12.987+0000] {processor.py:829} INFO - Processing file /opt/airflow/dags/transfer_date_of_bd.py for tasks to queue
[2026-02-28T09:52:12.988+0000] {logging_mixin.py:151} INFO - [2026-02-28T09:52:12.988+0000] {dagbag.py:539} INFO - Filling up the DagBag from /opt/airflow/dags/transfer_date_of_bd.py
[2026-02-28T09:52:13.304+0000] {processor.py:839} INFO - DAG(s) dict_keys(['sqlite_to_postgres_incremental']) retrieved from /opt/airflow/dags/transfer_date_of_bd.py
[2026-02-28T09:52:13.341+0000] {logging_mixin.py:151} INFO - [2026-02-28T09:52:13.340+0000] {dag.py:2915} INFO - Sync 1 DAGs
[2026-02-28T09:52:13.375+0000] {logging_mixin.py:151} INFO - [2026-02-28T09:52:13.374+0000] {dag.py:3696} INFO - Setting next_dagrun for sqlite_to_postgres_incremental to 2026-02-28T00:00:00+00:00, run_after=2026-03-01T00:00:00+00:00
[2026-02-28T09:52:13.400+0000] {processor.py:179} INFO - Processing /opt/airflow/dags/transfer_date_of_bd.py took 0.417 seconds
[2026-02-28T09:52:43.631+0000] {processor.py:157} INFO - Started process (PID=1794) to work on /opt/airflow/dags/transfer_date_of_bd.py
[2026-02-28T09:52:43.633+0000] {processor.py:829} INFO - Processing file /opt/airflow/dags/transfer_date_of_bd.py for tasks to queue
[2026-02-28T09:52:43.634+0000] {logging_mixin.py:151} INFO - [2026-02-28T09:52:43.634+0000] {dagbag.py:539} INFO - Filling up the DagBag from /opt/airflow/dags/transfer_date_of_bd.py
[2026-02-28T09:52:43.923+0000] {processor.py:839} INFO - DAG(s) dict_keys(['sqlite_to_postgres_incremental']) retrieved from /opt/airflow/dags/transfer_date_of_bd.py
[2026-02-28T09:52:43.948+0000] {logging_mixin.py:151} INFO - [2026-02-28T09:52:43.947+0000] {dag.py:2915} INFO - Sync 1 DAGs
[2026-02-28T09:52:43.983+0000] {logging_mixin.py:151} INFO - [2026-02-28T09:52:43.982+0000] {dag.py:3696} INFO - Setting next_dagrun for sqlite_to_postgres_incremental to 2026-02-28T00:00:00+00:00, run_after=2026-03-01T00:00:00+00:00
[2026-02-28T09:52:44.013+0000] {processor.py:179} INFO - Processing /opt/airflow/dags/transfer_date_of_bd.py took 0.387 seconds
[2026-02-28T09:53:14.237+0000] {processor.py:157} INFO - Started process (PID=1806) to work on /opt/airflow/dags/transfer_date_of_bd.py
[2026-02-28T09:53:14.238+0000] {processor.py:829} INFO - Processing file /opt/airflow/dags/transfer_date_of_bd.py for tasks to queue
[2026-02-28T09:53:14.239+0000] {logging_mixin.py:151} INFO - [2026-02-28T09:53:14.239+0000] {dagbag.py:539} INFO - Filling up the DagBag from /opt/airflow/dags/transfer_date_of_bd.py
[2026-02-28T09:53:14.517+0000] {processor.py:839} INFO - DAG(s) dict_keys(['sqlite_to_postgres_incremental']) retrieved from /opt/airflow/dags/transfer_date_of_bd.py
[2026-02-28T09:53:14.541+0000] {logging_mixin.py:151} INFO - [2026-02-28T09:53:14.540+0000] {dag.py:2915} INFO - Sync 1 DAGs
[2026-02-28T09:53:14.563+0000] {logging_mixin.py:151} INFO - [2026-02-28T09:53:14.563+0000] {dag.py:3696} INFO - Setting next_dagrun for sqlite_to_postgres_incremental to 2026-02-28T00:00:00+00:00, run_after=2026-03-01T00:00:00+00:00
[2026-02-28T09:53:14.584+0000] {processor.py:179} INFO - Processing /opt/airflow/dags/transfer_date_of_bd.py took 0.350 seconds
[2026-02-28T09:53:44.800+0000] {processor.py:157} INFO - Started process (PID=1818) to work on /opt/airflow/dags/transfer_date_of_bd.py
[2026-02-28T09:53:44.801+0000] {processor.py:829} INFO - Processing file /opt/airflow/dags/transfer_date_of_bd.py for tasks to queue
[2026-02-28T09:53:44.803+0000] {logging_mixin.py:151} INFO - [2026-02-28T09:53:44.802+0000] {dagbag.py:539} INFO - Filling up the DagBag from /opt/airflow/dags/transfer_date_of_bd.py
[2026-02-28T09:53:45.087+0000] {processor.py:839} INFO - DAG(s) dict_keys(['sqlite_to_postgres_incremental']) retrieved from /opt/airflow/dags/transfer_date_of_bd.py
[2026-02-28T09:53:45.116+0000] {logging_mixin.py:151} INFO - [2026-02-28T09:53:45.116+0000] {dag.py:2915} INFO - Sync 1 DAGs
[2026-02-28T09:53:45.143+0000] {logging_mixin.py:151} INFO - [2026-02-28T09:53:45.143+0000] {dag.py:3696} INFO - Setting next_dagrun for sqlite_to_postgres_incremental to 2026-02-28T00:00:00+00:00, run_after=2026-03-01T00:00:00+00:00
[2026-02-28T09:53:45.168+0000] {processor.py:179} INFO - Processing /opt/airflow/dags/transfer_date_of_bd.py took 0.372 seconds
[2026-02-28T09:54:15.396+0000] {processor.py:157} INFO - Started process (PID=1830) to work on /opt/airflow/dags/transfer_date_of_bd.py
[2026-02-28T09:54:15.398+0000] {processor.py:829} INFO - Processing file /opt/airflow/dags/transfer_date_of_bd.py for tasks to queue
[2026-02-28T09:54:15.399+0000] {logging_mixin.py:151} INFO - [2026-02-28T09:54:15.399+0000] {dagbag.py:539} INFO - Filling up the DagBag from /opt/airflow/dags/transfer_date_of_bd.py
[2026-02-28T09:54:15.699+0000] {processor.py:839} INFO - DAG(s) dict_keys(['sqlite_to_postgres_incremental']) retrieved from /opt/airflow/dags/transfer_date_of_bd.py
[2026-02-28T09:54:15.727+0000] {logging_mixin.py:151} INFO - [2026-02-28T09:54:15.726+0000] {dag.py:2915} INFO - Sync 1 DAGs
[2026-02-28T09:54:15.749+0000] {logging_mixin.py:151} INFO - [2026-02-28T09:54:15.749+0000] {dag.py:3696} INFO - Setting next_dagrun for sqlite_to_postgres_incremental to 2026-02-28T00:00:00+00:00, run_after=2026-03-01T00:00:00+00:00
[2026-02-28T09:54:15.772+0000] {processor.py:179} INFO - Processing /opt/airflow/dags/transfer_date_of_bd.py took 0.380 seconds
[2026-02-28T09:54:46.023+0000] {processor.py:157} INFO - Started process (PID=1842) to work on /opt/airflow/dags/transfer_date_of_bd.py
[2026-02-28T09:54:46.024+0000] {processor.py:829} INFO - Processing file /opt/airflow/dags/transfer_date_of_bd.py for tasks to queue
[2026-02-28T09:54:46.025+0000] {logging_mixin.py:151} INFO - [2026-02-28T09:54:46.024+0000] {dagbag.py:539} INFO - Filling up the DagBag from /opt/airflow/dags/transfer_date_of_bd.py
[2026-02-28T09:54:46.298+0000] {processor.py:839} INFO - DAG(s) dict_keys(['sqlite_to_postgres_incremental']) retrieved from /opt/airflow/dags/transfer_date_of_bd.py
[2026-02-28T09:54:46.329+0000] {logging_mixin.py:151} INFO - [2026-02-28T09:54:46.329+0000] {dag.py:2915} INFO - Sync 1 DAGs
[2026-02-28T09:54:46.351+0000] {logging_mixin.py:151} INFO - [2026-02-28T09:54:46.351+0000] {dag.py:3696} INFO - Setting next_dagrun for sqlite_to_postgres_incremental to 2026-02-28T00:00:00+00:00, run_after=2026-03-01T00:00:00+00:00
[2026-02-28T09:54:46.371+0000] {processor.py:179} INFO - Processing /opt/airflow/dags/transfer_date_of_bd.py took 0.352 seconds
[2026-02-28T09:55:16.566+0000] {processor.py:157} INFO - Started process (PID=1854) to work on /opt/airflow/dags/transfer_date_of_bd.py
[2026-02-28T09:55:16.567+0000] {processor.py:829} INFO - Processing file /opt/airflow/dags/transfer_date_of_bd.py for tasks to queue
[2026-02-28T09:55:16.568+0000] {logging_mixin.py:151} INFO - [2026-02-28T09:55:16.568+0000] {dagbag.py:539} INFO - Filling up the DagBag from /opt/airflow/dags/transfer_date_of_bd.py
[2026-02-28T09:55:16.860+0000] {processor.py:839} INFO - DAG(s) dict_keys(['sqlite_to_postgres_incremental']) retrieved from /opt/airflow/dags/transfer_date_of_bd.py
[2026-02-28T09:55:16.888+0000] {logging_mixin.py:151} INFO - [2026-02-28T09:55:16.888+0000] {dag.py:2915} INFO - Sync 1 DAGs
[2026-02-28T09:55:16.914+0000] {logging_mixin.py:151} INFO - [2026-02-28T09:55:16.914+0000] {dag.py:3696} INFO - Setting next_dagrun for sqlite_to_postgres_incremental to 2026-02-28T00:00:00+00:00, run_after=2026-03-01T00:00:00+00:00
[2026-02-28T09:55:16.935+0000] {processor.py:179} INFO - Processing /opt/airflow/dags/transfer_date_of_bd.py took 0.373 seconds
[2026-02-28T09:55:47.142+0000] {processor.py:157} INFO - Started process (PID=1866) to work on /opt/airflow/dags/transfer_date_of_bd.py
[2026-02-28T09:55:47.143+0000] {processor.py:829} INFO - Processing file /opt/airflow/dags/transfer_date_of_bd.py for tasks to queue
[2026-02-28T09:55:47.145+0000] {logging_mixin.py:151} INFO - [2026-02-28T09:55:47.144+0000] {dagbag.py:539} INFO - Filling up the DagBag from /opt/airflow/dags/transfer_date_of_bd.py
[2026-02-28T09:55:47.416+0000] {processor.py:839} INFO - DAG(s) dict_keys(['sqlite_to_postgres_incremental']) retrieved from /opt/airflow/dags/transfer_date_of_bd.py
[2026-02-28T09:55:47.439+0000] {logging_mixin.py:151} INFO - [2026-02-28T09:55:47.439+0000] {dag.py:2915} INFO - Sync 1 DAGs
[2026-02-28T09:55:47.462+0000] {logging_mixin.py:151} INFO - [2026-02-28T09:55:47.462+0000] {dag.py:3696} INFO - Setting next_dagrun for sqlite_to_postgres_incremental to 2026-02-28T00:00:00+00:00, run_after=2026-03-01T00:00:00+00:00
[2026-02-28T09:55:47.484+0000] {processor.py:179} INFO - Processing /opt/airflow/dags/transfer_date_of_bd.py took 0.345 seconds
[2026-02-28T09:56:17.694+0000] {processor.py:157} INFO - Started process (PID=1878) to work on /opt/airflow/dags/transfer_date_of_bd.py
[2026-02-28T09:56:17.695+0000] {processor.py:829} INFO - Processing file /opt/airflow/dags/transfer_date_of_bd.py for tasks to queue
[2026-02-28T09:56:17.696+0000] {logging_mixin.py:151} INFO - [2026-02-28T09:56:17.696+0000] {dagbag.py:539} INFO - Filling up the DagBag from /opt/airflow/dags/transfer_date_of_bd.py
[2026-02-28T09:56:17.983+0000] {processor.py:839} INFO - DAG(s) dict_keys(['sqlite_to_postgres_incremental']) retrieved from /opt/airflow/dags/transfer_date_of_bd.py
[2026-02-28T09:56:18.011+0000] {logging_mixin.py:151} INFO - [2026-02-28T09:56:18.011+0000] {dag.py:2915} INFO - Sync 1 DAGs
[2026-02-28T09:56:18.034+0000] {logging_mixin.py:151} INFO - [2026-02-28T09:56:18.034+0000] {dag.py:3696} INFO - Setting next_dagrun for sqlite_to_postgres_incremental to 2026-02-28T00:00:00+00:00, run_after=2026-03-01T00:00:00+00:00
[2026-02-28T09:56:18.054+0000] {processor.py:179} INFO - Processing /opt/airflow/dags/transfer_date_of_bd.py took 0.364 seconds
[2026-02-28T09:56:48.296+0000] {processor.py:157} INFO - Started process (PID=1890) to work on /opt/airflow/dags/transfer_date_of_bd.py
[2026-02-28T09:56:48.298+0000] {processor.py:829} INFO - Processing file /opt/airflow/dags/transfer_date_of_bd.py for tasks to queue
[2026-02-28T09:56:48.299+0000] {logging_mixin.py:151} INFO - [2026-02-28T09:56:48.298+0000] {dagbag.py:539} INFO - Filling up the DagBag from /opt/airflow/dags/transfer_date_of_bd.py
[2026-02-28T09:56:48.603+0000] {processor.py:839} INFO - DAG(s) dict_keys(['sqlite_to_postgres_incremental']) retrieved from /opt/airflow/dags/transfer_date_of_bd.py
[2026-02-28T09:56:48.633+0000] {logging_mixin.py:151} INFO - [2026-02-28T09:56:48.632+0000] {dag.py:2915} INFO - Sync 1 DAGs
[2026-02-28T09:56:48.656+0000] {logging_mixin.py:151} INFO - [2026-02-28T09:56:48.656+0000] {dag.py:3696} INFO - Setting next_dagrun for sqlite_to_postgres_incremental to 2026-02-28T00:00:00+00:00, run_after=2026-03-01T00:00:00+00:00
[2026-02-28T09:56:48.677+0000] {processor.py:179} INFO - Processing /opt/airflow/dags/transfer_date_of_bd.py took 0.385 seconds
[2026-02-28T09:57:18.922+0000] {processor.py:157} INFO - Started process (PID=1902) to work on /opt/airflow/dags/transfer_date_of_bd.py
[2026-02-28T09:57:18.923+0000] {processor.py:829} INFO - Processing file /opt/airflow/dags/transfer_date_of_bd.py for tasks to queue
[2026-02-28T09:57:18.924+0000] {logging_mixin.py:151} INFO - [2026-02-28T09:57:18.924+0000] {dagbag.py:539} INFO - Filling up the DagBag from /opt/airflow/dags/transfer_date_of_bd.py
[2026-02-28T09:57:19.201+0000] {processor.py:839} INFO - DAG(s) dict_keys(['sqlite_to_postgres_incremental']) retrieved from /opt/airflow/dags/transfer_date_of_bd.py
[2026-02-28T09:57:19.226+0000] {logging_mixin.py:151} INFO - [2026-02-28T09:57:19.226+0000] {dag.py:2915} INFO - Sync 1 DAGs
[2026-02-28T09:57:19.247+0000] {logging_mixin.py:151} INFO - [2026-02-28T09:57:19.247+0000] {dag.py:3696} INFO - Setting next_dagrun for sqlite_to_postgres_incremental to 2026-02-28T00:00:00+00:00, run_after=2026-03-01T00:00:00+00:00
[2026-02-28T09:57:19.268+0000] {processor.py:179} INFO - Processing /opt/airflow/dags/transfer_date_of_bd.py took 0.349 seconds
[2026-02-28T09:57:49.474+0000] {processor.py:157} INFO - Started process (PID=1914) to work on /opt/airflow/dags/transfer_date_of_bd.py
[2026-02-28T09:57:49.475+0000] {processor.py:829} INFO - Processing file /opt/airflow/dags/transfer_date_of_bd.py for tasks to queue
[2026-02-28T09:57:49.476+0000] {logging_mixin.py:151} INFO - [2026-02-28T09:57:49.475+0000] {dagbag.py:539} INFO - Filling up the DagBag from /opt/airflow/dags/transfer_date_of_bd.py
[2026-02-28T09:57:49.746+0000] {processor.py:839} INFO - DAG(s) dict_keys(['sqlite_to_postgres_incremental']) retrieved from /opt/airflow/dags/transfer_date_of_bd.py
[2026-02-28T09:57:49.771+0000] {logging_mixin.py:151} INFO - [2026-02-28T09:57:49.770+0000] {dag.py:2915} INFO - Sync 1 DAGs
[2026-02-28T09:57:49.791+0000] {logging_mixin.py:151} INFO - [2026-02-28T09:57:49.790+0000] {dag.py:3696} INFO - Setting next_dagrun for sqlite_to_postgres_incremental to 2026-02-28T00:00:00+00:00, run_after=2026-03-01T00:00:00+00:00
[2026-02-28T09:57:49.814+0000] {processor.py:179} INFO - Processing /opt/airflow/dags/transfer_date_of_bd.py took 0.343 seconds
[2026-02-28T09:58:20.054+0000] {processor.py:157} INFO - Started process (PID=1926) to work on /opt/airflow/dags/transfer_date_of_bd.py
[2026-02-28T09:58:20.058+0000] {processor.py:829} INFO - Processing file /opt/airflow/dags/transfer_date_of_bd.py for tasks to queue
[2026-02-28T09:58:20.059+0000] {logging_mixin.py:151} INFO - [2026-02-28T09:58:20.059+0000] {dagbag.py:539} INFO - Filling up the DagBag from /opt/airflow/dags/transfer_date_of_bd.py
[2026-02-28T09:58:20.738+0000] {processor.py:839} INFO - DAG(s) dict_keys(['sqlite_to_postgres_incremental']) retrieved from /opt/airflow/dags/transfer_date_of_bd.py
[2026-02-28T09:58:20.785+0000] {logging_mixin.py:151} INFO - [2026-02-28T09:58:20.784+0000] {dag.py:2915} INFO - Sync 1 DAGs
[2026-02-28T09:58:20.823+0000] {logging_mixin.py:151} INFO - [2026-02-28T09:58:20.822+0000] {dag.py:3696} INFO - Setting next_dagrun for sqlite_to_postgres_incremental to 2026-02-28T00:00:00+00:00, run_after=2026-03-01T00:00:00+00:00
[2026-02-28T09:58:20.847+0000] {processor.py:179} INFO - Processing /opt/airflow/dags/transfer_date_of_bd.py took 0.809 seconds
[2026-02-28T09:58:51.077+0000] {processor.py:157} INFO - Started process (PID=1938) to work on /opt/airflow/dags/transfer_date_of_bd.py
[2026-02-28T09:58:51.078+0000] {processor.py:829} INFO - Processing file /opt/airflow/dags/transfer_date_of_bd.py for tasks to queue
[2026-02-28T09:58:51.079+0000] {logging_mixin.py:151} INFO - [2026-02-28T09:58:51.079+0000] {dagbag.py:539} INFO - Filling up the DagBag from /opt/airflow/dags/transfer_date_of_bd.py
[2026-02-28T09:58:51.372+0000] {processor.py:839} INFO - DAG(s) dict_keys(['sqlite_to_postgres_incremental']) retrieved from /opt/airflow/dags/transfer_date_of_bd.py
[2026-02-28T09:58:51.402+0000] {logging_mixin.py:151} INFO - [2026-02-28T09:58:51.401+0000] {dag.py:2915} INFO - Sync 1 DAGs
[2026-02-28T09:58:51.425+0000] {logging_mixin.py:151} INFO - [2026-02-28T09:58:51.424+0000] {dag.py:3696} INFO - Setting next_dagrun for sqlite_to_postgres_incremental to 2026-02-28T00:00:00+00:00, run_after=2026-03-01T00:00:00+00:00
[2026-02-28T09:58:51.445+0000] {processor.py:179} INFO - Processing /opt/airflow/dags/transfer_date_of_bd.py took 0.371 seconds
[2026-02-28T09:59:21.674+0000] {processor.py:157} INFO - Started process (PID=1950) to work on /opt/airflow/dags/transfer_date_of_bd.py
[2026-02-28T09:59:21.675+0000] {processor.py:829} INFO - Processing file /opt/airflow/dags/transfer_date_of_bd.py for tasks to queue
[2026-02-28T09:59:21.677+0000] {logging_mixin.py:151} INFO - [2026-02-28T09:59:21.676+0000] {dagbag.py:539} INFO - Filling up the DagBag from /opt/airflow/dags/transfer_date_of_bd.py
[2026-02-28T09:59:21.966+0000] {processor.py:839} INFO - DAG(s) dict_keys(['sqlite_to_postgres_incremental']) retrieved from /opt/airflow/dags/transfer_date_of_bd.py
[2026-02-28T09:59:21.994+0000] {logging_mixin.py:151} INFO - [2026-02-28T09:59:21.992+0000] {dag.py:2915} INFO - Sync 1 DAGs
[2026-02-28T09:59:22.015+0000] {logging_mixin.py:151} INFO - [2026-02-28T09:59:22.015+0000] {dag.py:3696} INFO - Setting next_dagrun for sqlite_to_postgres_incremental to 2026-02-28T00:00:00+00:00, run_after=2026-03-01T00:00:00+00:00
[2026-02-28T09:59:22.034+0000] {processor.py:179} INFO - Processing /opt/airflow/dags/transfer_date_of_bd.py took 0.366 seconds
[2026-02-28T09:59:52.281+0000] {processor.py:157} INFO - Started process (PID=1962) to work on /opt/airflow/dags/transfer_date_of_bd.py
[2026-02-28T09:59:52.282+0000] {processor.py:829} INFO - Processing file /opt/airflow/dags/transfer_date_of_bd.py for tasks to queue
[2026-02-28T09:59:52.284+0000] {logging_mixin.py:151} INFO - [2026-02-28T09:59:52.283+0000] {dagbag.py:539} INFO - Filling up the DagBag from /opt/airflow/dags/transfer_date_of_bd.py
[2026-02-28T09:59:52.570+0000] {processor.py:839} INFO - DAG(s) dict_keys(['sqlite_to_postgres_incremental']) retrieved from /opt/airflow/dags/transfer_date_of_bd.py
[2026-02-28T09:59:52.597+0000] {logging_mixin.py:151} INFO - [2026-02-28T09:59:52.596+0000] {dag.py:2915} INFO - Sync 1 DAGs
[2026-02-28T09:59:52.620+0000] {logging_mixin.py:151} INFO - [2026-02-28T09:59:52.619+0000] {dag.py:3696} INFO - Setting next_dagrun for sqlite_to_postgres_incremental to 2026-02-28T00:00:00+00:00, run_after=2026-03-01T00:00:00+00:00
[2026-02-28T09:59:52.639+0000] {processor.py:179} INFO - Processing /opt/airflow/dags/transfer_date_of_bd.py took 0.363 seconds
[2026-02-28T10:00:22.859+0000] {processor.py:157} INFO - Started process (PID=1974) to work on /opt/airflow/dags/transfer_date_of_bd.py
[2026-02-28T10:00:22.860+0000] {processor.py:829} INFO - Processing file /opt/airflow/dags/transfer_date_of_bd.py for tasks to queue
[2026-02-28T10:00:22.861+0000] {logging_mixin.py:151} INFO - [2026-02-28T10:00:22.861+0000] {dagbag.py:539} INFO - Filling up the DagBag from /opt/airflow/dags/transfer_date_of_bd.py
[2026-02-28T10:00:23.403+0000] {processor.py:839} INFO - DAG(s) dict_keys(['sqlite_to_postgres_incremental']) retrieved from /opt/airflow/dags/transfer_date_of_bd.py
[2026-02-28T10:00:23.435+0000] {logging_mixin.py:151} INFO - [2026-02-28T10:00:23.434+0000] {dag.py:2915} INFO - Sync 1 DAGs
[2026-02-28T10:00:23.455+0000] {logging_mixin.py:151} INFO - [2026-02-28T10:00:23.455+0000] {dag.py:3696} INFO - Setting next_dagrun for sqlite_to_postgres_incremental to 2026-02-28T00:00:00+00:00, run_after=2026-03-01T00:00:00+00:00
[2026-02-28T10:00:23.483+0000] {processor.py:179} INFO - Processing /opt/airflow/dags/transfer_date_of_bd.py took 0.629 seconds
[2026-02-28T10:00:53.696+0000] {processor.py:157} INFO - Started process (PID=1986) to work on /opt/airflow/dags/transfer_date_of_bd.py
[2026-02-28T10:00:53.697+0000] {processor.py:829} INFO - Processing file /opt/airflow/dags/transfer_date_of_bd.py for tasks to queue
[2026-02-28T10:00:53.698+0000] {logging_mixin.py:151} INFO - [2026-02-28T10:00:53.697+0000] {dagbag.py:539} INFO - Filling up the DagBag from /opt/airflow/dags/transfer_date_of_bd.py
[2026-02-28T10:00:53.993+0000] {processor.py:839} INFO - DAG(s) dict_keys(['sqlite_to_postgres_incremental']) retrieved from /opt/airflow/dags/transfer_date_of_bd.py
[2026-02-28T10:00:54.020+0000] {logging_mixin.py:151} INFO - [2026-02-28T10:00:54.019+0000] {dag.py:2915} INFO - Sync 1 DAGs
[2026-02-28T10:00:54.040+0000] {logging_mixin.py:151} INFO - [2026-02-28T10:00:54.040+0000] {dag.py:3696} INFO - Setting next_dagrun for sqlite_to_postgres_incremental to 2026-02-28T00:00:00+00:00, run_after=2026-03-01T00:00:00+00:00
[2026-02-28T10:00:54.060+0000] {processor.py:179} INFO - Processing /opt/airflow/dags/transfer_date_of_bd.py took 0.367 seconds
[2026-02-28T10:01:24.291+0000] {processor.py:157} INFO - Started process (PID=1998) to work on /opt/airflow/dags/transfer_date_of_bd.py
[2026-02-28T10:01:24.293+0000] {processor.py:829} INFO - Processing file /opt/airflow/dags/transfer_date_of_bd.py for tasks to queue
[2026-02-28T10:01:24.294+0000] {logging_mixin.py:151} INFO - [2026-02-28T10:01:24.294+0000] {dagbag.py:539} INFO - Filling up the DagBag from /opt/airflow/dags/transfer_date_of_bd.py
[2026-02-28T10:01:24.612+0000] {processor.py:839} INFO - DAG(s) dict_keys(['sqlite_to_postgres_incremental']) retrieved from /opt/airflow/dags/transfer_date_of_bd.py
[2026-02-28T10:01:24.642+0000] {logging_mixin.py:151} INFO - [2026-02-28T10:01:24.641+0000] {dag.py:2915} INFO - Sync 1 DAGs
[2026-02-28T10:01:24.667+0000] {logging_mixin.py:151} INFO - [2026-02-28T10:01:24.667+0000] {dag.py:3696} INFO - Setting next_dagrun for sqlite_to_postgres_incremental to 2026-02-28T00:00:00+00:00, run_after=2026-03-01T00:00:00+00:00
[2026-02-28T10:01:24.692+0000] {processor.py:179} INFO - Processing /opt/airflow/dags/transfer_date_of_bd.py took 0.408 seconds
[2026-02-28T10:01:54.941+0000] {processor.py:157} INFO - Started process (PID=2010) to work on /opt/airflow/dags/transfer_date_of_bd.py
[2026-02-28T10:01:54.942+0000] {processor.py:829} INFO - Processing file /opt/airflow/dags/transfer_date_of_bd.py for tasks to queue
[2026-02-28T10:01:54.943+0000] {logging_mixin.py:151} INFO - [2026-02-28T10:01:54.942+0000] {dagbag.py:539} INFO - Filling up the DagBag from /opt/airflow/dags/transfer_date_of_bd.py
[2026-02-28T10:01:55.260+0000] {processor.py:839} INFO - DAG(s) dict_keys(['sqlite_to_postgres_incremental']) retrieved from /opt/airflow/dags/transfer_date_of_bd.py
[2026-02-28T10:01:55.296+0000] {logging_mixin.py:151} INFO - [2026-02-28T10:01:55.295+0000] {dag.py:2915} INFO - Sync 1 DAGs
[2026-02-28T10:01:55.319+0000] {logging_mixin.py:151} INFO - [2026-02-28T10:01:55.319+0000] {dag.py:3696} INFO - Setting next_dagrun for sqlite_to_postgres_incremental to 2026-02-28T00:00:00+00:00, run_after=2026-03-01T00:00:00+00:00
[2026-02-28T10:01:55.341+0000] {processor.py:179} INFO - Processing /opt/airflow/dags/transfer_date_of_bd.py took 0.404 seconds
[2026-02-28T10:02:25.585+0000] {processor.py:157} INFO - Started process (PID=2022) to work on /opt/airflow/dags/transfer_date_of_bd.py
[2026-02-28T10:02:25.587+0000] {processor.py:829} INFO - Processing file /opt/airflow/dags/transfer_date_of_bd.py for tasks to queue
[2026-02-28T10:02:25.588+0000] {logging_mixin.py:151} INFO - [2026-02-28T10:02:25.588+0000] {dagbag.py:539} INFO - Filling up the DagBag from /opt/airflow/dags/transfer_date_of_bd.py
[2026-02-28T10:02:25.897+0000] {processor.py:839} INFO - DAG(s) dict_keys(['sqlite_to_postgres_incremental']) retrieved from /opt/airflow/dags/transfer_date_of_bd.py
[2026-02-28T10:02:25.927+0000] {logging_mixin.py:151} INFO - [2026-02-28T10:02:25.926+0000] {dag.py:2915} INFO - Sync 1 DAGs
[2026-02-28T10:02:25.947+0000] {logging_mixin.py:151} INFO - [2026-02-28T10:02:25.947+0000] {dag.py:3696} INFO - Setting next_dagrun for sqlite_to_postgres_incremental to 2026-02-28T00:00:00+00:00, run_after=2026-03-01T00:00:00+00:00
[2026-02-28T10:02:25.973+0000] {processor.py:179} INFO - Processing /opt/airflow/dags/transfer_date_of_bd.py took 0.394 seconds
[2026-02-28T10:02:56.213+0000] {processor.py:157} INFO - Started process (PID=2034) to work on /opt/airflow/dags/transfer_date_of_bd.py
[2026-02-28T10:02:56.214+0000] {processor.py:829} INFO - Processing file /opt/airflow/dags/transfer_date_of_bd.py for tasks to queue
[2026-02-28T10:02:56.215+0000] {logging_mixin.py:151} INFO - [2026-02-28T10:02:56.215+0000] {dagbag.py:539} INFO - Filling up the DagBag from /opt/airflow/dags/transfer_date_of_bd.py
[2026-02-28T10:02:56.540+0000] {processor.py:839} INFO - DAG(s) dict_keys(['sqlite_to_postgres_incremental']) retrieved from /opt/airflow/dags/transfer_date_of_bd.py
[2026-02-28T10:02:56.572+0000] {logging_mixin.py:151} INFO - [2026-02-28T10:02:56.571+0000] {dag.py:2915} INFO - Sync 1 DAGs
[2026-02-28T10:02:56.598+0000] {logging_mixin.py:151} INFO - [2026-02-28T10:02:56.598+0000] {dag.py:3696} INFO - Setting next_dagrun for sqlite_to_postgres_incremental to 2026-02-28T00:00:00+00:00, run_after=2026-03-01T00:00:00+00:00
[2026-02-28T10:02:56.621+0000] {processor.py:179} INFO - Processing /opt/airflow/dags/transfer_date_of_bd.py took 0.412 seconds
[2026-02-28T10:03:26.868+0000] {processor.py:157} INFO - Started process (PID=2046) to work on /opt/airflow/dags/transfer_date_of_bd.py
[2026-02-28T10:03:26.871+0000] {processor.py:829} INFO - Processing file /opt/airflow/dags/transfer_date_of_bd.py for tasks to queue
[2026-02-28T10:03:26.873+0000] {logging_mixin.py:151} INFO - [2026-02-28T10:03:26.872+0000] {dagbag.py:539} INFO - Filling up the DagBag from /opt/airflow/dags/transfer_date_of_bd.py
[2026-02-28T10:03:27.185+0000] {processor.py:839} INFO - DAG(s) dict_keys(['sqlite_to_postgres_incremental']) retrieved from /opt/airflow/dags/transfer_date_of_bd.py
[2026-02-28T10:03:27.217+0000] {logging_mixin.py:151} INFO - [2026-02-28T10:03:27.216+0000] {dag.py:2915} INFO - Sync 1 DAGs
[2026-02-28T10:03:27.243+0000] {logging_mixin.py:151} INFO - [2026-02-28T10:03:27.243+0000] {dag.py:3696} INFO - Setting next_dagrun for sqlite_to_postgres_incremental to 2026-02-28T00:00:00+00:00, run_after=2026-03-01T00:00:00+00:00
[2026-02-28T10:03:27.271+0000] {processor.py:179} INFO - Processing /opt/airflow/dags/transfer_date_of_bd.py took 0.407 seconds
[2026-02-28T10:03:57.521+0000] {processor.py:157} INFO - Started process (PID=2058) to work on /opt/airflow/dags/transfer_date_of_bd.py
[2026-02-28T10:03:57.523+0000] {processor.py:829} INFO - Processing file /opt/airflow/dags/transfer_date_of_bd.py for tasks to queue
[2026-02-28T10:03:57.524+0000] {logging_mixin.py:151} INFO - [2026-02-28T10:03:57.523+0000] {dagbag.py:539} INFO - Filling up the DagBag from /opt/airflow/dags/transfer_date_of_bd.py
[2026-02-28T10:03:57.834+0000] {processor.py:839} INFO - DAG(s) dict_keys(['sqlite_to_postgres_incremental']) retrieved from /opt/airflow/dags/transfer_date_of_bd.py
[2026-02-28T10:03:57.864+0000] {logging_mixin.py:151} INFO - [2026-02-28T10:03:57.864+0000] {dag.py:2915} INFO - Sync 1 DAGs
[2026-02-28T10:03:57.893+0000] {logging_mixin.py:151} INFO - [2026-02-28T10:03:57.893+0000] {dag.py:3696} INFO - Setting next_dagrun for sqlite_to_postgres_incremental to 2026-02-28T00:00:00+00:00, run_after=2026-03-01T00:00:00+00:00
[2026-02-28T10:03:57.919+0000] {processor.py:179} INFO - Processing /opt/airflow/dags/transfer_date_of_bd.py took 0.402 seconds
[2026-02-28T10:04:28.170+0000] {processor.py:157} INFO - Started process (PID=2070) to work on /opt/airflow/dags/transfer_date_of_bd.py
[2026-02-28T10:04:28.171+0000] {processor.py:829} INFO - Processing file /opt/airflow/dags/transfer_date_of_bd.py for tasks to queue
[2026-02-28T10:04:28.173+0000] {logging_mixin.py:151} INFO - [2026-02-28T10:04:28.172+0000] {dagbag.py:539} INFO - Filling up the DagBag from /opt/airflow/dags/transfer_date_of_bd.py
[2026-02-28T10:04:28.480+0000] {processor.py:839} INFO - DAG(s) dict_keys(['sqlite_to_postgres_incremental']) retrieved from /opt/airflow/dags/transfer_date_of_bd.py
[2026-02-28T10:04:28.513+0000] {logging_mixin.py:151} INFO - [2026-02-28T10:04:28.512+0000] {dag.py:2915} INFO - Sync 1 DAGs
[2026-02-28T10:04:28.532+0000] {logging_mixin.py:151} INFO - [2026-02-28T10:04:28.532+0000] {dag.py:3696} INFO - Setting next_dagrun for sqlite_to_postgres_incremental to 2026-02-28T00:00:00+00:00, run_after=2026-03-01T00:00:00+00:00
[2026-02-28T10:04:28.558+0000] {processor.py:179} INFO - Processing /opt/airflow/dags/transfer_date_of_bd.py took 0.393 seconds
[2026-02-28T10:04:58.775+0000] {processor.py:157} INFO - Started process (PID=2082) to work on /opt/airflow/dags/transfer_date_of_bd.py
[2026-02-28T10:04:58.776+0000] {processor.py:829} INFO - Processing file /opt/airflow/dags/transfer_date_of_bd.py for tasks to queue
[2026-02-28T10:04:58.777+0000] {logging_mixin.py:151} INFO - [2026-02-28T10:04:58.777+0000] {dagbag.py:539} INFO - Filling up the DagBag from /opt/airflow/dags/transfer_date_of_bd.py
[2026-02-28T10:04:59.100+0000] {processor.py:839} INFO - DAG(s) dict_keys(['sqlite_to_postgres_incremental']) retrieved from /opt/airflow/dags/transfer_date_of_bd.py
[2026-02-28T10:04:59.130+0000] {logging_mixin.py:151} INFO - [2026-02-28T10:04:59.130+0000] {dag.py:2915} INFO - Sync 1 DAGs
[2026-02-28T10:04:59.155+0000] {logging_mixin.py:151} INFO - [2026-02-28T10:04:59.155+0000] {dag.py:3696} INFO - Setting next_dagrun for sqlite_to_postgres_incremental to 2026-02-28T00:00:00+00:00, run_after=2026-03-01T00:00:00+00:00
[2026-02-28T10:04:59.182+0000] {processor.py:179} INFO - Processing /opt/airflow/dags/transfer_date_of_bd.py took 0.411 seconds
[2026-02-28T10:05:29.431+0000] {processor.py:157} INFO - Started process (PID=2094) to work on /opt/airflow/dags/transfer_date_of_bd.py
[2026-02-28T10:05:29.432+0000] {processor.py:829} INFO - Processing file /opt/airflow/dags/transfer_date_of_bd.py for tasks to queue
[2026-02-28T10:05:29.433+0000] {logging_mixin.py:151} INFO - [2026-02-28T10:05:29.432+0000] {dagbag.py:539} INFO - Filling up the DagBag from /opt/airflow/dags/transfer_date_of_bd.py
[2026-02-28T10:05:29.747+0000] {processor.py:839} INFO - DAG(s) dict_keys(['sqlite_to_postgres_incremental']) retrieved from /opt/airflow/dags/transfer_date_of_bd.py
[2026-02-28T10:05:29.775+0000] {logging_mixin.py:151} INFO - [2026-02-28T10:05:29.775+0000] {dag.py:2915} INFO - Sync 1 DAGs
[2026-02-28T10:05:29.803+0000] {logging_mixin.py:151} INFO - [2026-02-28T10:05:29.803+0000] {dag.py:3696} INFO - Setting next_dagrun for sqlite_to_postgres_incremental to 2026-02-28T00:00:00+00:00, run_after=2026-03-01T00:00:00+00:00
[2026-02-28T10:05:29.825+0000] {processor.py:179} INFO - Processing /opt/airflow/dags/transfer_date_of_bd.py took 0.397 seconds
[2026-02-28T10:06:00.088+0000] {processor.py:157} INFO - Started process (PID=2106) to work on /opt/airflow/dags/transfer_date_of_bd.py
[2026-02-28T10:06:00.090+0000] {processor.py:829} INFO - Processing file /opt/airflow/dags/transfer_date_of_bd.py for tasks to queue
[2026-02-28T10:06:00.091+0000] {logging_mixin.py:151} INFO - [2026-02-28T10:06:00.090+0000] {dagbag.py:539} INFO - Filling up the DagBag from /opt/airflow/dags/transfer_date_of_bd.py
[2026-02-28T10:06:00.415+0000] {processor.py:839} INFO - DAG(s) dict_keys(['sqlite_to_postgres_incremental']) retrieved from /opt/airflow/dags/transfer_date_of_bd.py
[2026-02-28T10:06:00.443+0000] {logging_mixin.py:151} INFO - [2026-02-28T10:06:00.443+0000] {dag.py:2915} INFO - Sync 1 DAGs
[2026-02-28T10:06:00.473+0000] {logging_mixin.py:151} INFO - [2026-02-28T10:06:00.473+0000] {dag.py:3696} INFO - Setting next_dagrun for sqlite_to_postgres_incremental to 2026-02-28T00:00:00+00:00, run_after=2026-03-01T00:00:00+00:00
[2026-02-28T10:06:00.491+0000] {processor.py:179} INFO - Processing /opt/airflow/dags/transfer_date_of_bd.py took 0.409 seconds
[2026-02-28T10:06:30.742+0000] {processor.py:157} INFO - Started process (PID=2118) to work on /opt/airflow/dags/transfer_date_of_bd.py
[2026-02-28T10:06:30.743+0000] {processor.py:829} INFO - Processing file /opt/airflow/dags/transfer_date_of_bd.py for tasks to queue
[2026-02-28T10:06:30.744+0000] {logging_mixin.py:151} INFO - [2026-02-28T10:06:30.744+0000] {dagbag.py:539} INFO - Filling up the DagBag from /opt/airflow/dags/transfer_date_of_bd.py
[2026-02-28T10:06:31.065+0000] {processor.py:839} INFO - DAG(s) dict_keys(['sqlite_to_postgres_incremental']) retrieved from /opt/airflow/dags/transfer_date_of_bd.py
[2026-02-28T10:06:31.101+0000] {logging_mixin.py:151} INFO - [2026-02-28T10:06:31.100+0000] {dag.py:2915} INFO - Sync 1 DAGs
[2026-02-28T10:06:31.129+0000] {logging_mixin.py:151} INFO - [2026-02-28T10:06:31.129+0000] {dag.py:3696} INFO - Setting next_dagrun for sqlite_to_postgres_incremental to 2026-02-28T00:00:00+00:00, run_after=2026-03-01T00:00:00+00:00
[2026-02-28T10:06:31.153+0000] {processor.py:179} INFO - Processing /opt/airflow/dags/transfer_date_of_bd.py took 0.414 seconds
[2026-02-28T10:07:01.380+0000] {processor.py:157} INFO - Started process (PID=2130) to work on /opt/airflow/dags/transfer_date_of_bd.py
[2026-02-28T10:07:01.381+0000] {processor.py:829} INFO - Processing file /opt/airflow/dags/transfer_date_of_bd.py for tasks to queue
[2026-02-28T10:07:01.382+0000] {logging_mixin.py:151} INFO - [2026-02-28T10:07:01.382+0000] {dagbag.py:539} INFO - Filling up the DagBag from /opt/airflow/dags/transfer_date_of_bd.py
[2026-02-28T10:07:01.712+0000] {processor.py:839} INFO - DAG(s) dict_keys(['sqlite_to_postgres_incremental']) retrieved from /opt/airflow/dags/transfer_date_of_bd.py
[2026-02-28T10:07:01.745+0000] {logging_mixin.py:151} INFO - [2026-02-28T10:07:01.744+0000] {dag.py:2915} INFO - Sync 1 DAGs
[2026-02-28T10:07:01.776+0000] {logging_mixin.py:151} INFO - [2026-02-28T10:07:01.775+0000] {dag.py:3696} INFO - Setting next_dagrun for sqlite_to_postgres_incremental to 2026-02-28T00:00:00+00:00, run_after=2026-03-01T00:00:00+00:00
[2026-02-28T10:07:01.799+0000] {processor.py:179} INFO - Processing /opt/airflow/dags/transfer_date_of_bd.py took 0.422 seconds
[2026-02-28T10:07:32.019+0000] {processor.py:157} INFO - Started process (PID=2142) to work on /opt/airflow/dags/transfer_date_of_bd.py
[2026-02-28T10:07:32.020+0000] {processor.py:829} INFO - Processing file /opt/airflow/dags/transfer_date_of_bd.py for tasks to queue
[2026-02-28T10:07:32.022+0000] {logging_mixin.py:151} INFO - [2026-02-28T10:07:32.021+0000] {dagbag.py:539} INFO - Filling up the DagBag from /opt/airflow/dags/transfer_date_of_bd.py
[2026-02-28T10:07:32.444+0000] {processor.py:839} INFO - DAG(s) dict_keys(['sqlite_to_postgres_incremental']) retrieved from /opt/airflow/dags/transfer_date_of_bd.py
[2026-02-28T10:07:32.479+0000] {logging_mixin.py:151} INFO - [2026-02-28T10:07:32.479+0000] {dag.py:2915} INFO - Sync 1 DAGs
[2026-02-28T10:07:32.508+0000] {logging_mixin.py:151} INFO - [2026-02-28T10:07:32.507+0000] {dag.py:3696} INFO - Setting next_dagrun for sqlite_to_postgres_incremental to 2026-02-28T00:00:00+00:00, run_after=2026-03-01T00:00:00+00:00
[2026-02-28T10:07:32.531+0000] {processor.py:179} INFO - Processing /opt/airflow/dags/transfer_date_of_bd.py took 0.516 seconds
[2026-02-28T10:08:02.763+0000] {processor.py:157} INFO - Started process (PID=2154) to work on /opt/airflow/dags/transfer_date_of_bd.py
[2026-02-28T10:08:02.764+0000] {processor.py:829} INFO - Processing file /opt/airflow/dags/transfer_date_of_bd.py for tasks to queue
[2026-02-28T10:08:02.766+0000] {logging_mixin.py:151} INFO - [2026-02-28T10:08:02.765+0000] {dagbag.py:539} INFO - Filling up the DagBag from /opt/airflow/dags/transfer_date_of_bd.py
[2026-02-28T10:08:03.107+0000] {processor.py:839} INFO - DAG(s) dict_keys(['sqlite_to_postgres_incremental']) retrieved from /opt/airflow/dags/transfer_date_of_bd.py
[2026-02-28T10:08:03.144+0000] {logging_mixin.py:151} INFO - [2026-02-28T10:08:03.144+0000] {dag.py:2915} INFO - Sync 1 DAGs
[2026-02-28T10:08:03.177+0000] {logging_mixin.py:151} INFO - [2026-02-28T10:08:03.176+0000] {dag.py:3696} INFO - Setting next_dagrun for sqlite_to_postgres_incremental to 2026-02-28T00:00:00+00:00, run_after=2026-03-01T00:00:00+00:00
[2026-02-28T10:08:03.203+0000] {processor.py:179} INFO - Processing /opt/airflow/dags/transfer_date_of_bd.py took 0.446 seconds
[2026-02-28T10:08:33.443+0000] {processor.py:157} INFO - Started process (PID=2166) to work on /opt/airflow/dags/transfer_date_of_bd.py
[2026-02-28T10:08:33.445+0000] {processor.py:829} INFO - Processing file /opt/airflow/dags/transfer_date_of_bd.py for tasks to queue
[2026-02-28T10:08:33.446+0000] {logging_mixin.py:151} INFO - [2026-02-28T10:08:33.446+0000] {dagbag.py:539} INFO - Filling up the DagBag from /opt/airflow/dags/transfer_date_of_bd.py
[2026-02-28T10:08:33.807+0000] {processor.py:839} INFO - DAG(s) dict_keys(['sqlite_to_postgres_incremental']) retrieved from /opt/airflow/dags/transfer_date_of_bd.py
[2026-02-28T10:08:33.837+0000] {logging_mixin.py:151} INFO - [2026-02-28T10:08:33.837+0000] {dag.py:2915} INFO - Sync 1 DAGs
[2026-02-28T10:08:33.866+0000] {logging_mixin.py:151} INFO - [2026-02-28T10:08:33.866+0000] {dag.py:3696} INFO - Setting next_dagrun for sqlite_to_postgres_incremental to 2026-02-28T00:00:00+00:00, run_after=2026-03-01T00:00:00+00:00
[2026-02-28T10:08:33.893+0000] {processor.py:179} INFO - Processing /opt/airflow/dags/transfer_date_of_bd.py took 0.455 seconds
[2026-02-28T10:09:04.115+0000] {processor.py:157} INFO - Started process (PID=2178) to work on /opt/airflow/dags/transfer_date_of_bd.py
[2026-02-28T10:09:04.116+0000] {processor.py:829} INFO - Processing file /opt/airflow/dags/transfer_date_of_bd.py for tasks to queue
[2026-02-28T10:09:04.117+0000] {logging_mixin.py:151} INFO - [2026-02-28T10:09:04.116+0000] {dagbag.py:539} INFO - Filling up the DagBag from /opt/airflow/dags/transfer_date_of_bd.py
[2026-02-28T10:09:04.501+0000] {processor.py:839} INFO - DAG(s) dict_keys(['sqlite_to_postgres_incremental']) retrieved from /opt/airflow/dags/transfer_date_of_bd.py
[2026-02-28T10:09:04.533+0000] {logging_mixin.py:151} INFO - [2026-02-28T10:09:04.532+0000] {dag.py:2915} INFO - Sync 1 DAGs
[2026-02-28T10:09:04.563+0000] {logging_mixin.py:151} INFO - [2026-02-28T10:09:04.563+0000] {dag.py:3696} INFO - Setting next_dagrun for sqlite_to_postgres_incremental to 2026-02-28T00:00:00+00:00, run_after=2026-03-01T00:00:00+00:00
[2026-02-28T10:09:04.589+0000] {processor.py:179} INFO - Processing /opt/airflow/dags/transfer_date_of_bd.py took 0.477 seconds
[2026-02-28T10:09:34.816+0000] {processor.py:157} INFO - Started process (PID=2190) to work on /opt/airflow/dags/transfer_date_of_bd.py
[2026-02-28T10:09:34.817+0000] {processor.py:829} INFO - Processing file /opt/airflow/dags/transfer_date_of_bd.py for tasks to queue
[2026-02-28T10:09:34.818+0000] {logging_mixin.py:151} INFO - [2026-02-28T10:09:34.818+0000] {dagbag.py:539} INFO - Filling up the DagBag from /opt/airflow/dags/transfer_date_of_bd.py
[2026-02-28T10:09:35.157+0000] {processor.py:839} INFO - DAG(s) dict_keys(['sqlite_to_postgres_incremental']) retrieved from /opt/airflow/dags/transfer_date_of_bd.py
[2026-02-28T10:09:35.189+0000] {logging_mixin.py:151} INFO - [2026-02-28T10:09:35.188+0000] {dag.py:2915} INFO - Sync 1 DAGs
[2026-02-28T10:09:35.215+0000] {logging_mixin.py:151} INFO - [2026-02-28T10:09:35.215+0000] {dag.py:3696} INFO - Setting next_dagrun for sqlite_to_postgres_incremental to 2026-02-28T00:00:00+00:00, run_after=2026-03-01T00:00:00+00:00
[2026-02-28T10:09:35.239+0000] {processor.py:179} INFO - Processing /opt/airflow/dags/transfer_date_of_bd.py took 0.426 seconds
[2026-02-28T10:10:05.463+0000] {processor.py:157} INFO - Started process (PID=2202) to work on /opt/airflow/dags/transfer_date_of_bd.py
[2026-02-28T10:10:05.465+0000] {processor.py:829} INFO - Processing file /opt/airflow/dags/transfer_date_of_bd.py for tasks to queue
[2026-02-28T10:10:05.466+0000] {logging_mixin.py:151} INFO - [2026-02-28T10:10:05.466+0000] {dagbag.py:539} INFO - Filling up the DagBag from /opt/airflow/dags/transfer_date_of_bd.py
[2026-02-28T10:10:05.807+0000] {processor.py:839} INFO - DAG(s) dict_keys(['sqlite_to_postgres_incremental']) retrieved from /opt/airflow/dags/transfer_date_of_bd.py
[2026-02-28T10:10:05.842+0000] {logging_mixin.py:151} INFO - [2026-02-28T10:10:05.841+0000] {dag.py:2915} INFO - Sync 1 DAGs
[2026-02-28T10:10:05.869+0000] {logging_mixin.py:151} INFO - [2026-02-28T10:10:05.868+0000] {dag.py:3696} INFO - Setting next_dagrun for sqlite_to_postgres_incremental to 2026-02-28T00:00:00+00:00, run_after=2026-03-01T00:00:00+00:00
[2026-02-28T10:10:05.898+0000] {processor.py:179} INFO - Processing /opt/airflow/dags/transfer_date_of_bd.py took 0.439 seconds
[2026-02-28T10:10:36.099+0000] {processor.py:157} INFO - Started process (PID=2214) to work on /opt/airflow/dags/transfer_date_of_bd.py
[2026-02-28T10:10:36.100+0000] {processor.py:829} INFO - Processing file /opt/airflow/dags/transfer_date_of_bd.py for tasks to queue
[2026-02-28T10:10:36.101+0000] {logging_mixin.py:151} INFO - [2026-02-28T10:10:36.101+0000] {dagbag.py:539} INFO - Filling up the DagBag from /opt/airflow/dags/transfer_date_of_bd.py
[2026-02-28T10:10:36.469+0000] {processor.py:839} INFO - DAG(s) dict_keys(['sqlite_to_postgres_incremental']) retrieved from /opt/airflow/dags/transfer_date_of_bd.py
[2026-02-28T10:10:36.496+0000] {logging_mixin.py:151} INFO - [2026-02-28T10:10:36.495+0000] {dag.py:2915} INFO - Sync 1 DAGs
[2026-02-28T10:10:36.525+0000] {logging_mixin.py:151} INFO - [2026-02-28T10:10:36.525+0000] {dag.py:3696} INFO - Setting next_dagrun for sqlite_to_postgres_incremental to 2026-02-28T00:00:00+00:00, run_after=2026-03-01T00:00:00+00:00
[2026-02-28T10:10:36.555+0000] {processor.py:179} INFO - Processing /opt/airflow/dags/transfer_date_of_bd.py took 0.461 seconds
[2026-02-28T10:11:06.773+0000] {processor.py:157} INFO - Started process (PID=2226) to work on /opt/airflow/dags/transfer_date_of_bd.py
[2026-02-28T10:11:06.774+0000] {processor.py:829} INFO - Processing file /opt/airflow/dags/transfer_date_of_bd.py for tasks to queue
[2026-02-28T10:11:06.775+0000] {logging_mixin.py:151} INFO - [2026-02-28T10:11:06.775+0000] {dagbag.py:539} INFO - Filling up the DagBag from /opt/airflow/dags/transfer_date_of_bd.py
[2026-02-28T10:11:07.128+0000] {processor.py:839} INFO - DAG(s) dict_keys(['sqlite_to_postgres_incremental']) retrieved from /opt/airflow/dags/transfer_date_of_bd.py
[2026-02-28T10:11:07.160+0000] {logging_mixin.py:151} INFO - [2026-02-28T10:11:07.159+0000] {dag.py:2915} INFO - Sync 1 DAGs
[2026-02-28T10:11:07.193+0000] {logging_mixin.py:151} INFO - [2026-02-28T10:11:07.193+0000] {dag.py:3696} INFO - Setting next_dagrun for sqlite_to_postgres_incremental to 2026-02-28T00:00:00+00:00, run_after=2026-03-01T00:00:00+00:00
[2026-02-28T10:11:07.221+0000] {processor.py:179} INFO - Processing /opt/airflow/dags/transfer_date_of_bd.py took 0.452 seconds
[2026-02-28T10:11:37.438+0000] {processor.py:157} INFO - Started process (PID=2238) to work on /opt/airflow/dags/transfer_date_of_bd.py
[2026-02-28T10:11:37.440+0000] {processor.py:829} INFO - Processing file /opt/airflow/dags/transfer_date_of_bd.py for tasks to queue
[2026-02-28T10:11:37.441+0000] {logging_mixin.py:151} INFO - [2026-02-28T10:11:37.440+0000] {dagbag.py:539} INFO - Filling up the DagBag from /opt/airflow/dags/transfer_date_of_bd.py
[2026-02-28T10:11:37.823+0000] {processor.py:839} INFO - DAG(s) dict_keys(['sqlite_to_postgres_incremental']) retrieved from /opt/airflow/dags/transfer_date_of_bd.py
[2026-02-28T10:11:37.862+0000] {logging_mixin.py:151} INFO - [2026-02-28T10:11:37.862+0000] {dag.py:2915} INFO - Sync 1 DAGs
[2026-02-28T10:11:37.896+0000] {logging_mixin.py:151} INFO - [2026-02-28T10:11:37.896+0000] {dag.py:3696} INFO - Setting next_dagrun for sqlite_to_postgres_incremental to 2026-02-28T00:00:00+00:00, run_after=2026-03-01T00:00:00+00:00
[2026-02-28T10:11:37.925+0000] {processor.py:179} INFO - Processing /opt/airflow/dags/transfer_date_of_bd.py took 0.490 seconds
[2026-02-28T10:12:08.159+0000] {processor.py:157} INFO - Started process (PID=2250) to work on /opt/airflow/dags/transfer_date_of_bd.py
[2026-02-28T10:12:08.160+0000] {processor.py:829} INFO - Processing file /opt/airflow/dags/transfer_date_of_bd.py for tasks to queue
[2026-02-28T10:12:08.164+0000] {logging_mixin.py:151} INFO - [2026-02-28T10:12:08.162+0000] {dagbag.py:539} INFO - Filling up the DagBag from /opt/airflow/dags/transfer_date_of_bd.py
[2026-02-28T10:12:08.505+0000] {processor.py:839} INFO - DAG(s) dict_keys(['sqlite_to_postgres_incremental']) retrieved from /opt/airflow/dags/transfer_date_of_bd.py
[2026-02-28T10:12:08.536+0000] {logging_mixin.py:151} INFO - [2026-02-28T10:12:08.535+0000] {dag.py:2915} INFO - Sync 1 DAGs
[2026-02-28T10:12:08.564+0000] {logging_mixin.py:151} INFO - [2026-02-28T10:12:08.564+0000] {dag.py:3696} INFO - Setting next_dagrun for sqlite_to_postgres_incremental to 2026-02-28T00:00:00+00:00, run_after=2026-03-01T00:00:00+00:00
[2026-02-28T10:12:08.589+0000] {processor.py:179} INFO - Processing /opt/airflow/dags/transfer_date_of_bd.py took 0.434 seconds
[2026-02-28T10:12:38.800+0000] {processor.py:157} INFO - Started process (PID=2262) to work on /opt/airflow/dags/transfer_date_of_bd.py
[2026-02-28T10:12:38.801+0000] {processor.py:829} INFO - Processing file /opt/airflow/dags/transfer_date_of_bd.py for tasks to queue
[2026-02-28T10:12:38.802+0000] {logging_mixin.py:151} INFO - [2026-02-28T10:12:38.802+0000] {dagbag.py:539} INFO - Filling up the DagBag from /opt/airflow/dags/transfer_date_of_bd.py
[2026-02-28T10:12:39.214+0000] {processor.py:839} INFO - DAG(s) dict_keys(['sqlite_to_postgres_incremental']) retrieved from /opt/airflow/dags/transfer_date_of_bd.py
[2026-02-28T10:12:39.243+0000] {logging_mixin.py:151} INFO - [2026-02-28T10:12:39.242+0000] {dag.py:2915} INFO - Sync 1 DAGs
[2026-02-28T10:12:39.273+0000] {logging_mixin.py:151} INFO - [2026-02-28T10:12:39.273+0000] {dag.py:3696} INFO - Setting next_dagrun for sqlite_to_postgres_incremental to 2026-02-28T00:00:00+00:00, run_after=2026-03-01T00:00:00+00:00
[2026-02-28T10:12:39.299+0000] {processor.py:179} INFO - Processing /opt/airflow/dags/transfer_date_of_bd.py took 0.502 seconds
[2026-02-28T10:13:09.549+0000] {processor.py:157} INFO - Started process (PID=2274) to work on /opt/airflow/dags/transfer_date_of_bd.py
[2026-02-28T10:13:09.550+0000] {processor.py:829} INFO - Processing file /opt/airflow/dags/transfer_date_of_bd.py for tasks to queue
[2026-02-28T10:13:09.551+0000] {logging_mixin.py:151} INFO - [2026-02-28T10:13:09.551+0000] {dagbag.py:539} INFO - Filling up the DagBag from /opt/airflow/dags/transfer_date_of_bd.py
[2026-02-28T10:13:09.914+0000] {processor.py:839} INFO - DAG(s) dict_keys(['sqlite_to_postgres_incremental']) retrieved from /opt/airflow/dags/transfer_date_of_bd.py
[2026-02-28T10:13:09.945+0000] {logging_mixin.py:151} INFO - [2026-02-28T10:13:09.945+0000] {dag.py:2915} INFO - Sync 1 DAGs
[2026-02-28T10:13:09.977+0000] {logging_mixin.py:151} INFO - [2026-02-28T10:13:09.977+0000] {dag.py:3696} INFO - Setting next_dagrun for sqlite_to_postgres_incremental to 2026-02-28T00:00:00+00:00, run_after=2026-03-01T00:00:00+00:00
[2026-02-28T10:13:10.010+0000] {processor.py:179} INFO - Processing /opt/airflow/dags/transfer_date_of_bd.py took 0.466 seconds
[2026-02-28T10:13:40.236+0000] {processor.py:157} INFO - Started process (PID=2286) to work on /opt/airflow/dags/transfer_date_of_bd.py
[2026-02-28T10:13:40.238+0000] {processor.py:829} INFO - Processing file /opt/airflow/dags/transfer_date_of_bd.py for tasks to queue
[2026-02-28T10:13:40.239+0000] {logging_mixin.py:151} INFO - [2026-02-28T10:13:40.239+0000] {dagbag.py:539} INFO - Filling up the DagBag from /opt/airflow/dags/transfer_date_of_bd.py
[2026-02-28T10:13:40.685+0000] {processor.py:839} INFO - DAG(s) dict_keys(['sqlite_to_postgres_incremental']) retrieved from /opt/airflow/dags/transfer_date_of_bd.py
[2026-02-28T10:13:40.716+0000] {logging_mixin.py:151} INFO - [2026-02-28T10:13:40.715+0000] {dag.py:2915} INFO - Sync 1 DAGs
[2026-02-28T10:13:40.743+0000] {logging_mixin.py:151} INFO - [2026-02-28T10:13:40.743+0000] {dag.py:3696} INFO - Setting next_dagrun for sqlite_to_postgres_incremental to 2026-02-28T00:00:00+00:00, run_after=2026-03-01T00:00:00+00:00
[2026-02-28T10:13:40.773+0000] {processor.py:179} INFO - Processing /opt/airflow/dags/transfer_date_of_bd.py took 0.541 seconds
[2026-02-28T10:14:10.994+0000] {processor.py:157} INFO - Started process (PID=2298) to work on /opt/airflow/dags/transfer_date_of_bd.py
[2026-02-28T10:14:10.997+0000] {processor.py:829} INFO - Processing file /opt/airflow/dags/transfer_date_of_bd.py for tasks to queue
[2026-02-28T10:14:11.000+0000] {logging_mixin.py:151} INFO - [2026-02-28T10:14:11.000+0000] {dagbag.py:539} INFO - Filling up the DagBag from /opt/airflow/dags/transfer_date_of_bd.py
[2026-02-28T10:14:11.343+0000] {processor.py:839} INFO - DAG(s) dict_keys(['sqlite_to_postgres_incremental']) retrieved from /opt/airflow/dags/transfer_date_of_bd.py
[2026-02-28T10:14:11.376+0000] {logging_mixin.py:151} INFO - [2026-02-28T10:14:11.376+0000] {dag.py:2915} INFO - Sync 1 DAGs
[2026-02-28T10:14:11.403+0000] {logging_mixin.py:151} INFO - [2026-02-28T10:14:11.403+0000] {dag.py:3696} INFO - Setting next_dagrun for sqlite_to_postgres_incremental to 2026-02-28T00:00:00+00:00, run_after=2026-03-01T00:00:00+00:00
[2026-02-28T10:14:11.432+0000] {processor.py:179} INFO - Processing /opt/airflow/dags/transfer_date_of_bd.py took 0.442 seconds
[2026-02-28T10:14:41.689+0000] {processor.py:157} INFO - Started process (PID=2310) to work on /opt/airflow/dags/transfer_date_of_bd.py
[2026-02-28T10:14:41.690+0000] {processor.py:829} INFO - Processing file /opt/airflow/dags/transfer_date_of_bd.py for tasks to queue
[2026-02-28T10:14:41.691+0000] {logging_mixin.py:151} INFO - [2026-02-28T10:14:41.691+0000] {dagbag.py:539} INFO - Filling up the DagBag from /opt/airflow/dags/transfer_date_of_bd.py
[2026-02-28T10:14:42.041+0000] {processor.py:839} INFO - DAG(s) dict_keys(['sqlite_to_postgres_incremental']) retrieved from /opt/airflow/dags/transfer_date_of_bd.py
[2026-02-28T10:14:42.073+0000] {logging_mixin.py:151} INFO - [2026-02-28T10:14:42.073+0000] {dag.py:2915} INFO - Sync 1 DAGs
[2026-02-28T10:14:42.102+0000] {logging_mixin.py:151} INFO - [2026-02-28T10:14:42.102+0000] {dag.py:3696} INFO - Setting next_dagrun for sqlite_to_postgres_incremental to 2026-02-28T00:00:00+00:00, run_after=2026-03-01T00:00:00+00:00
[2026-02-28T10:14:42.130+0000] {processor.py:179} INFO - Processing /opt/airflow/dags/transfer_date_of_bd.py took 0.445 seconds
[2026-02-28T10:15:12.357+0000] {processor.py:157} INFO - Started process (PID=2322) to work on /opt/airflow/dags/transfer_date_of_bd.py
[2026-02-28T10:15:12.359+0000] {processor.py:829} INFO - Processing file /opt/airflow/dags/transfer_date_of_bd.py for tasks to queue
[2026-02-28T10:15:12.360+0000] {logging_mixin.py:151} INFO - [2026-02-28T10:15:12.360+0000] {dagbag.py:539} INFO - Filling up the DagBag from /opt/airflow/dags/transfer_date_of_bd.py
[2026-02-28T10:15:12.789+0000] {processor.py:839} INFO - DAG(s) dict_keys(['sqlite_to_postgres_incremental']) retrieved from /opt/airflow/dags/transfer_date_of_bd.py
[2026-02-28T10:15:12.823+0000] {logging_mixin.py:151} INFO - [2026-02-28T10:15:12.823+0000] {dag.py:2915} INFO - Sync 1 DAGs
[2026-02-28T10:15:12.856+0000] {logging_mixin.py:151} INFO - [2026-02-28T10:15:12.855+0000] {dag.py:3696} INFO - Setting next_dagrun for sqlite_to_postgres_incremental to 2026-02-28T00:00:00+00:00, run_after=2026-03-01T00:00:00+00:00
[2026-02-28T10:15:12.882+0000] {processor.py:179} INFO - Processing /opt/airflow/dags/transfer_date_of_bd.py took 0.529 seconds
[2026-02-28T10:15:43.105+0000] {processor.py:157} INFO - Started process (PID=2334) to work on /opt/airflow/dags/transfer_date_of_bd.py
[2026-02-28T10:15:43.106+0000] {processor.py:829} INFO - Processing file /opt/airflow/dags/transfer_date_of_bd.py for tasks to queue
[2026-02-28T10:15:43.107+0000] {logging_mixin.py:151} INFO - [2026-02-28T10:15:43.107+0000] {dagbag.py:539} INFO - Filling up the DagBag from /opt/airflow/dags/transfer_date_of_bd.py
[2026-02-28T10:15:43.438+0000] {processor.py:839} INFO - DAG(s) dict_keys(['sqlite_to_postgres_incremental']) retrieved from /opt/airflow/dags/transfer_date_of_bd.py
[2026-02-28T10:15:43.474+0000] {logging_mixin.py:151} INFO - [2026-02-28T10:15:43.474+0000] {dag.py:2915} INFO - Sync 1 DAGs
[2026-02-28T10:15:43.500+0000] {logging_mixin.py:151} INFO - [2026-02-28T10:15:43.500+0000] {dag.py:3696} INFO - Setting next_dagrun for sqlite_to_postgres_incremental to 2026-02-28T00:00:00+00:00, run_after=2026-03-01T00:00:00+00:00
[2026-02-28T10:15:43.527+0000] {processor.py:179} INFO - Processing /opt/airflow/dags/transfer_date_of_bd.py took 0.426 seconds
[2026-02-28T10:16:13.771+0000] {processor.py:157} INFO - Started process (PID=2346) to work on /opt/airflow/dags/transfer_date_of_bd.py
[2026-02-28T10:16:13.772+0000] {processor.py:829} INFO - Processing file /opt/airflow/dags/transfer_date_of_bd.py for tasks to queue
[2026-02-28T10:16:13.774+0000] {logging_mixin.py:151} INFO - [2026-02-28T10:16:13.773+0000] {dagbag.py:539} INFO - Filling up the DagBag from /opt/airflow/dags/transfer_date_of_bd.py
[2026-02-28T10:16:14.105+0000] {processor.py:839} INFO - DAG(s) dict_keys(['sqlite_to_postgres_incremental']) retrieved from /opt/airflow/dags/transfer_date_of_bd.py
[2026-02-28T10:16:14.139+0000] {logging_mixin.py:151} INFO - [2026-02-28T10:16:14.138+0000] {dag.py:2915} INFO - Sync 1 DAGs
[2026-02-28T10:16:14.166+0000] {logging_mixin.py:151} INFO - [2026-02-28T10:16:14.165+0000] {dag.py:3696} INFO - Setting next_dagrun for sqlite_to_postgres_incremental to 2026-02-28T00:00:00+00:00, run_after=2026-03-01T00:00:00+00:00
[2026-02-28T10:16:14.193+0000] {processor.py:179} INFO - Processing /opt/airflow/dags/transfer_date_of_bd.py took 0.425 seconds
[2026-02-28T10:16:44.407+0000] {processor.py:157} INFO - Started process (PID=2358) to work on /opt/airflow/dags/transfer_date_of_bd.py
[2026-02-28T10:16:44.408+0000] {processor.py:829} INFO - Processing file /opt/airflow/dags/transfer_date_of_bd.py for tasks to queue
[2026-02-28T10:16:44.409+0000] {logging_mixin.py:151} INFO - [2026-02-28T10:16:44.408+0000] {dagbag.py:539} INFO - Filling up the DagBag from /opt/airflow/dags/transfer_date_of_bd.py
[2026-02-28T10:16:44.804+0000] {processor.py:839} INFO - DAG(s) dict_keys(['sqlite_to_postgres_incremental']) retrieved from /opt/airflow/dags/transfer_date_of_bd.py
[2026-02-28T10:16:44.844+0000] {logging_mixin.py:151} INFO - [2026-02-28T10:16:44.843+0000] {dag.py:2915} INFO - Sync 1 DAGs
[2026-02-28T10:16:44.868+0000] {logging_mixin.py:151} INFO - [2026-02-28T10:16:44.867+0000] {dag.py:3696} INFO - Setting next_dagrun for sqlite_to_postgres_incremental to 2026-02-28T00:00:00+00:00, run_after=2026-03-01T00:00:00+00:00
[2026-02-28T10:16:44.898+0000] {processor.py:179} INFO - Processing /opt/airflow/dags/transfer_date_of_bd.py took 0.494 seconds
[2026-02-28T10:17:15.119+0000] {processor.py:157} INFO - Started process (PID=2370) to work on /opt/airflow/dags/transfer_date_of_bd.py
[2026-02-28T10:17:15.122+0000] {processor.py:829} INFO - Processing file /opt/airflow/dags/transfer_date_of_bd.py for tasks to queue
[2026-02-28T10:17:15.125+0000] {logging_mixin.py:151} INFO - [2026-02-28T10:17:15.124+0000] {dagbag.py:539} INFO - Filling up the DagBag from /opt/airflow/dags/transfer_date_of_bd.py
[2026-02-28T10:17:15.487+0000] {processor.py:839} INFO - DAG(s) dict_keys(['sqlite_to_postgres_incremental']) retrieved from /opt/airflow/dags/transfer_date_of_bd.py
[2026-02-28T10:17:15.543+0000] {logging_mixin.py:151} INFO - [2026-02-28T10:17:15.537+0000] {dag.py:2915} INFO - Sync 1 DAGs
[2026-02-28T10:17:15.578+0000] {logging_mixin.py:151} INFO - [2026-02-28T10:17:15.578+0000] {dag.py:3696} INFO - Setting next_dagrun for sqlite_to_postgres_incremental to 2026-02-28T00:00:00+00:00, run_after=2026-03-01T00:00:00+00:00
[2026-02-28T10:17:15.608+0000] {processor.py:179} INFO - Processing /opt/airflow/dags/transfer_date_of_bd.py took 0.492 seconds
[2026-02-28T10:17:45.848+0000] {processor.py:157} INFO - Started process (PID=2382) to work on /opt/airflow/dags/transfer_date_of_bd.py
[2026-02-28T10:17:45.849+0000] {processor.py:829} INFO - Processing file /opt/airflow/dags/transfer_date_of_bd.py for tasks to queue
[2026-02-28T10:17:45.850+0000] {logging_mixin.py:151} INFO - [2026-02-28T10:17:45.849+0000] {dagbag.py:539} INFO - Filling up the DagBag from /opt/airflow/dags/transfer_date_of_bd.py
[2026-02-28T10:17:46.186+0000] {processor.py:839} INFO - DAG(s) dict_keys(['sqlite_to_postgres_incremental']) retrieved from /opt/airflow/dags/transfer_date_of_bd.py
[2026-02-28T10:17:46.220+0000] {logging_mixin.py:151} INFO - [2026-02-28T10:17:46.219+0000] {dag.py:2915} INFO - Sync 1 DAGs
[2026-02-28T10:17:46.243+0000] {logging_mixin.py:151} INFO - [2026-02-28T10:17:46.242+0000] {dag.py:3696} INFO - Setting next_dagrun for sqlite_to_postgres_incremental to 2026-02-28T00:00:00+00:00, run_after=2026-03-01T00:00:00+00:00
[2026-02-28T10:17:46.273+0000] {processor.py:179} INFO - Processing /opt/airflow/dags/transfer_date_of_bd.py took 0.431 seconds
[2026-02-28T10:18:16.495+0000] {processor.py:157} INFO - Started process (PID=2394) to work on /opt/airflow/dags/transfer_date_of_bd.py
[2026-02-28T10:18:16.497+0000] {processor.py:829} INFO - Processing file /opt/airflow/dags/transfer_date_of_bd.py for tasks to queue
[2026-02-28T10:18:16.501+0000] {logging_mixin.py:151} INFO - [2026-02-28T10:18:16.501+0000] {dagbag.py:539} INFO - Filling up the DagBag from /opt/airflow/dags/transfer_date_of_bd.py
[2026-02-28T10:18:16.857+0000] {processor.py:839} INFO - DAG(s) dict_keys(['sqlite_to_postgres_incremental']) retrieved from /opt/airflow/dags/transfer_date_of_bd.py
[2026-02-28T10:18:16.897+0000] {logging_mixin.py:151} INFO - [2026-02-28T10:18:16.897+0000] {dag.py:2915} INFO - Sync 1 DAGs
[2026-02-28T10:18:16.926+0000] {logging_mixin.py:151} INFO - [2026-02-28T10:18:16.926+0000] {dag.py:3696} INFO - Setting next_dagrun for sqlite_to_postgres_incremental to 2026-02-28T00:00:00+00:00, run_after=2026-03-01T00:00:00+00:00
[2026-02-28T10:18:16.952+0000] {processor.py:179} INFO - Processing /opt/airflow/dags/transfer_date_of_bd.py took 0.462 seconds
[2026-02-28T10:18:47.190+0000] {processor.py:157} INFO - Started process (PID=2406) to work on /opt/airflow/dags/transfer_date_of_bd.py
[2026-02-28T10:18:47.191+0000] {processor.py:829} INFO - Processing file /opt/airflow/dags/transfer_date_of_bd.py for tasks to queue
[2026-02-28T10:18:47.192+0000] {logging_mixin.py:151} INFO - [2026-02-28T10:18:47.192+0000] {dagbag.py:539} INFO - Filling up the DagBag from /opt/airflow/dags/transfer_date_of_bd.py
[2026-02-28T10:18:47.551+0000] {processor.py:839} INFO - DAG(s) dict_keys(['sqlite_to_postgres_incremental']) retrieved from /opt/airflow/dags/transfer_date_of_bd.py
[2026-02-28T10:18:47.579+0000] {logging_mixin.py:151} INFO - [2026-02-28T10:18:47.579+0000] {dag.py:2915} INFO - Sync 1 DAGs
[2026-02-28T10:18:47.609+0000] {logging_mixin.py:151} INFO - [2026-02-28T10:18:47.609+0000] {dag.py:3696} INFO - Setting next_dagrun for sqlite_to_postgres_incremental to 2026-02-28T00:00:00+00:00, run_after=2026-03-01T00:00:00+00:00
[2026-02-28T10:18:47.639+0000] {processor.py:179} INFO - Processing /opt/airflow/dags/transfer_date_of_bd.py took 0.454 seconds
[2026-02-28T10:19:17.877+0000] {processor.py:157} INFO - Started process (PID=2418) to work on /opt/airflow/dags/transfer_date_of_bd.py
[2026-02-28T10:19:17.878+0000] {processor.py:829} INFO - Processing file /opt/airflow/dags/transfer_date_of_bd.py for tasks to queue
[2026-02-28T10:19:17.881+0000] {logging_mixin.py:151} INFO - [2026-02-28T10:19:17.879+0000] {dagbag.py:539} INFO - Filling up the DagBag from /opt/airflow/dags/transfer_date_of_bd.py
[2026-02-28T10:19:18.204+0000] {processor.py:839} INFO - DAG(s) dict_keys(['sqlite_to_postgres_incremental']) retrieved from /opt/airflow/dags/transfer_date_of_bd.py
[2026-02-28T10:19:18.237+0000] {logging_mixin.py:151} INFO - [2026-02-28T10:19:18.236+0000] {dag.py:2915} INFO - Sync 1 DAGs
[2026-02-28T10:19:18.269+0000] {logging_mixin.py:151} INFO - [2026-02-28T10:19:18.269+0000] {dag.py:3696} INFO - Setting next_dagrun for sqlite_to_postgres_incremental to 2026-02-28T00:00:00+00:00, run_after=2026-03-01T00:00:00+00:00
[2026-02-28T10:19:18.294+0000] {processor.py:179} INFO - Processing /opt/airflow/dags/transfer_date_of_bd.py took 0.420 seconds
[2026-02-28T10:19:48.489+0000] {processor.py:157} INFO - Started process (PID=2430) to work on /opt/airflow/dags/transfer_date_of_bd.py
[2026-02-28T10:19:48.492+0000] {processor.py:829} INFO - Processing file /opt/airflow/dags/transfer_date_of_bd.py for tasks to queue
[2026-02-28T10:19:48.493+0000] {logging_mixin.py:151} INFO - [2026-02-28T10:19:48.493+0000] {dagbag.py:539} INFO - Filling up the DagBag from /opt/airflow/dags/transfer_date_of_bd.py
[2026-02-28T10:19:48.806+0000] {processor.py:839} INFO - DAG(s) dict_keys(['sqlite_to_postgres_incremental']) retrieved from /opt/airflow/dags/transfer_date_of_bd.py
[2026-02-28T10:19:48.837+0000] {logging_mixin.py:151} INFO - [2026-02-28T10:19:48.836+0000] {dag.py:2915} INFO - Sync 1 DAGs
[2026-02-28T10:19:48.862+0000] {logging_mixin.py:151} INFO - [2026-02-28T10:19:48.862+0000] {dag.py:3696} INFO - Setting next_dagrun for sqlite_to_postgres_incremental to 2026-02-28T00:00:00+00:00, run_after=2026-03-01T00:00:00+00:00
[2026-02-28T10:19:48.892+0000] {processor.py:179} INFO - Processing /opt/airflow/dags/transfer_date_of_bd.py took 0.407 seconds
[2026-02-28T10:20:19.085+0000] {processor.py:157} INFO - Started process (PID=2442) to work on /opt/airflow/dags/transfer_date_of_bd.py
[2026-02-28T10:20:19.086+0000] {processor.py:829} INFO - Processing file /opt/airflow/dags/transfer_date_of_bd.py for tasks to queue
[2026-02-28T10:20:19.087+0000] {logging_mixin.py:151} INFO - [2026-02-28T10:20:19.087+0000] {dagbag.py:539} INFO - Filling up the DagBag from /opt/airflow/dags/transfer_date_of_bd.py
[2026-02-28T10:20:19.414+0000] {processor.py:839} INFO - DAG(s) dict_keys(['sqlite_to_postgres_incremental']) retrieved from /opt/airflow/dags/transfer_date_of_bd.py
[2026-02-28T10:20:19.445+0000] {logging_mixin.py:151} INFO - [2026-02-28T10:20:19.444+0000] {dag.py:2915} INFO - Sync 1 DAGs
[2026-02-28T10:20:19.471+0000] {logging_mixin.py:151} INFO - [2026-02-28T10:20:19.471+0000] {dag.py:3696} INFO - Setting next_dagrun for sqlite_to_postgres_incremental to 2026-02-28T00:00:00+00:00, run_after=2026-03-01T00:00:00+00:00
[2026-02-28T10:20:19.493+0000] {processor.py:179} INFO - Processing /opt/airflow/dags/transfer_date_of_bd.py took 0.411 seconds
[2026-02-28T10:20:49.708+0000] {processor.py:157} INFO - Started process (PID=2454) to work on /opt/airflow/dags/transfer_date_of_bd.py
[2026-02-28T10:20:49.709+0000] {processor.py:829} INFO - Processing file /opt/airflow/dags/transfer_date_of_bd.py for tasks to queue
[2026-02-28T10:20:49.710+0000] {logging_mixin.py:151} INFO - [2026-02-28T10:20:49.710+0000] {dagbag.py:539} INFO - Filling up the DagBag from /opt/airflow/dags/transfer_date_of_bd.py
[2026-02-28T10:20:50.022+0000] {processor.py:839} INFO - DAG(s) dict_keys(['sqlite_to_postgres_incremental']) retrieved from /opt/airflow/dags/transfer_date_of_bd.py
[2026-02-28T10:20:50.052+0000] {logging_mixin.py:151} INFO - [2026-02-28T10:20:50.051+0000] {dag.py:2915} INFO - Sync 1 DAGs
[2026-02-28T10:20:50.079+0000] {logging_mixin.py:151} INFO - [2026-02-28T10:20:50.079+0000] {dag.py:3696} INFO - Setting next_dagrun for sqlite_to_postgres_incremental to 2026-02-28T00:00:00+00:00, run_after=2026-03-01T00:00:00+00:00
[2026-02-28T10:20:50.099+0000] {processor.py:179} INFO - Processing /opt/airflow/dags/transfer_date_of_bd.py took 0.394 seconds
[2026-02-28T10:21:20.310+0000] {processor.py:157} INFO - Started process (PID=2466) to work on /opt/airflow/dags/transfer_date_of_bd.py
[2026-02-28T10:21:20.316+0000] {processor.py:829} INFO - Processing file /opt/airflow/dags/transfer_date_of_bd.py for tasks to queue
[2026-02-28T10:21:20.317+0000] {logging_mixin.py:151} INFO - [2026-02-28T10:21:20.317+0000] {dagbag.py:539} INFO - Filling up the DagBag from /opt/airflow/dags/transfer_date_of_bd.py
[2026-02-28T10:21:20.621+0000] {processor.py:839} INFO - DAG(s) dict_keys(['sqlite_to_postgres_incremental']) retrieved from /opt/airflow/dags/transfer_date_of_bd.py
[2026-02-28T10:21:20.649+0000] {logging_mixin.py:151} INFO - [2026-02-28T10:21:20.648+0000] {dag.py:2915} INFO - Sync 1 DAGs
[2026-02-28T10:21:20.679+0000] {logging_mixin.py:151} INFO - [2026-02-28T10:21:20.679+0000] {dag.py:3696} INFO - Setting next_dagrun for sqlite_to_postgres_incremental to 2026-02-28T00:00:00+00:00, run_after=2026-03-01T00:00:00+00:00
[2026-02-28T10:21:20.702+0000] {processor.py:179} INFO - Processing /opt/airflow/dags/transfer_date_of_bd.py took 0.396 seconds
[2026-02-28T10:21:50.903+0000] {processor.py:157} INFO - Started process (PID=2478) to work on /opt/airflow/dags/transfer_date_of_bd.py
[2026-02-28T10:21:50.904+0000] {processor.py:829} INFO - Processing file /opt/airflow/dags/transfer_date_of_bd.py for tasks to queue
[2026-02-28T10:21:50.905+0000] {logging_mixin.py:151} INFO - [2026-02-28T10:21:50.905+0000] {dagbag.py:539} INFO - Filling up the DagBag from /opt/airflow/dags/transfer_date_of_bd.py
[2026-02-28T10:21:51.233+0000] {processor.py:839} INFO - DAG(s) dict_keys(['sqlite_to_postgres_incremental']) retrieved from /opt/airflow/dags/transfer_date_of_bd.py
[2026-02-28T10:21:51.260+0000] {logging_mixin.py:151} INFO - [2026-02-28T10:21:51.259+0000] {dag.py:2915} INFO - Sync 1 DAGs
[2026-02-28T10:21:51.283+0000] {logging_mixin.py:151} INFO - [2026-02-28T10:21:51.283+0000] {dag.py:3696} INFO - Setting next_dagrun for sqlite_to_postgres_incremental to 2026-02-28T00:00:00+00:00, run_after=2026-03-01T00:00:00+00:00
[2026-02-28T10:21:51.311+0000] {processor.py:179} INFO - Processing /opt/airflow/dags/transfer_date_of_bd.py took 0.411 seconds
[2026-02-28T10:22:21.521+0000] {processor.py:157} INFO - Started process (PID=2490) to work on /opt/airflow/dags/transfer_date_of_bd.py
[2026-02-28T10:22:21.522+0000] {processor.py:829} INFO - Processing file /opt/airflow/dags/transfer_date_of_bd.py for tasks to queue
[2026-02-28T10:22:21.523+0000] {logging_mixin.py:151} INFO - [2026-02-28T10:22:21.523+0000] {dagbag.py:539} INFO - Filling up the DagBag from /opt/airflow/dags/transfer_date_of_bd.py
[2026-02-28T10:22:21.833+0000] {processor.py:839} INFO - DAG(s) dict_keys(['sqlite_to_postgres_incremental']) retrieved from /opt/airflow/dags/transfer_date_of_bd.py
[2026-02-28T10:22:21.861+0000] {logging_mixin.py:151} INFO - [2026-02-28T10:22:21.859+0000] {dag.py:2915} INFO - Sync 1 DAGs
[2026-02-28T10:22:21.891+0000] {logging_mixin.py:151} INFO - [2026-02-28T10:22:21.891+0000] {dag.py:3696} INFO - Setting next_dagrun for sqlite_to_postgres_incremental to 2026-02-28T00:00:00+00:00, run_after=2026-03-01T00:00:00+00:00
[2026-02-28T10:22:21.912+0000] {processor.py:179} INFO - Processing /opt/airflow/dags/transfer_date_of_bd.py took 0.395 seconds
[2026-02-28T10:22:52.131+0000] {processor.py:157} INFO - Started process (PID=2502) to work on /opt/airflow/dags/transfer_date_of_bd.py
[2026-02-28T10:22:52.132+0000] {processor.py:829} INFO - Processing file /opt/airflow/dags/transfer_date_of_bd.py for tasks to queue
[2026-02-28T10:22:52.133+0000] {logging_mixin.py:151} INFO - [2026-02-28T10:22:52.133+0000] {dagbag.py:539} INFO - Filling up the DagBag from /opt/airflow/dags/transfer_date_of_bd.py
[2026-02-28T10:22:52.439+0000] {processor.py:839} INFO - DAG(s) dict_keys(['sqlite_to_postgres_incremental']) retrieved from /opt/airflow/dags/transfer_date_of_bd.py
[2026-02-28T10:22:52.472+0000] {logging_mixin.py:151} INFO - [2026-02-28T10:22:52.471+0000] {dag.py:2915} INFO - Sync 1 DAGs
[2026-02-28T10:22:52.495+0000] {logging_mixin.py:151} INFO - [2026-02-28T10:22:52.495+0000] {dag.py:3696} INFO - Setting next_dagrun for sqlite_to_postgres_incremental to 2026-02-28T00:00:00+00:00, run_after=2026-03-01T00:00:00+00:00
[2026-02-28T10:22:52.521+0000] {processor.py:179} INFO - Processing /opt/airflow/dags/transfer_date_of_bd.py took 0.394 seconds
[2026-02-28T10:23:22.744+0000] {processor.py:157} INFO - Started process (PID=2514) to work on /opt/airflow/dags/transfer_date_of_bd.py
[2026-02-28T10:23:22.746+0000] {processor.py:829} INFO - Processing file /opt/airflow/dags/transfer_date_of_bd.py for tasks to queue
[2026-02-28T10:23:22.747+0000] {logging_mixin.py:151} INFO - [2026-02-28T10:23:22.747+0000] {dagbag.py:539} INFO - Filling up the DagBag from /opt/airflow/dags/transfer_date_of_bd.py
[2026-02-28T10:23:23.148+0000] {processor.py:839} INFO - DAG(s) dict_keys(['sqlite_to_postgres_incremental']) retrieved from /opt/airflow/dags/transfer_date_of_bd.py
[2026-02-28T10:23:23.187+0000] {logging_mixin.py:151} INFO - [2026-02-28T10:23:23.186+0000] {dag.py:2915} INFO - Sync 1 DAGs
[2026-02-28T10:23:23.211+0000] {logging_mixin.py:151} INFO - [2026-02-28T10:23:23.211+0000] {dag.py:3696} INFO - Setting next_dagrun for sqlite_to_postgres_incremental to 2026-02-28T00:00:00+00:00, run_after=2026-03-01T00:00:00+00:00
[2026-02-28T10:23:23.236+0000] {processor.py:179} INFO - Processing /opt/airflow/dags/transfer_date_of_bd.py took 0.497 seconds
[2026-02-28T10:23:53.467+0000] {processor.py:157} INFO - Started process (PID=2526) to work on /opt/airflow/dags/transfer_date_of_bd.py
[2026-02-28T10:23:53.468+0000] {processor.py:829} INFO - Processing file /opt/airflow/dags/transfer_date_of_bd.py for tasks to queue
[2026-02-28T10:23:53.469+0000] {logging_mixin.py:151} INFO - [2026-02-28T10:23:53.469+0000] {dagbag.py:539} INFO - Filling up the DagBag from /opt/airflow/dags/transfer_date_of_bd.py
[2026-02-28T10:23:53.791+0000] {processor.py:839} INFO - DAG(s) dict_keys(['sqlite_to_postgres_incremental']) retrieved from /opt/airflow/dags/transfer_date_of_bd.py
[2026-02-28T10:23:53.823+0000] {logging_mixin.py:151} INFO - [2026-02-28T10:23:53.822+0000] {dag.py:2915} INFO - Sync 1 DAGs
[2026-02-28T10:23:53.855+0000] {logging_mixin.py:151} INFO - [2026-02-28T10:23:53.855+0000] {dag.py:3696} INFO - Setting next_dagrun for sqlite_to_postgres_incremental to 2026-02-28T00:00:00+00:00, run_after=2026-03-01T00:00:00+00:00
[2026-02-28T10:23:53.878+0000] {processor.py:179} INFO - Processing /opt/airflow/dags/transfer_date_of_bd.py took 0.418 seconds
[2026-02-28T10:24:24.088+0000] {processor.py:157} INFO - Started process (PID=2538) to work on /opt/airflow/dags/transfer_date_of_bd.py
[2026-02-28T10:24:24.089+0000] {processor.py:829} INFO - Processing file /opt/airflow/dags/transfer_date_of_bd.py for tasks to queue
[2026-02-28T10:24:24.090+0000] {logging_mixin.py:151} INFO - [2026-02-28T10:24:24.090+0000] {dagbag.py:539} INFO - Filling up the DagBag from /opt/airflow/dags/transfer_date_of_bd.py
[2026-02-28T10:24:24.384+0000] {processor.py:839} INFO - DAG(s) dict_keys(['sqlite_to_postgres_incremental']) retrieved from /opt/airflow/dags/transfer_date_of_bd.py
[2026-02-28T10:24:24.411+0000] {logging_mixin.py:151} INFO - [2026-02-28T10:24:24.410+0000] {dag.py:2915} INFO - Sync 1 DAGs
[2026-02-28T10:24:24.438+0000] {logging_mixin.py:151} INFO - [2026-02-28T10:24:24.438+0000] {dag.py:3696} INFO - Setting next_dagrun for sqlite_to_postgres_incremental to 2026-02-28T00:00:00+00:00, run_after=2026-03-01T00:00:00+00:00
[2026-02-28T10:24:24.460+0000] {processor.py:179} INFO - Processing /opt/airflow/dags/transfer_date_of_bd.py took 0.376 seconds
[2026-02-28T10:24:54.719+0000] {processor.py:157} INFO - Started process (PID=2550) to work on /opt/airflow/dags/transfer_date_of_bd.py
[2026-02-28T10:24:54.720+0000] {processor.py:829} INFO - Processing file /opt/airflow/dags/transfer_date_of_bd.py for tasks to queue
[2026-02-28T10:24:54.721+0000] {logging_mixin.py:151} INFO - [2026-02-28T10:24:54.721+0000] {dagbag.py:539} INFO - Filling up the DagBag from /opt/airflow/dags/transfer_date_of_bd.py
[2026-02-28T10:24:55.071+0000] {processor.py:839} INFO - DAG(s) dict_keys(['sqlite_to_postgres_incremental']) retrieved from /opt/airflow/dags/transfer_date_of_bd.py
[2026-02-28T10:24:55.102+0000] {logging_mixin.py:151} INFO - [2026-02-28T10:24:55.101+0000] {dag.py:2915} INFO - Sync 1 DAGs
[2026-02-28T10:24:55.129+0000] {logging_mixin.py:151} INFO - [2026-02-28T10:24:55.128+0000] {dag.py:3696} INFO - Setting next_dagrun for sqlite_to_postgres_incremental to 2026-02-28T00:00:00+00:00, run_after=2026-03-01T00:00:00+00:00
[2026-02-28T10:24:55.162+0000] {processor.py:179} INFO - Processing /opt/airflow/dags/transfer_date_of_bd.py took 0.448 seconds
[2026-02-28T10:25:25.361+0000] {processor.py:157} INFO - Started process (PID=2562) to work on /opt/airflow/dags/transfer_date_of_bd.py
[2026-02-28T10:25:25.362+0000] {processor.py:829} INFO - Processing file /opt/airflow/dags/transfer_date_of_bd.py for tasks to queue
[2026-02-28T10:25:25.363+0000] {logging_mixin.py:151} INFO - [2026-02-28T10:25:25.363+0000] {dagbag.py:539} INFO - Filling up the DagBag from /opt/airflow/dags/transfer_date_of_bd.py
[2026-02-28T10:25:25.699+0000] {processor.py:839} INFO - DAG(s) dict_keys(['sqlite_to_postgres_incremental']) retrieved from /opt/airflow/dags/transfer_date_of_bd.py
[2026-02-28T10:25:25.733+0000] {logging_mixin.py:151} INFO - [2026-02-28T10:25:25.732+0000] {dag.py:2915} INFO - Sync 1 DAGs
[2026-02-28T10:25:25.755+0000] {logging_mixin.py:151} INFO - [2026-02-28T10:25:25.755+0000] {dag.py:3696} INFO - Setting next_dagrun for sqlite_to_postgres_incremental to 2026-02-28T00:00:00+00:00, run_after=2026-03-01T00:00:00+00:00
[2026-02-28T10:25:25.777+0000] {processor.py:179} INFO - Processing /opt/airflow/dags/transfer_date_of_bd.py took 0.420 seconds
[2026-02-28T10:25:55.993+0000] {processor.py:157} INFO - Started process (PID=2574) to work on /opt/airflow/dags/transfer_date_of_bd.py
[2026-02-28T10:25:55.996+0000] {processor.py:829} INFO - Processing file /opt/airflow/dags/transfer_date_of_bd.py for tasks to queue
[2026-02-28T10:25:55.999+0000] {logging_mixin.py:151} INFO - [2026-02-28T10:25:55.998+0000] {dagbag.py:539} INFO - Filling up the DagBag from /opt/airflow/dags/transfer_date_of_bd.py
[2026-02-28T10:25:56.310+0000] {processor.py:839} INFO - DAG(s) dict_keys(['sqlite_to_postgres_incremental']) retrieved from /opt/airflow/dags/transfer_date_of_bd.py
[2026-02-28T10:25:56.340+0000] {logging_mixin.py:151} INFO - [2026-02-28T10:25:56.340+0000] {dag.py:2915} INFO - Sync 1 DAGs
[2026-02-28T10:25:56.365+0000] {logging_mixin.py:151} INFO - [2026-02-28T10:25:56.364+0000] {dag.py:3696} INFO - Setting next_dagrun for sqlite_to_postgres_incremental to 2026-02-28T00:00:00+00:00, run_after=2026-03-01T00:00:00+00:00
[2026-02-28T10:25:56.390+0000] {processor.py:179} INFO - Processing /opt/airflow/dags/transfer_date_of_bd.py took 0.404 seconds
[2026-02-28T10:26:26.596+0000] {processor.py:157} INFO - Started process (PID=2586) to work on /opt/airflow/dags/transfer_date_of_bd.py
[2026-02-28T10:26:26.597+0000] {processor.py:829} INFO - Processing file /opt/airflow/dags/transfer_date_of_bd.py for tasks to queue
[2026-02-28T10:26:26.599+0000] {logging_mixin.py:151} INFO - [2026-02-28T10:26:26.598+0000] {dagbag.py:539} INFO - Filling up the DagBag from /opt/airflow/dags/transfer_date_of_bd.py
[2026-02-28T10:26:26.933+0000] {processor.py:839} INFO - DAG(s) dict_keys(['sqlite_to_postgres_incremental']) retrieved from /opt/airflow/dags/transfer_date_of_bd.py
[2026-02-28T10:26:26.972+0000] {logging_mixin.py:151} INFO - [2026-02-28T10:26:26.969+0000] {dag.py:2915} INFO - Sync 1 DAGs
[2026-02-28T10:26:26.996+0000] {logging_mixin.py:151} INFO - [2026-02-28T10:26:26.996+0000] {dag.py:3696} INFO - Setting next_dagrun for sqlite_to_postgres_incremental to 2026-02-28T00:00:00+00:00, run_after=2026-03-01T00:00:00+00:00
[2026-02-28T10:26:27.019+0000] {processor.py:179} INFO - Processing /opt/airflow/dags/transfer_date_of_bd.py took 0.426 seconds
[2026-02-28T10:26:57.244+0000] {processor.py:157} INFO - Started process (PID=2598) to work on /opt/airflow/dags/transfer_date_of_bd.py
[2026-02-28T10:26:57.245+0000] {processor.py:829} INFO - Processing file /opt/airflow/dags/transfer_date_of_bd.py for tasks to queue
[2026-02-28T10:26:57.248+0000] {logging_mixin.py:151} INFO - [2026-02-28T10:26:57.248+0000] {dagbag.py:539} INFO - Filling up the DagBag from /opt/airflow/dags/transfer_date_of_bd.py
[2026-02-28T10:26:57.562+0000] {processor.py:839} INFO - DAG(s) dict_keys(['sqlite_to_postgres_incremental']) retrieved from /opt/airflow/dags/transfer_date_of_bd.py
[2026-02-28T10:26:57.591+0000] {logging_mixin.py:151} INFO - [2026-02-28T10:26:57.590+0000] {dag.py:2915} INFO - Sync 1 DAGs
[2026-02-28T10:26:57.622+0000] {logging_mixin.py:151} INFO - [2026-02-28T10:26:57.622+0000] {dag.py:3696} INFO - Setting next_dagrun for sqlite_to_postgres_incremental to 2026-02-28T00:00:00+00:00, run_after=2026-03-01T00:00:00+00:00
[2026-02-28T10:26:57.642+0000] {processor.py:179} INFO - Processing /opt/airflow/dags/transfer_date_of_bd.py took 0.402 seconds
[2026-02-28T10:27:27.857+0000] {processor.py:157} INFO - Started process (PID=2610) to work on /opt/airflow/dags/transfer_date_of_bd.py
[2026-02-28T10:27:27.858+0000] {processor.py:829} INFO - Processing file /opt/airflow/dags/transfer_date_of_bd.py for tasks to queue
[2026-02-28T10:27:27.859+0000] {logging_mixin.py:151} INFO - [2026-02-28T10:27:27.859+0000] {dagbag.py:539} INFO - Filling up the DagBag from /opt/airflow/dags/transfer_date_of_bd.py
[2026-02-28T10:27:28.239+0000] {processor.py:839} INFO - DAG(s) dict_keys(['sqlite_to_postgres_incremental']) retrieved from /opt/airflow/dags/transfer_date_of_bd.py
[2026-02-28T10:27:28.267+0000] {logging_mixin.py:151} INFO - [2026-02-28T10:27:28.266+0000] {dag.py:2915} INFO - Sync 1 DAGs
[2026-02-28T10:27:28.303+0000] {logging_mixin.py:151} INFO - [2026-02-28T10:27:28.302+0000] {dag.py:3696} INFO - Setting next_dagrun for sqlite_to_postgres_incremental to 2026-02-28T00:00:00+00:00, run_after=2026-03-01T00:00:00+00:00
[2026-02-28T10:27:28.326+0000] {processor.py:179} INFO - Processing /opt/airflow/dags/transfer_date_of_bd.py took 0.473 seconds
[2026-02-28T10:27:58.551+0000] {processor.py:157} INFO - Started process (PID=2622) to work on /opt/airflow/dags/transfer_date_of_bd.py
[2026-02-28T10:27:58.552+0000] {processor.py:829} INFO - Processing file /opt/airflow/dags/transfer_date_of_bd.py for tasks to queue
[2026-02-28T10:27:58.553+0000] {logging_mixin.py:151} INFO - [2026-02-28T10:27:58.553+0000] {dagbag.py:539} INFO - Filling up the DagBag from /opt/airflow/dags/transfer_date_of_bd.py
[2026-02-28T10:27:58.863+0000] {processor.py:839} INFO - DAG(s) dict_keys(['sqlite_to_postgres_incremental']) retrieved from /opt/airflow/dags/transfer_date_of_bd.py
[2026-02-28T10:27:58.894+0000] {logging_mixin.py:151} INFO - [2026-02-28T10:27:58.893+0000] {dag.py:2915} INFO - Sync 1 DAGs
[2026-02-28T10:27:58.917+0000] {logging_mixin.py:151} INFO - [2026-02-28T10:27:58.916+0000] {dag.py:3696} INFO - Setting next_dagrun for sqlite_to_postgres_incremental to 2026-02-28T00:00:00+00:00, run_after=2026-03-01T00:00:00+00:00
[2026-02-28T10:27:58.937+0000] {processor.py:179} INFO - Processing /opt/airflow/dags/transfer_date_of_bd.py took 0.391 seconds
[2026-02-28T10:28:29.157+0000] {processor.py:157} INFO - Started process (PID=2634) to work on /opt/airflow/dags/transfer_date_of_bd.py
[2026-02-28T10:28:29.158+0000] {processor.py:829} INFO - Processing file /opt/airflow/dags/transfer_date_of_bd.py for tasks to queue
[2026-02-28T10:28:29.159+0000] {logging_mixin.py:151} INFO - [2026-02-28T10:28:29.159+0000] {dagbag.py:539} INFO - Filling up the DagBag from /opt/airflow/dags/transfer_date_of_bd.py
[2026-02-28T10:28:29.512+0000] {processor.py:839} INFO - DAG(s) dict_keys(['sqlite_to_postgres_incremental']) retrieved from /opt/airflow/dags/transfer_date_of_bd.py
[2026-02-28T10:28:29.543+0000] {logging_mixin.py:151} INFO - [2026-02-28T10:28:29.542+0000] {dag.py:2915} INFO - Sync 1 DAGs
[2026-02-28T10:28:29.569+0000] {logging_mixin.py:151} INFO - [2026-02-28T10:28:29.568+0000] {dag.py:3696} INFO - Setting next_dagrun for sqlite_to_postgres_incremental to 2026-02-28T00:00:00+00:00, run_after=2026-03-01T00:00:00+00:00
[2026-02-28T10:28:29.601+0000] {processor.py:179} INFO - Processing /opt/airflow/dags/transfer_date_of_bd.py took 0.449 seconds
[2026-02-28T10:28:59.802+0000] {processor.py:157} INFO - Started process (PID=2646) to work on /opt/airflow/dags/transfer_date_of_bd.py
[2026-02-28T10:28:59.806+0000] {processor.py:829} INFO - Processing file /opt/airflow/dags/transfer_date_of_bd.py for tasks to queue
[2026-02-28T10:28:59.807+0000] {logging_mixin.py:151} INFO - [2026-02-28T10:28:59.807+0000] {dagbag.py:539} INFO - Filling up the DagBag from /opt/airflow/dags/transfer_date_of_bd.py
[2026-02-28T10:29:00.148+0000] {processor.py:839} INFO - DAG(s) dict_keys(['sqlite_to_postgres_incremental']) retrieved from /opt/airflow/dags/transfer_date_of_bd.py
[2026-02-28T10:29:00.178+0000] {logging_mixin.py:151} INFO - [2026-02-28T10:29:00.177+0000] {dag.py:2915} INFO - Sync 1 DAGs
[2026-02-28T10:29:00.204+0000] {logging_mixin.py:151} INFO - [2026-02-28T10:29:00.204+0000] {dag.py:3696} INFO - Setting next_dagrun for sqlite_to_postgres_incremental to 2026-02-28T00:00:00+00:00, run_after=2026-03-01T00:00:00+00:00
[2026-02-28T10:29:00.226+0000] {processor.py:179} INFO - Processing /opt/airflow/dags/transfer_date_of_bd.py took 0.430 seconds
[2026-02-28T10:29:30.440+0000] {processor.py:157} INFO - Started process (PID=2658) to work on /opt/airflow/dags/transfer_date_of_bd.py
[2026-02-28T10:29:30.441+0000] {processor.py:829} INFO - Processing file /opt/airflow/dags/transfer_date_of_bd.py for tasks to queue
[2026-02-28T10:29:30.443+0000] {logging_mixin.py:151} INFO - [2026-02-28T10:29:30.442+0000] {dagbag.py:539} INFO - Filling up the DagBag from /opt/airflow/dags/transfer_date_of_bd.py
[2026-02-28T10:29:30.800+0000] {processor.py:839} INFO - DAG(s) dict_keys(['sqlite_to_postgres_incremental']) retrieved from /opt/airflow/dags/transfer_date_of_bd.py
[2026-02-28T10:29:30.828+0000] {logging_mixin.py:151} INFO - [2026-02-28T10:29:30.827+0000] {dag.py:2915} INFO - Sync 1 DAGs
[2026-02-28T10:29:30.863+0000] {logging_mixin.py:151} INFO - [2026-02-28T10:29:30.863+0000] {dag.py:3696} INFO - Setting next_dagrun for sqlite_to_postgres_incremental to 2026-02-28T00:00:00+00:00, run_after=2026-03-01T00:00:00+00:00
[2026-02-28T10:29:30.890+0000] {processor.py:179} INFO - Processing /opt/airflow/dags/transfer_date_of_bd.py took 0.455 seconds
[2026-02-28T10:30:01.122+0000] {processor.py:157} INFO - Started process (PID=2670) to work on /opt/airflow/dags/transfer_date_of_bd.py
[2026-02-28T10:30:01.123+0000] {processor.py:829} INFO - Processing file /opt/airflow/dags/transfer_date_of_bd.py for tasks to queue
[2026-02-28T10:30:01.124+0000] {logging_mixin.py:151} INFO - [2026-02-28T10:30:01.124+0000] {dagbag.py:539} INFO - Filling up the DagBag from /opt/airflow/dags/transfer_date_of_bd.py
[2026-02-28T10:30:01.442+0000] {processor.py:839} INFO - DAG(s) dict_keys(['sqlite_to_postgres_incremental']) retrieved from /opt/airflow/dags/transfer_date_of_bd.py
[2026-02-28T10:30:01.473+0000] {logging_mixin.py:151} INFO - [2026-02-28T10:30:01.472+0000] {dag.py:2915} INFO - Sync 1 DAGs
[2026-02-28T10:30:01.498+0000] {logging_mixin.py:151} INFO - [2026-02-28T10:30:01.498+0000] {dag.py:3696} INFO - Setting next_dagrun for sqlite_to_postgres_incremental to 2026-02-28T00:00:00+00:00, run_after=2026-03-01T00:00:00+00:00
[2026-02-28T10:30:01.525+0000] {processor.py:179} INFO - Processing /opt/airflow/dags/transfer_date_of_bd.py took 0.407 seconds
[2026-02-28T10:30:31.727+0000] {processor.py:157} INFO - Started process (PID=2682) to work on /opt/airflow/dags/transfer_date_of_bd.py
[2026-02-28T10:30:31.728+0000] {processor.py:829} INFO - Processing file /opt/airflow/dags/transfer_date_of_bd.py for tasks to queue
[2026-02-28T10:30:31.729+0000] {logging_mixin.py:151} INFO - [2026-02-28T10:30:31.729+0000] {dagbag.py:539} INFO - Filling up the DagBag from /opt/airflow/dags/transfer_date_of_bd.py
[2026-02-28T10:30:32.083+0000] {processor.py:839} INFO - DAG(s) dict_keys(['sqlite_to_postgres_incremental']) retrieved from /opt/airflow/dags/transfer_date_of_bd.py
[2026-02-28T10:30:32.111+0000] {logging_mixin.py:151} INFO - [2026-02-28T10:30:32.110+0000] {dag.py:2915} INFO - Sync 1 DAGs
[2026-02-28T10:30:32.140+0000] {logging_mixin.py:151} INFO - [2026-02-28T10:30:32.140+0000] {dag.py:3696} INFO - Setting next_dagrun for sqlite_to_postgres_incremental to 2026-02-28T00:00:00+00:00, run_after=2026-03-01T00:00:00+00:00
[2026-02-28T10:30:32.168+0000] {processor.py:179} INFO - Processing /opt/airflow/dags/transfer_date_of_bd.py took 0.445 seconds
[2026-02-28T10:31:02.389+0000] {processor.py:157} INFO - Started process (PID=2694) to work on /opt/airflow/dags/transfer_date_of_bd.py
[2026-02-28T10:31:02.390+0000] {processor.py:829} INFO - Processing file /opt/airflow/dags/transfer_date_of_bd.py for tasks to queue
[2026-02-28T10:31:02.391+0000] {logging_mixin.py:151} INFO - [2026-02-28T10:31:02.391+0000] {dagbag.py:539} INFO - Filling up the DagBag from /opt/airflow/dags/transfer_date_of_bd.py
[2026-02-28T10:31:02.705+0000] {processor.py:839} INFO - DAG(s) dict_keys(['sqlite_to_postgres_incremental']) retrieved from /opt/airflow/dags/transfer_date_of_bd.py
[2026-02-28T10:31:02.739+0000] {logging_mixin.py:151} INFO - [2026-02-28T10:31:02.738+0000] {dag.py:2915} INFO - Sync 1 DAGs
[2026-02-28T10:31:02.765+0000] {logging_mixin.py:151} INFO - [2026-02-28T10:31:02.765+0000] {dag.py:3696} INFO - Setting next_dagrun for sqlite_to_postgres_incremental to 2026-02-28T00:00:00+00:00, run_after=2026-03-01T00:00:00+00:00
[2026-02-28T10:31:02.794+0000] {processor.py:179} INFO - Processing /opt/airflow/dags/transfer_date_of_bd.py took 0.409 seconds
[2026-02-28T10:31:33.011+0000] {processor.py:157} INFO - Started process (PID=2706) to work on /opt/airflow/dags/transfer_date_of_bd.py
[2026-02-28T10:31:33.013+0000] {processor.py:829} INFO - Processing file /opt/airflow/dags/transfer_date_of_bd.py for tasks to queue
[2026-02-28T10:31:33.015+0000] {logging_mixin.py:151} INFO - [2026-02-28T10:31:33.014+0000] {dagbag.py:539} INFO - Filling up the DagBag from /opt/airflow/dags/transfer_date_of_bd.py
[2026-02-28T10:31:33.424+0000] {processor.py:839} INFO - DAG(s) dict_keys(['sqlite_to_postgres_incremental']) retrieved from /opt/airflow/dags/transfer_date_of_bd.py
[2026-02-28T10:31:33.458+0000] {logging_mixin.py:151} INFO - [2026-02-28T10:31:33.458+0000] {dag.py:2915} INFO - Sync 1 DAGs
[2026-02-28T10:31:33.483+0000] {logging_mixin.py:151} INFO - [2026-02-28T10:31:33.483+0000] {dag.py:3696} INFO - Setting next_dagrun for sqlite_to_postgres_incremental to 2026-02-28T00:00:00+00:00, run_after=2026-03-01T00:00:00+00:00
[2026-02-28T10:31:33.508+0000] {processor.py:179} INFO - Processing /opt/airflow/dags/transfer_date_of_bd.py took 0.501 seconds
[2026-02-28T10:32:03.727+0000] {processor.py:157} INFO - Started process (PID=2718) to work on /opt/airflow/dags/transfer_date_of_bd.py
[2026-02-28T10:32:03.729+0000] {processor.py:829} INFO - Processing file /opt/airflow/dags/transfer_date_of_bd.py for tasks to queue
[2026-02-28T10:32:03.730+0000] {logging_mixin.py:151} INFO - [2026-02-28T10:32:03.730+0000] {dagbag.py:539} INFO - Filling up the DagBag from /opt/airflow/dags/transfer_date_of_bd.py
[2026-02-28T10:32:04.034+0000] {processor.py:839} INFO - DAG(s) dict_keys(['sqlite_to_postgres_incremental']) retrieved from /opt/airflow/dags/transfer_date_of_bd.py
[2026-02-28T10:32:04.062+0000] {logging_mixin.py:151} INFO - [2026-02-28T10:32:04.061+0000] {dag.py:2915} INFO - Sync 1 DAGs
[2026-02-28T10:32:04.086+0000] {logging_mixin.py:151} INFO - [2026-02-28T10:32:04.086+0000] {dag.py:3696} INFO - Setting next_dagrun for sqlite_to_postgres_incremental to 2026-02-28T00:00:00+00:00, run_after=2026-03-01T00:00:00+00:00
[2026-02-28T10:32:04.113+0000] {processor.py:179} INFO - Processing /opt/airflow/dags/transfer_date_of_bd.py took 0.389 seconds
[2026-02-28T10:32:34.333+0000] {processor.py:157} INFO - Started process (PID=2730) to work on /opt/airflow/dags/transfer_date_of_bd.py
[2026-02-28T10:32:34.334+0000] {processor.py:829} INFO - Processing file /opt/airflow/dags/transfer_date_of_bd.py for tasks to queue
[2026-02-28T10:32:34.335+0000] {logging_mixin.py:151} INFO - [2026-02-28T10:32:34.335+0000] {dagbag.py:539} INFO - Filling up the DagBag from /opt/airflow/dags/transfer_date_of_bd.py
[2026-02-28T10:32:34.664+0000] {processor.py:839} INFO - DAG(s) dict_keys(['sqlite_to_postgres_incremental']) retrieved from /opt/airflow/dags/transfer_date_of_bd.py
[2026-02-28T10:32:34.700+0000] {logging_mixin.py:151} INFO - [2026-02-28T10:32:34.698+0000] {dag.py:2915} INFO - Sync 1 DAGs
[2026-02-28T10:32:34.725+0000] {logging_mixin.py:151} INFO - [2026-02-28T10:32:34.725+0000] {dag.py:3696} INFO - Setting next_dagrun for sqlite_to_postgres_incremental to 2026-02-28T00:00:00+00:00, run_after=2026-03-01T00:00:00+00:00
[2026-02-28T10:32:34.750+0000] {processor.py:179} INFO - Processing /opt/airflow/dags/transfer_date_of_bd.py took 0.420 seconds
[2026-02-28T10:33:04.975+0000] {processor.py:157} INFO - Started process (PID=2742) to work on /opt/airflow/dags/transfer_date_of_bd.py
[2026-02-28T10:33:04.976+0000] {processor.py:829} INFO - Processing file /opt/airflow/dags/transfer_date_of_bd.py for tasks to queue
[2026-02-28T10:33:04.977+0000] {logging_mixin.py:151} INFO - [2026-02-28T10:33:04.977+0000] {dagbag.py:539} INFO - Filling up the DagBag from /opt/airflow/dags/transfer_date_of_bd.py
[2026-02-28T10:33:05.289+0000] {processor.py:839} INFO - DAG(s) dict_keys(['sqlite_to_postgres_incremental']) retrieved from /opt/airflow/dags/transfer_date_of_bd.py
[2026-02-28T10:33:05.320+0000] {logging_mixin.py:151} INFO - [2026-02-28T10:33:05.319+0000] {dag.py:2915} INFO - Sync 1 DAGs
[2026-02-28T10:33:05.343+0000] {logging_mixin.py:151} INFO - [2026-02-28T10:33:05.343+0000] {dag.py:3696} INFO - Setting next_dagrun for sqlite_to_postgres_incremental to 2026-02-28T00:00:00+00:00, run_after=2026-03-01T00:00:00+00:00
[2026-02-28T10:33:05.383+0000] {processor.py:179} INFO - Processing /opt/airflow/dags/transfer_date_of_bd.py took 0.412 seconds
[2026-02-28T10:33:35.586+0000] {processor.py:157} INFO - Started process (PID=2754) to work on /opt/airflow/dags/transfer_date_of_bd.py
[2026-02-28T10:33:35.588+0000] {processor.py:829} INFO - Processing file /opt/airflow/dags/transfer_date_of_bd.py for tasks to queue
[2026-02-28T10:33:35.589+0000] {logging_mixin.py:151} INFO - [2026-02-28T10:33:35.588+0000] {dagbag.py:539} INFO - Filling up the DagBag from /opt/airflow/dags/transfer_date_of_bd.py
[2026-02-28T10:33:35.896+0000] {processor.py:839} INFO - DAG(s) dict_keys(['sqlite_to_postgres_incremental']) retrieved from /opt/airflow/dags/transfer_date_of_bd.py
[2026-02-28T10:33:35.933+0000] {logging_mixin.py:151} INFO - [2026-02-28T10:33:35.932+0000] {dag.py:2915} INFO - Sync 1 DAGs
[2026-02-28T10:33:35.958+0000] {logging_mixin.py:151} INFO - [2026-02-28T10:33:35.958+0000] {dag.py:3696} INFO - Setting next_dagrun for sqlite_to_postgres_incremental to 2026-02-28T00:00:00+00:00, run_after=2026-03-01T00:00:00+00:00
[2026-02-28T10:33:35.977+0000] {processor.py:179} INFO - Processing /opt/airflow/dags/transfer_date_of_bd.py took 0.394 seconds
[2026-02-28T10:34:06.192+0000] {processor.py:157} INFO - Started process (PID=2766) to work on /opt/airflow/dags/transfer_date_of_bd.py
[2026-02-28T10:34:06.194+0000] {processor.py:829} INFO - Processing file /opt/airflow/dags/transfer_date_of_bd.py for tasks to queue
[2026-02-28T10:34:06.195+0000] {logging_mixin.py:151} INFO - [2026-02-28T10:34:06.194+0000] {dagbag.py:539} INFO - Filling up the DagBag from /opt/airflow/dags/transfer_date_of_bd.py
[2026-02-28T10:34:06.500+0000] {processor.py:839} INFO - DAG(s) dict_keys(['sqlite_to_postgres_incremental']) retrieved from /opt/airflow/dags/transfer_date_of_bd.py
[2026-02-28T10:34:06.530+0000] {logging_mixin.py:151} INFO - [2026-02-28T10:34:06.529+0000] {dag.py:2915} INFO - Sync 1 DAGs
[2026-02-28T10:34:06.560+0000] {logging_mixin.py:151} INFO - [2026-02-28T10:34:06.560+0000] {dag.py:3696} INFO - Setting next_dagrun for sqlite_to_postgres_incremental to 2026-02-28T00:00:00+00:00, run_after=2026-03-01T00:00:00+00:00
[2026-02-28T10:34:06.582+0000] {processor.py:179} INFO - Processing /opt/airflow/dags/transfer_date_of_bd.py took 0.393 seconds
[2026-02-28T10:34:36.788+0000] {processor.py:157} INFO - Started process (PID=2778) to work on /opt/airflow/dags/transfer_date_of_bd.py
[2026-02-28T10:34:36.789+0000] {processor.py:829} INFO - Processing file /opt/airflow/dags/transfer_date_of_bd.py for tasks to queue
[2026-02-28T10:34:36.790+0000] {logging_mixin.py:151} INFO - [2026-02-28T10:34:36.790+0000] {dagbag.py:539} INFO - Filling up the DagBag from /opt/airflow/dags/transfer_date_of_bd.py
[2026-02-28T10:34:37.111+0000] {processor.py:839} INFO - DAG(s) dict_keys(['sqlite_to_postgres_incremental']) retrieved from /opt/airflow/dags/transfer_date_of_bd.py
[2026-02-28T10:34:37.159+0000] {logging_mixin.py:151} INFO - [2026-02-28T10:34:37.159+0000] {dag.py:2915} INFO - Sync 1 DAGs
[2026-02-28T10:34:37.184+0000] {logging_mixin.py:151} INFO - [2026-02-28T10:34:37.184+0000] {dag.py:3696} INFO - Setting next_dagrun for sqlite_to_postgres_incremental to 2026-02-28T00:00:00+00:00, run_after=2026-03-01T00:00:00+00:00
[2026-02-28T10:34:37.208+0000] {processor.py:179} INFO - Processing /opt/airflow/dags/transfer_date_of_bd.py took 0.423 seconds
[2026-02-28T10:35:07.442+0000] {processor.py:157} INFO - Started process (PID=2790) to work on /opt/airflow/dags/transfer_date_of_bd.py
[2026-02-28T10:35:07.443+0000] {processor.py:829} INFO - Processing file /opt/airflow/dags/transfer_date_of_bd.py for tasks to queue
[2026-02-28T10:35:07.444+0000] {logging_mixin.py:151} INFO - [2026-02-28T10:35:07.444+0000] {dagbag.py:539} INFO - Filling up the DagBag from /opt/airflow/dags/transfer_date_of_bd.py
[2026-02-28T10:35:07.752+0000] {processor.py:839} INFO - DAG(s) dict_keys(['sqlite_to_postgres_incremental']) retrieved from /opt/airflow/dags/transfer_date_of_bd.py
[2026-02-28T10:35:07.778+0000] {logging_mixin.py:151} INFO - [2026-02-28T10:35:07.777+0000] {dag.py:2915} INFO - Sync 1 DAGs
[2026-02-28T10:35:07.808+0000] {logging_mixin.py:151} INFO - [2026-02-28T10:35:07.808+0000] {dag.py:3696} INFO - Setting next_dagrun for sqlite_to_postgres_incremental to 2026-02-28T00:00:00+00:00, run_after=2026-03-01T00:00:00+00:00
[2026-02-28T10:35:07.830+0000] {processor.py:179} INFO - Processing /opt/airflow/dags/transfer_date_of_bd.py took 0.392 seconds
[2026-02-28T10:35:38.047+0000] {processor.py:157} INFO - Started process (PID=2802) to work on /opt/airflow/dags/transfer_date_of_bd.py
[2026-02-28T10:35:38.049+0000] {processor.py:829} INFO - Processing file /opt/airflow/dags/transfer_date_of_bd.py for tasks to queue
[2026-02-28T10:35:38.050+0000] {logging_mixin.py:151} INFO - [2026-02-28T10:35:38.050+0000] {dagbag.py:539} INFO - Filling up the DagBag from /opt/airflow/dags/transfer_date_of_bd.py
[2026-02-28T10:35:38.385+0000] {processor.py:839} INFO - DAG(s) dict_keys(['sqlite_to_postgres_incremental']) retrieved from /opt/airflow/dags/transfer_date_of_bd.py
[2026-02-28T10:35:38.431+0000] {logging_mixin.py:151} INFO - [2026-02-28T10:35:38.430+0000] {dag.py:2915} INFO - Sync 1 DAGs
[2026-02-28T10:35:38.455+0000] {logging_mixin.py:151} INFO - [2026-02-28T10:35:38.455+0000] {dag.py:3696} INFO - Setting next_dagrun for sqlite_to_postgres_incremental to 2026-02-28T00:00:00+00:00, run_after=2026-03-01T00:00:00+00:00
[2026-02-28T10:35:38.481+0000] {processor.py:179} INFO - Processing /opt/airflow/dags/transfer_date_of_bd.py took 0.438 seconds
[2026-02-28T10:36:08.697+0000] {processor.py:157} INFO - Started process (PID=2814) to work on /opt/airflow/dags/transfer_date_of_bd.py
[2026-02-28T10:36:08.698+0000] {processor.py:829} INFO - Processing file /opt/airflow/dags/transfer_date_of_bd.py for tasks to queue
[2026-02-28T10:36:08.700+0000] {logging_mixin.py:151} INFO - [2026-02-28T10:36:08.699+0000] {dagbag.py:539} INFO - Filling up the DagBag from /opt/airflow/dags/transfer_date_of_bd.py
[2026-02-28T10:36:09.019+0000] {processor.py:839} INFO - DAG(s) dict_keys(['sqlite_to_postgres_incremental']) retrieved from /opt/airflow/dags/transfer_date_of_bd.py
[2026-02-28T10:36:09.048+0000] {logging_mixin.py:151} INFO - [2026-02-28T10:36:09.047+0000] {dag.py:2915} INFO - Sync 1 DAGs
[2026-02-28T10:36:09.078+0000] {logging_mixin.py:151} INFO - [2026-02-28T10:36:09.077+0000] {dag.py:3696} INFO - Setting next_dagrun for sqlite_to_postgres_incremental to 2026-02-28T00:00:00+00:00, run_after=2026-03-01T00:00:00+00:00
[2026-02-28T10:36:09.098+0000] {processor.py:179} INFO - Processing /opt/airflow/dags/transfer_date_of_bd.py took 0.404 seconds
[2026-02-28T10:36:39.314+0000] {processor.py:157} INFO - Started process (PID=2826) to work on /opt/airflow/dags/transfer_date_of_bd.py
[2026-02-28T10:36:39.316+0000] {processor.py:829} INFO - Processing file /opt/airflow/dags/transfer_date_of_bd.py for tasks to queue
[2026-02-28T10:36:39.317+0000] {logging_mixin.py:151} INFO - [2026-02-28T10:36:39.317+0000] {dagbag.py:539} INFO - Filling up the DagBag from /opt/airflow/dags/transfer_date_of_bd.py
[2026-02-28T10:36:39.632+0000] {processor.py:839} INFO - DAG(s) dict_keys(['sqlite_to_postgres_incremental']) retrieved from /opt/airflow/dags/transfer_date_of_bd.py
[2026-02-28T10:36:39.657+0000] {logging_mixin.py:151} INFO - [2026-02-28T10:36:39.656+0000] {dag.py:2915} INFO - Sync 1 DAGs
[2026-02-28T10:36:39.685+0000] {logging_mixin.py:151} INFO - [2026-02-28T10:36:39.685+0000] {dag.py:3696} INFO - Setting next_dagrun for sqlite_to_postgres_incremental to 2026-02-28T00:00:00+00:00, run_after=2026-03-01T00:00:00+00:00
[2026-02-28T10:36:39.705+0000] {processor.py:179} INFO - Processing /opt/airflow/dags/transfer_date_of_bd.py took 0.394 seconds
[2026-02-28T10:37:09.921+0000] {processor.py:157} INFO - Started process (PID=2838) to work on /opt/airflow/dags/transfer_date_of_bd.py
[2026-02-28T10:37:09.923+0000] {processor.py:829} INFO - Processing file /opt/airflow/dags/transfer_date_of_bd.py for tasks to queue
[2026-02-28T10:37:09.924+0000] {logging_mixin.py:151} INFO - [2026-02-28T10:37:09.924+0000] {dagbag.py:539} INFO - Filling up the DagBag from /opt/airflow/dags/transfer_date_of_bd.py
[2026-02-28T10:37:10.234+0000] {processor.py:839} INFO - DAG(s) dict_keys(['sqlite_to_postgres_incremental']) retrieved from /opt/airflow/dags/transfer_date_of_bd.py
[2026-02-28T10:37:10.266+0000] {logging_mixin.py:151} INFO - [2026-02-28T10:37:10.265+0000] {dag.py:2915} INFO - Sync 1 DAGs
[2026-02-28T10:37:10.293+0000] {logging_mixin.py:151} INFO - [2026-02-28T10:37:10.293+0000] {dag.py:3696} INFO - Setting next_dagrun for sqlite_to_postgres_incremental to 2026-02-28T00:00:00+00:00, run_after=2026-03-01T00:00:00+00:00
[2026-02-28T10:37:10.324+0000] {processor.py:179} INFO - Processing /opt/airflow/dags/transfer_date_of_bd.py took 0.407 seconds
[2026-02-28T10:37:40.536+0000] {processor.py:157} INFO - Started process (PID=2850) to work on /opt/airflow/dags/transfer_date_of_bd.py
[2026-02-28T10:37:40.538+0000] {processor.py:829} INFO - Processing file /opt/airflow/dags/transfer_date_of_bd.py for tasks to queue
[2026-02-28T10:37:40.539+0000] {logging_mixin.py:151} INFO - [2026-02-28T10:37:40.539+0000] {dagbag.py:539} INFO - Filling up the DagBag from /opt/airflow/dags/transfer_date_of_bd.py
[2026-02-28T10:37:40.846+0000] {processor.py:839} INFO - DAG(s) dict_keys(['sqlite_to_postgres_incremental']) retrieved from /opt/airflow/dags/transfer_date_of_bd.py
[2026-02-28T10:37:40.873+0000] {logging_mixin.py:151} INFO - [2026-02-28T10:37:40.873+0000] {dag.py:2915} INFO - Sync 1 DAGs
[2026-02-28T10:37:40.905+0000] {logging_mixin.py:151} INFO - [2026-02-28T10:37:40.904+0000] {dag.py:3696} INFO - Setting next_dagrun for sqlite_to_postgres_incremental to 2026-02-28T00:00:00+00:00, run_after=2026-03-01T00:00:00+00:00
[2026-02-28T10:37:40.926+0000] {processor.py:179} INFO - Processing /opt/airflow/dags/transfer_date_of_bd.py took 0.394 seconds
[2026-02-28T10:38:11.122+0000] {processor.py:157} INFO - Started process (PID=2862) to work on /opt/airflow/dags/transfer_date_of_bd.py
[2026-02-28T10:38:11.126+0000] {processor.py:829} INFO - Processing file /opt/airflow/dags/transfer_date_of_bd.py for tasks to queue
[2026-02-28T10:38:11.128+0000] {logging_mixin.py:151} INFO - [2026-02-28T10:38:11.127+0000] {dagbag.py:539} INFO - Filling up the DagBag from /opt/airflow/dags/transfer_date_of_bd.py
[2026-02-28T10:38:11.444+0000] {processor.py:839} INFO - DAG(s) dict_keys(['sqlite_to_postgres_incremental']) retrieved from /opt/airflow/dags/transfer_date_of_bd.py
[2026-02-28T10:38:11.472+0000] {logging_mixin.py:151} INFO - [2026-02-28T10:38:11.471+0000] {dag.py:2915} INFO - Sync 1 DAGs
[2026-02-28T10:38:11.496+0000] {logging_mixin.py:151} INFO - [2026-02-28T10:38:11.496+0000] {dag.py:3696} INFO - Setting next_dagrun for sqlite_to_postgres_incremental to 2026-02-28T00:00:00+00:00, run_after=2026-03-01T00:00:00+00:00
[2026-02-28T10:38:11.522+0000] {processor.py:179} INFO - Processing /opt/airflow/dags/transfer_date_of_bd.py took 0.403 seconds
[2026-02-28T10:38:41.746+0000] {processor.py:157} INFO - Started process (PID=2874) to work on /opt/airflow/dags/transfer_date_of_bd.py
[2026-02-28T10:38:41.748+0000] {processor.py:829} INFO - Processing file /opt/airflow/dags/transfer_date_of_bd.py for tasks to queue
[2026-02-28T10:38:41.749+0000] {logging_mixin.py:151} INFO - [2026-02-28T10:38:41.748+0000] {dagbag.py:539} INFO - Filling up the DagBag from /opt/airflow/dags/transfer_date_of_bd.py
[2026-02-28T10:38:42.079+0000] {processor.py:839} INFO - DAG(s) dict_keys(['sqlite_to_postgres_incremental']) retrieved from /opt/airflow/dags/transfer_date_of_bd.py
[2026-02-28T10:38:42.113+0000] {logging_mixin.py:151} INFO - [2026-02-28T10:38:42.112+0000] {dag.py:2915} INFO - Sync 1 DAGs
[2026-02-28T10:38:42.135+0000] {logging_mixin.py:151} INFO - [2026-02-28T10:38:42.135+0000] {dag.py:3696} INFO - Setting next_dagrun for sqlite_to_postgres_incremental to 2026-02-28T00:00:00+00:00, run_after=2026-03-01T00:00:00+00:00
[2026-02-28T10:38:42.165+0000] {processor.py:179} INFO - Processing /opt/airflow/dags/transfer_date_of_bd.py took 0.424 seconds
[2026-02-28T10:39:12.374+0000] {processor.py:157} INFO - Started process (PID=2886) to work on /opt/airflow/dags/transfer_date_of_bd.py
[2026-02-28T10:39:12.377+0000] {processor.py:829} INFO - Processing file /opt/airflow/dags/transfer_date_of_bd.py for tasks to queue
[2026-02-28T10:39:12.379+0000] {logging_mixin.py:151} INFO - [2026-02-28T10:39:12.378+0000] {dagbag.py:539} INFO - Filling up the DagBag from /opt/airflow/dags/transfer_date_of_bd.py
[2026-02-28T10:39:12.704+0000] {processor.py:839} INFO - DAG(s) dict_keys(['sqlite_to_postgres_incremental']) retrieved from /opt/airflow/dags/transfer_date_of_bd.py
[2026-02-28T10:39:12.728+0000] {logging_mixin.py:151} INFO - [2026-02-28T10:39:12.728+0000] {dag.py:2915} INFO - Sync 1 DAGs
[2026-02-28T10:39:12.755+0000] {logging_mixin.py:151} INFO - [2026-02-28T10:39:12.754+0000] {dag.py:3696} INFO - Setting next_dagrun for sqlite_to_postgres_incremental to 2026-02-28T00:00:00+00:00, run_after=2026-03-01T00:00:00+00:00
[2026-02-28T10:39:12.778+0000] {processor.py:179} INFO - Processing /opt/airflow/dags/transfer_date_of_bd.py took 0.410 seconds
[2026-02-28T10:39:43.036+0000] {processor.py:157} INFO - Started process (PID=2898) to work on /opt/airflow/dags/transfer_date_of_bd.py
[2026-02-28T10:39:43.037+0000] {processor.py:829} INFO - Processing file /opt/airflow/dags/transfer_date_of_bd.py for tasks to queue
[2026-02-28T10:39:43.039+0000] {logging_mixin.py:151} INFO - [2026-02-28T10:39:43.038+0000] {dagbag.py:539} INFO - Filling up the DagBag from /opt/airflow/dags/transfer_date_of_bd.py
[2026-02-28T10:39:43.343+0000] {processor.py:839} INFO - DAG(s) dict_keys(['sqlite_to_postgres_incremental']) retrieved from /opt/airflow/dags/transfer_date_of_bd.py
[2026-02-28T10:39:43.372+0000] {logging_mixin.py:151} INFO - [2026-02-28T10:39:43.371+0000] {dag.py:2915} INFO - Sync 1 DAGs
[2026-02-28T10:39:43.397+0000] {logging_mixin.py:151} INFO - [2026-02-28T10:39:43.396+0000] {dag.py:3696} INFO - Setting next_dagrun for sqlite_to_postgres_incremental to 2026-02-28T00:00:00+00:00, run_after=2026-03-01T00:00:00+00:00
[2026-02-28T10:39:43.425+0000] {processor.py:179} INFO - Processing /opt/airflow/dags/transfer_date_of_bd.py took 0.394 seconds
[2026-02-28T10:40:13.655+0000] {processor.py:157} INFO - Started process (PID=2910) to work on /opt/airflow/dags/transfer_date_of_bd.py
[2026-02-28T10:40:13.657+0000] {processor.py:829} INFO - Processing file /opt/airflow/dags/transfer_date_of_bd.py for tasks to queue
[2026-02-28T10:40:13.659+0000] {logging_mixin.py:151} INFO - [2026-02-28T10:40:13.658+0000] {dagbag.py:539} INFO - Filling up the DagBag from /opt/airflow/dags/transfer_date_of_bd.py
[2026-02-28T10:40:13.973+0000] {processor.py:839} INFO - DAG(s) dict_keys(['sqlite_to_postgres_incremental']) retrieved from /opt/airflow/dags/transfer_date_of_bd.py
[2026-02-28T10:40:14.006+0000] {logging_mixin.py:151} INFO - [2026-02-28T10:40:14.005+0000] {dag.py:2915} INFO - Sync 1 DAGs
[2026-02-28T10:40:14.029+0000] {logging_mixin.py:151} INFO - [2026-02-28T10:40:14.028+0000] {dag.py:3696} INFO - Setting next_dagrun for sqlite_to_postgres_incremental to 2026-02-28T00:00:00+00:00, run_after=2026-03-01T00:00:00+00:00
[2026-02-28T10:40:14.048+0000] {processor.py:179} INFO - Processing /opt/airflow/dags/transfer_date_of_bd.py took 0.398 seconds
[2026-02-28T10:40:44.281+0000] {processor.py:157} INFO - Started process (PID=2922) to work on /opt/airflow/dags/transfer_date_of_bd.py
[2026-02-28T10:40:44.283+0000] {processor.py:829} INFO - Processing file /opt/airflow/dags/transfer_date_of_bd.py for tasks to queue
[2026-02-28T10:40:44.285+0000] {logging_mixin.py:151} INFO - [2026-02-28T10:40:44.285+0000] {dagbag.py:539} INFO - Filling up the DagBag from /opt/airflow/dags/transfer_date_of_bd.py
[2026-02-28T10:40:44.608+0000] {processor.py:839} INFO - DAG(s) dict_keys(['sqlite_to_postgres_incremental']) retrieved from /opt/airflow/dags/transfer_date_of_bd.py
[2026-02-28T10:40:44.632+0000] {logging_mixin.py:151} INFO - [2026-02-28T10:40:44.632+0000] {dag.py:2915} INFO - Sync 1 DAGs
[2026-02-28T10:40:44.658+0000] {logging_mixin.py:151} INFO - [2026-02-28T10:40:44.658+0000] {dag.py:3696} INFO - Setting next_dagrun for sqlite_to_postgres_incremental to 2026-02-28T00:00:00+00:00, run_after=2026-03-01T00:00:00+00:00
[2026-02-28T10:40:44.688+0000] {processor.py:179} INFO - Processing /opt/airflow/dags/transfer_date_of_bd.py took 0.415 seconds
[2026-02-28T10:41:14.905+0000] {processor.py:157} INFO - Started process (PID=2934) to work on /opt/airflow/dags/transfer_date_of_bd.py
[2026-02-28T10:41:14.907+0000] {processor.py:829} INFO - Processing file /opt/airflow/dags/transfer_date_of_bd.py for tasks to queue
[2026-02-28T10:41:14.908+0000] {logging_mixin.py:151} INFO - [2026-02-28T10:41:14.907+0000] {dagbag.py:539} INFO - Filling up the DagBag from /opt/airflow/dags/transfer_date_of_bd.py
[2026-02-28T10:41:15.229+0000] {processor.py:839} INFO - DAG(s) dict_keys(['sqlite_to_postgres_incremental']) retrieved from /opt/airflow/dags/transfer_date_of_bd.py
[2026-02-28T10:41:15.262+0000] {logging_mixin.py:151} INFO - [2026-02-28T10:41:15.261+0000] {dag.py:2915} INFO - Sync 1 DAGs
[2026-02-28T10:41:15.293+0000] {logging_mixin.py:151} INFO - [2026-02-28T10:41:15.293+0000] {dag.py:3696} INFO - Setting next_dagrun for sqlite_to_postgres_incremental to 2026-02-28T00:00:00+00:00, run_after=2026-03-01T00:00:00+00:00
[2026-02-28T10:41:15.314+0000] {processor.py:179} INFO - Processing /opt/airflow/dags/transfer_date_of_bd.py took 0.413 seconds
[2026-02-28T10:41:45.527+0000] {processor.py:157} INFO - Started process (PID=2946) to work on /opt/airflow/dags/transfer_date_of_bd.py
[2026-02-28T10:41:45.528+0000] {processor.py:829} INFO - Processing file /opt/airflow/dags/transfer_date_of_bd.py for tasks to queue
[2026-02-28T10:41:45.529+0000] {logging_mixin.py:151} INFO - [2026-02-28T10:41:45.529+0000] {dagbag.py:539} INFO - Filling up the DagBag from /opt/airflow/dags/transfer_date_of_bd.py
[2026-02-28T10:41:45.858+0000] {processor.py:839} INFO - DAG(s) dict_keys(['sqlite_to_postgres_incremental']) retrieved from /opt/airflow/dags/transfer_date_of_bd.py
[2026-02-28T10:41:45.893+0000] {logging_mixin.py:151} INFO - [2026-02-28T10:41:45.892+0000] {dag.py:2915} INFO - Sync 1 DAGs
[2026-02-28T10:41:45.920+0000] {logging_mixin.py:151} INFO - [2026-02-28T10:41:45.919+0000] {dag.py:3696} INFO - Setting next_dagrun for sqlite_to_postgres_incremental to 2026-02-28T00:00:00+00:00, run_after=2026-03-01T00:00:00+00:00
[2026-02-28T10:41:45.945+0000] {processor.py:179} INFO - Processing /opt/airflow/dags/transfer_date_of_bd.py took 0.423 seconds
[2026-02-28T10:42:16.168+0000] {processor.py:157} INFO - Started process (PID=2958) to work on /opt/airflow/dags/transfer_date_of_bd.py
[2026-02-28T10:42:16.170+0000] {processor.py:829} INFO - Processing file /opt/airflow/dags/transfer_date_of_bd.py for tasks to queue
[2026-02-28T10:42:16.173+0000] {logging_mixin.py:151} INFO - [2026-02-28T10:42:16.172+0000] {dagbag.py:539} INFO - Filling up the DagBag from /opt/airflow/dags/transfer_date_of_bd.py
[2026-02-28T10:42:16.493+0000] {processor.py:839} INFO - DAG(s) dict_keys(['sqlite_to_postgres_incremental']) retrieved from /opt/airflow/dags/transfer_date_of_bd.py
[2026-02-28T10:42:16.521+0000] {logging_mixin.py:151} INFO - [2026-02-28T10:42:16.520+0000] {dag.py:2915} INFO - Sync 1 DAGs
[2026-02-28T10:42:16.545+0000] {logging_mixin.py:151} INFO - [2026-02-28T10:42:16.545+0000] {dag.py:3696} INFO - Setting next_dagrun for sqlite_to_postgres_incremental to 2026-02-28T00:00:00+00:00, run_after=2026-03-01T00:00:00+00:00
[2026-02-28T10:42:16.579+0000] {processor.py:179} INFO - Processing /opt/airflow/dags/transfer_date_of_bd.py took 0.416 seconds
[2026-02-28T10:42:46.819+0000] {processor.py:157} INFO - Started process (PID=2970) to work on /opt/airflow/dags/transfer_date_of_bd.py
[2026-02-28T10:42:46.821+0000] {processor.py:829} INFO - Processing file /opt/airflow/dags/transfer_date_of_bd.py for tasks to queue
[2026-02-28T10:42:46.822+0000] {logging_mixin.py:151} INFO - [2026-02-28T10:42:46.822+0000] {dagbag.py:539} INFO - Filling up the DagBag from /opt/airflow/dags/transfer_date_of_bd.py
[2026-02-28T10:42:47.132+0000] {processor.py:839} INFO - DAG(s) dict_keys(['sqlite_to_postgres_incremental']) retrieved from /opt/airflow/dags/transfer_date_of_bd.py
[2026-02-28T10:42:47.157+0000] {logging_mixin.py:151} INFO - [2026-02-28T10:42:47.156+0000] {dag.py:2915} INFO - Sync 1 DAGs
[2026-02-28T10:42:47.188+0000] {logging_mixin.py:151} INFO - [2026-02-28T10:42:47.188+0000] {dag.py:3696} INFO - Setting next_dagrun for sqlite_to_postgres_incremental to 2026-02-28T00:00:00+00:00, run_after=2026-03-01T00:00:00+00:00
[2026-02-28T10:42:47.210+0000] {processor.py:179} INFO - Processing /opt/airflow/dags/transfer_date_of_bd.py took 0.395 seconds
[2026-02-28T10:43:17.419+0000] {processor.py:157} INFO - Started process (PID=2982) to work on /opt/airflow/dags/transfer_date_of_bd.py
[2026-02-28T10:43:17.421+0000] {processor.py:829} INFO - Processing file /opt/airflow/dags/transfer_date_of_bd.py for tasks to queue
[2026-02-28T10:43:17.422+0000] {logging_mixin.py:151} INFO - [2026-02-28T10:43:17.422+0000] {dagbag.py:539} INFO - Filling up the DagBag from /opt/airflow/dags/transfer_date_of_bd.py
[2026-02-28T10:43:17.767+0000] {processor.py:839} INFO - DAG(s) dict_keys(['sqlite_to_postgres_incremental']) retrieved from /opt/airflow/dags/transfer_date_of_bd.py
[2026-02-28T10:43:17.797+0000] {logging_mixin.py:151} INFO - [2026-02-28T10:43:17.796+0000] {dag.py:2915} INFO - Sync 1 DAGs
[2026-02-28T10:43:17.823+0000] {logging_mixin.py:151} INFO - [2026-02-28T10:43:17.823+0000] {dag.py:3696} INFO - Setting next_dagrun for sqlite_to_postgres_incremental to 2026-02-28T00:00:00+00:00, run_after=2026-03-01T00:00:00+00:00
[2026-02-28T10:43:17.856+0000] {processor.py:179} INFO - Processing /opt/airflow/dags/transfer_date_of_bd.py took 0.441 seconds
[2026-02-28T10:43:48.054+0000] {processor.py:157} INFO - Started process (PID=2994) to work on /opt/airflow/dags/transfer_date_of_bd.py
[2026-02-28T10:43:48.055+0000] {processor.py:829} INFO - Processing file /opt/airflow/dags/transfer_date_of_bd.py for tasks to queue
[2026-02-28T10:43:48.056+0000] {logging_mixin.py:151} INFO - [2026-02-28T10:43:48.056+0000] {dagbag.py:539} INFO - Filling up the DagBag from /opt/airflow/dags/transfer_date_of_bd.py
[2026-02-28T10:43:48.363+0000] {processor.py:839} INFO - DAG(s) dict_keys(['sqlite_to_postgres_incremental']) retrieved from /opt/airflow/dags/transfer_date_of_bd.py
[2026-02-28T10:43:48.393+0000] {logging_mixin.py:151} INFO - [2026-02-28T10:43:48.392+0000] {dag.py:2915} INFO - Sync 1 DAGs
[2026-02-28T10:43:48.415+0000] {logging_mixin.py:151} INFO - [2026-02-28T10:43:48.415+0000] {dag.py:3696} INFO - Setting next_dagrun for sqlite_to_postgres_incremental to 2026-02-28T00:00:00+00:00, run_after=2026-03-01T00:00:00+00:00
[2026-02-28T10:43:48.437+0000] {processor.py:179} INFO - Processing /opt/airflow/dags/transfer_date_of_bd.py took 0.387 seconds
[2026-02-28T10:44:18.648+0000] {processor.py:157} INFO - Started process (PID=3006) to work on /opt/airflow/dags/transfer_date_of_bd.py
[2026-02-28T10:44:18.650+0000] {processor.py:829} INFO - Processing file /opt/airflow/dags/transfer_date_of_bd.py for tasks to queue
[2026-02-28T10:44:18.651+0000] {logging_mixin.py:151} INFO - [2026-02-28T10:44:18.651+0000] {dagbag.py:539} INFO - Filling up the DagBag from /opt/airflow/dags/transfer_date_of_bd.py
[2026-02-28T10:44:18.983+0000] {processor.py:839} INFO - DAG(s) dict_keys(['sqlite_to_postgres_incremental']) retrieved from /opt/airflow/dags/transfer_date_of_bd.py
[2026-02-28T10:44:19.018+0000] {logging_mixin.py:151} INFO - [2026-02-28T10:44:19.017+0000] {dag.py:2915} INFO - Sync 1 DAGs
[2026-02-28T10:44:19.044+0000] {logging_mixin.py:151} INFO - [2026-02-28T10:44:19.043+0000] {dag.py:3696} INFO - Setting next_dagrun for sqlite_to_postgres_incremental to 2026-02-28T00:00:00+00:00, run_after=2026-03-01T00:00:00+00:00
[2026-02-28T10:44:19.067+0000] {processor.py:179} INFO - Processing /opt/airflow/dags/transfer_date_of_bd.py took 0.422 seconds
[2026-02-28T10:44:49.324+0000] {processor.py:157} INFO - Started process (PID=3018) to work on /opt/airflow/dags/transfer_date_of_bd.py
[2026-02-28T10:44:49.326+0000] {processor.py:829} INFO - Processing file /opt/airflow/dags/transfer_date_of_bd.py for tasks to queue
[2026-02-28T10:44:49.327+0000] {logging_mixin.py:151} INFO - [2026-02-28T10:44:49.326+0000] {dagbag.py:539} INFO - Filling up the DagBag from /opt/airflow/dags/transfer_date_of_bd.py
[2026-02-28T10:44:49.629+0000] {processor.py:839} INFO - DAG(s) dict_keys(['sqlite_to_postgres_incremental']) retrieved from /opt/airflow/dags/transfer_date_of_bd.py
[2026-02-28T10:44:49.654+0000] {logging_mixin.py:151} INFO - [2026-02-28T10:44:49.654+0000] {dag.py:2915} INFO - Sync 1 DAGs
[2026-02-28T10:44:49.678+0000] {logging_mixin.py:151} INFO - [2026-02-28T10:44:49.676+0000] {dag.py:3696} INFO - Setting next_dagrun for sqlite_to_postgres_incremental to 2026-02-28T00:00:00+00:00, run_after=2026-03-01T00:00:00+00:00
[2026-02-28T10:44:49.704+0000] {processor.py:179} INFO - Processing /opt/airflow/dags/transfer_date_of_bd.py took 0.383 seconds
[2026-02-28T10:45:19.925+0000] {processor.py:157} INFO - Started process (PID=3030) to work on /opt/airflow/dags/transfer_date_of_bd.py
[2026-02-28T10:45:19.927+0000] {processor.py:829} INFO - Processing file /opt/airflow/dags/transfer_date_of_bd.py for tasks to queue
[2026-02-28T10:45:19.929+0000] {logging_mixin.py:151} INFO - [2026-02-28T10:45:19.928+0000] {dagbag.py:539} INFO - Filling up the DagBag from /opt/airflow/dags/transfer_date_of_bd.py
[2026-02-28T10:45:20.238+0000] {processor.py:839} INFO - DAG(s) dict_keys(['sqlite_to_postgres_incremental']) retrieved from /opt/airflow/dags/transfer_date_of_bd.py
[2026-02-28T10:45:20.270+0000] {logging_mixin.py:151} INFO - [2026-02-28T10:45:20.270+0000] {dag.py:2915} INFO - Sync 1 DAGs
[2026-02-28T10:45:20.294+0000] {logging_mixin.py:151} INFO - [2026-02-28T10:45:20.294+0000] {dag.py:3696} INFO - Setting next_dagrun for sqlite_to_postgres_incremental to 2026-02-28T00:00:00+00:00, run_after=2026-03-01T00:00:00+00:00
[2026-02-28T10:45:20.316+0000] {processor.py:179} INFO - Processing /opt/airflow/dags/transfer_date_of_bd.py took 0.394 seconds
[2026-02-28T10:45:50.540+0000] {processor.py:157} INFO - Started process (PID=3042) to work on /opt/airflow/dags/transfer_date_of_bd.py
[2026-02-28T10:45:50.541+0000] {processor.py:829} INFO - Processing file /opt/airflow/dags/transfer_date_of_bd.py for tasks to queue
[2026-02-28T10:45:50.542+0000] {logging_mixin.py:151} INFO - [2026-02-28T10:45:50.542+0000] {dagbag.py:539} INFO - Filling up the DagBag from /opt/airflow/dags/transfer_date_of_bd.py
[2026-02-28T10:45:50.854+0000] {processor.py:839} INFO - DAG(s) dict_keys(['sqlite_to_postgres_incremental']) retrieved from /opt/airflow/dags/transfer_date_of_bd.py
[2026-02-28T10:45:50.890+0000] {logging_mixin.py:151} INFO - [2026-02-28T10:45:50.889+0000] {dag.py:2915} INFO - Sync 1 DAGs
[2026-02-28T10:45:50.918+0000] {logging_mixin.py:151} INFO - [2026-02-28T10:45:50.918+0000] {dag.py:3696} INFO - Setting next_dagrun for sqlite_to_postgres_incremental to 2026-02-28T00:00:00+00:00, run_after=2026-03-01T00:00:00+00:00
[2026-02-28T10:45:50.947+0000] {processor.py:179} INFO - Processing /opt/airflow/dags/transfer_date_of_bd.py took 0.411 seconds
[2026-02-28T10:46:21.169+0000] {processor.py:157} INFO - Started process (PID=3054) to work on /opt/airflow/dags/transfer_date_of_bd.py
[2026-02-28T10:46:21.172+0000] {processor.py:829} INFO - Processing file /opt/airflow/dags/transfer_date_of_bd.py for tasks to queue
[2026-02-28T10:46:21.174+0000] {logging_mixin.py:151} INFO - [2026-02-28T10:46:21.173+0000] {dagbag.py:539} INFO - Filling up the DagBag from /opt/airflow/dags/transfer_date_of_bd.py
[2026-02-28T10:46:21.491+0000] {processor.py:839} INFO - DAG(s) dict_keys(['sqlite_to_postgres_incremental']) retrieved from /opt/airflow/dags/transfer_date_of_bd.py
[2026-02-28T10:46:21.517+0000] {logging_mixin.py:151} INFO - [2026-02-28T10:46:21.516+0000] {dag.py:2915} INFO - Sync 1 DAGs
[2026-02-28T10:46:21.539+0000] {logging_mixin.py:151} INFO - [2026-02-28T10:46:21.539+0000] {dag.py:3696} INFO - Setting next_dagrun for sqlite_to_postgres_incremental to 2026-02-28T00:00:00+00:00, run_after=2026-03-01T00:00:00+00:00
[2026-02-28T10:46:21.566+0000] {processor.py:179} INFO - Processing /opt/airflow/dags/transfer_date_of_bd.py took 0.404 seconds
[2026-02-28T10:46:51.780+0000] {processor.py:157} INFO - Started process (PID=3066) to work on /opt/airflow/dags/transfer_date_of_bd.py
[2026-02-28T10:46:51.782+0000] {processor.py:829} INFO - Processing file /opt/airflow/dags/transfer_date_of_bd.py for tasks to queue
[2026-02-28T10:46:51.783+0000] {logging_mixin.py:151} INFO - [2026-02-28T10:46:51.782+0000] {dagbag.py:539} INFO - Filling up the DagBag from /opt/airflow/dags/transfer_date_of_bd.py
[2026-02-28T10:46:52.087+0000] {processor.py:839} INFO - DAG(s) dict_keys(['sqlite_to_postgres_incremental']) retrieved from /opt/airflow/dags/transfer_date_of_bd.py
[2026-02-28T10:46:52.113+0000] {logging_mixin.py:151} INFO - [2026-02-28T10:46:52.113+0000] {dag.py:2915} INFO - Sync 1 DAGs
[2026-02-28T10:46:52.137+0000] {logging_mixin.py:151} INFO - [2026-02-28T10:46:52.137+0000] {dag.py:3696} INFO - Setting next_dagrun for sqlite_to_postgres_incremental to 2026-02-28T00:00:00+00:00, run_after=2026-03-01T00:00:00+00:00
[2026-02-28T10:46:52.164+0000] {processor.py:179} INFO - Processing /opt/airflow/dags/transfer_date_of_bd.py took 0.388 seconds
[2026-02-28T10:47:22.372+0000] {processor.py:157} INFO - Started process (PID=3078) to work on /opt/airflow/dags/transfer_date_of_bd.py
[2026-02-28T10:47:22.373+0000] {processor.py:829} INFO - Processing file /opt/airflow/dags/transfer_date_of_bd.py for tasks to queue
[2026-02-28T10:47:22.374+0000] {logging_mixin.py:151} INFO - [2026-02-28T10:47:22.374+0000] {dagbag.py:539} INFO - Filling up the DagBag from /opt/airflow/dags/transfer_date_of_bd.py
[2026-02-28T10:47:22.687+0000] {processor.py:839} INFO - DAG(s) dict_keys(['sqlite_to_postgres_incremental']) retrieved from /opt/airflow/dags/transfer_date_of_bd.py
[2026-02-28T10:47:22.724+0000] {logging_mixin.py:151} INFO - [2026-02-28T10:47:22.723+0000] {dag.py:2915} INFO - Sync 1 DAGs
[2026-02-28T10:47:22.747+0000] {logging_mixin.py:151} INFO - [2026-02-28T10:47:22.747+0000] {dag.py:3696} INFO - Setting next_dagrun for sqlite_to_postgres_incremental to 2026-02-28T00:00:00+00:00, run_after=2026-03-01T00:00:00+00:00
[2026-02-28T10:47:22.768+0000] {processor.py:179} INFO - Processing /opt/airflow/dags/transfer_date_of_bd.py took 0.400 seconds
[2026-02-28T10:47:52.989+0000] {processor.py:157} INFO - Started process (PID=3090) to work on /opt/airflow/dags/transfer_date_of_bd.py
[2026-02-28T10:47:52.990+0000] {processor.py:829} INFO - Processing file /opt/airflow/dags/transfer_date_of_bd.py for tasks to queue
[2026-02-28T10:47:52.991+0000] {logging_mixin.py:151} INFO - [2026-02-28T10:47:52.991+0000] {dagbag.py:539} INFO - Filling up the DagBag from /opt/airflow/dags/transfer_date_of_bd.py
[2026-02-28T10:47:53.294+0000] {processor.py:839} INFO - DAG(s) dict_keys(['sqlite_to_postgres_incremental']) retrieved from /opt/airflow/dags/transfer_date_of_bd.py
[2026-02-28T10:47:53.326+0000] {logging_mixin.py:151} INFO - [2026-02-28T10:47:53.326+0000] {dag.py:2915} INFO - Sync 1 DAGs
[2026-02-28T10:47:53.350+0000] {logging_mixin.py:151} INFO - [2026-02-28T10:47:53.350+0000] {dag.py:3696} INFO - Setting next_dagrun for sqlite_to_postgres_incremental to 2026-02-28T00:00:00+00:00, run_after=2026-03-01T00:00:00+00:00
[2026-02-28T10:47:53.371+0000] {processor.py:179} INFO - Processing /opt/airflow/dags/transfer_date_of_bd.py took 0.388 seconds
[2026-02-28T10:48:23.575+0000] {processor.py:157} INFO - Started process (PID=3102) to work on /opt/airflow/dags/transfer_date_of_bd.py
[2026-02-28T10:48:23.576+0000] {processor.py:829} INFO - Processing file /opt/airflow/dags/transfer_date_of_bd.py for tasks to queue
[2026-02-28T10:48:23.578+0000] {logging_mixin.py:151} INFO - [2026-02-28T10:48:23.577+0000] {dagbag.py:539} INFO - Filling up the DagBag from /opt/airflow/dags/transfer_date_of_bd.py
[2026-02-28T10:48:23.889+0000] {processor.py:839} INFO - DAG(s) dict_keys(['sqlite_to_postgres_incremental']) retrieved from /opt/airflow/dags/transfer_date_of_bd.py
[2026-02-28T10:48:23.930+0000] {logging_mixin.py:151} INFO - [2026-02-28T10:48:23.929+0000] {dag.py:2915} INFO - Sync 1 DAGs
[2026-02-28T10:48:23.986+0000] {logging_mixin.py:151} INFO - [2026-02-28T10:48:23.986+0000] {dag.py:3696} INFO - Setting next_dagrun for sqlite_to_postgres_incremental to 2026-02-28T00:00:00+00:00, run_after=2026-03-01T00:00:00+00:00
[2026-02-28T10:48:24.023+0000] {processor.py:179} INFO - Processing /opt/airflow/dags/transfer_date_of_bd.py took 0.451 seconds
[2026-02-28T10:48:54.241+0000] {processor.py:157} INFO - Started process (PID=3114) to work on /opt/airflow/dags/transfer_date_of_bd.py
[2026-02-28T10:48:54.242+0000] {processor.py:829} INFO - Processing file /opt/airflow/dags/transfer_date_of_bd.py for tasks to queue
[2026-02-28T10:48:54.244+0000] {logging_mixin.py:151} INFO - [2026-02-28T10:48:54.243+0000] {dagbag.py:539} INFO - Filling up the DagBag from /opt/airflow/dags/transfer_date_of_bd.py
[2026-02-28T10:48:54.559+0000] {processor.py:839} INFO - DAG(s) dict_keys(['sqlite_to_postgres_incremental']) retrieved from /opt/airflow/dags/transfer_date_of_bd.py
[2026-02-28T10:48:54.592+0000] {logging_mixin.py:151} INFO - [2026-02-28T10:48:54.590+0000] {dag.py:2915} INFO - Sync 1 DAGs
[2026-02-28T10:48:54.616+0000] {logging_mixin.py:151} INFO - [2026-02-28T10:48:54.616+0000] {dag.py:3696} INFO - Setting next_dagrun for sqlite_to_postgres_incremental to 2026-02-28T00:00:00+00:00, run_after=2026-03-01T00:00:00+00:00
[2026-02-28T10:48:54.641+0000] {processor.py:179} INFO - Processing /opt/airflow/dags/transfer_date_of_bd.py took 0.404 seconds
[2026-02-28T10:49:24.861+0000] {processor.py:157} INFO - Started process (PID=3126) to work on /opt/airflow/dags/transfer_date_of_bd.py
[2026-02-28T10:49:24.862+0000] {processor.py:829} INFO - Processing file /opt/airflow/dags/transfer_date_of_bd.py for tasks to queue
[2026-02-28T10:49:24.864+0000] {logging_mixin.py:151} INFO - [2026-02-28T10:49:24.863+0000] {dagbag.py:539} INFO - Filling up the DagBag from /opt/airflow/dags/transfer_date_of_bd.py
[2026-02-28T10:49:25.176+0000] {processor.py:839} INFO - DAG(s) dict_keys(['sqlite_to_postgres_incremental']) retrieved from /opt/airflow/dags/transfer_date_of_bd.py
[2026-02-28T10:49:25.203+0000] {logging_mixin.py:151} INFO - [2026-02-28T10:49:25.202+0000] {dag.py:2915} INFO - Sync 1 DAGs
[2026-02-28T10:49:25.232+0000] {logging_mixin.py:151} INFO - [2026-02-28T10:49:25.232+0000] {dag.py:3696} INFO - Setting next_dagrun for sqlite_to_postgres_incremental to 2026-02-28T00:00:00+00:00, run_after=2026-03-01T00:00:00+00:00
[2026-02-28T10:49:25.254+0000] {processor.py:179} INFO - Processing /opt/airflow/dags/transfer_date_of_bd.py took 0.398 seconds
[2026-02-28T10:49:55.495+0000] {processor.py:157} INFO - Started process (PID=3138) to work on /opt/airflow/dags/transfer_date_of_bd.py
[2026-02-28T10:49:55.496+0000] {processor.py:829} INFO - Processing file /opt/airflow/dags/transfer_date_of_bd.py for tasks to queue
[2026-02-28T10:49:55.497+0000] {logging_mixin.py:151} INFO - [2026-02-28T10:49:55.497+0000] {dagbag.py:539} INFO - Filling up the DagBag from /opt/airflow/dags/transfer_date_of_bd.py
[2026-02-28T10:49:55.806+0000] {processor.py:839} INFO - DAG(s) dict_keys(['sqlite_to_postgres_incremental']) retrieved from /opt/airflow/dags/transfer_date_of_bd.py
[2026-02-28T10:49:55.832+0000] {logging_mixin.py:151} INFO - [2026-02-28T10:49:55.831+0000] {dag.py:2915} INFO - Sync 1 DAGs
[2026-02-28T10:49:55.864+0000] {logging_mixin.py:151} INFO - [2026-02-28T10:49:55.863+0000] {dag.py:3696} INFO - Setting next_dagrun for sqlite_to_postgres_incremental to 2026-02-28T00:00:00+00:00, run_after=2026-03-01T00:00:00+00:00
[2026-02-28T10:49:55.886+0000] {processor.py:179} INFO - Processing /opt/airflow/dags/transfer_date_of_bd.py took 0.394 seconds
[2026-02-28T10:50:26.102+0000] {processor.py:157} INFO - Started process (PID=3150) to work on /opt/airflow/dags/transfer_date_of_bd.py
[2026-02-28T10:50:26.103+0000] {processor.py:829} INFO - Processing file /opt/airflow/dags/transfer_date_of_bd.py for tasks to queue
[2026-02-28T10:50:26.104+0000] {logging_mixin.py:151} INFO - [2026-02-28T10:50:26.104+0000] {dagbag.py:539} INFO - Filling up the DagBag from /opt/airflow/dags/transfer_date_of_bd.py
[2026-02-28T10:50:26.434+0000] {processor.py:839} INFO - DAG(s) dict_keys(['sqlite_to_postgres_incremental']) retrieved from /opt/airflow/dags/transfer_date_of_bd.py
[2026-02-28T10:50:26.465+0000] {logging_mixin.py:151} INFO - [2026-02-28T10:50:26.464+0000] {dag.py:2915} INFO - Sync 1 DAGs
[2026-02-28T10:50:26.492+0000] {logging_mixin.py:151} INFO - [2026-02-28T10:50:26.491+0000] {dag.py:3696} INFO - Setting next_dagrun for sqlite_to_postgres_incremental to 2026-02-28T00:00:00+00:00, run_after=2026-03-01T00:00:00+00:00
[2026-02-28T10:50:26.512+0000] {processor.py:179} INFO - Processing /opt/airflow/dags/transfer_date_of_bd.py took 0.415 seconds
[2026-02-28T10:50:56.726+0000] {processor.py:157} INFO - Started process (PID=3162) to work on /opt/airflow/dags/transfer_date_of_bd.py
[2026-02-28T10:50:56.727+0000] {processor.py:829} INFO - Processing file /opt/airflow/dags/transfer_date_of_bd.py for tasks to queue
[2026-02-28T10:50:56.728+0000] {logging_mixin.py:151} INFO - [2026-02-28T10:50:56.728+0000] {dagbag.py:539} INFO - Filling up the DagBag from /opt/airflow/dags/transfer_date_of_bd.py
[2026-02-28T10:50:57.045+0000] {processor.py:839} INFO - DAG(s) dict_keys(['sqlite_to_postgres_incremental']) retrieved from /opt/airflow/dags/transfer_date_of_bd.py
[2026-02-28T10:50:57.070+0000] {logging_mixin.py:151} INFO - [2026-02-28T10:50:57.070+0000] {dag.py:2915} INFO - Sync 1 DAGs
[2026-02-28T10:50:57.099+0000] {logging_mixin.py:151} INFO - [2026-02-28T10:50:57.099+0000] {dag.py:3696} INFO - Setting next_dagrun for sqlite_to_postgres_incremental to 2026-02-28T00:00:00+00:00, run_after=2026-03-01T00:00:00+00:00
[2026-02-28T10:50:57.120+0000] {processor.py:179} INFO - Processing /opt/airflow/dags/transfer_date_of_bd.py took 0.398 seconds
[2026-02-28T10:51:27.330+0000] {processor.py:157} INFO - Started process (PID=3174) to work on /opt/airflow/dags/transfer_date_of_bd.py
[2026-02-28T10:51:27.331+0000] {processor.py:829} INFO - Processing file /opt/airflow/dags/transfer_date_of_bd.py for tasks to queue
[2026-02-28T10:51:27.332+0000] {logging_mixin.py:151} INFO - [2026-02-28T10:51:27.332+0000] {dagbag.py:539} INFO - Filling up the DagBag from /opt/airflow/dags/transfer_date_of_bd.py
[2026-02-28T10:51:27.645+0000] {processor.py:839} INFO - DAG(s) dict_keys(['sqlite_to_postgres_incremental']) retrieved from /opt/airflow/dags/transfer_date_of_bd.py
[2026-02-28T10:51:27.681+0000] {logging_mixin.py:151} INFO - [2026-02-28T10:51:27.679+0000] {dag.py:2915} INFO - Sync 1 DAGs
[2026-02-28T10:51:27.706+0000] {logging_mixin.py:151} INFO - [2026-02-28T10:51:27.706+0000] {dag.py:3696} INFO - Setting next_dagrun for sqlite_to_postgres_incremental to 2026-02-28T00:00:00+00:00, run_after=2026-03-01T00:00:00+00:00
[2026-02-28T10:51:27.728+0000] {processor.py:179} INFO - Processing /opt/airflow/dags/transfer_date_of_bd.py took 0.401 seconds
[2026-02-28T10:51:57.933+0000] {processor.py:157} INFO - Started process (PID=3186) to work on /opt/airflow/dags/transfer_date_of_bd.py
[2026-02-28T10:51:57.936+0000] {processor.py:829} INFO - Processing file /opt/airflow/dags/transfer_date_of_bd.py for tasks to queue
[2026-02-28T10:51:57.937+0000] {logging_mixin.py:151} INFO - [2026-02-28T10:51:57.937+0000] {dagbag.py:539} INFO - Filling up the DagBag from /opt/airflow/dags/transfer_date_of_bd.py
[2026-02-28T10:51:58.284+0000] {processor.py:839} INFO - DAG(s) dict_keys(['sqlite_to_postgres_incremental']) retrieved from /opt/airflow/dags/transfer_date_of_bd.py
[2026-02-28T10:51:58.315+0000] {logging_mixin.py:151} INFO - [2026-02-28T10:51:58.315+0000] {dag.py:2915} INFO - Sync 1 DAGs
[2026-02-28T10:51:58.340+0000] {logging_mixin.py:151} INFO - [2026-02-28T10:51:58.339+0000] {dag.py:3696} INFO - Setting next_dagrun for sqlite_to_postgres_incremental to 2026-02-28T00:00:00+00:00, run_after=2026-03-01T00:00:00+00:00
[2026-02-28T10:51:58.367+0000] {processor.py:179} INFO - Processing /opt/airflow/dags/transfer_date_of_bd.py took 0.437 seconds
[2026-02-28T10:52:28.578+0000] {processor.py:157} INFO - Started process (PID=3198) to work on /opt/airflow/dags/transfer_date_of_bd.py
[2026-02-28T10:52:28.579+0000] {processor.py:829} INFO - Processing file /opt/airflow/dags/transfer_date_of_bd.py for tasks to queue
[2026-02-28T10:52:28.581+0000] {logging_mixin.py:151} INFO - [2026-02-28T10:52:28.580+0000] {dagbag.py:539} INFO - Filling up the DagBag from /opt/airflow/dags/transfer_date_of_bd.py
[2026-02-28T10:52:28.891+0000] {processor.py:839} INFO - DAG(s) dict_keys(['sqlite_to_postgres_incremental']) retrieved from /opt/airflow/dags/transfer_date_of_bd.py
[2026-02-28T10:52:28.923+0000] {logging_mixin.py:151} INFO - [2026-02-28T10:52:28.922+0000] {dag.py:2915} INFO - Sync 1 DAGs
[2026-02-28T10:52:28.944+0000] {logging_mixin.py:151} INFO - [2026-02-28T10:52:28.944+0000] {dag.py:3696} INFO - Setting next_dagrun for sqlite_to_postgres_incremental to 2026-02-28T00:00:00+00:00, run_after=2026-03-01T00:00:00+00:00
[2026-02-28T10:52:28.966+0000] {processor.py:179} INFO - Processing /opt/airflow/dags/transfer_date_of_bd.py took 0.391 seconds
[2026-02-28T10:52:59.215+0000] {processor.py:157} INFO - Started process (PID=3210) to work on /opt/airflow/dags/transfer_date_of_bd.py
[2026-02-28T10:52:59.216+0000] {processor.py:829} INFO - Processing file /opt/airflow/dags/transfer_date_of_bd.py for tasks to queue
[2026-02-28T10:52:59.218+0000] {logging_mixin.py:151} INFO - [2026-02-28T10:52:59.218+0000] {dagbag.py:539} INFO - Filling up the DagBag from /opt/airflow/dags/transfer_date_of_bd.py
[2026-02-28T10:52:59.533+0000] {processor.py:839} INFO - DAG(s) dict_keys(['sqlite_to_postgres_incremental']) retrieved from /opt/airflow/dags/transfer_date_of_bd.py
[2026-02-28T10:52:59.565+0000] {logging_mixin.py:151} INFO - [2026-02-28T10:52:59.564+0000] {dag.py:2915} INFO - Sync 1 DAGs
[2026-02-28T10:52:59.588+0000] {logging_mixin.py:151} INFO - [2026-02-28T10:52:59.588+0000] {dag.py:3696} INFO - Setting next_dagrun for sqlite_to_postgres_incremental to 2026-02-28T00:00:00+00:00, run_after=2026-03-01T00:00:00+00:00
[2026-02-28T10:52:59.610+0000] {processor.py:179} INFO - Processing /opt/airflow/dags/transfer_date_of_bd.py took 0.400 seconds
[2026-02-28T10:53:29.838+0000] {processor.py:157} INFO - Started process (PID=3222) to work on /opt/airflow/dags/transfer_date_of_bd.py
[2026-02-28T10:53:29.840+0000] {processor.py:829} INFO - Processing file /opt/airflow/dags/transfer_date_of_bd.py for tasks to queue
[2026-02-28T10:53:29.841+0000] {logging_mixin.py:151} INFO - [2026-02-28T10:53:29.841+0000] {dagbag.py:539} INFO - Filling up the DagBag from /opt/airflow/dags/transfer_date_of_bd.py
[2026-02-28T10:53:30.149+0000] {processor.py:839} INFO - DAG(s) dict_keys(['sqlite_to_postgres_incremental']) retrieved from /opt/airflow/dags/transfer_date_of_bd.py
[2026-02-28T10:53:30.176+0000] {logging_mixin.py:151} INFO - [2026-02-28T10:53:30.176+0000] {dag.py:2915} INFO - Sync 1 DAGs
[2026-02-28T10:53:30.199+0000] {logging_mixin.py:151} INFO - [2026-02-28T10:53:30.199+0000] {dag.py:3696} INFO - Setting next_dagrun for sqlite_to_postgres_incremental to 2026-02-28T00:00:00+00:00, run_after=2026-03-01T00:00:00+00:00
[2026-02-28T10:53:30.225+0000] {processor.py:179} INFO - Processing /opt/airflow/dags/transfer_date_of_bd.py took 0.393 seconds
[2026-02-28T10:54:00.449+0000] {processor.py:157} INFO - Started process (PID=3234) to work on /opt/airflow/dags/transfer_date_of_bd.py
[2026-02-28T10:54:00.450+0000] {processor.py:829} INFO - Processing file /opt/airflow/dags/transfer_date_of_bd.py for tasks to queue
[2026-02-28T10:54:00.451+0000] {logging_mixin.py:151} INFO - [2026-02-28T10:54:00.451+0000] {dagbag.py:539} INFO - Filling up the DagBag from /opt/airflow/dags/transfer_date_of_bd.py
[2026-02-28T10:54:00.761+0000] {processor.py:839} INFO - DAG(s) dict_keys(['sqlite_to_postgres_incremental']) retrieved from /opt/airflow/dags/transfer_date_of_bd.py
[2026-02-28T10:54:00.788+0000] {logging_mixin.py:151} INFO - [2026-02-28T10:54:00.786+0000] {dag.py:2915} INFO - Sync 1 DAGs
[2026-02-28T10:54:00.817+0000] {logging_mixin.py:151} INFO - [2026-02-28T10:54:00.817+0000] {dag.py:3696} INFO - Setting next_dagrun for sqlite_to_postgres_incremental to 2026-02-28T00:00:00+00:00, run_after=2026-03-01T00:00:00+00:00
[2026-02-28T10:54:00.837+0000] {processor.py:179} INFO - Processing /opt/airflow/dags/transfer_date_of_bd.py took 0.394 seconds
[2026-02-28T10:54:31.052+0000] {processor.py:157} INFO - Started process (PID=3246) to work on /opt/airflow/dags/transfer_date_of_bd.py
[2026-02-28T10:54:31.053+0000] {processor.py:829} INFO - Processing file /opt/airflow/dags/transfer_date_of_bd.py for tasks to queue
[2026-02-28T10:54:31.054+0000] {logging_mixin.py:151} INFO - [2026-02-28T10:54:31.054+0000] {dagbag.py:539} INFO - Filling up the DagBag from /opt/airflow/dags/transfer_date_of_bd.py
[2026-02-28T10:54:31.351+0000] {processor.py:839} INFO - DAG(s) dict_keys(['sqlite_to_postgres_incremental']) retrieved from /opt/airflow/dags/transfer_date_of_bd.py
[2026-02-28T10:54:31.381+0000] {logging_mixin.py:151} INFO - [2026-02-28T10:54:31.381+0000] {dag.py:2915} INFO - Sync 1 DAGs
[2026-02-28T10:54:31.410+0000] {logging_mixin.py:151} INFO - [2026-02-28T10:54:31.410+0000] {dag.py:3696} INFO - Setting next_dagrun for sqlite_to_postgres_incremental to 2026-02-28T00:00:00+00:00, run_after=2026-03-01T00:00:00+00:00
[2026-02-28T10:54:31.430+0000] {processor.py:179} INFO - Processing /opt/airflow/dags/transfer_date_of_bd.py took 0.382 seconds
[2026-02-28T10:55:01.668+0000] {processor.py:157} INFO - Started process (PID=3258) to work on /opt/airflow/dags/transfer_date_of_bd.py
[2026-02-28T10:55:01.670+0000] {processor.py:829} INFO - Processing file /opt/airflow/dags/transfer_date_of_bd.py for tasks to queue
[2026-02-28T10:55:01.672+0000] {logging_mixin.py:151} INFO - [2026-02-28T10:55:01.671+0000] {dagbag.py:539} INFO - Filling up the DagBag from /opt/airflow/dags/transfer_date_of_bd.py
[2026-02-28T10:55:01.977+0000] {processor.py:839} INFO - DAG(s) dict_keys(['sqlite_to_postgres_incremental']) retrieved from /opt/airflow/dags/transfer_date_of_bd.py
[2026-02-28T10:55:02.003+0000] {logging_mixin.py:151} INFO - [2026-02-28T10:55:02.003+0000] {dag.py:2915} INFO - Sync 1 DAGs
[2026-02-28T10:55:02.028+0000] {logging_mixin.py:151} INFO - [2026-02-28T10:55:02.028+0000] {dag.py:3696} INFO - Setting next_dagrun for sqlite_to_postgres_incremental to 2026-02-28T00:00:00+00:00, run_after=2026-03-01T00:00:00+00:00
[2026-02-28T10:55:02.054+0000] {processor.py:179} INFO - Processing /opt/airflow/dags/transfer_date_of_bd.py took 0.390 seconds
[2026-02-28T10:55:32.266+0000] {processor.py:157} INFO - Started process (PID=3270) to work on /opt/airflow/dags/transfer_date_of_bd.py
[2026-02-28T10:55:32.267+0000] {processor.py:829} INFO - Processing file /opt/airflow/dags/transfer_date_of_bd.py for tasks to queue
[2026-02-28T10:55:32.269+0000] {logging_mixin.py:151} INFO - [2026-02-28T10:55:32.268+0000] {dagbag.py:539} INFO - Filling up the DagBag from /opt/airflow/dags/transfer_date_of_bd.py
[2026-02-28T10:55:32.583+0000] {processor.py:839} INFO - DAG(s) dict_keys(['sqlite_to_postgres_incremental']) retrieved from /opt/airflow/dags/transfer_date_of_bd.py
[2026-02-28T10:55:32.610+0000] {logging_mixin.py:151} INFO - [2026-02-28T10:55:32.610+0000] {dag.py:2915} INFO - Sync 1 DAGs
[2026-02-28T10:55:32.642+0000] {logging_mixin.py:151} INFO - [2026-02-28T10:55:32.641+0000] {dag.py:3696} INFO - Setting next_dagrun for sqlite_to_postgres_incremental to 2026-02-28T00:00:00+00:00, run_after=2026-03-01T00:00:00+00:00
[2026-02-28T10:55:32.668+0000] {processor.py:179} INFO - Processing /opt/airflow/dags/transfer_date_of_bd.py took 0.406 seconds
[2026-02-28T10:56:02.877+0000] {processor.py:157} INFO - Started process (PID=3282) to work on /opt/airflow/dags/transfer_date_of_bd.py
[2026-02-28T10:56:02.878+0000] {processor.py:829} INFO - Processing file /opt/airflow/dags/transfer_date_of_bd.py for tasks to queue
[2026-02-28T10:56:02.879+0000] {logging_mixin.py:151} INFO - [2026-02-28T10:56:02.879+0000] {dagbag.py:539} INFO - Filling up the DagBag from /opt/airflow/dags/transfer_date_of_bd.py
[2026-02-28T10:56:03.186+0000] {processor.py:839} INFO - DAG(s) dict_keys(['sqlite_to_postgres_incremental']) retrieved from /opt/airflow/dags/transfer_date_of_bd.py
[2026-02-28T10:56:03.221+0000] {logging_mixin.py:151} INFO - [2026-02-28T10:56:03.221+0000] {dag.py:2915} INFO - Sync 1 DAGs
[2026-02-28T10:56:03.247+0000] {logging_mixin.py:151} INFO - [2026-02-28T10:56:03.247+0000] {dag.py:3696} INFO - Setting next_dagrun for sqlite_to_postgres_incremental to 2026-02-28T00:00:00+00:00, run_after=2026-03-01T00:00:00+00:00
[2026-02-28T10:56:03.270+0000] {processor.py:179} INFO - Processing /opt/airflow/dags/transfer_date_of_bd.py took 0.396 seconds
[2026-02-28T10:56:33.477+0000] {processor.py:157} INFO - Started process (PID=3294) to work on /opt/airflow/dags/transfer_date_of_bd.py
[2026-02-28T10:56:33.478+0000] {processor.py:829} INFO - Processing file /opt/airflow/dags/transfer_date_of_bd.py for tasks to queue
[2026-02-28T10:56:33.479+0000] {logging_mixin.py:151} INFO - [2026-02-28T10:56:33.479+0000] {dagbag.py:539} INFO - Filling up the DagBag from /opt/airflow/dags/transfer_date_of_bd.py
[2026-02-28T10:56:33.831+0000] {processor.py:839} INFO - DAG(s) dict_keys(['sqlite_to_postgres_incremental']) retrieved from /opt/airflow/dags/transfer_date_of_bd.py
[2026-02-28T10:56:33.864+0000] {logging_mixin.py:151} INFO - [2026-02-28T10:56:33.862+0000] {dag.py:2915} INFO - Sync 1 DAGs
[2026-02-28T10:56:33.886+0000] {logging_mixin.py:151} INFO - [2026-02-28T10:56:33.886+0000] {dag.py:3696} INFO - Setting next_dagrun for sqlite_to_postgres_incremental to 2026-02-28T00:00:00+00:00, run_after=2026-03-01T00:00:00+00:00
[2026-02-28T10:56:33.916+0000] {processor.py:179} INFO - Processing /opt/airflow/dags/transfer_date_of_bd.py took 0.441 seconds
[2026-02-28T10:57:04.127+0000] {processor.py:157} INFO - Started process (PID=3306) to work on /opt/airflow/dags/transfer_date_of_bd.py
[2026-02-28T10:57:04.129+0000] {processor.py:829} INFO - Processing file /opt/airflow/dags/transfer_date_of_bd.py for tasks to queue
[2026-02-28T10:57:04.130+0000] {logging_mixin.py:151} INFO - [2026-02-28T10:57:04.130+0000] {dagbag.py:539} INFO - Filling up the DagBag from /opt/airflow/dags/transfer_date_of_bd.py
[2026-02-28T10:57:04.534+0000] {processor.py:839} INFO - DAG(s) dict_keys(['sqlite_to_postgres_incremental']) retrieved from /opt/airflow/dags/transfer_date_of_bd.py
[2026-02-28T10:57:04.558+0000] {logging_mixin.py:151} INFO - [2026-02-28T10:57:04.558+0000] {dag.py:2915} INFO - Sync 1 DAGs
[2026-02-28T10:57:04.586+0000] {logging_mixin.py:151} INFO - [2026-02-28T10:57:04.586+0000] {dag.py:3696} INFO - Setting next_dagrun for sqlite_to_postgres_incremental to 2026-02-28T00:00:00+00:00, run_after=2026-03-01T00:00:00+00:00
[2026-02-28T10:57:04.608+0000] {processor.py:179} INFO - Processing /opt/airflow/dags/transfer_date_of_bd.py took 0.485 seconds
[2026-02-28T10:57:34.810+0000] {processor.py:157} INFO - Started process (PID=3318) to work on /opt/airflow/dags/transfer_date_of_bd.py
[2026-02-28T10:57:34.811+0000] {processor.py:829} INFO - Processing file /opt/airflow/dags/transfer_date_of_bd.py for tasks to queue
[2026-02-28T10:57:34.812+0000] {logging_mixin.py:151} INFO - [2026-02-28T10:57:34.812+0000] {dagbag.py:539} INFO - Filling up the DagBag from /opt/airflow/dags/transfer_date_of_bd.py
[2026-02-28T10:57:35.128+0000] {processor.py:839} INFO - DAG(s) dict_keys(['sqlite_to_postgres_incremental']) retrieved from /opt/airflow/dags/transfer_date_of_bd.py
[2026-02-28T10:57:35.162+0000] {logging_mixin.py:151} INFO - [2026-02-28T10:57:35.161+0000] {dag.py:2915} INFO - Sync 1 DAGs
[2026-02-28T10:57:35.187+0000] {logging_mixin.py:151} INFO - [2026-02-28T10:57:35.187+0000] {dag.py:3696} INFO - Setting next_dagrun for sqlite_to_postgres_incremental to 2026-02-28T00:00:00+00:00, run_after=2026-03-01T00:00:00+00:00
[2026-02-28T10:57:35.211+0000] {processor.py:179} INFO - Processing /opt/airflow/dags/transfer_date_of_bd.py took 0.404 seconds
[2026-02-28T10:58:05.430+0000] {processor.py:157} INFO - Started process (PID=3330) to work on /opt/airflow/dags/transfer_date_of_bd.py
[2026-02-28T10:58:05.432+0000] {processor.py:829} INFO - Processing file /opt/airflow/dags/transfer_date_of_bd.py for tasks to queue
[2026-02-28T10:58:05.433+0000] {logging_mixin.py:151} INFO - [2026-02-28T10:58:05.432+0000] {dagbag.py:539} INFO - Filling up the DagBag from /opt/airflow/dags/transfer_date_of_bd.py
[2026-02-28T10:58:05.738+0000] {processor.py:839} INFO - DAG(s) dict_keys(['sqlite_to_postgres_incremental']) retrieved from /opt/airflow/dags/transfer_date_of_bd.py
[2026-02-28T10:58:05.771+0000] {logging_mixin.py:151} INFO - [2026-02-28T10:58:05.770+0000] {dag.py:2915} INFO - Sync 1 DAGs
[2026-02-28T10:58:05.794+0000] {logging_mixin.py:151} INFO - [2026-02-28T10:58:05.793+0000] {dag.py:3696} INFO - Setting next_dagrun for sqlite_to_postgres_incremental to 2026-02-28T00:00:00+00:00, run_after=2026-03-01T00:00:00+00:00
[2026-02-28T10:58:05.817+0000] {processor.py:179} INFO - Processing /opt/airflow/dags/transfer_date_of_bd.py took 0.392 seconds
[2026-02-28T10:58:36.030+0000] {processor.py:157} INFO - Started process (PID=3342) to work on /opt/airflow/dags/transfer_date_of_bd.py
[2026-02-28T10:58:36.032+0000] {processor.py:829} INFO - Processing file /opt/airflow/dags/transfer_date_of_bd.py for tasks to queue
[2026-02-28T10:58:36.032+0000] {logging_mixin.py:151} INFO - [2026-02-28T10:58:36.032+0000] {dagbag.py:539} INFO - Filling up the DagBag from /opt/airflow/dags/transfer_date_of_bd.py
[2026-02-28T10:58:36.353+0000] {processor.py:839} INFO - DAG(s) dict_keys(['sqlite_to_postgres_incremental']) retrieved from /opt/airflow/dags/transfer_date_of_bd.py
[2026-02-28T10:58:36.381+0000] {logging_mixin.py:151} INFO - [2026-02-28T10:58:36.378+0000] {dag.py:2915} INFO - Sync 1 DAGs
[2026-02-28T10:58:36.409+0000] {logging_mixin.py:151} INFO - [2026-02-28T10:58:36.409+0000] {dag.py:3696} INFO - Setting next_dagrun for sqlite_to_postgres_incremental to 2026-02-28T00:00:00+00:00, run_after=2026-03-01T00:00:00+00:00
[2026-02-28T10:58:36.434+0000] {processor.py:179} INFO - Processing /opt/airflow/dags/transfer_date_of_bd.py took 0.408 seconds
[2026-02-28T10:59:06.647+0000] {processor.py:157} INFO - Started process (PID=3354) to work on /opt/airflow/dags/transfer_date_of_bd.py
[2026-02-28T10:59:06.651+0000] {processor.py:829} INFO - Processing file /opt/airflow/dags/transfer_date_of_bd.py for tasks to queue
[2026-02-28T10:59:06.652+0000] {logging_mixin.py:151} INFO - [2026-02-28T10:59:06.652+0000] {dagbag.py:539} INFO - Filling up the DagBag from /opt/airflow/dags/transfer_date_of_bd.py
[2026-02-28T10:59:06.959+0000] {processor.py:839} INFO - DAG(s) dict_keys(['sqlite_to_postgres_incremental']) retrieved from /opt/airflow/dags/transfer_date_of_bd.py
[2026-02-28T10:59:06.986+0000] {logging_mixin.py:151} INFO - [2026-02-28T10:59:06.984+0000] {dag.py:2915} INFO - Sync 1 DAGs
[2026-02-28T10:59:07.010+0000] {logging_mixin.py:151} INFO - [2026-02-28T10:59:07.010+0000] {dag.py:3696} INFO - Setting next_dagrun for sqlite_to_postgres_incremental to 2026-02-28T00:00:00+00:00, run_after=2026-03-01T00:00:00+00:00
[2026-02-28T10:59:07.040+0000] {processor.py:179} INFO - Processing /opt/airflow/dags/transfer_date_of_bd.py took 0.400 seconds
[2026-02-28T10:59:37.281+0000] {processor.py:157} INFO - Started process (PID=3366) to work on /opt/airflow/dags/transfer_date_of_bd.py
[2026-02-28T10:59:37.282+0000] {processor.py:829} INFO - Processing file /opt/airflow/dags/transfer_date_of_bd.py for tasks to queue
[2026-02-28T10:59:37.283+0000] {logging_mixin.py:151} INFO - [2026-02-28T10:59:37.283+0000] {dagbag.py:539} INFO - Filling up the DagBag from /opt/airflow/dags/transfer_date_of_bd.py
[2026-02-28T10:59:37.611+0000] {processor.py:839} INFO - DAG(s) dict_keys(['sqlite_to_postgres_incremental']) retrieved from /opt/airflow/dags/transfer_date_of_bd.py
[2026-02-28T10:59:37.642+0000] {logging_mixin.py:151} INFO - [2026-02-28T10:59:37.641+0000] {dag.py:2915} INFO - Sync 1 DAGs
[2026-02-28T10:59:37.670+0000] {logging_mixin.py:151} INFO - [2026-02-28T10:59:37.670+0000] {dag.py:3696} INFO - Setting next_dagrun for sqlite_to_postgres_incremental to 2026-02-28T00:00:00+00:00, run_after=2026-03-01T00:00:00+00:00
[2026-02-28T10:59:37.698+0000] {processor.py:179} INFO - Processing /opt/airflow/dags/transfer_date_of_bd.py took 0.421 seconds
[2026-02-28T11:00:07.923+0000] {processor.py:157} INFO - Started process (PID=3378) to work on /opt/airflow/dags/transfer_date_of_bd.py
[2026-02-28T11:00:07.925+0000] {processor.py:829} INFO - Processing file /opt/airflow/dags/transfer_date_of_bd.py for tasks to queue
[2026-02-28T11:00:07.926+0000] {logging_mixin.py:151} INFO - [2026-02-28T11:00:07.926+0000] {dagbag.py:539} INFO - Filling up the DagBag from /opt/airflow/dags/transfer_date_of_bd.py
[2026-02-28T11:00:08.248+0000] {processor.py:839} INFO - DAG(s) dict_keys(['sqlite_to_postgres_incremental']) retrieved from /opt/airflow/dags/transfer_date_of_bd.py
[2026-02-28T11:00:08.282+0000] {logging_mixin.py:151} INFO - [2026-02-28T11:00:08.281+0000] {dag.py:2915} INFO - Sync 1 DAGs
[2026-02-28T11:00:08.305+0000] {logging_mixin.py:151} INFO - [2026-02-28T11:00:08.305+0000] {dag.py:3696} INFO - Setting next_dagrun for sqlite_to_postgres_incremental to 2026-02-28T00:00:00+00:00, run_after=2026-03-01T00:00:00+00:00
[2026-02-28T11:00:08.327+0000] {processor.py:179} INFO - Processing /opt/airflow/dags/transfer_date_of_bd.py took 0.408 seconds
[2026-02-28T11:00:38.537+0000] {processor.py:157} INFO - Started process (PID=3390) to work on /opt/airflow/dags/transfer_date_of_bd.py
[2026-02-28T11:00:38.538+0000] {processor.py:829} INFO - Processing file /opt/airflow/dags/transfer_date_of_bd.py for tasks to queue
[2026-02-28T11:00:38.540+0000] {logging_mixin.py:151} INFO - [2026-02-28T11:00:38.539+0000] {dagbag.py:539} INFO - Filling up the DagBag from /opt/airflow/dags/transfer_date_of_bd.py
[2026-02-28T11:00:38.906+0000] {processor.py:839} INFO - DAG(s) dict_keys(['sqlite_to_postgres_incremental']) retrieved from /opt/airflow/dags/transfer_date_of_bd.py
[2026-02-28T11:00:38.934+0000] {logging_mixin.py:151} INFO - [2026-02-28T11:00:38.934+0000] {dag.py:2915} INFO - Sync 1 DAGs
[2026-02-28T11:00:38.966+0000] {logging_mixin.py:151} INFO - [2026-02-28T11:00:38.966+0000] {dag.py:3696} INFO - Setting next_dagrun for sqlite_to_postgres_incremental to 2026-02-28T00:00:00+00:00, run_after=2026-03-01T00:00:00+00:00
[2026-02-28T11:00:38.995+0000] {processor.py:179} INFO - Processing /opt/airflow/dags/transfer_date_of_bd.py took 0.461 seconds
[2026-02-28T11:01:09.206+0000] {processor.py:157} INFO - Started process (PID=3402) to work on /opt/airflow/dags/transfer_date_of_bd.py
[2026-02-28T11:01:09.208+0000] {processor.py:829} INFO - Processing file /opt/airflow/dags/transfer_date_of_bd.py for tasks to queue
[2026-02-28T11:01:09.209+0000] {logging_mixin.py:151} INFO - [2026-02-28T11:01:09.208+0000] {dagbag.py:539} INFO - Filling up the DagBag from /opt/airflow/dags/transfer_date_of_bd.py
[2026-02-28T11:01:09.517+0000] {processor.py:839} INFO - DAG(s) dict_keys(['sqlite_to_postgres_incremental']) retrieved from /opt/airflow/dags/transfer_date_of_bd.py
[2026-02-28T11:01:09.544+0000] {logging_mixin.py:151} INFO - [2026-02-28T11:01:09.544+0000] {dag.py:2915} INFO - Sync 1 DAGs
[2026-02-28T11:01:09.574+0000] {logging_mixin.py:151} INFO - [2026-02-28T11:01:09.574+0000] {dag.py:3696} INFO - Setting next_dagrun for sqlite_to_postgres_incremental to 2026-02-28T00:00:00+00:00, run_after=2026-03-01T00:00:00+00:00
[2026-02-28T11:01:09.595+0000] {processor.py:179} INFO - Processing /opt/airflow/dags/transfer_date_of_bd.py took 0.393 seconds
[2026-02-28T11:01:39.814+0000] {processor.py:157} INFO - Started process (PID=3414) to work on /opt/airflow/dags/transfer_date_of_bd.py
[2026-02-28T11:01:39.815+0000] {processor.py:829} INFO - Processing file /opt/airflow/dags/transfer_date_of_bd.py for tasks to queue
[2026-02-28T11:01:39.816+0000] {logging_mixin.py:151} INFO - [2026-02-28T11:01:39.816+0000] {dagbag.py:539} INFO - Filling up the DagBag from /opt/airflow/dags/transfer_date_of_bd.py
[2026-02-28T11:01:40.199+0000] {processor.py:839} INFO - DAG(s) dict_keys(['sqlite_to_postgres_incremental']) retrieved from /opt/airflow/dags/transfer_date_of_bd.py
[2026-02-28T11:01:40.241+0000] {logging_mixin.py:151} INFO - [2026-02-28T11:01:40.239+0000] {dag.py:2915} INFO - Sync 1 DAGs
[2026-02-28T11:01:40.271+0000] {logging_mixin.py:151} INFO - [2026-02-28T11:01:40.271+0000] {dag.py:3696} INFO - Setting next_dagrun for sqlite_to_postgres_incremental to 2026-02-28T00:00:00+00:00, run_after=2026-03-01T00:00:00+00:00
[2026-02-28T11:01:40.298+0000] {processor.py:179} INFO - Processing /opt/airflow/dags/transfer_date_of_bd.py took 0.488 seconds
[2026-02-28T11:02:10.528+0000] {processor.py:157} INFO - Started process (PID=3426) to work on /opt/airflow/dags/transfer_date_of_bd.py
[2026-02-28T11:02:10.529+0000] {processor.py:829} INFO - Processing file /opt/airflow/dags/transfer_date_of_bd.py for tasks to queue
[2026-02-28T11:02:10.530+0000] {logging_mixin.py:151} INFO - [2026-02-28T11:02:10.529+0000] {dagbag.py:539} INFO - Filling up the DagBag from /opt/airflow/dags/transfer_date_of_bd.py
[2026-02-28T11:02:10.844+0000] {processor.py:839} INFO - DAG(s) dict_keys(['sqlite_to_postgres_incremental']) retrieved from /opt/airflow/dags/transfer_date_of_bd.py
[2026-02-28T11:02:10.878+0000] {logging_mixin.py:151} INFO - [2026-02-28T11:02:10.878+0000] {dag.py:2915} INFO - Sync 1 DAGs
[2026-02-28T11:02:10.900+0000] {logging_mixin.py:151} INFO - [2026-02-28T11:02:10.900+0000] {dag.py:3696} INFO - Setting next_dagrun for sqlite_to_postgres_incremental to 2026-02-28T00:00:00+00:00, run_after=2026-03-01T00:00:00+00:00
[2026-02-28T11:02:10.921+0000] {processor.py:179} INFO - Processing /opt/airflow/dags/transfer_date_of_bd.py took 0.397 seconds
[2026-02-28T11:02:41.131+0000] {processor.py:157} INFO - Started process (PID=3438) to work on /opt/airflow/dags/transfer_date_of_bd.py
[2026-02-28T11:02:41.132+0000] {processor.py:829} INFO - Processing file /opt/airflow/dags/transfer_date_of_bd.py for tasks to queue
[2026-02-28T11:02:41.133+0000] {logging_mixin.py:151} INFO - [2026-02-28T11:02:41.132+0000] {dagbag.py:539} INFO - Filling up the DagBag from /opt/airflow/dags/transfer_date_of_bd.py
[2026-02-28T11:02:41.440+0000] {processor.py:839} INFO - DAG(s) dict_keys(['sqlite_to_postgres_incremental']) retrieved from /opt/airflow/dags/transfer_date_of_bd.py
[2026-02-28T11:02:41.477+0000] {logging_mixin.py:151} INFO - [2026-02-28T11:02:41.476+0000] {dag.py:2915} INFO - Sync 1 DAGs
[2026-02-28T11:02:41.504+0000] {logging_mixin.py:151} INFO - [2026-02-28T11:02:41.504+0000] {dag.py:3696} INFO - Setting next_dagrun for sqlite_to_postgres_incremental to 2026-02-28T00:00:00+00:00, run_after=2026-03-01T00:00:00+00:00
[2026-02-28T11:02:41.534+0000] {processor.py:179} INFO - Processing /opt/airflow/dags/transfer_date_of_bd.py took 0.407 seconds
[2026-02-28T11:03:11.736+0000] {processor.py:157} INFO - Started process (PID=3450) to work on /opt/airflow/dags/transfer_date_of_bd.py
[2026-02-28T11:03:11.737+0000] {processor.py:829} INFO - Processing file /opt/airflow/dags/transfer_date_of_bd.py for tasks to queue
[2026-02-28T11:03:11.738+0000] {logging_mixin.py:151} INFO - [2026-02-28T11:03:11.738+0000] {dagbag.py:539} INFO - Filling up the DagBag from /opt/airflow/dags/transfer_date_of_bd.py
[2026-02-28T11:03:12.079+0000] {processor.py:839} INFO - DAG(s) dict_keys(['sqlite_to_postgres_incremental']) retrieved from /opt/airflow/dags/transfer_date_of_bd.py
[2026-02-28T11:03:12.108+0000] {logging_mixin.py:151} INFO - [2026-02-28T11:03:12.107+0000] {dag.py:2915} INFO - Sync 1 DAGs
[2026-02-28T11:03:12.132+0000] {logging_mixin.py:151} INFO - [2026-02-28T11:03:12.132+0000] {dag.py:3696} INFO - Setting next_dagrun for sqlite_to_postgres_incremental to 2026-02-28T00:00:00+00:00, run_after=2026-03-01T00:00:00+00:00
[2026-02-28T11:03:12.164+0000] {processor.py:179} INFO - Processing /opt/airflow/dags/transfer_date_of_bd.py took 0.431 seconds
[2026-02-28T11:03:42.359+0000] {processor.py:157} INFO - Started process (PID=3462) to work on /opt/airflow/dags/transfer_date_of_bd.py
[2026-02-28T11:03:42.360+0000] {processor.py:829} INFO - Processing file /opt/airflow/dags/transfer_date_of_bd.py for tasks to queue
[2026-02-28T11:03:42.361+0000] {logging_mixin.py:151} INFO - [2026-02-28T11:03:42.361+0000] {dagbag.py:539} INFO - Filling up the DagBag from /opt/airflow/dags/transfer_date_of_bd.py
[2026-02-28T11:03:42.667+0000] {processor.py:839} INFO - DAG(s) dict_keys(['sqlite_to_postgres_incremental']) retrieved from /opt/airflow/dags/transfer_date_of_bd.py
[2026-02-28T11:03:42.696+0000] {logging_mixin.py:151} INFO - [2026-02-28T11:03:42.695+0000] {dag.py:2915} INFO - Sync 1 DAGs
[2026-02-28T11:03:42.728+0000] {logging_mixin.py:151} INFO - [2026-02-28T11:03:42.728+0000] {dag.py:3696} INFO - Setting next_dagrun for sqlite_to_postgres_incremental to 2026-02-28T00:00:00+00:00, run_after=2026-03-01T00:00:00+00:00
[2026-02-28T11:03:42.749+0000] {processor.py:179} INFO - Processing /opt/airflow/dags/transfer_date_of_bd.py took 0.395 seconds
[2026-02-28T11:04:12.974+0000] {processor.py:157} INFO - Started process (PID=3474) to work on /opt/airflow/dags/transfer_date_of_bd.py
[2026-02-28T11:04:12.975+0000] {processor.py:829} INFO - Processing file /opt/airflow/dags/transfer_date_of_bd.py for tasks to queue
[2026-02-28T11:04:12.977+0000] {logging_mixin.py:151} INFO - [2026-02-28T11:04:12.976+0000] {dagbag.py:539} INFO - Filling up the DagBag from /opt/airflow/dags/transfer_date_of_bd.py
[2026-02-28T11:04:13.287+0000] {processor.py:839} INFO - DAG(s) dict_keys(['sqlite_to_postgres_incremental']) retrieved from /opt/airflow/dags/transfer_date_of_bd.py
[2026-02-28T11:04:13.323+0000] {logging_mixin.py:151} INFO - [2026-02-28T11:04:13.322+0000] {dag.py:2915} INFO - Sync 1 DAGs
[2026-02-28T11:04:13.347+0000] {logging_mixin.py:151} INFO - [2026-02-28T11:04:13.347+0000] {dag.py:3696} INFO - Setting next_dagrun for sqlite_to_postgres_incremental to 2026-02-28T00:00:00+00:00, run_after=2026-03-01T00:00:00+00:00
[2026-02-28T11:04:13.368+0000] {processor.py:179} INFO - Processing /opt/airflow/dags/transfer_date_of_bd.py took 0.397 seconds
[2026-02-28T11:04:43.632+0000] {processor.py:157} INFO - Started process (PID=3486) to work on /opt/airflow/dags/transfer_date_of_bd.py
[2026-02-28T11:04:43.633+0000] {processor.py:829} INFO - Processing file /opt/airflow/dags/transfer_date_of_bd.py for tasks to queue
[2026-02-28T11:04:43.634+0000] {logging_mixin.py:151} INFO - [2026-02-28T11:04:43.634+0000] {dagbag.py:539} INFO - Filling up the DagBag from /opt/airflow/dags/transfer_date_of_bd.py
[2026-02-28T11:04:43.945+0000] {processor.py:839} INFO - DAG(s) dict_keys(['sqlite_to_postgres_incremental']) retrieved from /opt/airflow/dags/transfer_date_of_bd.py
[2026-02-28T11:04:43.972+0000] {logging_mixin.py:151} INFO - [2026-02-28T11:04:43.972+0000] {dag.py:2915} INFO - Sync 1 DAGs
[2026-02-28T11:04:43.996+0000] {logging_mixin.py:151} INFO - [2026-02-28T11:04:43.996+0000] {dag.py:3696} INFO - Setting next_dagrun for sqlite_to_postgres_incremental to 2026-02-28T00:00:00+00:00, run_after=2026-03-01T00:00:00+00:00
[2026-02-28T11:04:44.028+0000] {processor.py:179} INFO - Processing /opt/airflow/dags/transfer_date_of_bd.py took 0.403 seconds
[2026-02-28T11:05:14.240+0000] {processor.py:157} INFO - Started process (PID=3498) to work on /opt/airflow/dags/transfer_date_of_bd.py
[2026-02-28T11:05:14.241+0000] {processor.py:829} INFO - Processing file /opt/airflow/dags/transfer_date_of_bd.py for tasks to queue
[2026-02-28T11:05:14.243+0000] {logging_mixin.py:151} INFO - [2026-02-28T11:05:14.242+0000] {dagbag.py:539} INFO - Filling up the DagBag from /opt/airflow/dags/transfer_date_of_bd.py
[2026-02-28T11:05:14.550+0000] {processor.py:839} INFO - DAG(s) dict_keys(['sqlite_to_postgres_incremental']) retrieved from /opt/airflow/dags/transfer_date_of_bd.py
[2026-02-28T11:05:14.586+0000] {logging_mixin.py:151} INFO - [2026-02-28T11:05:14.585+0000] {dag.py:2915} INFO - Sync 1 DAGs
[2026-02-28T11:05:14.622+0000] {logging_mixin.py:151} INFO - [2026-02-28T11:05:14.621+0000] {dag.py:3696} INFO - Setting next_dagrun for sqlite_to_postgres_incremental to 2026-02-28T00:00:00+00:00, run_after=2026-03-01T00:00:00+00:00
[2026-02-28T11:05:14.668+0000] {processor.py:179} INFO - Processing /opt/airflow/dags/transfer_date_of_bd.py took 0.431 seconds
[2026-02-28T11:05:44.867+0000] {processor.py:157} INFO - Started process (PID=3510) to work on /opt/airflow/dags/transfer_date_of_bd.py
[2026-02-28T11:05:44.868+0000] {processor.py:829} INFO - Processing file /opt/airflow/dags/transfer_date_of_bd.py for tasks to queue
[2026-02-28T11:05:44.869+0000] {logging_mixin.py:151} INFO - [2026-02-28T11:05:44.869+0000] {dagbag.py:539} INFO - Filling up the DagBag from /opt/airflow/dags/transfer_date_of_bd.py
[2026-02-28T11:05:45.186+0000] {processor.py:839} INFO - DAG(s) dict_keys(['sqlite_to_postgres_incremental']) retrieved from /opt/airflow/dags/transfer_date_of_bd.py
[2026-02-28T11:05:45.212+0000] {logging_mixin.py:151} INFO - [2026-02-28T11:05:45.212+0000] {dag.py:2915} INFO - Sync 1 DAGs
[2026-02-28T11:05:45.236+0000] {logging_mixin.py:151} INFO - [2026-02-28T11:05:45.235+0000] {dag.py:3696} INFO - Setting next_dagrun for sqlite_to_postgres_incremental to 2026-02-28T00:00:00+00:00, run_after=2026-03-01T00:00:00+00:00
[2026-02-28T11:05:45.267+0000] {processor.py:179} INFO - Processing /opt/airflow/dags/transfer_date_of_bd.py took 0.403 seconds
[2026-02-28T11:06:15.479+0000] {processor.py:157} INFO - Started process (PID=3522) to work on /opt/airflow/dags/transfer_date_of_bd.py
[2026-02-28T11:06:15.480+0000] {processor.py:829} INFO - Processing file /opt/airflow/dags/transfer_date_of_bd.py for tasks to queue
[2026-02-28T11:06:15.481+0000] {logging_mixin.py:151} INFO - [2026-02-28T11:06:15.480+0000] {dagbag.py:539} INFO - Filling up the DagBag from /opt/airflow/dags/transfer_date_of_bd.py
[2026-02-28T11:06:15.821+0000] {processor.py:839} INFO - DAG(s) dict_keys(['sqlite_to_postgres_incremental']) retrieved from /opt/airflow/dags/transfer_date_of_bd.py
[2026-02-28T11:06:15.856+0000] {logging_mixin.py:151} INFO - [2026-02-28T11:06:15.855+0000] {dag.py:2915} INFO - Sync 1 DAGs
[2026-02-28T11:06:15.882+0000] {logging_mixin.py:151} INFO - [2026-02-28T11:06:15.882+0000] {dag.py:3696} INFO - Setting next_dagrun for sqlite_to_postgres_incremental to 2026-02-28T00:00:00+00:00, run_after=2026-03-01T00:00:00+00:00
[2026-02-28T11:06:15.918+0000] {processor.py:179} INFO - Processing /opt/airflow/dags/transfer_date_of_bd.py took 0.443 seconds
[2026-02-28T11:06:46.138+0000] {processor.py:157} INFO - Started process (PID=3534) to work on /opt/airflow/dags/transfer_date_of_bd.py
[2026-02-28T11:06:46.139+0000] {processor.py:829} INFO - Processing file /opt/airflow/dags/transfer_date_of_bd.py for tasks to queue
[2026-02-28T11:06:46.142+0000] {logging_mixin.py:151} INFO - [2026-02-28T11:06:46.142+0000] {dagbag.py:539} INFO - Filling up the DagBag from /opt/airflow/dags/transfer_date_of_bd.py
[2026-02-28T11:06:46.447+0000] {processor.py:839} INFO - DAG(s) dict_keys(['sqlite_to_postgres_incremental']) retrieved from /opt/airflow/dags/transfer_date_of_bd.py
[2026-02-28T11:06:46.476+0000] {logging_mixin.py:151} INFO - [2026-02-28T11:06:46.474+0000] {dag.py:2915} INFO - Sync 1 DAGs
[2026-02-28T11:06:46.500+0000] {logging_mixin.py:151} INFO - [2026-02-28T11:06:46.500+0000] {dag.py:3696} INFO - Setting next_dagrun for sqlite_to_postgres_incremental to 2026-02-28T00:00:00+00:00, run_after=2026-03-01T00:00:00+00:00
[2026-02-28T11:06:46.519+0000] {processor.py:179} INFO - Processing /opt/airflow/dags/transfer_date_of_bd.py took 0.384 seconds
[2026-02-28T11:07:16.737+0000] {processor.py:157} INFO - Started process (PID=3546) to work on /opt/airflow/dags/transfer_date_of_bd.py
[2026-02-28T11:07:16.739+0000] {processor.py:829} INFO - Processing file /opt/airflow/dags/transfer_date_of_bd.py for tasks to queue
[2026-02-28T11:07:16.740+0000] {logging_mixin.py:151} INFO - [2026-02-28T11:07:16.739+0000] {dagbag.py:539} INFO - Filling up the DagBag from /opt/airflow/dags/transfer_date_of_bd.py
[2026-02-28T11:07:17.126+0000] {processor.py:839} INFO - DAG(s) dict_keys(['sqlite_to_postgres_incremental']) retrieved from /opt/airflow/dags/transfer_date_of_bd.py
[2026-02-28T11:07:17.161+0000] {logging_mixin.py:151} INFO - [2026-02-28T11:07:17.160+0000] {dag.py:2915} INFO - Sync 1 DAGs
[2026-02-28T11:07:17.190+0000] {logging_mixin.py:151} INFO - [2026-02-28T11:07:17.189+0000] {dag.py:3696} INFO - Setting next_dagrun for sqlite_to_postgres_incremental to 2026-02-28T00:00:00+00:00, run_after=2026-03-01T00:00:00+00:00
[2026-02-28T11:07:17.215+0000] {processor.py:179} INFO - Processing /opt/airflow/dags/transfer_date_of_bd.py took 0.482 seconds
[2026-02-28T11:07:47.408+0000] {processor.py:157} INFO - Started process (PID=3558) to work on /opt/airflow/dags/transfer_date_of_bd.py
[2026-02-28T11:07:47.409+0000] {processor.py:829} INFO - Processing file /opt/airflow/dags/transfer_date_of_bd.py for tasks to queue
[2026-02-28T11:07:47.410+0000] {logging_mixin.py:151} INFO - [2026-02-28T11:07:47.410+0000] {dagbag.py:539} INFO - Filling up the DagBag from /opt/airflow/dags/transfer_date_of_bd.py
[2026-02-28T11:07:47.718+0000] {processor.py:839} INFO - DAG(s) dict_keys(['sqlite_to_postgres_incremental']) retrieved from /opt/airflow/dags/transfer_date_of_bd.py
[2026-02-28T11:07:47.745+0000] {logging_mixin.py:151} INFO - [2026-02-28T11:07:47.745+0000] {dag.py:2915} INFO - Sync 1 DAGs
[2026-02-28T11:07:47.773+0000] {logging_mixin.py:151} INFO - [2026-02-28T11:07:47.773+0000] {dag.py:3696} INFO - Setting next_dagrun for sqlite_to_postgres_incremental to 2026-02-28T00:00:00+00:00, run_after=2026-03-01T00:00:00+00:00
[2026-02-28T11:07:47.796+0000] {processor.py:179} INFO - Processing /opt/airflow/dags/transfer_date_of_bd.py took 0.392 seconds
[2026-02-28T11:08:17.999+0000] {processor.py:157} INFO - Started process (PID=3570) to work on /opt/airflow/dags/transfer_date_of_bd.py
[2026-02-28T11:08:18.001+0000] {processor.py:829} INFO - Processing file /opt/airflow/dags/transfer_date_of_bd.py for tasks to queue
[2026-02-28T11:08:18.002+0000] {logging_mixin.py:151} INFO - [2026-02-28T11:08:18.001+0000] {dagbag.py:539} INFO - Filling up the DagBag from /opt/airflow/dags/transfer_date_of_bd.py
[2026-02-28T11:08:18.329+0000] {processor.py:839} INFO - DAG(s) dict_keys(['sqlite_to_postgres_incremental']) retrieved from /opt/airflow/dags/transfer_date_of_bd.py
[2026-02-28T11:08:18.366+0000] {logging_mixin.py:151} INFO - [2026-02-28T11:08:18.365+0000] {dag.py:2915} INFO - Sync 1 DAGs
[2026-02-28T11:08:18.390+0000] {logging_mixin.py:151} INFO - [2026-02-28T11:08:18.390+0000] {dag.py:3696} INFO - Setting next_dagrun for sqlite_to_postgres_incremental to 2026-02-28T00:00:00+00:00, run_after=2026-03-01T00:00:00+00:00
[2026-02-28T11:08:18.415+0000] {processor.py:179} INFO - Processing /opt/airflow/dags/transfer_date_of_bd.py took 0.420 seconds
[2026-02-28T11:08:48.630+0000] {processor.py:157} INFO - Started process (PID=3582) to work on /opt/airflow/dags/transfer_date_of_bd.py
[2026-02-28T11:08:48.631+0000] {processor.py:829} INFO - Processing file /opt/airflow/dags/transfer_date_of_bd.py for tasks to queue
[2026-02-28T11:08:48.632+0000] {logging_mixin.py:151} INFO - [2026-02-28T11:08:48.632+0000] {dagbag.py:539} INFO - Filling up the DagBag from /opt/airflow/dags/transfer_date_of_bd.py
[2026-02-28T11:08:48.935+0000] {processor.py:839} INFO - DAG(s) dict_keys(['sqlite_to_postgres_incremental']) retrieved from /opt/airflow/dags/transfer_date_of_bd.py
[2026-02-28T11:08:48.962+0000] {logging_mixin.py:151} INFO - [2026-02-28T11:08:48.961+0000] {dag.py:2915} INFO - Sync 1 DAGs
[2026-02-28T11:08:48.985+0000] {logging_mixin.py:151} INFO - [2026-02-28T11:08:48.985+0000] {dag.py:3696} INFO - Setting next_dagrun for sqlite_to_postgres_incremental to 2026-02-28T00:00:00+00:00, run_after=2026-03-01T00:00:00+00:00
[2026-02-28T11:08:49.013+0000] {processor.py:179} INFO - Processing /opt/airflow/dags/transfer_date_of_bd.py took 0.387 seconds
[2026-02-28T11:09:19.232+0000] {processor.py:157} INFO - Started process (PID=3594) to work on /opt/airflow/dags/transfer_date_of_bd.py
[2026-02-28T11:09:19.233+0000] {processor.py:829} INFO - Processing file /opt/airflow/dags/transfer_date_of_bd.py for tasks to queue
[2026-02-28T11:09:19.234+0000] {logging_mixin.py:151} INFO - [2026-02-28T11:09:19.234+0000] {dagbag.py:539} INFO - Filling up the DagBag from /opt/airflow/dags/transfer_date_of_bd.py
[2026-02-28T11:09:19.546+0000] {processor.py:839} INFO - DAG(s) dict_keys(['sqlite_to_postgres_incremental']) retrieved from /opt/airflow/dags/transfer_date_of_bd.py
[2026-02-28T11:09:19.573+0000] {logging_mixin.py:151} INFO - [2026-02-28T11:09:19.573+0000] {dag.py:2915} INFO - Sync 1 DAGs
[2026-02-28T11:09:19.603+0000] {logging_mixin.py:151} INFO - [2026-02-28T11:09:19.603+0000] {dag.py:3696} INFO - Setting next_dagrun for sqlite_to_postgres_incremental to 2026-02-28T00:00:00+00:00, run_after=2026-03-01T00:00:00+00:00
[2026-02-28T11:09:19.624+0000] {processor.py:179} INFO - Processing /opt/airflow/dags/transfer_date_of_bd.py took 0.395 seconds
[2026-02-28T11:09:49.871+0000] {processor.py:157} INFO - Started process (PID=3606) to work on /opt/airflow/dags/transfer_date_of_bd.py
[2026-02-28T11:09:49.872+0000] {processor.py:829} INFO - Processing file /opt/airflow/dags/transfer_date_of_bd.py for tasks to queue
[2026-02-28T11:09:49.874+0000] {logging_mixin.py:151} INFO - [2026-02-28T11:09:49.874+0000] {dagbag.py:539} INFO - Filling up the DagBag from /opt/airflow/dags/transfer_date_of_bd.py
[2026-02-28T11:09:50.193+0000] {processor.py:839} INFO - DAG(s) dict_keys(['sqlite_to_postgres_incremental']) retrieved from /opt/airflow/dags/transfer_date_of_bd.py
[2026-02-28T11:09:50.224+0000] {logging_mixin.py:151} INFO - [2026-02-28T11:09:50.223+0000] {dag.py:2915} INFO - Sync 1 DAGs
[2026-02-28T11:09:50.252+0000] {logging_mixin.py:151} INFO - [2026-02-28T11:09:50.252+0000] {dag.py:3696} INFO - Setting next_dagrun for sqlite_to_postgres_incremental to 2026-02-28T00:00:00+00:00, run_after=2026-03-01T00:00:00+00:00
[2026-02-28T11:09:50.273+0000] {processor.py:179} INFO - Processing /opt/airflow/dags/transfer_date_of_bd.py took 0.407 seconds
[2026-02-28T11:10:20.496+0000] {processor.py:157} INFO - Started process (PID=3618) to work on /opt/airflow/dags/transfer_date_of_bd.py
[2026-02-28T11:10:20.497+0000] {processor.py:829} INFO - Processing file /opt/airflow/dags/transfer_date_of_bd.py for tasks to queue
[2026-02-28T11:10:20.498+0000] {logging_mixin.py:151} INFO - [2026-02-28T11:10:20.498+0000] {dagbag.py:539} INFO - Filling up the DagBag from /opt/airflow/dags/transfer_date_of_bd.py
[2026-02-28T11:10:20.796+0000] {processor.py:839} INFO - DAG(s) dict_keys(['sqlite_to_postgres_incremental']) retrieved from /opt/airflow/dags/transfer_date_of_bd.py
[2026-02-28T11:10:20.825+0000] {logging_mixin.py:151} INFO - [2026-02-28T11:10:20.825+0000] {dag.py:2915} INFO - Sync 1 DAGs
[2026-02-28T11:10:20.848+0000] {logging_mixin.py:151} INFO - [2026-02-28T11:10:20.848+0000] {dag.py:3696} INFO - Setting next_dagrun for sqlite_to_postgres_incremental to 2026-02-28T00:00:00+00:00, run_after=2026-03-01T00:00:00+00:00
[2026-02-28T11:10:20.873+0000] {processor.py:179} INFO - Processing /opt/airflow/dags/transfer_date_of_bd.py took 0.380 seconds
[2026-02-28T11:10:51.089+0000] {processor.py:157} INFO - Started process (PID=3630) to work on /opt/airflow/dags/transfer_date_of_bd.py
[2026-02-28T11:10:51.091+0000] {processor.py:829} INFO - Processing file /opt/airflow/dags/transfer_date_of_bd.py for tasks to queue
[2026-02-28T11:10:51.092+0000] {logging_mixin.py:151} INFO - [2026-02-28T11:10:51.091+0000] {dagbag.py:539} INFO - Filling up the DagBag from /opt/airflow/dags/transfer_date_of_bd.py
[2026-02-28T11:10:51.395+0000] {processor.py:839} INFO - DAG(s) dict_keys(['sqlite_to_postgres_incremental']) retrieved from /opt/airflow/dags/transfer_date_of_bd.py
[2026-02-28T11:10:51.421+0000] {logging_mixin.py:151} INFO - [2026-02-28T11:10:51.421+0000] {dag.py:2915} INFO - Sync 1 DAGs
[2026-02-28T11:10:51.447+0000] {logging_mixin.py:151} INFO - [2026-02-28T11:10:51.447+0000] {dag.py:3696} INFO - Setting next_dagrun for sqlite_to_postgres_incremental to 2026-02-28T00:00:00+00:00, run_after=2026-03-01T00:00:00+00:00
[2026-02-28T11:10:51.489+0000] {processor.py:179} INFO - Processing /opt/airflow/dags/transfer_date_of_bd.py took 0.402 seconds
[2026-02-28T11:11:21.701+0000] {processor.py:157} INFO - Started process (PID=3642) to work on /opt/airflow/dags/transfer_date_of_bd.py
[2026-02-28T11:11:21.702+0000] {processor.py:829} INFO - Processing file /opt/airflow/dags/transfer_date_of_bd.py for tasks to queue
[2026-02-28T11:11:21.704+0000] {logging_mixin.py:151} INFO - [2026-02-28T11:11:21.703+0000] {dagbag.py:539} INFO - Filling up the DagBag from /opt/airflow/dags/transfer_date_of_bd.py
[2026-02-28T11:11:22.006+0000] {processor.py:839} INFO - DAG(s) dict_keys(['sqlite_to_postgres_incremental']) retrieved from /opt/airflow/dags/transfer_date_of_bd.py
[2026-02-28T11:11:22.038+0000] {logging_mixin.py:151} INFO - [2026-02-28T11:11:22.037+0000] {dag.py:2915} INFO - Sync 1 DAGs
[2026-02-28T11:11:22.061+0000] {logging_mixin.py:151} INFO - [2026-02-28T11:11:22.061+0000] {dag.py:3696} INFO - Setting next_dagrun for sqlite_to_postgres_incremental to 2026-02-28T00:00:00+00:00, run_after=2026-03-01T00:00:00+00:00
[2026-02-28T11:11:22.082+0000] {processor.py:179} INFO - Processing /opt/airflow/dags/transfer_date_of_bd.py took 0.384 seconds
[2026-02-28T11:11:52.305+0000] {processor.py:157} INFO - Started process (PID=3654) to work on /opt/airflow/dags/transfer_date_of_bd.py
[2026-02-28T11:11:52.308+0000] {processor.py:829} INFO - Processing file /opt/airflow/dags/transfer_date_of_bd.py for tasks to queue
[2026-02-28T11:11:52.311+0000] {logging_mixin.py:151} INFO - [2026-02-28T11:11:52.310+0000] {dagbag.py:539} INFO - Filling up the DagBag from /opt/airflow/dags/transfer_date_of_bd.py
[2026-02-28T11:11:52.608+0000] {processor.py:839} INFO - DAG(s) dict_keys(['sqlite_to_postgres_incremental']) retrieved from /opt/airflow/dags/transfer_date_of_bd.py
[2026-02-28T11:11:52.642+0000] {logging_mixin.py:151} INFO - [2026-02-28T11:11:52.642+0000] {dag.py:2915} INFO - Sync 1 DAGs
[2026-02-28T11:11:52.667+0000] {logging_mixin.py:151} INFO - [2026-02-28T11:11:52.667+0000] {dag.py:3696} INFO - Setting next_dagrun for sqlite_to_postgres_incremental to 2026-02-28T00:00:00+00:00, run_after=2026-03-01T00:00:00+00:00
[2026-02-28T11:11:52.687+0000] {processor.py:179} INFO - Processing /opt/airflow/dags/transfer_date_of_bd.py took 0.386 seconds
[2026-02-28T11:12:22.898+0000] {processor.py:157} INFO - Started process (PID=3666) to work on /opt/airflow/dags/transfer_date_of_bd.py
[2026-02-28T11:12:22.899+0000] {processor.py:829} INFO - Processing file /opt/airflow/dags/transfer_date_of_bd.py for tasks to queue
[2026-02-28T11:12:22.900+0000] {logging_mixin.py:151} INFO - [2026-02-28T11:12:22.900+0000] {dagbag.py:539} INFO - Filling up the DagBag from /opt/airflow/dags/transfer_date_of_bd.py
[2026-02-28T11:12:23.201+0000] {processor.py:839} INFO - DAG(s) dict_keys(['sqlite_to_postgres_incremental']) retrieved from /opt/airflow/dags/transfer_date_of_bd.py
[2026-02-28T11:12:23.234+0000] {logging_mixin.py:151} INFO - [2026-02-28T11:12:23.234+0000] {dag.py:2915} INFO - Sync 1 DAGs
[2026-02-28T11:12:23.260+0000] {logging_mixin.py:151} INFO - [2026-02-28T11:12:23.259+0000] {dag.py:3696} INFO - Setting next_dagrun for sqlite_to_postgres_incremental to 2026-02-28T00:00:00+00:00, run_after=2026-03-01T00:00:00+00:00
[2026-02-28T11:12:23.287+0000] {processor.py:179} INFO - Processing /opt/airflow/dags/transfer_date_of_bd.py took 0.395 seconds
[2026-02-28T11:12:53.512+0000] {processor.py:157} INFO - Started process (PID=3678) to work on /opt/airflow/dags/transfer_date_of_bd.py
[2026-02-28T11:12:53.513+0000] {processor.py:829} INFO - Processing file /opt/airflow/dags/transfer_date_of_bd.py for tasks to queue
[2026-02-28T11:12:53.514+0000] {logging_mixin.py:151} INFO - [2026-02-28T11:12:53.514+0000] {dagbag.py:539} INFO - Filling up the DagBag from /opt/airflow/dags/transfer_date_of_bd.py
[2026-02-28T11:12:53.819+0000] {processor.py:839} INFO - DAG(s) dict_keys(['sqlite_to_postgres_incremental']) retrieved from /opt/airflow/dags/transfer_date_of_bd.py
[2026-02-28T11:12:53.849+0000] {logging_mixin.py:151} INFO - [2026-02-28T11:12:53.848+0000] {dag.py:2915} INFO - Sync 1 DAGs
[2026-02-28T11:12:53.871+0000] {logging_mixin.py:151} INFO - [2026-02-28T11:12:53.871+0000] {dag.py:3696} INFO - Setting next_dagrun for sqlite_to_postgres_incremental to 2026-02-28T00:00:00+00:00, run_after=2026-03-01T00:00:00+00:00
[2026-02-28T11:12:53.899+0000] {processor.py:179} INFO - Processing /opt/airflow/dags/transfer_date_of_bd.py took 0.390 seconds
[2026-02-28T11:13:24.131+0000] {processor.py:157} INFO - Started process (PID=3690) to work on /opt/airflow/dags/transfer_date_of_bd.py
[2026-02-28T11:13:24.132+0000] {processor.py:829} INFO - Processing file /opt/airflow/dags/transfer_date_of_bd.py for tasks to queue
[2026-02-28T11:13:24.134+0000] {logging_mixin.py:151} INFO - [2026-02-28T11:13:24.134+0000] {dagbag.py:539} INFO - Filling up the DagBag from /opt/airflow/dags/transfer_date_of_bd.py
[2026-02-28T11:13:24.442+0000] {processor.py:839} INFO - DAG(s) dict_keys(['sqlite_to_postgres_incremental']) retrieved from /opt/airflow/dags/transfer_date_of_bd.py
[2026-02-28T11:13:24.472+0000] {logging_mixin.py:151} INFO - [2026-02-28T11:13:24.471+0000] {dag.py:2915} INFO - Sync 1 DAGs
[2026-02-28T11:13:24.502+0000] {logging_mixin.py:151} INFO - [2026-02-28T11:13:24.502+0000] {dag.py:3696} INFO - Setting next_dagrun for sqlite_to_postgres_incremental to 2026-02-28T00:00:00+00:00, run_after=2026-03-01T00:00:00+00:00
[2026-02-28T11:13:24.527+0000] {processor.py:179} INFO - Processing /opt/airflow/dags/transfer_date_of_bd.py took 0.399 seconds
[2026-02-28T11:13:54.734+0000] {processor.py:157} INFO - Started process (PID=3702) to work on /opt/airflow/dags/transfer_date_of_bd.py
[2026-02-28T11:13:54.735+0000] {processor.py:829} INFO - Processing file /opt/airflow/dags/transfer_date_of_bd.py for tasks to queue
[2026-02-28T11:13:54.736+0000] {logging_mixin.py:151} INFO - [2026-02-28T11:13:54.736+0000] {dagbag.py:539} INFO - Filling up the DagBag from /opt/airflow/dags/transfer_date_of_bd.py
[2026-02-28T11:13:55.089+0000] {processor.py:839} INFO - DAG(s) dict_keys(['sqlite_to_postgres_incremental']) retrieved from /opt/airflow/dags/transfer_date_of_bd.py
[2026-02-28T11:13:55.134+0000] {logging_mixin.py:151} INFO - [2026-02-28T11:13:55.133+0000] {dag.py:2915} INFO - Sync 1 DAGs
[2026-02-28T11:13:55.175+0000] {logging_mixin.py:151} INFO - [2026-02-28T11:13:55.174+0000] {dag.py:3696} INFO - Setting next_dagrun for sqlite_to_postgres_incremental to 2026-02-28T00:00:00+00:00, run_after=2026-03-01T00:00:00+00:00
[2026-02-28T11:13:55.195+0000] {processor.py:179} INFO - Processing /opt/airflow/dags/transfer_date_of_bd.py took 0.464 seconds
[2026-02-28T11:14:25.429+0000] {processor.py:157} INFO - Started process (PID=3714) to work on /opt/airflow/dags/transfer_date_of_bd.py
[2026-02-28T11:14:25.432+0000] {processor.py:829} INFO - Processing file /opt/airflow/dags/transfer_date_of_bd.py for tasks to queue
[2026-02-28T11:14:25.434+0000] {logging_mixin.py:151} INFO - [2026-02-28T11:14:25.434+0000] {dagbag.py:539} INFO - Filling up the DagBag from /opt/airflow/dags/transfer_date_of_bd.py
[2026-02-28T11:14:25.738+0000] {processor.py:839} INFO - DAG(s) dict_keys(['sqlite_to_postgres_incremental']) retrieved from /opt/airflow/dags/transfer_date_of_bd.py
[2026-02-28T11:14:25.767+0000] {logging_mixin.py:151} INFO - [2026-02-28T11:14:25.766+0000] {dag.py:2915} INFO - Sync 1 DAGs
[2026-02-28T11:14:25.793+0000] {logging_mixin.py:151} INFO - [2026-02-28T11:14:25.792+0000] {dag.py:3696} INFO - Setting next_dagrun for sqlite_to_postgres_incremental to 2026-02-28T00:00:00+00:00, run_after=2026-03-01T00:00:00+00:00
[2026-02-28T11:14:25.822+0000] {processor.py:179} INFO - Processing /opt/airflow/dags/transfer_date_of_bd.py took 0.398 seconds
[2026-02-28T11:14:56.077+0000] {processor.py:157} INFO - Started process (PID=3726) to work on /opt/airflow/dags/transfer_date_of_bd.py
[2026-02-28T11:14:56.078+0000] {processor.py:829} INFO - Processing file /opt/airflow/dags/transfer_date_of_bd.py for tasks to queue
[2026-02-28T11:14:56.079+0000] {logging_mixin.py:151} INFO - [2026-02-28T11:14:56.079+0000] {dagbag.py:539} INFO - Filling up the DagBag from /opt/airflow/dags/transfer_date_of_bd.py
[2026-02-28T11:14:56.384+0000] {processor.py:839} INFO - DAG(s) dict_keys(['sqlite_to_postgres_incremental']) retrieved from /opt/airflow/dags/transfer_date_of_bd.py
[2026-02-28T11:14:56.411+0000] {logging_mixin.py:151} INFO - [2026-02-28T11:14:56.410+0000] {dag.py:2915} INFO - Sync 1 DAGs
[2026-02-28T11:14:56.439+0000] {logging_mixin.py:151} INFO - [2026-02-28T11:14:56.439+0000] {dag.py:3696} INFO - Setting next_dagrun for sqlite_to_postgres_incremental to 2026-02-28T00:00:00+00:00, run_after=2026-03-01T00:00:00+00:00
[2026-02-28T11:14:56.460+0000] {processor.py:179} INFO - Processing /opt/airflow/dags/transfer_date_of_bd.py took 0.386 seconds
[2026-02-28T11:15:26.676+0000] {processor.py:157} INFO - Started process (PID=3738) to work on /opt/airflow/dags/transfer_date_of_bd.py
[2026-02-28T11:15:26.677+0000] {processor.py:829} INFO - Processing file /opt/airflow/dags/transfer_date_of_bd.py for tasks to queue
[2026-02-28T11:15:26.678+0000] {logging_mixin.py:151} INFO - [2026-02-28T11:15:26.678+0000] {dagbag.py:539} INFO - Filling up the DagBag from /opt/airflow/dags/transfer_date_of_bd.py
[2026-02-28T11:15:26.999+0000] {processor.py:839} INFO - DAG(s) dict_keys(['sqlite_to_postgres_incremental']) retrieved from /opt/airflow/dags/transfer_date_of_bd.py
[2026-02-28T11:15:27.028+0000] {logging_mixin.py:151} INFO - [2026-02-28T11:15:27.027+0000] {dag.py:2915} INFO - Sync 1 DAGs
[2026-02-28T11:15:27.053+0000] {logging_mixin.py:151} INFO - [2026-02-28T11:15:27.053+0000] {dag.py:3696} INFO - Setting next_dagrun for sqlite_to_postgres_incremental to 2026-02-28T00:00:00+00:00, run_after=2026-03-01T00:00:00+00:00
[2026-02-28T11:15:27.075+0000] {processor.py:179} INFO - Processing /opt/airflow/dags/transfer_date_of_bd.py took 0.403 seconds
[2026-02-28T11:15:57.298+0000] {processor.py:157} INFO - Started process (PID=3750) to work on /opt/airflow/dags/transfer_date_of_bd.py
[2026-02-28T11:15:57.299+0000] {processor.py:829} INFO - Processing file /opt/airflow/dags/transfer_date_of_bd.py for tasks to queue
[2026-02-28T11:15:57.300+0000] {logging_mixin.py:151} INFO - [2026-02-28T11:15:57.300+0000] {dagbag.py:539} INFO - Filling up the DagBag from /opt/airflow/dags/transfer_date_of_bd.py
[2026-02-28T11:15:57.624+0000] {processor.py:839} INFO - DAG(s) dict_keys(['sqlite_to_postgres_incremental']) retrieved from /opt/airflow/dags/transfer_date_of_bd.py
[2026-02-28T11:15:57.654+0000] {logging_mixin.py:151} INFO - [2026-02-28T11:15:57.653+0000] {dag.py:2915} INFO - Sync 1 DAGs
[2026-02-28T11:15:57.680+0000] {logging_mixin.py:151} INFO - [2026-02-28T11:15:57.679+0000] {dag.py:3696} INFO - Setting next_dagrun for sqlite_to_postgres_incremental to 2026-02-28T00:00:00+00:00, run_after=2026-03-01T00:00:00+00:00
[2026-02-28T11:15:57.700+0000] {processor.py:179} INFO - Processing /opt/airflow/dags/transfer_date_of_bd.py took 0.406 seconds
[2026-02-28T11:16:27.922+0000] {processor.py:157} INFO - Started process (PID=3762) to work on /opt/airflow/dags/transfer_date_of_bd.py
[2026-02-28T11:16:27.924+0000] {processor.py:829} INFO - Processing file /opt/airflow/dags/transfer_date_of_bd.py for tasks to queue
[2026-02-28T11:16:27.925+0000] {logging_mixin.py:151} INFO - [2026-02-28T11:16:27.924+0000] {dagbag.py:539} INFO - Filling up the DagBag from /opt/airflow/dags/transfer_date_of_bd.py
[2026-02-28T11:16:28.232+0000] {processor.py:839} INFO - DAG(s) dict_keys(['sqlite_to_postgres_incremental']) retrieved from /opt/airflow/dags/transfer_date_of_bd.py
[2026-02-28T11:16:28.261+0000] {logging_mixin.py:151} INFO - [2026-02-28T11:16:28.260+0000] {dag.py:2915} INFO - Sync 1 DAGs
[2026-02-28T11:16:28.284+0000] {logging_mixin.py:151} INFO - [2026-02-28T11:16:28.284+0000] {dag.py:3696} INFO - Setting next_dagrun for sqlite_to_postgres_incremental to 2026-02-28T00:00:00+00:00, run_after=2026-03-01T00:00:00+00:00
[2026-02-28T11:16:28.312+0000] {processor.py:179} INFO - Processing /opt/airflow/dags/transfer_date_of_bd.py took 0.394 seconds
[2026-02-28T11:16:58.508+0000] {processor.py:157} INFO - Started process (PID=3774) to work on /opt/airflow/dags/transfer_date_of_bd.py
[2026-02-28T11:16:58.509+0000] {processor.py:829} INFO - Processing file /opt/airflow/dags/transfer_date_of_bd.py for tasks to queue
[2026-02-28T11:16:58.510+0000] {logging_mixin.py:151} INFO - [2026-02-28T11:16:58.509+0000] {dagbag.py:539} INFO - Filling up the DagBag from /opt/airflow/dags/transfer_date_of_bd.py
[2026-02-28T11:16:58.829+0000] {processor.py:839} INFO - DAG(s) dict_keys(['sqlite_to_postgres_incremental']) retrieved from /opt/airflow/dags/transfer_date_of_bd.py
[2026-02-28T11:16:58.864+0000] {logging_mixin.py:151} INFO - [2026-02-28T11:16:58.863+0000] {dag.py:2915} INFO - Sync 1 DAGs
[2026-02-28T11:16:58.889+0000] {logging_mixin.py:151} INFO - [2026-02-28T11:16:58.889+0000] {dag.py:3696} INFO - Setting next_dagrun for sqlite_to_postgres_incremental to 2026-02-28T00:00:00+00:00, run_after=2026-03-01T00:00:00+00:00
[2026-02-28T11:16:58.909+0000] {processor.py:179} INFO - Processing /opt/airflow/dags/transfer_date_of_bd.py took 0.405 seconds
[2026-02-28T11:17:29.135+0000] {processor.py:157} INFO - Started process (PID=3786) to work on /opt/airflow/dags/transfer_date_of_bd.py
[2026-02-28T11:17:29.137+0000] {processor.py:829} INFO - Processing file /opt/airflow/dags/transfer_date_of_bd.py for tasks to queue
[2026-02-28T11:17:29.138+0000] {logging_mixin.py:151} INFO - [2026-02-28T11:17:29.137+0000] {dagbag.py:539} INFO - Filling up the DagBag from /opt/airflow/dags/transfer_date_of_bd.py
[2026-02-28T11:17:29.440+0000] {processor.py:839} INFO - DAG(s) dict_keys(['sqlite_to_postgres_incremental']) retrieved from /opt/airflow/dags/transfer_date_of_bd.py
[2026-02-28T11:17:29.470+0000] {logging_mixin.py:151} INFO - [2026-02-28T11:17:29.470+0000] {dag.py:2915} INFO - Sync 1 DAGs
[2026-02-28T11:17:29.494+0000] {logging_mixin.py:151} INFO - [2026-02-28T11:17:29.493+0000] {dag.py:3696} INFO - Setting next_dagrun for sqlite_to_postgres_incremental to 2026-02-28T00:00:00+00:00, run_after=2026-03-01T00:00:00+00:00
[2026-02-28T11:17:29.521+0000] {processor.py:179} INFO - Processing /opt/airflow/dags/transfer_date_of_bd.py took 0.390 seconds
[2026-02-28T11:17:59.734+0000] {processor.py:157} INFO - Started process (PID=3798) to work on /opt/airflow/dags/transfer_date_of_bd.py
[2026-02-28T11:17:59.735+0000] {processor.py:829} INFO - Processing file /opt/airflow/dags/transfer_date_of_bd.py for tasks to queue
[2026-02-28T11:17:59.736+0000] {logging_mixin.py:151} INFO - [2026-02-28T11:17:59.736+0000] {dagbag.py:539} INFO - Filling up the DagBag from /opt/airflow/dags/transfer_date_of_bd.py
[2026-02-28T11:18:00.044+0000] {processor.py:839} INFO - DAG(s) dict_keys(['sqlite_to_postgres_incremental']) retrieved from /opt/airflow/dags/transfer_date_of_bd.py
[2026-02-28T11:18:00.072+0000] {logging_mixin.py:151} INFO - [2026-02-28T11:18:00.071+0000] {dag.py:2915} INFO - Sync 1 DAGs
[2026-02-28T11:18:00.101+0000] {logging_mixin.py:151} INFO - [2026-02-28T11:18:00.101+0000] {dag.py:3696} INFO - Setting next_dagrun for sqlite_to_postgres_incremental to 2026-02-28T00:00:00+00:00, run_after=2026-03-01T00:00:00+00:00
[2026-02-28T11:18:00.121+0000] {processor.py:179} INFO - Processing /opt/airflow/dags/transfer_date_of_bd.py took 0.391 seconds
[2026-02-28T11:18:30.335+0000] {processor.py:157} INFO - Started process (PID=3810) to work on /opt/airflow/dags/transfer_date_of_bd.py
[2026-02-28T11:18:30.336+0000] {processor.py:829} INFO - Processing file /opt/airflow/dags/transfer_date_of_bd.py for tasks to queue
[2026-02-28T11:18:30.337+0000] {logging_mixin.py:151} INFO - [2026-02-28T11:18:30.337+0000] {dagbag.py:539} INFO - Filling up the DagBag from /opt/airflow/dags/transfer_date_of_bd.py
[2026-02-28T11:18:30.639+0000] {processor.py:839} INFO - DAG(s) dict_keys(['sqlite_to_postgres_incremental']) retrieved from /opt/airflow/dags/transfer_date_of_bd.py
[2026-02-28T11:18:30.666+0000] {logging_mixin.py:151} INFO - [2026-02-28T11:18:30.665+0000] {dag.py:2915} INFO - Sync 1 DAGs
[2026-02-28T11:18:30.695+0000] {logging_mixin.py:151} INFO - [2026-02-28T11:18:30.694+0000] {dag.py:3696} INFO - Setting next_dagrun for sqlite_to_postgres_incremental to 2026-02-28T00:00:00+00:00, run_after=2026-03-01T00:00:00+00:00
[2026-02-28T11:18:30.718+0000] {processor.py:179} INFO - Processing /opt/airflow/dags/transfer_date_of_bd.py took 0.386 seconds
[2026-02-28T11:19:00.920+0000] {processor.py:157} INFO - Started process (PID=3822) to work on /opt/airflow/dags/transfer_date_of_bd.py
[2026-02-28T11:19:00.922+0000] {processor.py:829} INFO - Processing file /opt/airflow/dags/transfer_date_of_bd.py for tasks to queue
[2026-02-28T11:19:00.923+0000] {logging_mixin.py:151} INFO - [2026-02-28T11:19:00.923+0000] {dagbag.py:539} INFO - Filling up the DagBag from /opt/airflow/dags/transfer_date_of_bd.py
[2026-02-28T11:19:01.254+0000] {processor.py:839} INFO - DAG(s) dict_keys(['sqlite_to_postgres_incremental']) retrieved from /opt/airflow/dags/transfer_date_of_bd.py
[2026-02-28T11:19:01.281+0000] {logging_mixin.py:151} INFO - [2026-02-28T11:19:01.281+0000] {dag.py:2915} INFO - Sync 1 DAGs
[2026-02-28T11:19:01.306+0000] {logging_mixin.py:151} INFO - [2026-02-28T11:19:01.306+0000] {dag.py:3696} INFO - Setting next_dagrun for sqlite_to_postgres_incremental to 2026-02-28T00:00:00+00:00, run_after=2026-03-01T00:00:00+00:00
[2026-02-28T11:19:01.335+0000] {processor.py:179} INFO - Processing /opt/airflow/dags/transfer_date_of_bd.py took 0.418 seconds
[2026-02-28T11:19:31.554+0000] {processor.py:157} INFO - Started process (PID=3834) to work on /opt/airflow/dags/transfer_date_of_bd.py
[2026-02-28T11:19:31.556+0000] {processor.py:829} INFO - Processing file /opt/airflow/dags/transfer_date_of_bd.py for tasks to queue
[2026-02-28T11:19:31.558+0000] {logging_mixin.py:151} INFO - [2026-02-28T11:19:31.557+0000] {dagbag.py:539} INFO - Filling up the DagBag from /opt/airflow/dags/transfer_date_of_bd.py
[2026-02-28T11:19:31.862+0000] {processor.py:839} INFO - DAG(s) dict_keys(['sqlite_to_postgres_incremental']) retrieved from /opt/airflow/dags/transfer_date_of_bd.py
[2026-02-28T11:19:31.887+0000] {logging_mixin.py:151} INFO - [2026-02-28T11:19:31.886+0000] {dag.py:2915} INFO - Sync 1 DAGs
[2026-02-28T11:19:31.911+0000] {logging_mixin.py:151} INFO - [2026-02-28T11:19:31.911+0000] {dag.py:3696} INFO - Setting next_dagrun for sqlite_to_postgres_incremental to 2026-02-28T00:00:00+00:00, run_after=2026-03-01T00:00:00+00:00
[2026-02-28T11:19:31.937+0000] {processor.py:179} INFO - Processing /opt/airflow/dags/transfer_date_of_bd.py took 0.386 seconds
[2026-02-28T11:20:02.183+0000] {processor.py:157} INFO - Started process (PID=3846) to work on /opt/airflow/dags/transfer_date_of_bd.py
[2026-02-28T11:20:02.184+0000] {processor.py:829} INFO - Processing file /opt/airflow/dags/transfer_date_of_bd.py for tasks to queue
[2026-02-28T11:20:02.185+0000] {logging_mixin.py:151} INFO - [2026-02-28T11:20:02.185+0000] {dagbag.py:539} INFO - Filling up the DagBag from /opt/airflow/dags/transfer_date_of_bd.py
[2026-02-28T11:20:02.494+0000] {processor.py:839} INFO - DAG(s) dict_keys(['sqlite_to_postgres_incremental']) retrieved from /opt/airflow/dags/transfer_date_of_bd.py
[2026-02-28T11:20:02.520+0000] {logging_mixin.py:151} INFO - [2026-02-28T11:20:02.519+0000] {dag.py:2915} INFO - Sync 1 DAGs
[2026-02-28T11:20:02.544+0000] {logging_mixin.py:151} INFO - [2026-02-28T11:20:02.544+0000] {dag.py:3696} INFO - Setting next_dagrun for sqlite_to_postgres_incremental to 2026-02-28T00:00:00+00:00, run_after=2026-03-01T00:00:00+00:00
[2026-02-28T11:20:02.568+0000] {processor.py:179} INFO - Processing /opt/airflow/dags/transfer_date_of_bd.py took 0.389 seconds
[2026-02-28T11:20:32.795+0000] {processor.py:157} INFO - Started process (PID=3858) to work on /opt/airflow/dags/transfer_date_of_bd.py
[2026-02-28T11:20:32.796+0000] {processor.py:829} INFO - Processing file /opt/airflow/dags/transfer_date_of_bd.py for tasks to queue
[2026-02-28T11:20:32.797+0000] {logging_mixin.py:151} INFO - [2026-02-28T11:20:32.797+0000] {dagbag.py:539} INFO - Filling up the DagBag from /opt/airflow/dags/transfer_date_of_bd.py
[2026-02-28T11:20:33.122+0000] {processor.py:839} INFO - DAG(s) dict_keys(['sqlite_to_postgres_incremental']) retrieved from /opt/airflow/dags/transfer_date_of_bd.py
[2026-02-28T11:20:33.152+0000] {logging_mixin.py:151} INFO - [2026-02-28T11:20:33.152+0000] {dag.py:2915} INFO - Sync 1 DAGs
[2026-02-28T11:20:33.182+0000] {logging_mixin.py:151} INFO - [2026-02-28T11:20:33.182+0000] {dag.py:3696} INFO - Setting next_dagrun for sqlite_to_postgres_incremental to 2026-02-28T00:00:00+00:00, run_after=2026-03-01T00:00:00+00:00
[2026-02-28T11:20:33.204+0000] {processor.py:179} INFO - Processing /opt/airflow/dags/transfer_date_of_bd.py took 0.412 seconds
[2026-02-28T11:21:03.429+0000] {processor.py:157} INFO - Started process (PID=3870) to work on /opt/airflow/dags/transfer_date_of_bd.py
[2026-02-28T11:21:03.430+0000] {processor.py:829} INFO - Processing file /opt/airflow/dags/transfer_date_of_bd.py for tasks to queue
[2026-02-28T11:21:03.431+0000] {logging_mixin.py:151} INFO - [2026-02-28T11:21:03.431+0000] {dagbag.py:539} INFO - Filling up the DagBag from /opt/airflow/dags/transfer_date_of_bd.py
[2026-02-28T11:21:03.741+0000] {processor.py:839} INFO - DAG(s) dict_keys(['sqlite_to_postgres_incremental']) retrieved from /opt/airflow/dags/transfer_date_of_bd.py
[2026-02-28T11:21:03.768+0000] {logging_mixin.py:151} INFO - [2026-02-28T11:21:03.767+0000] {dag.py:2915} INFO - Sync 1 DAGs
[2026-02-28T11:21:03.799+0000] {logging_mixin.py:151} INFO - [2026-02-28T11:21:03.799+0000] {dag.py:3696} INFO - Setting next_dagrun for sqlite_to_postgres_incremental to 2026-02-28T00:00:00+00:00, run_after=2026-03-01T00:00:00+00:00
[2026-02-28T11:21:03.819+0000] {processor.py:179} INFO - Processing /opt/airflow/dags/transfer_date_of_bd.py took 0.394 seconds
[2026-02-28T11:21:34.027+0000] {processor.py:157} INFO - Started process (PID=3882) to work on /opt/airflow/dags/transfer_date_of_bd.py
[2026-02-28T11:21:34.028+0000] {processor.py:829} INFO - Processing file /opt/airflow/dags/transfer_date_of_bd.py for tasks to queue
[2026-02-28T11:21:34.029+0000] {logging_mixin.py:151} INFO - [2026-02-28T11:21:34.029+0000] {dagbag.py:539} INFO - Filling up the DagBag from /opt/airflow/dags/transfer_date_of_bd.py
[2026-02-28T11:21:34.338+0000] {processor.py:839} INFO - DAG(s) dict_keys(['sqlite_to_postgres_incremental']) retrieved from /opt/airflow/dags/transfer_date_of_bd.py
[2026-02-28T11:21:34.372+0000] {logging_mixin.py:151} INFO - [2026-02-28T11:21:34.371+0000] {dag.py:2915} INFO - Sync 1 DAGs
[2026-02-28T11:21:34.398+0000] {logging_mixin.py:151} INFO - [2026-02-28T11:21:34.397+0000] {dag.py:3696} INFO - Setting next_dagrun for sqlite_to_postgres_incremental to 2026-02-28T00:00:00+00:00, run_after=2026-03-01T00:00:00+00:00
[2026-02-28T11:21:34.428+0000] {processor.py:179} INFO - Processing /opt/airflow/dags/transfer_date_of_bd.py took 0.404 seconds
[2026-02-28T11:22:04.640+0000] {processor.py:157} INFO - Started process (PID=3894) to work on /opt/airflow/dags/transfer_date_of_bd.py
[2026-02-28T11:22:04.642+0000] {processor.py:829} INFO - Processing file /opt/airflow/dags/transfer_date_of_bd.py for tasks to queue
[2026-02-28T11:22:04.643+0000] {logging_mixin.py:151} INFO - [2026-02-28T11:22:04.642+0000] {dagbag.py:539} INFO - Filling up the DagBag from /opt/airflow/dags/transfer_date_of_bd.py
[2026-02-28T11:22:04.955+0000] {processor.py:839} INFO - DAG(s) dict_keys(['sqlite_to_postgres_incremental']) retrieved from /opt/airflow/dags/transfer_date_of_bd.py
[2026-02-28T11:22:04.982+0000] {logging_mixin.py:151} INFO - [2026-02-28T11:22:04.981+0000] {dag.py:2915} INFO - Sync 1 DAGs
[2026-02-28T11:22:05.017+0000] {logging_mixin.py:151} INFO - [2026-02-28T11:22:05.017+0000] {dag.py:3696} INFO - Setting next_dagrun for sqlite_to_postgres_incremental to 2026-02-28T00:00:00+00:00, run_after=2026-03-01T00:00:00+00:00
[2026-02-28T11:22:05.040+0000] {processor.py:179} INFO - Processing /opt/airflow/dags/transfer_date_of_bd.py took 0.403 seconds
[2026-02-28T11:22:35.254+0000] {processor.py:157} INFO - Started process (PID=3906) to work on /opt/airflow/dags/transfer_date_of_bd.py
[2026-02-28T11:22:35.256+0000] {processor.py:829} INFO - Processing file /opt/airflow/dags/transfer_date_of_bd.py for tasks to queue
[2026-02-28T11:22:35.258+0000] {logging_mixin.py:151} INFO - [2026-02-28T11:22:35.257+0000] {dagbag.py:539} INFO - Filling up the DagBag from /opt/airflow/dags/transfer_date_of_bd.py
[2026-02-28T11:22:35.630+0000] {processor.py:839} INFO - DAG(s) dict_keys(['sqlite_to_postgres_incremental']) retrieved from /opt/airflow/dags/transfer_date_of_bd.py
[2026-02-28T11:22:35.662+0000] {logging_mixin.py:151} INFO - [2026-02-28T11:22:35.661+0000] {dag.py:2915} INFO - Sync 1 DAGs
[2026-02-28T11:22:35.686+0000] {logging_mixin.py:151} INFO - [2026-02-28T11:22:35.685+0000] {dag.py:3696} INFO - Setting next_dagrun for sqlite_to_postgres_incremental to 2026-02-28T00:00:00+00:00, run_after=2026-03-01T00:00:00+00:00
[2026-02-28T11:22:35.707+0000] {processor.py:179} INFO - Processing /opt/airflow/dags/transfer_date_of_bd.py took 0.459 seconds
[2026-02-28T11:23:05.915+0000] {processor.py:157} INFO - Started process (PID=3918) to work on /opt/airflow/dags/transfer_date_of_bd.py
[2026-02-28T11:23:05.917+0000] {processor.py:829} INFO - Processing file /opt/airflow/dags/transfer_date_of_bd.py for tasks to queue
[2026-02-28T11:23:05.918+0000] {logging_mixin.py:151} INFO - [2026-02-28T11:23:05.918+0000] {dagbag.py:539} INFO - Filling up the DagBag from /opt/airflow/dags/transfer_date_of_bd.py
[2026-02-28T11:23:06.242+0000] {processor.py:839} INFO - DAG(s) dict_keys(['sqlite_to_postgres_incremental']) retrieved from /opt/airflow/dags/transfer_date_of_bd.py
[2026-02-28T11:23:06.272+0000] {logging_mixin.py:151} INFO - [2026-02-28T11:23:06.271+0000] {dag.py:2915} INFO - Sync 1 DAGs
[2026-02-28T11:23:06.295+0000] {logging_mixin.py:151} INFO - [2026-02-28T11:23:06.294+0000] {dag.py:3696} INFO - Setting next_dagrun for sqlite_to_postgres_incremental to 2026-02-28T00:00:00+00:00, run_after=2026-03-01T00:00:00+00:00
[2026-02-28T11:23:06.323+0000] {processor.py:179} INFO - Processing /opt/airflow/dags/transfer_date_of_bd.py took 0.412 seconds
[2026-02-28T11:23:36.537+0000] {processor.py:157} INFO - Started process (PID=3930) to work on /opt/airflow/dags/transfer_date_of_bd.py
[2026-02-28T11:23:36.539+0000] {processor.py:829} INFO - Processing file /opt/airflow/dags/transfer_date_of_bd.py for tasks to queue
[2026-02-28T11:23:36.543+0000] {logging_mixin.py:151} INFO - [2026-02-28T11:23:36.542+0000] {dagbag.py:539} INFO - Filling up the DagBag from /opt/airflow/dags/transfer_date_of_bd.py
[2026-02-28T11:23:36.841+0000] {processor.py:839} INFO - DAG(s) dict_keys(['sqlite_to_postgres_incremental']) retrieved from /opt/airflow/dags/transfer_date_of_bd.py
[2026-02-28T11:23:36.876+0000] {logging_mixin.py:151} INFO - [2026-02-28T11:23:36.876+0000] {dag.py:2915} INFO - Sync 1 DAGs
[2026-02-28T11:23:36.899+0000] {logging_mixin.py:151} INFO - [2026-02-28T11:23:36.899+0000] {dag.py:3696} INFO - Setting next_dagrun for sqlite_to_postgres_incremental to 2026-02-28T00:00:00+00:00, run_after=2026-03-01T00:00:00+00:00
[2026-02-28T11:23:36.921+0000] {processor.py:179} INFO - Processing /opt/airflow/dags/transfer_date_of_bd.py took 0.387 seconds
[2026-02-28T11:24:07.163+0000] {processor.py:157} INFO - Started process (PID=3942) to work on /opt/airflow/dags/transfer_date_of_bd.py
[2026-02-28T11:24:07.164+0000] {processor.py:829} INFO - Processing file /opt/airflow/dags/transfer_date_of_bd.py for tasks to queue
[2026-02-28T11:24:07.165+0000] {logging_mixin.py:151} INFO - [2026-02-28T11:24:07.165+0000] {dagbag.py:539} INFO - Filling up the DagBag from /opt/airflow/dags/transfer_date_of_bd.py
[2026-02-28T11:24:07.496+0000] {processor.py:839} INFO - DAG(s) dict_keys(['sqlite_to_postgres_incremental']) retrieved from /opt/airflow/dags/transfer_date_of_bd.py
[2026-02-28T11:24:07.532+0000] {logging_mixin.py:151} INFO - [2026-02-28T11:24:07.532+0000] {dag.py:2915} INFO - Sync 1 DAGs
[2026-02-28T11:24:07.565+0000] {logging_mixin.py:151} INFO - [2026-02-28T11:24:07.565+0000] {dag.py:3696} INFO - Setting next_dagrun for sqlite_to_postgres_incremental to 2026-02-28T00:00:00+00:00, run_after=2026-03-01T00:00:00+00:00
[2026-02-28T11:24:07.602+0000] {processor.py:179} INFO - Processing /opt/airflow/dags/transfer_date_of_bd.py took 0.444 seconds
[2026-02-28T11:24:37.854+0000] {processor.py:157} INFO - Started process (PID=3954) to work on /opt/airflow/dags/transfer_date_of_bd.py
[2026-02-28T11:24:37.855+0000] {processor.py:829} INFO - Processing file /opt/airflow/dags/transfer_date_of_bd.py for tasks to queue
[2026-02-28T11:24:37.856+0000] {logging_mixin.py:151} INFO - [2026-02-28T11:24:37.856+0000] {dagbag.py:539} INFO - Filling up the DagBag from /opt/airflow/dags/transfer_date_of_bd.py
[2026-02-28T11:24:38.186+0000] {processor.py:839} INFO - DAG(s) dict_keys(['sqlite_to_postgres_incremental']) retrieved from /opt/airflow/dags/transfer_date_of_bd.py
[2026-02-28T11:24:38.233+0000] {logging_mixin.py:151} INFO - [2026-02-28T11:24:38.232+0000] {dag.py:2915} INFO - Sync 1 DAGs
[2026-02-28T11:24:38.259+0000] {logging_mixin.py:151} INFO - [2026-02-28T11:24:38.259+0000] {dag.py:3696} INFO - Setting next_dagrun for sqlite_to_postgres_incremental to 2026-02-28T00:00:00+00:00, run_after=2026-03-01T00:00:00+00:00
[2026-02-28T11:24:38.280+0000] {processor.py:179} INFO - Processing /opt/airflow/dags/transfer_date_of_bd.py took 0.431 seconds
[2026-02-28T11:25:08.511+0000] {processor.py:157} INFO - Started process (PID=3966) to work on /opt/airflow/dags/transfer_date_of_bd.py
[2026-02-28T11:25:08.512+0000] {processor.py:829} INFO - Processing file /opt/airflow/dags/transfer_date_of_bd.py for tasks to queue
[2026-02-28T11:25:08.513+0000] {logging_mixin.py:151} INFO - [2026-02-28T11:25:08.513+0000] {dagbag.py:539} INFO - Filling up the DagBag from /opt/airflow/dags/transfer_date_of_bd.py
[2026-02-28T11:25:08.820+0000] {processor.py:839} INFO - DAG(s) dict_keys(['sqlite_to_postgres_incremental']) retrieved from /opt/airflow/dags/transfer_date_of_bd.py
[2026-02-28T11:25:08.856+0000] {logging_mixin.py:151} INFO - [2026-02-28T11:25:08.854+0000] {dag.py:2915} INFO - Sync 1 DAGs
[2026-02-28T11:25:08.886+0000] {logging_mixin.py:151} INFO - [2026-02-28T11:25:08.886+0000] {dag.py:3696} INFO - Setting next_dagrun for sqlite_to_postgres_incremental to 2026-02-28T00:00:00+00:00, run_after=2026-03-01T00:00:00+00:00
[2026-02-28T11:25:08.907+0000] {processor.py:179} INFO - Processing /opt/airflow/dags/transfer_date_of_bd.py took 0.400 seconds
[2026-02-28T11:25:39.118+0000] {processor.py:157} INFO - Started process (PID=3978) to work on /opt/airflow/dags/transfer_date_of_bd.py
[2026-02-28T11:25:39.119+0000] {processor.py:829} INFO - Processing file /opt/airflow/dags/transfer_date_of_bd.py for tasks to queue
[2026-02-28T11:25:39.120+0000] {logging_mixin.py:151} INFO - [2026-02-28T11:25:39.120+0000] {dagbag.py:539} INFO - Filling up the DagBag from /opt/airflow/dags/transfer_date_of_bd.py
[2026-02-28T11:25:39.432+0000] {processor.py:839} INFO - DAG(s) dict_keys(['sqlite_to_postgres_incremental']) retrieved from /opt/airflow/dags/transfer_date_of_bd.py
[2026-02-28T11:25:39.461+0000] {logging_mixin.py:151} INFO - [2026-02-28T11:25:39.460+0000] {dag.py:2915} INFO - Sync 1 DAGs
[2026-02-28T11:25:39.489+0000] {logging_mixin.py:151} INFO - [2026-02-28T11:25:39.489+0000] {dag.py:3696} INFO - Setting next_dagrun for sqlite_to_postgres_incremental to 2026-02-28T00:00:00+00:00, run_after=2026-03-01T00:00:00+00:00
[2026-02-28T11:25:39.514+0000] {processor.py:179} INFO - Processing /opt/airflow/dags/transfer_date_of_bd.py took 0.400 seconds
[2026-02-28T11:26:09.736+0000] {processor.py:157} INFO - Started process (PID=3990) to work on /opt/airflow/dags/transfer_date_of_bd.py
[2026-02-28T11:26:09.737+0000] {processor.py:829} INFO - Processing file /opt/airflow/dags/transfer_date_of_bd.py for tasks to queue
[2026-02-28T11:26:09.738+0000] {logging_mixin.py:151} INFO - [2026-02-28T11:26:09.738+0000] {dagbag.py:539} INFO - Filling up the DagBag from /opt/airflow/dags/transfer_date_of_bd.py
[2026-02-28T11:26:10.051+0000] {processor.py:839} INFO - DAG(s) dict_keys(['sqlite_to_postgres_incremental']) retrieved from /opt/airflow/dags/transfer_date_of_bd.py
[2026-02-28T11:26:10.077+0000] {logging_mixin.py:151} INFO - [2026-02-28T11:26:10.077+0000] {dag.py:2915} INFO - Sync 1 DAGs
[2026-02-28T11:26:10.101+0000] {logging_mixin.py:151} INFO - [2026-02-28T11:26:10.101+0000] {dag.py:3696} INFO - Setting next_dagrun for sqlite_to_postgres_incremental to 2026-02-28T00:00:00+00:00, run_after=2026-03-01T00:00:00+00:00
[2026-02-28T11:26:10.132+0000] {processor.py:179} INFO - Processing /opt/airflow/dags/transfer_date_of_bd.py took 0.400 seconds
[2026-02-28T11:26:40.353+0000] {processor.py:157} INFO - Started process (PID=4002) to work on /opt/airflow/dags/transfer_date_of_bd.py
[2026-02-28T11:26:40.357+0000] {processor.py:829} INFO - Processing file /opt/airflow/dags/transfer_date_of_bd.py for tasks to queue
[2026-02-28T11:26:40.360+0000] {logging_mixin.py:151} INFO - [2026-02-28T11:26:40.359+0000] {dagbag.py:539} INFO - Filling up the DagBag from /opt/airflow/dags/transfer_date_of_bd.py
[2026-02-28T11:26:40.702+0000] {processor.py:839} INFO - DAG(s) dict_keys(['sqlite_to_postgres_incremental']) retrieved from /opt/airflow/dags/transfer_date_of_bd.py
[2026-02-28T11:26:40.732+0000] {logging_mixin.py:151} INFO - [2026-02-28T11:26:40.731+0000] {dag.py:2915} INFO - Sync 1 DAGs
[2026-02-28T11:26:40.754+0000] {logging_mixin.py:151} INFO - [2026-02-28T11:26:40.754+0000] {dag.py:3696} INFO - Setting next_dagrun for sqlite_to_postgres_incremental to 2026-02-28T00:00:00+00:00, run_after=2026-03-01T00:00:00+00:00
[2026-02-28T11:26:40.784+0000] {processor.py:179} INFO - Processing /opt/airflow/dags/transfer_date_of_bd.py took 0.434 seconds
[2026-02-28T11:27:10.997+0000] {processor.py:157} INFO - Started process (PID=4014) to work on /opt/airflow/dags/transfer_date_of_bd.py
[2026-02-28T11:27:10.998+0000] {processor.py:829} INFO - Processing file /opt/airflow/dags/transfer_date_of_bd.py for tasks to queue
[2026-02-28T11:27:10.999+0000] {logging_mixin.py:151} INFO - [2026-02-28T11:27:10.999+0000] {dagbag.py:539} INFO - Filling up the DagBag from /opt/airflow/dags/transfer_date_of_bd.py
[2026-02-28T11:27:11.308+0000] {processor.py:839} INFO - DAG(s) dict_keys(['sqlite_to_postgres_incremental']) retrieved from /opt/airflow/dags/transfer_date_of_bd.py
[2026-02-28T11:27:11.332+0000] {logging_mixin.py:151} INFO - [2026-02-28T11:27:11.332+0000] {dag.py:2915} INFO - Sync 1 DAGs
[2026-02-28T11:27:11.356+0000] {logging_mixin.py:151} INFO - [2026-02-28T11:27:11.356+0000] {dag.py:3696} INFO - Setting next_dagrun for sqlite_to_postgres_incremental to 2026-02-28T00:00:00+00:00, run_after=2026-03-01T00:00:00+00:00
[2026-02-28T11:27:11.384+0000] {processor.py:179} INFO - Processing /opt/airflow/dags/transfer_date_of_bd.py took 0.390 seconds
[2026-02-28T11:27:41.598+0000] {processor.py:157} INFO - Started process (PID=4026) to work on /opt/airflow/dags/transfer_date_of_bd.py
[2026-02-28T11:27:41.599+0000] {processor.py:829} INFO - Processing file /opt/airflow/dags/transfer_date_of_bd.py for tasks to queue
[2026-02-28T11:27:41.600+0000] {logging_mixin.py:151} INFO - [2026-02-28T11:27:41.600+0000] {dagbag.py:539} INFO - Filling up the DagBag from /opt/airflow/dags/transfer_date_of_bd.py
[2026-02-28T11:27:41.937+0000] {processor.py:839} INFO - DAG(s) dict_keys(['sqlite_to_postgres_incremental']) retrieved from /opt/airflow/dags/transfer_date_of_bd.py
[2026-02-28T11:27:41.966+0000] {logging_mixin.py:151} INFO - [2026-02-28T11:27:41.964+0000] {dag.py:2915} INFO - Sync 1 DAGs
[2026-02-28T11:27:41.989+0000] {logging_mixin.py:151} INFO - [2026-02-28T11:27:41.989+0000] {dag.py:3696} INFO - Setting next_dagrun for sqlite_to_postgres_incremental to 2026-02-28T00:00:00+00:00, run_after=2026-03-01T00:00:00+00:00
[2026-02-28T11:27:42.018+0000] {processor.py:179} INFO - Processing /opt/airflow/dags/transfer_date_of_bd.py took 0.423 seconds
[2026-02-28T11:28:12.222+0000] {processor.py:157} INFO - Started process (PID=4038) to work on /opt/airflow/dags/transfer_date_of_bd.py
[2026-02-28T11:28:12.224+0000] {processor.py:829} INFO - Processing file /opt/airflow/dags/transfer_date_of_bd.py for tasks to queue
[2026-02-28T11:28:12.225+0000] {logging_mixin.py:151} INFO - [2026-02-28T11:28:12.224+0000] {dagbag.py:539} INFO - Filling up the DagBag from /opt/airflow/dags/transfer_date_of_bd.py
[2026-02-28T11:28:12.554+0000] {processor.py:839} INFO - DAG(s) dict_keys(['sqlite_to_postgres_incremental']) retrieved from /opt/airflow/dags/transfer_date_of_bd.py
[2026-02-28T11:28:12.586+0000] {logging_mixin.py:151} INFO - [2026-02-28T11:28:12.586+0000] {dag.py:2915} INFO - Sync 1 DAGs
[2026-02-28T11:28:12.608+0000] {logging_mixin.py:151} INFO - [2026-02-28T11:28:12.608+0000] {dag.py:3696} INFO - Setting next_dagrun for sqlite_to_postgres_incremental to 2026-02-28T00:00:00+00:00, run_after=2026-03-01T00:00:00+00:00
[2026-02-28T11:28:12.630+0000] {processor.py:179} INFO - Processing /opt/airflow/dags/transfer_date_of_bd.py took 0.411 seconds
[2026-02-28T11:28:42.850+0000] {processor.py:157} INFO - Started process (PID=4050) to work on /opt/airflow/dags/transfer_date_of_bd.py
[2026-02-28T11:28:42.852+0000] {processor.py:829} INFO - Processing file /opt/airflow/dags/transfer_date_of_bd.py for tasks to queue
[2026-02-28T11:28:42.853+0000] {logging_mixin.py:151} INFO - [2026-02-28T11:28:42.853+0000] {dagbag.py:539} INFO - Filling up the DagBag from /opt/airflow/dags/transfer_date_of_bd.py
[2026-02-28T11:28:43.166+0000] {processor.py:839} INFO - DAG(s) dict_keys(['sqlite_to_postgres_incremental']) retrieved from /opt/airflow/dags/transfer_date_of_bd.py
[2026-02-28T11:28:43.191+0000] {logging_mixin.py:151} INFO - [2026-02-28T11:28:43.190+0000] {dag.py:2915} INFO - Sync 1 DAGs
[2026-02-28T11:28:43.220+0000] {logging_mixin.py:151} INFO - [2026-02-28T11:28:43.220+0000] {dag.py:3696} INFO - Setting next_dagrun for sqlite_to_postgres_incremental to 2026-02-28T00:00:00+00:00, run_after=2026-03-01T00:00:00+00:00
[2026-02-28T11:28:43.242+0000] {processor.py:179} INFO - Processing /opt/airflow/dags/transfer_date_of_bd.py took 0.395 seconds
[2026-02-28T11:29:13.455+0000] {processor.py:157} INFO - Started process (PID=4062) to work on /opt/airflow/dags/transfer_date_of_bd.py
[2026-02-28T11:29:13.458+0000] {processor.py:829} INFO - Processing file /opt/airflow/dags/transfer_date_of_bd.py for tasks to queue
[2026-02-28T11:29:13.459+0000] {logging_mixin.py:151} INFO - [2026-02-28T11:29:13.459+0000] {dagbag.py:539} INFO - Filling up the DagBag from /opt/airflow/dags/transfer_date_of_bd.py
[2026-02-28T11:29:13.765+0000] {processor.py:839} INFO - DAG(s) dict_keys(['sqlite_to_postgres_incremental']) retrieved from /opt/airflow/dags/transfer_date_of_bd.py
[2026-02-28T11:29:13.796+0000] {logging_mixin.py:151} INFO - [2026-02-28T11:29:13.795+0000] {dag.py:2915} INFO - Sync 1 DAGs
[2026-02-28T11:29:13.817+0000] {logging_mixin.py:151} INFO - [2026-02-28T11:29:13.817+0000] {dag.py:3696} INFO - Setting next_dagrun for sqlite_to_postgres_incremental to 2026-02-28T00:00:00+00:00, run_after=2026-03-01T00:00:00+00:00
[2026-02-28T11:29:13.847+0000] {processor.py:179} INFO - Processing /opt/airflow/dags/transfer_date_of_bd.py took 0.397 seconds
[2026-02-28T11:29:44.108+0000] {processor.py:157} INFO - Started process (PID=4074) to work on /opt/airflow/dags/transfer_date_of_bd.py
[2026-02-28T11:29:44.110+0000] {processor.py:829} INFO - Processing file /opt/airflow/dags/transfer_date_of_bd.py for tasks to queue
[2026-02-28T11:29:44.111+0000] {logging_mixin.py:151} INFO - [2026-02-28T11:29:44.111+0000] {dagbag.py:539} INFO - Filling up the DagBag from /opt/airflow/dags/transfer_date_of_bd.py
[2026-02-28T11:29:44.430+0000] {processor.py:839} INFO - DAG(s) dict_keys(['sqlite_to_postgres_incremental']) retrieved from /opt/airflow/dags/transfer_date_of_bd.py
[2026-02-28T11:29:44.456+0000] {logging_mixin.py:151} INFO - [2026-02-28T11:29:44.456+0000] {dag.py:2915} INFO - Sync 1 DAGs
[2026-02-28T11:29:44.488+0000] {logging_mixin.py:151} INFO - [2026-02-28T11:29:44.488+0000] {dag.py:3696} INFO - Setting next_dagrun for sqlite_to_postgres_incremental to 2026-02-28T00:00:00+00:00, run_after=2026-03-01T00:00:00+00:00
[2026-02-28T11:29:44.509+0000] {processor.py:179} INFO - Processing /opt/airflow/dags/transfer_date_of_bd.py took 0.405 seconds
[2026-02-28T11:30:14.721+0000] {processor.py:157} INFO - Started process (PID=4086) to work on /opt/airflow/dags/transfer_date_of_bd.py
[2026-02-28T11:30:14.724+0000] {processor.py:829} INFO - Processing file /opt/airflow/dags/transfer_date_of_bd.py for tasks to queue
[2026-02-28T11:30:14.726+0000] {logging_mixin.py:151} INFO - [2026-02-28T11:30:14.726+0000] {dagbag.py:539} INFO - Filling up the DagBag from /opt/airflow/dags/transfer_date_of_bd.py
[2026-02-28T11:30:15.035+0000] {processor.py:839} INFO - DAG(s) dict_keys(['sqlite_to_postgres_incremental']) retrieved from /opt/airflow/dags/transfer_date_of_bd.py
[2026-02-28T11:30:15.066+0000] {logging_mixin.py:151} INFO - [2026-02-28T11:30:15.064+0000] {dag.py:2915} INFO - Sync 1 DAGs
[2026-02-28T11:30:15.090+0000] {logging_mixin.py:151} INFO - [2026-02-28T11:30:15.090+0000] {dag.py:3696} INFO - Setting next_dagrun for sqlite_to_postgres_incremental to 2026-02-28T00:00:00+00:00, run_after=2026-03-01T00:00:00+00:00
[2026-02-28T11:30:15.118+0000] {processor.py:179} INFO - Processing /opt/airflow/dags/transfer_date_of_bd.py took 0.402 seconds
[2026-02-28T11:30:45.310+0000] {processor.py:157} INFO - Started process (PID=4098) to work on /opt/airflow/dags/transfer_date_of_bd.py
[2026-02-28T11:30:45.311+0000] {processor.py:829} INFO - Processing file /opt/airflow/dags/transfer_date_of_bd.py for tasks to queue
[2026-02-28T11:30:45.312+0000] {logging_mixin.py:151} INFO - [2026-02-28T11:30:45.311+0000] {dagbag.py:539} INFO - Filling up the DagBag from /opt/airflow/dags/transfer_date_of_bd.py
[2026-02-28T11:30:45.622+0000] {processor.py:839} INFO - DAG(s) dict_keys(['sqlite_to_postgres_incremental']) retrieved from /opt/airflow/dags/transfer_date_of_bd.py
[2026-02-28T11:30:45.657+0000] {logging_mixin.py:151} INFO - [2026-02-28T11:30:45.656+0000] {dag.py:2915} INFO - Sync 1 DAGs
[2026-02-28T11:30:45.689+0000] {logging_mixin.py:151} INFO - [2026-02-28T11:30:45.689+0000] {dag.py:3696} INFO - Setting next_dagrun for sqlite_to_postgres_incremental to 2026-02-28T00:00:00+00:00, run_after=2026-03-01T00:00:00+00:00
[2026-02-28T11:30:45.734+0000] {processor.py:179} INFO - Processing /opt/airflow/dags/transfer_date_of_bd.py took 0.428 seconds
[2026-02-28T11:31:15.952+0000] {processor.py:157} INFO - Started process (PID=4110) to work on /opt/airflow/dags/transfer_date_of_bd.py
[2026-02-28T11:31:15.953+0000] {processor.py:829} INFO - Processing file /opt/airflow/dags/transfer_date_of_bd.py for tasks to queue
[2026-02-28T11:31:15.954+0000] {logging_mixin.py:151} INFO - [2026-02-28T11:31:15.954+0000] {dagbag.py:539} INFO - Filling up the DagBag from /opt/airflow/dags/transfer_date_of_bd.py
[2026-02-28T11:31:16.296+0000] {processor.py:839} INFO - DAG(s) dict_keys(['sqlite_to_postgres_incremental']) retrieved from /opt/airflow/dags/transfer_date_of_bd.py
[2026-02-28T11:31:16.325+0000] {logging_mixin.py:151} INFO - [2026-02-28T11:31:16.324+0000] {dag.py:2915} INFO - Sync 1 DAGs
[2026-02-28T11:31:16.349+0000] {logging_mixin.py:151} INFO - [2026-02-28T11:31:16.348+0000] {dag.py:3696} INFO - Setting next_dagrun for sqlite_to_postgres_incremental to 2026-02-28T00:00:00+00:00, run_after=2026-03-01T00:00:00+00:00
[2026-02-28T11:31:16.382+0000] {processor.py:179} INFO - Processing /opt/airflow/dags/transfer_date_of_bd.py took 0.433 seconds
[2026-02-28T11:31:46.589+0000] {processor.py:157} INFO - Started process (PID=4122) to work on /opt/airflow/dags/transfer_date_of_bd.py
[2026-02-28T11:31:46.590+0000] {processor.py:829} INFO - Processing file /opt/airflow/dags/transfer_date_of_bd.py for tasks to queue
[2026-02-28T11:31:46.591+0000] {logging_mixin.py:151} INFO - [2026-02-28T11:31:46.590+0000] {dagbag.py:539} INFO - Filling up the DagBag from /opt/airflow/dags/transfer_date_of_bd.py
[2026-02-28T11:31:46.915+0000] {processor.py:839} INFO - DAG(s) dict_keys(['sqlite_to_postgres_incremental']) retrieved from /opt/airflow/dags/transfer_date_of_bd.py
[2026-02-28T11:31:46.947+0000] {logging_mixin.py:151} INFO - [2026-02-28T11:31:46.947+0000] {dag.py:2915} INFO - Sync 1 DAGs
[2026-02-28T11:31:46.973+0000] {logging_mixin.py:151} INFO - [2026-02-28T11:31:46.973+0000] {dag.py:3696} INFO - Setting next_dagrun for sqlite_to_postgres_incremental to 2026-02-28T00:00:00+00:00, run_after=2026-03-01T00:00:00+00:00
[2026-02-28T11:31:46.998+0000] {processor.py:179} INFO - Processing /opt/airflow/dags/transfer_date_of_bd.py took 0.412 seconds
[2026-02-28T11:32:17.211+0000] {processor.py:157} INFO - Started process (PID=4134) to work on /opt/airflow/dags/transfer_date_of_bd.py
[2026-02-28T11:32:17.212+0000] {processor.py:829} INFO - Processing file /opt/airflow/dags/transfer_date_of_bd.py for tasks to queue
[2026-02-28T11:32:17.213+0000] {logging_mixin.py:151} INFO - [2026-02-28T11:32:17.212+0000] {dagbag.py:539} INFO - Filling up the DagBag from /opt/airflow/dags/transfer_date_of_bd.py
[2026-02-28T11:32:17.536+0000] {processor.py:839} INFO - DAG(s) dict_keys(['sqlite_to_postgres_incremental']) retrieved from /opt/airflow/dags/transfer_date_of_bd.py
[2026-02-28T11:32:17.572+0000] {logging_mixin.py:151} INFO - [2026-02-28T11:32:17.571+0000] {dag.py:2915} INFO - Sync 1 DAGs
[2026-02-28T11:32:17.597+0000] {logging_mixin.py:151} INFO - [2026-02-28T11:32:17.596+0000] {dag.py:3696} INFO - Setting next_dagrun for sqlite_to_postgres_incremental to 2026-02-28T00:00:00+00:00, run_after=2026-03-01T00:00:00+00:00
[2026-02-28T11:32:17.628+0000] {processor.py:179} INFO - Processing /opt/airflow/dags/transfer_date_of_bd.py took 0.421 seconds
[2026-02-28T11:32:47.846+0000] {processor.py:157} INFO - Started process (PID=4146) to work on /opt/airflow/dags/transfer_date_of_bd.py
[2026-02-28T11:32:47.847+0000] {processor.py:829} INFO - Processing file /opt/airflow/dags/transfer_date_of_bd.py for tasks to queue
[2026-02-28T11:32:47.849+0000] {logging_mixin.py:151} INFO - [2026-02-28T11:32:47.849+0000] {dagbag.py:539} INFO - Filling up the DagBag from /opt/airflow/dags/transfer_date_of_bd.py
[2026-02-28T11:32:48.197+0000] {processor.py:839} INFO - DAG(s) dict_keys(['sqlite_to_postgres_incremental']) retrieved from /opt/airflow/dags/transfer_date_of_bd.py
[2026-02-28T11:32:48.230+0000] {logging_mixin.py:151} INFO - [2026-02-28T11:32:48.229+0000] {dag.py:2915} INFO - Sync 1 DAGs
[2026-02-28T11:32:48.265+0000] {logging_mixin.py:151} INFO - [2026-02-28T11:32:48.265+0000] {dag.py:3696} INFO - Setting next_dagrun for sqlite_to_postgres_incremental to 2026-02-28T00:00:00+00:00, run_after=2026-03-01T00:00:00+00:00
[2026-02-28T11:32:48.305+0000] {processor.py:179} INFO - Processing /opt/airflow/dags/transfer_date_of_bd.py took 0.465 seconds
[2026-02-28T11:33:18.504+0000] {processor.py:157} INFO - Started process (PID=4158) to work on /opt/airflow/dags/transfer_date_of_bd.py
[2026-02-28T11:33:18.505+0000] {processor.py:829} INFO - Processing file /opt/airflow/dags/transfer_date_of_bd.py for tasks to queue
[2026-02-28T11:33:18.506+0000] {logging_mixin.py:151} INFO - [2026-02-28T11:33:18.506+0000] {dagbag.py:539} INFO - Filling up the DagBag from /opt/airflow/dags/transfer_date_of_bd.py
[2026-02-28T11:33:18.828+0000] {processor.py:839} INFO - DAG(s) dict_keys(['sqlite_to_postgres_incremental']) retrieved from /opt/airflow/dags/transfer_date_of_bd.py
[2026-02-28T11:33:18.863+0000] {logging_mixin.py:151} INFO - [2026-02-28T11:33:18.863+0000] {dag.py:2915} INFO - Sync 1 DAGs
[2026-02-28T11:33:18.887+0000] {logging_mixin.py:151} INFO - [2026-02-28T11:33:18.887+0000] {dag.py:3696} INFO - Setting next_dagrun for sqlite_to_postgres_incremental to 2026-02-28T00:00:00+00:00, run_after=2026-03-01T00:00:00+00:00
[2026-02-28T11:33:18.910+0000] {processor.py:179} INFO - Processing /opt/airflow/dags/transfer_date_of_bd.py took 0.410 seconds
[2026-02-28T11:33:49.126+0000] {processor.py:157} INFO - Started process (PID=4170) to work on /opt/airflow/dags/transfer_date_of_bd.py
[2026-02-28T11:33:49.127+0000] {processor.py:829} INFO - Processing file /opt/airflow/dags/transfer_date_of_bd.py for tasks to queue
[2026-02-28T11:33:49.128+0000] {logging_mixin.py:151} INFO - [2026-02-28T11:33:49.128+0000] {dagbag.py:539} INFO - Filling up the DagBag from /opt/airflow/dags/transfer_date_of_bd.py
[2026-02-28T11:33:49.451+0000] {processor.py:839} INFO - DAG(s) dict_keys(['sqlite_to_postgres_incremental']) retrieved from /opt/airflow/dags/transfer_date_of_bd.py
[2026-02-28T11:33:49.486+0000] {logging_mixin.py:151} INFO - [2026-02-28T11:33:49.486+0000] {dag.py:2915} INFO - Sync 1 DAGs
[2026-02-28T11:33:49.510+0000] {logging_mixin.py:151} INFO - [2026-02-28T11:33:49.509+0000] {dag.py:3696} INFO - Setting next_dagrun for sqlite_to_postgres_incremental to 2026-02-28T00:00:00+00:00, run_after=2026-03-01T00:00:00+00:00
[2026-02-28T11:33:49.532+0000] {processor.py:179} INFO - Processing /opt/airflow/dags/transfer_date_of_bd.py took 0.409 seconds
[2026-02-28T11:34:19.743+0000] {processor.py:157} INFO - Started process (PID=4182) to work on /opt/airflow/dags/transfer_date_of_bd.py
[2026-02-28T11:34:19.745+0000] {processor.py:829} INFO - Processing file /opt/airflow/dags/transfer_date_of_bd.py for tasks to queue
[2026-02-28T11:34:19.746+0000] {logging_mixin.py:151} INFO - [2026-02-28T11:34:19.745+0000] {dagbag.py:539} INFO - Filling up the DagBag from /opt/airflow/dags/transfer_date_of_bd.py
[2026-02-28T11:34:20.050+0000] {processor.py:839} INFO - DAG(s) dict_keys(['sqlite_to_postgres_incremental']) retrieved from /opt/airflow/dags/transfer_date_of_bd.py
[2026-02-28T11:34:20.090+0000] {logging_mixin.py:151} INFO - [2026-02-28T11:34:20.090+0000] {dag.py:2915} INFO - Sync 1 DAGs
[2026-02-28T11:34:20.116+0000] {logging_mixin.py:151} INFO - [2026-02-28T11:34:20.116+0000] {dag.py:3696} INFO - Setting next_dagrun for sqlite_to_postgres_incremental to 2026-02-28T00:00:00+00:00, run_after=2026-03-01T00:00:00+00:00
[2026-02-28T11:34:20.137+0000] {processor.py:179} INFO - Processing /opt/airflow/dags/transfer_date_of_bd.py took 0.397 seconds
[2026-02-28T11:34:50.363+0000] {processor.py:157} INFO - Started process (PID=4194) to work on /opt/airflow/dags/transfer_date_of_bd.py
[2026-02-28T11:34:50.364+0000] {processor.py:829} INFO - Processing file /opt/airflow/dags/transfer_date_of_bd.py for tasks to queue
[2026-02-28T11:34:50.365+0000] {logging_mixin.py:151} INFO - [2026-02-28T11:34:50.365+0000] {dagbag.py:539} INFO - Filling up the DagBag from /opt/airflow/dags/transfer_date_of_bd.py
[2026-02-28T11:34:50.675+0000] {processor.py:839} INFO - DAG(s) dict_keys(['sqlite_to_postgres_incremental']) retrieved from /opt/airflow/dags/transfer_date_of_bd.py
[2026-02-28T11:34:50.709+0000] {logging_mixin.py:151} INFO - [2026-02-28T11:34:50.708+0000] {dag.py:2915} INFO - Sync 1 DAGs
[2026-02-28T11:34:50.732+0000] {logging_mixin.py:151} INFO - [2026-02-28T11:34:50.732+0000] {dag.py:3696} INFO - Setting next_dagrun for sqlite_to_postgres_incremental to 2026-02-28T00:00:00+00:00, run_after=2026-03-01T00:00:00+00:00
[2026-02-28T11:34:50.759+0000] {processor.py:179} INFO - Processing /opt/airflow/dags/transfer_date_of_bd.py took 0.399 seconds
[2026-02-28T11:35:20.974+0000] {processor.py:157} INFO - Started process (PID=4206) to work on /opt/airflow/dags/transfer_date_of_bd.py
[2026-02-28T11:35:20.975+0000] {processor.py:829} INFO - Processing file /opt/airflow/dags/transfer_date_of_bd.py for tasks to queue
[2026-02-28T11:35:20.976+0000] {logging_mixin.py:151} INFO - [2026-02-28T11:35:20.976+0000] {dagbag.py:539} INFO - Filling up the DagBag from /opt/airflow/dags/transfer_date_of_bd.py
[2026-02-28T11:35:21.286+0000] {processor.py:839} INFO - DAG(s) dict_keys(['sqlite_to_postgres_incremental']) retrieved from /opt/airflow/dags/transfer_date_of_bd.py
[2026-02-28T11:35:21.318+0000] {logging_mixin.py:151} INFO - [2026-02-28T11:35:21.318+0000] {dag.py:2915} INFO - Sync 1 DAGs
[2026-02-28T11:35:21.343+0000] {logging_mixin.py:151} INFO - [2026-02-28T11:35:21.343+0000] {dag.py:3696} INFO - Setting next_dagrun for sqlite_to_postgres_incremental to 2026-02-28T00:00:00+00:00, run_after=2026-03-01T00:00:00+00:00
[2026-02-28T11:35:21.365+0000] {processor.py:179} INFO - Processing /opt/airflow/dags/transfer_date_of_bd.py took 0.395 seconds
[2026-02-28T11:35:51.564+0000] {processor.py:157} INFO - Started process (PID=4218) to work on /opt/airflow/dags/transfer_date_of_bd.py
[2026-02-28T11:35:51.567+0000] {processor.py:829} INFO - Processing file /opt/airflow/dags/transfer_date_of_bd.py for tasks to queue
[2026-02-28T11:35:51.570+0000] {logging_mixin.py:151} INFO - [2026-02-28T11:35:51.569+0000] {dagbag.py:539} INFO - Filling up the DagBag from /opt/airflow/dags/transfer_date_of_bd.py
[2026-02-28T11:35:51.881+0000] {processor.py:839} INFO - DAG(s) dict_keys(['sqlite_to_postgres_incremental']) retrieved from /opt/airflow/dags/transfer_date_of_bd.py
[2026-02-28T11:35:51.911+0000] {logging_mixin.py:151} INFO - [2026-02-28T11:35:51.910+0000] {dag.py:2915} INFO - Sync 1 DAGs
[2026-02-28T11:35:51.933+0000] {logging_mixin.py:151} INFO - [2026-02-28T11:35:51.933+0000] {dag.py:3696} INFO - Setting next_dagrun for sqlite_to_postgres_incremental to 2026-02-28T00:00:00+00:00, run_after=2026-03-01T00:00:00+00:00
[2026-02-28T11:35:51.961+0000] {processor.py:179} INFO - Processing /opt/airflow/dags/transfer_date_of_bd.py took 0.401 seconds
[2026-02-28T11:36:22.206+0000] {processor.py:157} INFO - Started process (PID=4230) to work on /opt/airflow/dags/transfer_date_of_bd.py
[2026-02-28T11:36:22.207+0000] {processor.py:829} INFO - Processing file /opt/airflow/dags/transfer_date_of_bd.py for tasks to queue
[2026-02-28T11:36:22.208+0000] {logging_mixin.py:151} INFO - [2026-02-28T11:36:22.208+0000] {dagbag.py:539} INFO - Filling up the DagBag from /opt/airflow/dags/transfer_date_of_bd.py
[2026-02-28T11:36:22.538+0000] {processor.py:839} INFO - DAG(s) dict_keys(['sqlite_to_postgres_incremental']) retrieved from /opt/airflow/dags/transfer_date_of_bd.py
[2026-02-28T11:36:22.572+0000] {logging_mixin.py:151} INFO - [2026-02-28T11:36:22.572+0000] {dag.py:2915} INFO - Sync 1 DAGs
[2026-02-28T11:36:22.597+0000] {logging_mixin.py:151} INFO - [2026-02-28T11:36:22.597+0000] {dag.py:3696} INFO - Setting next_dagrun for sqlite_to_postgres_incremental to 2026-02-28T00:00:00+00:00, run_after=2026-03-01T00:00:00+00:00
[2026-02-28T11:36:22.618+0000] {processor.py:179} INFO - Processing /opt/airflow/dags/transfer_date_of_bd.py took 0.416 seconds
[2026-02-28T11:36:52.832+0000] {processor.py:157} INFO - Started process (PID=4242) to work on /opt/airflow/dags/transfer_date_of_bd.py
[2026-02-28T11:36:52.834+0000] {processor.py:829} INFO - Processing file /opt/airflow/dags/transfer_date_of_bd.py for tasks to queue
[2026-02-28T11:36:52.835+0000] {logging_mixin.py:151} INFO - [2026-02-28T11:36:52.835+0000] {dagbag.py:539} INFO - Filling up the DagBag from /opt/airflow/dags/transfer_date_of_bd.py
[2026-02-28T11:36:53.149+0000] {processor.py:839} INFO - DAG(s) dict_keys(['sqlite_to_postgres_incremental']) retrieved from /opt/airflow/dags/transfer_date_of_bd.py
[2026-02-28T11:36:53.175+0000] {logging_mixin.py:151} INFO - [2026-02-28T11:36:53.175+0000] {dag.py:2915} INFO - Sync 1 DAGs
[2026-02-28T11:36:53.203+0000] {logging_mixin.py:151} INFO - [2026-02-28T11:36:53.202+0000] {dag.py:3696} INFO - Setting next_dagrun for sqlite_to_postgres_incremental to 2026-02-28T00:00:00+00:00, run_after=2026-03-01T00:00:00+00:00
[2026-02-28T11:36:53.227+0000] {processor.py:179} INFO - Processing /opt/airflow/dags/transfer_date_of_bd.py took 0.401 seconds
[2026-02-28T11:37:23.444+0000] {processor.py:157} INFO - Started process (PID=4254) to work on /opt/airflow/dags/transfer_date_of_bd.py
[2026-02-28T11:37:23.446+0000] {processor.py:829} INFO - Processing file /opt/airflow/dags/transfer_date_of_bd.py for tasks to queue
[2026-02-28T11:37:23.447+0000] {logging_mixin.py:151} INFO - [2026-02-28T11:37:23.447+0000] {dagbag.py:539} INFO - Filling up the DagBag from /opt/airflow/dags/transfer_date_of_bd.py
[2026-02-28T11:37:23.756+0000] {processor.py:839} INFO - DAG(s) dict_keys(['sqlite_to_postgres_incremental']) retrieved from /opt/airflow/dags/transfer_date_of_bd.py
[2026-02-28T11:37:23.783+0000] {logging_mixin.py:151} INFO - [2026-02-28T11:37:23.783+0000] {dag.py:2915} INFO - Sync 1 DAGs
[2026-02-28T11:37:23.814+0000] {logging_mixin.py:151} INFO - [2026-02-28T11:37:23.814+0000] {dag.py:3696} INFO - Setting next_dagrun for sqlite_to_postgres_incremental to 2026-02-28T00:00:00+00:00, run_after=2026-03-01T00:00:00+00:00
[2026-02-28T11:37:23.835+0000] {processor.py:179} INFO - Processing /opt/airflow/dags/transfer_date_of_bd.py took 0.395 seconds
[2026-02-28T11:37:54.037+0000] {processor.py:157} INFO - Started process (PID=4266) to work on /opt/airflow/dags/transfer_date_of_bd.py
[2026-02-28T11:37:54.038+0000] {processor.py:829} INFO - Processing file /opt/airflow/dags/transfer_date_of_bd.py for tasks to queue
[2026-02-28T11:37:54.039+0000] {logging_mixin.py:151} INFO - [2026-02-28T11:37:54.039+0000] {dagbag.py:539} INFO - Filling up the DagBag from /opt/airflow/dags/transfer_date_of_bd.py
[2026-02-28T11:37:54.344+0000] {processor.py:839} INFO - DAG(s) dict_keys(['sqlite_to_postgres_incremental']) retrieved from /opt/airflow/dags/transfer_date_of_bd.py
[2026-02-28T11:37:54.378+0000] {logging_mixin.py:151} INFO - [2026-02-28T11:37:54.377+0000] {dag.py:2915} INFO - Sync 1 DAGs
[2026-02-28T11:37:54.402+0000] {logging_mixin.py:151} INFO - [2026-02-28T11:37:54.402+0000] {dag.py:3696} INFO - Setting next_dagrun for sqlite_to_postgres_incremental to 2026-02-28T00:00:00+00:00, run_after=2026-03-01T00:00:00+00:00
[2026-02-28T11:37:54.423+0000] {processor.py:179} INFO - Processing /opt/airflow/dags/transfer_date_of_bd.py took 0.389 seconds
[2026-02-28T11:38:24.644+0000] {processor.py:157} INFO - Started process (PID=4278) to work on /opt/airflow/dags/transfer_date_of_bd.py
[2026-02-28T11:38:24.646+0000] {processor.py:829} INFO - Processing file /opt/airflow/dags/transfer_date_of_bd.py for tasks to queue
[2026-02-28T11:38:24.649+0000] {logging_mixin.py:151} INFO - [2026-02-28T11:38:24.648+0000] {dagbag.py:539} INFO - Filling up the DagBag from /opt/airflow/dags/transfer_date_of_bd.py
[2026-02-28T11:38:24.950+0000] {processor.py:839} INFO - DAG(s) dict_keys(['sqlite_to_postgres_incremental']) retrieved from /opt/airflow/dags/transfer_date_of_bd.py
[2026-02-28T11:38:24.983+0000] {logging_mixin.py:151} INFO - [2026-02-28T11:38:24.982+0000] {dag.py:2915} INFO - Sync 1 DAGs
[2026-02-28T11:38:25.005+0000] {logging_mixin.py:151} INFO - [2026-02-28T11:38:25.005+0000] {dag.py:3696} INFO - Setting next_dagrun for sqlite_to_postgres_incremental to 2026-02-28T00:00:00+00:00, run_after=2026-03-01T00:00:00+00:00
[2026-02-28T11:38:25.033+0000] {processor.py:179} INFO - Processing /opt/airflow/dags/transfer_date_of_bd.py took 0.395 seconds
[2026-02-28T11:38:55.227+0000] {processor.py:157} INFO - Started process (PID=4290) to work on /opt/airflow/dags/transfer_date_of_bd.py
[2026-02-28T11:38:55.231+0000] {processor.py:829} INFO - Processing file /opt/airflow/dags/transfer_date_of_bd.py for tasks to queue
[2026-02-28T11:38:55.233+0000] {logging_mixin.py:151} INFO - [2026-02-28T11:38:55.232+0000] {dagbag.py:539} INFO - Filling up the DagBag from /opt/airflow/dags/transfer_date_of_bd.py
[2026-02-28T11:38:55.549+0000] {processor.py:839} INFO - DAG(s) dict_keys(['sqlite_to_postgres_incremental']) retrieved from /opt/airflow/dags/transfer_date_of_bd.py
[2026-02-28T11:38:55.575+0000] {logging_mixin.py:151} INFO - [2026-02-28T11:38:55.574+0000] {dag.py:2915} INFO - Sync 1 DAGs
[2026-02-28T11:38:55.596+0000] {logging_mixin.py:151} INFO - [2026-02-28T11:38:55.596+0000] {dag.py:3696} INFO - Setting next_dagrun for sqlite_to_postgres_incremental to 2026-02-28T00:00:00+00:00, run_after=2026-03-01T00:00:00+00:00
[2026-02-28T11:38:55.616+0000] {processor.py:179} INFO - Processing /opt/airflow/dags/transfer_date_of_bd.py took 0.393 seconds
[2026-02-28T11:39:25.858+0000] {processor.py:157} INFO - Started process (PID=4302) to work on /opt/airflow/dags/transfer_date_of_bd.py
[2026-02-28T11:39:25.859+0000] {processor.py:829} INFO - Processing file /opt/airflow/dags/transfer_date_of_bd.py for tasks to queue
[2026-02-28T11:39:25.861+0000] {logging_mixin.py:151} INFO - [2026-02-28T11:39:25.861+0000] {dagbag.py:539} INFO - Filling up the DagBag from /opt/airflow/dags/transfer_date_of_bd.py
[2026-02-28T11:39:26.263+0000] {processor.py:839} INFO - DAG(s) dict_keys(['sqlite_to_postgres_incremental']) retrieved from /opt/airflow/dags/transfer_date_of_bd.py
[2026-02-28T11:39:26.290+0000] {logging_mixin.py:151} INFO - [2026-02-28T11:39:26.289+0000] {dag.py:2915} INFO - Sync 1 DAGs
[2026-02-28T11:39:26.324+0000] {logging_mixin.py:151} INFO - [2026-02-28T11:39:26.323+0000] {dag.py:3696} INFO - Setting next_dagrun for sqlite_to_postgres_incremental to 2026-02-28T00:00:00+00:00, run_after=2026-03-01T00:00:00+00:00
[2026-02-28T11:39:26.348+0000] {processor.py:179} INFO - Processing /opt/airflow/dags/transfer_date_of_bd.py took 0.494 seconds
[2026-02-28T11:39:56.625+0000] {processor.py:157} INFO - Started process (PID=4314) to work on /opt/airflow/dags/transfer_date_of_bd.py
[2026-02-28T11:39:56.626+0000] {processor.py:829} INFO - Processing file /opt/airflow/dags/transfer_date_of_bd.py for tasks to queue
[2026-02-28T11:39:56.628+0000] {logging_mixin.py:151} INFO - [2026-02-28T11:39:56.627+0000] {dagbag.py:539} INFO - Filling up the DagBag from /opt/airflow/dags/transfer_date_of_bd.py
[2026-02-28T11:39:56.967+0000] {processor.py:839} INFO - DAG(s) dict_keys(['sqlite_to_postgres_incremental']) retrieved from /opt/airflow/dags/transfer_date_of_bd.py
[2026-02-28T11:39:57.005+0000] {logging_mixin.py:151} INFO - [2026-02-28T11:39:57.004+0000] {dag.py:2915} INFO - Sync 1 DAGs
[2026-02-28T11:39:57.034+0000] {logging_mixin.py:151} INFO - [2026-02-28T11:39:57.033+0000] {dag.py:3696} INFO - Setting next_dagrun for sqlite_to_postgres_incremental to 2026-02-28T00:00:00+00:00, run_after=2026-03-01T00:00:00+00:00
[2026-02-28T11:39:57.067+0000] {processor.py:179} INFO - Processing /opt/airflow/dags/transfer_date_of_bd.py took 0.447 seconds
[2026-02-28T11:40:27.294+0000] {processor.py:157} INFO - Started process (PID=4326) to work on /opt/airflow/dags/transfer_date_of_bd.py
[2026-02-28T11:40:27.296+0000] {processor.py:829} INFO - Processing file /opt/airflow/dags/transfer_date_of_bd.py for tasks to queue
[2026-02-28T11:40:27.297+0000] {logging_mixin.py:151} INFO - [2026-02-28T11:40:27.297+0000] {dagbag.py:539} INFO - Filling up the DagBag from /opt/airflow/dags/transfer_date_of_bd.py
[2026-02-28T11:40:27.676+0000] {processor.py:839} INFO - DAG(s) dict_keys(['sqlite_to_postgres_incremental']) retrieved from /opt/airflow/dags/transfer_date_of_bd.py
[2026-02-28T11:40:27.715+0000] {logging_mixin.py:151} INFO - [2026-02-28T11:40:27.711+0000] {dag.py:2915} INFO - Sync 1 DAGs
[2026-02-28T11:40:27.752+0000] {logging_mixin.py:151} INFO - [2026-02-28T11:40:27.751+0000] {dag.py:3696} INFO - Setting next_dagrun for sqlite_to_postgres_incremental to 2026-02-28T00:00:00+00:00, run_after=2026-03-01T00:00:00+00:00
[2026-02-28T11:40:27.777+0000] {processor.py:179} INFO - Processing /opt/airflow/dags/transfer_date_of_bd.py took 0.487 seconds
[2026-02-28T11:40:58.010+0000] {processor.py:157} INFO - Started process (PID=4338) to work on /opt/airflow/dags/transfer_date_of_bd.py
[2026-02-28T11:40:58.012+0000] {processor.py:829} INFO - Processing file /opt/airflow/dags/transfer_date_of_bd.py for tasks to queue
[2026-02-28T11:40:58.014+0000] {logging_mixin.py:151} INFO - [2026-02-28T11:40:58.013+0000] {dagbag.py:539} INFO - Filling up the DagBag from /opt/airflow/dags/transfer_date_of_bd.py
[2026-02-28T11:40:58.340+0000] {processor.py:839} INFO - DAG(s) dict_keys(['sqlite_to_postgres_incremental']) retrieved from /opt/airflow/dags/transfer_date_of_bd.py
[2026-02-28T11:40:58.373+0000] {logging_mixin.py:151} INFO - [2026-02-28T11:40:58.373+0000] {dag.py:2915} INFO - Sync 1 DAGs
[2026-02-28T11:40:58.401+0000] {logging_mixin.py:151} INFO - [2026-02-28T11:40:58.401+0000] {dag.py:3696} INFO - Setting next_dagrun for sqlite_to_postgres_incremental to 2026-02-28T00:00:00+00:00, run_after=2026-03-01T00:00:00+00:00
[2026-02-28T11:40:58.425+0000] {processor.py:179} INFO - Processing /opt/airflow/dags/transfer_date_of_bd.py took 0.418 seconds
[2026-02-28T11:41:28.632+0000] {processor.py:157} INFO - Started process (PID=4350) to work on /opt/airflow/dags/transfer_date_of_bd.py
[2026-02-28T11:41:28.633+0000] {processor.py:829} INFO - Processing file /opt/airflow/dags/transfer_date_of_bd.py for tasks to queue
[2026-02-28T11:41:28.634+0000] {logging_mixin.py:151} INFO - [2026-02-28T11:41:28.633+0000] {dagbag.py:539} INFO - Filling up the DagBag from /opt/airflow/dags/transfer_date_of_bd.py
[2026-02-28T11:41:28.937+0000] {processor.py:839} INFO - DAG(s) dict_keys(['sqlite_to_postgres_incremental']) retrieved from /opt/airflow/dags/transfer_date_of_bd.py
[2026-02-28T11:41:28.966+0000] {logging_mixin.py:151} INFO - [2026-02-28T11:41:28.965+0000] {dag.py:2915} INFO - Sync 1 DAGs
[2026-02-28T11:41:28.988+0000] {logging_mixin.py:151} INFO - [2026-02-28T11:41:28.987+0000] {dag.py:3696} INFO - Setting next_dagrun for sqlite_to_postgres_incremental to 2026-02-28T00:00:00+00:00, run_after=2026-03-01T00:00:00+00:00
[2026-02-28T11:41:29.016+0000] {processor.py:179} INFO - Processing /opt/airflow/dags/transfer_date_of_bd.py took 0.388 seconds
[2026-02-28T11:41:59.233+0000] {processor.py:157} INFO - Started process (PID=4362) to work on /opt/airflow/dags/transfer_date_of_bd.py
[2026-02-28T11:41:59.234+0000] {processor.py:829} INFO - Processing file /opt/airflow/dags/transfer_date_of_bd.py for tasks to queue
[2026-02-28T11:41:59.235+0000] {logging_mixin.py:151} INFO - [2026-02-28T11:41:59.235+0000] {dagbag.py:539} INFO - Filling up the DagBag from /opt/airflow/dags/transfer_date_of_bd.py
[2026-02-28T11:41:59.560+0000] {processor.py:839} INFO - DAG(s) dict_keys(['sqlite_to_postgres_incremental']) retrieved from /opt/airflow/dags/transfer_date_of_bd.py
[2026-02-28T11:41:59.586+0000] {logging_mixin.py:151} INFO - [2026-02-28T11:41:59.585+0000] {dag.py:2915} INFO - Sync 1 DAGs
[2026-02-28T11:41:59.612+0000] {logging_mixin.py:151} INFO - [2026-02-28T11:41:59.611+0000] {dag.py:3696} INFO - Setting next_dagrun for sqlite_to_postgres_incremental to 2026-02-28T00:00:00+00:00, run_after=2026-03-01T00:00:00+00:00
[2026-02-28T11:41:59.635+0000] {processor.py:179} INFO - Processing /opt/airflow/dags/transfer_date_of_bd.py took 0.406 seconds
[2026-02-28T11:42:29.854+0000] {processor.py:157} INFO - Started process (PID=4374) to work on /opt/airflow/dags/transfer_date_of_bd.py
[2026-02-28T11:42:29.857+0000] {processor.py:829} INFO - Processing file /opt/airflow/dags/transfer_date_of_bd.py for tasks to queue
[2026-02-28T11:42:29.858+0000] {logging_mixin.py:151} INFO - [2026-02-28T11:42:29.858+0000] {dagbag.py:539} INFO - Filling up the DagBag from /opt/airflow/dags/transfer_date_of_bd.py
[2026-02-28T11:42:30.170+0000] {processor.py:839} INFO - DAG(s) dict_keys(['sqlite_to_postgres_incremental']) retrieved from /opt/airflow/dags/transfer_date_of_bd.py
[2026-02-28T11:42:30.198+0000] {logging_mixin.py:151} INFO - [2026-02-28T11:42:30.198+0000] {dag.py:2915} INFO - Sync 1 DAGs
[2026-02-28T11:42:30.224+0000] {logging_mixin.py:151} INFO - [2026-02-28T11:42:30.224+0000] {dag.py:3696} INFO - Setting next_dagrun for sqlite_to_postgres_incremental to 2026-02-28T00:00:00+00:00, run_after=2026-03-01T00:00:00+00:00
[2026-02-28T11:42:30.254+0000] {processor.py:179} INFO - Processing /opt/airflow/dags/transfer_date_of_bd.py took 0.405 seconds
[2026-02-28T11:43:00.453+0000] {processor.py:157} INFO - Started process (PID=4386) to work on /opt/airflow/dags/transfer_date_of_bd.py
[2026-02-28T11:43:00.454+0000] {processor.py:829} INFO - Processing file /opt/airflow/dags/transfer_date_of_bd.py for tasks to queue
[2026-02-28T11:43:00.455+0000] {logging_mixin.py:151} INFO - [2026-02-28T11:43:00.454+0000] {dagbag.py:539} INFO - Filling up the DagBag from /opt/airflow/dags/transfer_date_of_bd.py
[2026-02-28T11:43:00.773+0000] {processor.py:839} INFO - DAG(s) dict_keys(['sqlite_to_postgres_incremental']) retrieved from /opt/airflow/dags/transfer_date_of_bd.py
[2026-02-28T11:43:00.810+0000] {logging_mixin.py:151} INFO - [2026-02-28T11:43:00.810+0000] {dag.py:2915} INFO - Sync 1 DAGs
[2026-02-28T11:43:00.835+0000] {logging_mixin.py:151} INFO - [2026-02-28T11:43:00.834+0000] {dag.py:3696} INFO - Setting next_dagrun for sqlite_to_postgres_incremental to 2026-02-28T00:00:00+00:00, run_after=2026-03-01T00:00:00+00:00
[2026-02-28T11:43:00.857+0000] {processor.py:179} INFO - Processing /opt/airflow/dags/transfer_date_of_bd.py took 0.408 seconds
[2026-02-28T11:43:31.074+0000] {processor.py:157} INFO - Started process (PID=4398) to work on /opt/airflow/dags/transfer_date_of_bd.py
[2026-02-28T11:43:31.075+0000] {processor.py:829} INFO - Processing file /opt/airflow/dags/transfer_date_of_bd.py for tasks to queue
[2026-02-28T11:43:31.076+0000] {logging_mixin.py:151} INFO - [2026-02-28T11:43:31.076+0000] {dagbag.py:539} INFO - Filling up the DagBag from /opt/airflow/dags/transfer_date_of_bd.py
[2026-02-28T11:43:31.385+0000] {processor.py:839} INFO - DAG(s) dict_keys(['sqlite_to_postgres_incremental']) retrieved from /opt/airflow/dags/transfer_date_of_bd.py
[2026-02-28T11:43:31.415+0000] {logging_mixin.py:151} INFO - [2026-02-28T11:43:31.412+0000] {dag.py:2915} INFO - Sync 1 DAGs
[2026-02-28T11:43:31.445+0000] {logging_mixin.py:151} INFO - [2026-02-28T11:43:31.444+0000] {dag.py:3696} INFO - Setting next_dagrun for sqlite_to_postgres_incremental to 2026-02-28T00:00:00+00:00, run_after=2026-03-01T00:00:00+00:00
[2026-02-28T11:43:31.465+0000] {processor.py:179} INFO - Processing /opt/airflow/dags/transfer_date_of_bd.py took 0.394 seconds
[2026-02-28T11:44:01.693+0000] {processor.py:157} INFO - Started process (PID=4410) to work on /opt/airflow/dags/transfer_date_of_bd.py
[2026-02-28T11:44:01.694+0000] {processor.py:829} INFO - Processing file /opt/airflow/dags/transfer_date_of_bd.py for tasks to queue
[2026-02-28T11:44:01.696+0000] {logging_mixin.py:151} INFO - [2026-02-28T11:44:01.695+0000] {dagbag.py:539} INFO - Filling up the DagBag from /opt/airflow/dags/transfer_date_of_bd.py
[2026-02-28T11:44:02.029+0000] {processor.py:839} INFO - DAG(s) dict_keys(['sqlite_to_postgres_incremental']) retrieved from /opt/airflow/dags/transfer_date_of_bd.py
[2026-02-28T11:44:02.057+0000] {logging_mixin.py:151} INFO - [2026-02-28T11:44:02.057+0000] {dag.py:2915} INFO - Sync 1 DAGs
[2026-02-28T11:44:02.080+0000] {logging_mixin.py:151} INFO - [2026-02-28T11:44:02.080+0000] {dag.py:3696} INFO - Setting next_dagrun for sqlite_to_postgres_incremental to 2026-02-28T00:00:00+00:00, run_after=2026-03-01T00:00:00+00:00
[2026-02-28T11:44:02.106+0000] {processor.py:179} INFO - Processing /opt/airflow/dags/transfer_date_of_bd.py took 0.418 seconds
[2026-02-28T11:44:32.334+0000] {processor.py:157} INFO - Started process (PID=4422) to work on /opt/airflow/dags/transfer_date_of_bd.py
[2026-02-28T11:44:32.335+0000] {processor.py:829} INFO - Processing file /opt/airflow/dags/transfer_date_of_bd.py for tasks to queue
[2026-02-28T11:44:32.336+0000] {logging_mixin.py:151} INFO - [2026-02-28T11:44:32.336+0000] {dagbag.py:539} INFO - Filling up the DagBag from /opt/airflow/dags/transfer_date_of_bd.py
[2026-02-28T11:44:32.643+0000] {processor.py:839} INFO - DAG(s) dict_keys(['sqlite_to_postgres_incremental']) retrieved from /opt/airflow/dags/transfer_date_of_bd.py
[2026-02-28T11:44:32.671+0000] {logging_mixin.py:151} INFO - [2026-02-28T11:44:32.671+0000] {dag.py:2915} INFO - Sync 1 DAGs
[2026-02-28T11:44:32.694+0000] {logging_mixin.py:151} INFO - [2026-02-28T11:44:32.694+0000] {dag.py:3696} INFO - Setting next_dagrun for sqlite_to_postgres_incremental to 2026-02-28T00:00:00+00:00, run_after=2026-03-01T00:00:00+00:00
[2026-02-28T11:44:32.721+0000] {processor.py:179} INFO - Processing /opt/airflow/dags/transfer_date_of_bd.py took 0.391 seconds
[2026-02-28T11:45:02.987+0000] {processor.py:157} INFO - Started process (PID=4434) to work on /opt/airflow/dags/transfer_date_of_bd.py
[2026-02-28T11:45:02.989+0000] {processor.py:829} INFO - Processing file /opt/airflow/dags/transfer_date_of_bd.py for tasks to queue
[2026-02-28T11:45:02.991+0000] {logging_mixin.py:151} INFO - [2026-02-28T11:45:02.990+0000] {dagbag.py:539} INFO - Filling up the DagBag from /opt/airflow/dags/transfer_date_of_bd.py
[2026-02-28T11:45:03.311+0000] {processor.py:839} INFO - DAG(s) dict_keys(['sqlite_to_postgres_incremental']) retrieved from /opt/airflow/dags/transfer_date_of_bd.py
[2026-02-28T11:45:03.337+0000] {logging_mixin.py:151} INFO - [2026-02-28T11:45:03.337+0000] {dag.py:2915} INFO - Sync 1 DAGs
[2026-02-28T11:45:03.368+0000] {logging_mixin.py:151} INFO - [2026-02-28T11:45:03.368+0000] {dag.py:3696} INFO - Setting next_dagrun for sqlite_to_postgres_incremental to 2026-02-28T00:00:00+00:00, run_after=2026-03-01T00:00:00+00:00
[2026-02-28T11:45:03.390+0000] {processor.py:179} INFO - Processing /opt/airflow/dags/transfer_date_of_bd.py took 0.409 seconds
[2026-02-28T11:45:33.597+0000] {processor.py:157} INFO - Started process (PID=4446) to work on /opt/airflow/dags/transfer_date_of_bd.py
[2026-02-28T11:45:33.599+0000] {processor.py:829} INFO - Processing file /opt/airflow/dags/transfer_date_of_bd.py for tasks to queue
[2026-02-28T11:45:33.602+0000] {logging_mixin.py:151} INFO - [2026-02-28T11:45:33.601+0000] {dagbag.py:539} INFO - Filling up the DagBag from /opt/airflow/dags/transfer_date_of_bd.py
[2026-02-28T11:45:33.905+0000] {processor.py:839} INFO - DAG(s) dict_keys(['sqlite_to_postgres_incremental']) retrieved from /opt/airflow/dags/transfer_date_of_bd.py
[2026-02-28T11:45:33.936+0000] {logging_mixin.py:151} INFO - [2026-02-28T11:45:33.935+0000] {dag.py:2915} INFO - Sync 1 DAGs
[2026-02-28T11:45:33.959+0000] {logging_mixin.py:151} INFO - [2026-02-28T11:45:33.958+0000] {dag.py:3696} INFO - Setting next_dagrun for sqlite_to_postgres_incremental to 2026-02-28T00:00:00+00:00, run_after=2026-03-01T00:00:00+00:00
[2026-02-28T11:45:33.978+0000] {processor.py:179} INFO - Processing /opt/airflow/dags/transfer_date_of_bd.py took 0.387 seconds
[2026-02-28T11:46:04.199+0000] {processor.py:157} INFO - Started process (PID=4458) to work on /opt/airflow/dags/transfer_date_of_bd.py
[2026-02-28T11:46:04.201+0000] {processor.py:829} INFO - Processing file /opt/airflow/dags/transfer_date_of_bd.py for tasks to queue
[2026-02-28T11:46:04.202+0000] {logging_mixin.py:151} INFO - [2026-02-28T11:46:04.201+0000] {dagbag.py:539} INFO - Filling up the DagBag from /opt/airflow/dags/transfer_date_of_bd.py
[2026-02-28T11:46:04.532+0000] {processor.py:839} INFO - DAG(s) dict_keys(['sqlite_to_postgres_incremental']) retrieved from /opt/airflow/dags/transfer_date_of_bd.py
[2026-02-28T11:46:04.567+0000] {logging_mixin.py:151} INFO - [2026-02-28T11:46:04.565+0000] {dag.py:2915} INFO - Sync 1 DAGs
[2026-02-28T11:46:04.590+0000] {logging_mixin.py:151} INFO - [2026-02-28T11:46:04.590+0000] {dag.py:3696} INFO - Setting next_dagrun for sqlite_to_postgres_incremental to 2026-02-28T00:00:00+00:00, run_after=2026-03-01T00:00:00+00:00
[2026-02-28T11:46:04.625+0000] {processor.py:179} INFO - Processing /opt/airflow/dags/transfer_date_of_bd.py took 0.430 seconds
[2026-02-28T11:46:34.837+0000] {processor.py:157} INFO - Started process (PID=4470) to work on /opt/airflow/dags/transfer_date_of_bd.py
[2026-02-28T11:46:34.838+0000] {processor.py:829} INFO - Processing file /opt/airflow/dags/transfer_date_of_bd.py for tasks to queue
[2026-02-28T11:46:34.839+0000] {logging_mixin.py:151} INFO - [2026-02-28T11:46:34.839+0000] {dagbag.py:539} INFO - Filling up the DagBag from /opt/airflow/dags/transfer_date_of_bd.py
[2026-02-28T11:46:35.144+0000] {processor.py:839} INFO - DAG(s) dict_keys(['sqlite_to_postgres_incremental']) retrieved from /opt/airflow/dags/transfer_date_of_bd.py
[2026-02-28T11:46:35.172+0000] {logging_mixin.py:151} INFO - [2026-02-28T11:46:35.172+0000] {dag.py:2915} INFO - Sync 1 DAGs
[2026-02-28T11:46:35.202+0000] {logging_mixin.py:151} INFO - [2026-02-28T11:46:35.201+0000] {dag.py:3696} INFO - Setting next_dagrun for sqlite_to_postgres_incremental to 2026-02-28T00:00:00+00:00, run_after=2026-03-01T00:00:00+00:00
[2026-02-28T11:46:35.222+0000] {processor.py:179} INFO - Processing /opt/airflow/dags/transfer_date_of_bd.py took 0.388 seconds
[2026-02-28T11:47:05.440+0000] {processor.py:157} INFO - Started process (PID=4482) to work on /opt/airflow/dags/transfer_date_of_bd.py
[2026-02-28T11:47:05.442+0000] {processor.py:829} INFO - Processing file /opt/airflow/dags/transfer_date_of_bd.py for tasks to queue
[2026-02-28T11:47:05.443+0000] {logging_mixin.py:151} INFO - [2026-02-28T11:47:05.443+0000] {dagbag.py:539} INFO - Filling up the DagBag from /opt/airflow/dags/transfer_date_of_bd.py
[2026-02-28T11:47:05.754+0000] {processor.py:839} INFO - DAG(s) dict_keys(['sqlite_to_postgres_incremental']) retrieved from /opt/airflow/dags/transfer_date_of_bd.py
[2026-02-28T11:47:05.779+0000] {logging_mixin.py:151} INFO - [2026-02-28T11:47:05.779+0000] {dag.py:2915} INFO - Sync 1 DAGs
[2026-02-28T11:47:05.809+0000] {logging_mixin.py:151} INFO - [2026-02-28T11:47:05.809+0000] {dag.py:3696} INFO - Setting next_dagrun for sqlite_to_postgres_incremental to 2026-02-28T00:00:00+00:00, run_after=2026-03-01T00:00:00+00:00
[2026-02-28T11:47:05.830+0000] {processor.py:179} INFO - Processing /opt/airflow/dags/transfer_date_of_bd.py took 0.394 seconds
[2026-02-28T11:47:36.038+0000] {processor.py:157} INFO - Started process (PID=4494) to work on /opt/airflow/dags/transfer_date_of_bd.py
[2026-02-28T11:47:36.040+0000] {processor.py:829} INFO - Processing file /opt/airflow/dags/transfer_date_of_bd.py for tasks to queue
[2026-02-28T11:47:36.041+0000] {logging_mixin.py:151} INFO - [2026-02-28T11:47:36.040+0000] {dagbag.py:539} INFO - Filling up the DagBag from /opt/airflow/dags/transfer_date_of_bd.py
[2026-02-28T11:47:36.351+0000] {processor.py:839} INFO - DAG(s) dict_keys(['sqlite_to_postgres_incremental']) retrieved from /opt/airflow/dags/transfer_date_of_bd.py
[2026-02-28T11:47:36.403+0000] {logging_mixin.py:151} INFO - [2026-02-28T11:47:36.402+0000] {dag.py:2915} INFO - Sync 1 DAGs
[2026-02-28T11:47:36.444+0000] {logging_mixin.py:151} INFO - [2026-02-28T11:47:36.444+0000] {dag.py:3696} INFO - Setting next_dagrun for sqlite_to_postgres_incremental to 2026-02-28T00:00:00+00:00, run_after=2026-03-01T00:00:00+00:00
[2026-02-28T11:47:36.492+0000] {processor.py:179} INFO - Processing /opt/airflow/dags/transfer_date_of_bd.py took 0.457 seconds
[2026-02-28T11:48:06.710+0000] {processor.py:157} INFO - Started process (PID=4506) to work on /opt/airflow/dags/transfer_date_of_bd.py
[2026-02-28T11:48:06.711+0000] {processor.py:829} INFO - Processing file /opt/airflow/dags/transfer_date_of_bd.py for tasks to queue
[2026-02-28T11:48:06.712+0000] {logging_mixin.py:151} INFO - [2026-02-28T11:48:06.712+0000] {dagbag.py:539} INFO - Filling up the DagBag from /opt/airflow/dags/transfer_date_of_bd.py
[2026-02-28T11:48:07.020+0000] {processor.py:839} INFO - DAG(s) dict_keys(['sqlite_to_postgres_incremental']) retrieved from /opt/airflow/dags/transfer_date_of_bd.py
[2026-02-28T11:48:07.054+0000] {logging_mixin.py:151} INFO - [2026-02-28T11:48:07.053+0000] {dag.py:2915} INFO - Sync 1 DAGs
[2026-02-28T11:48:07.077+0000] {logging_mixin.py:151} INFO - [2026-02-28T11:48:07.077+0000] {dag.py:3696} INFO - Setting next_dagrun for sqlite_to_postgres_incremental to 2026-02-28T00:00:00+00:00, run_after=2026-03-01T00:00:00+00:00
[2026-02-28T11:48:07.101+0000] {processor.py:179} INFO - Processing /opt/airflow/dags/transfer_date_of_bd.py took 0.395 seconds
[2026-02-28T11:48:37.306+0000] {processor.py:157} INFO - Started process (PID=4518) to work on /opt/airflow/dags/transfer_date_of_bd.py
[2026-02-28T11:48:37.308+0000] {processor.py:829} INFO - Processing file /opt/airflow/dags/transfer_date_of_bd.py for tasks to queue
[2026-02-28T11:48:37.309+0000] {logging_mixin.py:151} INFO - [2026-02-28T11:48:37.308+0000] {dagbag.py:539} INFO - Filling up the DagBag from /opt/airflow/dags/transfer_date_of_bd.py
[2026-02-28T11:48:37.659+0000] {processor.py:839} INFO - DAG(s) dict_keys(['sqlite_to_postgres_incremental']) retrieved from /opt/airflow/dags/transfer_date_of_bd.py
[2026-02-28T11:48:37.688+0000] {logging_mixin.py:151} INFO - [2026-02-28T11:48:37.687+0000] {dag.py:2915} INFO - Sync 1 DAGs
[2026-02-28T11:48:37.717+0000] {logging_mixin.py:151} INFO - [2026-02-28T11:48:37.717+0000] {dag.py:3696} INFO - Setting next_dagrun for sqlite_to_postgres_incremental to 2026-02-28T00:00:00+00:00, run_after=2026-03-01T00:00:00+00:00
[2026-02-28T11:48:37.743+0000] {processor.py:179} INFO - Processing /opt/airflow/dags/transfer_date_of_bd.py took 0.443 seconds
[2026-02-28T11:49:07.978+0000] {processor.py:157} INFO - Started process (PID=4530) to work on /opt/airflow/dags/transfer_date_of_bd.py
[2026-02-28T11:49:07.979+0000] {processor.py:829} INFO - Processing file /opt/airflow/dags/transfer_date_of_bd.py for tasks to queue
[2026-02-28T11:49:07.981+0000] {logging_mixin.py:151} INFO - [2026-02-28T11:49:07.980+0000] {dagbag.py:539} INFO - Filling up the DagBag from /opt/airflow/dags/transfer_date_of_bd.py
[2026-02-28T11:49:08.293+0000] {processor.py:839} INFO - DAG(s) dict_keys(['sqlite_to_postgres_incremental']) retrieved from /opt/airflow/dags/transfer_date_of_bd.py
[2026-02-28T11:49:08.319+0000] {logging_mixin.py:151} INFO - [2026-02-28T11:49:08.319+0000] {dag.py:2915} INFO - Sync 1 DAGs
[2026-02-28T11:49:08.342+0000] {logging_mixin.py:151} INFO - [2026-02-28T11:49:08.342+0000] {dag.py:3696} INFO - Setting next_dagrun for sqlite_to_postgres_incremental to 2026-02-28T00:00:00+00:00, run_after=2026-03-01T00:00:00+00:00
[2026-02-28T11:49:08.370+0000] {processor.py:179} INFO - Processing /opt/airflow/dags/transfer_date_of_bd.py took 0.396 seconds
[2026-02-28T11:49:38.644+0000] {processor.py:157} INFO - Started process (PID=4542) to work on /opt/airflow/dags/transfer_date_of_bd.py
[2026-02-28T11:49:38.645+0000] {processor.py:829} INFO - Processing file /opt/airflow/dags/transfer_date_of_bd.py for tasks to queue
[2026-02-28T11:49:38.647+0000] {logging_mixin.py:151} INFO - [2026-02-28T11:49:38.646+0000] {dagbag.py:539} INFO - Filling up the DagBag from /opt/airflow/dags/transfer_date_of_bd.py
[2026-02-28T11:49:39.010+0000] {processor.py:839} INFO - DAG(s) dict_keys(['sqlite_to_postgres_incremental']) retrieved from /opt/airflow/dags/transfer_date_of_bd.py
[2026-02-28T11:49:39.037+0000] {logging_mixin.py:151} INFO - [2026-02-28T11:49:39.037+0000] {dag.py:2915} INFO - Sync 1 DAGs
[2026-02-28T11:49:39.066+0000] {logging_mixin.py:151} INFO - [2026-02-28T11:49:39.065+0000] {dag.py:3696} INFO - Setting next_dagrun for sqlite_to_postgres_incremental to 2026-02-28T00:00:00+00:00, run_after=2026-03-01T00:00:00+00:00
[2026-02-28T11:49:39.087+0000] {processor.py:179} INFO - Processing /opt/airflow/dags/transfer_date_of_bd.py took 0.447 seconds
[2026-02-28T11:50:09.312+0000] {processor.py:157} INFO - Started process (PID=4554) to work on /opt/airflow/dags/transfer_date_of_bd.py
[2026-02-28T11:50:09.313+0000] {processor.py:829} INFO - Processing file /opt/airflow/dags/transfer_date_of_bd.py for tasks to queue
[2026-02-28T11:50:09.314+0000] {logging_mixin.py:151} INFO - [2026-02-28T11:50:09.314+0000] {dagbag.py:539} INFO - Filling up the DagBag from /opt/airflow/dags/transfer_date_of_bd.py
[2026-02-28T11:50:09.641+0000] {processor.py:839} INFO - DAG(s) dict_keys(['sqlite_to_postgres_incremental']) retrieved from /opt/airflow/dags/transfer_date_of_bd.py
[2026-02-28T11:50:09.669+0000] {logging_mixin.py:151} INFO - [2026-02-28T11:50:09.668+0000] {dag.py:2915} INFO - Sync 1 DAGs
[2026-02-28T11:50:09.694+0000] {logging_mixin.py:151} INFO - [2026-02-28T11:50:09.694+0000] {dag.py:3696} INFO - Setting next_dagrun for sqlite_to_postgres_incremental to 2026-02-28T00:00:00+00:00, run_after=2026-03-01T00:00:00+00:00
[2026-02-28T11:50:09.725+0000] {processor.py:179} INFO - Processing /opt/airflow/dags/transfer_date_of_bd.py took 0.417 seconds
[2026-02-28T11:50:39.948+0000] {processor.py:157} INFO - Started process (PID=4566) to work on /opt/airflow/dags/transfer_date_of_bd.py
[2026-02-28T11:50:39.949+0000] {processor.py:829} INFO - Processing file /opt/airflow/dags/transfer_date_of_bd.py for tasks to queue
[2026-02-28T11:50:39.952+0000] {logging_mixin.py:151} INFO - [2026-02-28T11:50:39.951+0000] {dagbag.py:539} INFO - Filling up the DagBag from /opt/airflow/dags/transfer_date_of_bd.py
[2026-02-28T11:50:40.312+0000] {processor.py:839} INFO - DAG(s) dict_keys(['sqlite_to_postgres_incremental']) retrieved from /opt/airflow/dags/transfer_date_of_bd.py
[2026-02-28T11:50:40.342+0000] {logging_mixin.py:151} INFO - [2026-02-28T11:50:40.342+0000] {dag.py:2915} INFO - Sync 1 DAGs
[2026-02-28T11:50:40.376+0000] {logging_mixin.py:151} INFO - [2026-02-28T11:50:40.375+0000] {dag.py:3696} INFO - Setting next_dagrun for sqlite_to_postgres_incremental to 2026-02-28T00:00:00+00:00, run_after=2026-03-01T00:00:00+00:00
[2026-02-28T11:50:40.413+0000] {processor.py:179} INFO - Processing /opt/airflow/dags/transfer_date_of_bd.py took 0.470 seconds
[2026-02-28T11:51:10.632+0000] {processor.py:157} INFO - Started process (PID=4578) to work on /opt/airflow/dags/transfer_date_of_bd.py
[2026-02-28T11:51:10.634+0000] {processor.py:829} INFO - Processing file /opt/airflow/dags/transfer_date_of_bd.py for tasks to queue
[2026-02-28T11:51:10.635+0000] {logging_mixin.py:151} INFO - [2026-02-28T11:51:10.634+0000] {dagbag.py:539} INFO - Filling up the DagBag from /opt/airflow/dags/transfer_date_of_bd.py
[2026-02-28T11:51:10.962+0000] {processor.py:839} INFO - DAG(s) dict_keys(['sqlite_to_postgres_incremental']) retrieved from /opt/airflow/dags/transfer_date_of_bd.py
[2026-02-28T11:51:10.989+0000] {logging_mixin.py:151} INFO - [2026-02-28T11:51:10.988+0000] {dag.py:2915} INFO - Sync 1 DAGs
[2026-02-28T11:51:11.013+0000] {logging_mixin.py:151} INFO - [2026-02-28T11:51:11.013+0000] {dag.py:3696} INFO - Setting next_dagrun for sqlite_to_postgres_incremental to 2026-02-28T00:00:00+00:00, run_after=2026-03-01T00:00:00+00:00
[2026-02-28T11:51:11.043+0000] {processor.py:179} INFO - Processing /opt/airflow/dags/transfer_date_of_bd.py took 0.415 seconds
[2026-02-28T11:51:41.261+0000] {processor.py:157} INFO - Started process (PID=4590) to work on /opt/airflow/dags/transfer_date_of_bd.py
[2026-02-28T11:51:41.263+0000] {processor.py:829} INFO - Processing file /opt/airflow/dags/transfer_date_of_bd.py for tasks to queue
[2026-02-28T11:51:41.265+0000] {logging_mixin.py:151} INFO - [2026-02-28T11:51:41.264+0000] {dagbag.py:539} INFO - Filling up the DagBag from /opt/airflow/dags/transfer_date_of_bd.py
[2026-02-28T11:51:41.637+0000] {processor.py:839} INFO - DAG(s) dict_keys(['sqlite_to_postgres_incremental']) retrieved from /opt/airflow/dags/transfer_date_of_bd.py
[2026-02-28T11:51:41.674+0000] {logging_mixin.py:151} INFO - [2026-02-28T11:51:41.673+0000] {dag.py:2915} INFO - Sync 1 DAGs
[2026-02-28T11:51:41.713+0000] {logging_mixin.py:151} INFO - [2026-02-28T11:51:41.712+0000] {dag.py:3696} INFO - Setting next_dagrun for sqlite_to_postgres_incremental to 2026-02-28T00:00:00+00:00, run_after=2026-03-01T00:00:00+00:00
[2026-02-28T11:51:41.741+0000] {processor.py:179} INFO - Processing /opt/airflow/dags/transfer_date_of_bd.py took 0.483 seconds
[2026-02-28T11:52:11.963+0000] {processor.py:157} INFO - Started process (PID=4602) to work on /opt/airflow/dags/transfer_date_of_bd.py
[2026-02-28T11:52:11.965+0000] {processor.py:829} INFO - Processing file /opt/airflow/dags/transfer_date_of_bd.py for tasks to queue
[2026-02-28T11:52:11.966+0000] {logging_mixin.py:151} INFO - [2026-02-28T11:52:11.966+0000] {dagbag.py:539} INFO - Filling up the DagBag from /opt/airflow/dags/transfer_date_of_bd.py
[2026-02-28T11:52:12.350+0000] {processor.py:839} INFO - DAG(s) dict_keys(['sqlite_to_postgres_incremental']) retrieved from /opt/airflow/dags/transfer_date_of_bd.py
[2026-02-28T11:52:12.385+0000] {logging_mixin.py:151} INFO - [2026-02-28T11:52:12.384+0000] {dag.py:2915} INFO - Sync 1 DAGs
[2026-02-28T11:52:12.415+0000] {logging_mixin.py:151} INFO - [2026-02-28T11:52:12.415+0000] {dag.py:3696} INFO - Setting next_dagrun for sqlite_to_postgres_incremental to 2026-02-28T00:00:00+00:00, run_after=2026-03-01T00:00:00+00:00
[2026-02-28T11:52:12.438+0000] {processor.py:179} INFO - Processing /opt/airflow/dags/transfer_date_of_bd.py took 0.479 seconds
[2026-02-28T11:52:42.663+0000] {processor.py:157} INFO - Started process (PID=4614) to work on /opt/airflow/dags/transfer_date_of_bd.py
[2026-02-28T11:52:42.664+0000] {processor.py:829} INFO - Processing file /opt/airflow/dags/transfer_date_of_bd.py for tasks to queue
[2026-02-28T11:52:42.666+0000] {logging_mixin.py:151} INFO - [2026-02-28T11:52:42.665+0000] {dagbag.py:539} INFO - Filling up the DagBag from /opt/airflow/dags/transfer_date_of_bd.py
[2026-02-28T11:52:43.011+0000] {processor.py:839} INFO - DAG(s) dict_keys(['sqlite_to_postgres_incremental']) retrieved from /opt/airflow/dags/transfer_date_of_bd.py
[2026-02-28T11:52:43.045+0000] {logging_mixin.py:151} INFO - [2026-02-28T11:52:43.044+0000] {dag.py:2915} INFO - Sync 1 DAGs
[2026-02-28T11:52:43.073+0000] {logging_mixin.py:151} INFO - [2026-02-28T11:52:43.073+0000] {dag.py:3696} INFO - Setting next_dagrun for sqlite_to_postgres_incremental to 2026-02-28T00:00:00+00:00, run_after=2026-03-01T00:00:00+00:00
[2026-02-28T11:52:43.101+0000] {processor.py:179} INFO - Processing /opt/airflow/dags/transfer_date_of_bd.py took 0.443 seconds
[2026-02-28T11:53:13.314+0000] {processor.py:157} INFO - Started process (PID=4626) to work on /opt/airflow/dags/transfer_date_of_bd.py
[2026-02-28T11:53:13.316+0000] {processor.py:829} INFO - Processing file /opt/airflow/dags/transfer_date_of_bd.py for tasks to queue
[2026-02-28T11:53:13.317+0000] {logging_mixin.py:151} INFO - [2026-02-28T11:53:13.317+0000] {dagbag.py:539} INFO - Filling up the DagBag from /opt/airflow/dags/transfer_date_of_bd.py
[2026-02-28T11:53:13.621+0000] {processor.py:839} INFO - DAG(s) dict_keys(['sqlite_to_postgres_incremental']) retrieved from /opt/airflow/dags/transfer_date_of_bd.py
[2026-02-28T11:53:13.651+0000] {logging_mixin.py:151} INFO - [2026-02-28T11:53:13.650+0000] {dag.py:2915} INFO - Sync 1 DAGs
[2026-02-28T11:53:13.677+0000] {logging_mixin.py:151} INFO - [2026-02-28T11:53:13.676+0000] {dag.py:3696} INFO - Setting next_dagrun for sqlite_to_postgres_incremental to 2026-02-28T00:00:00+00:00, run_after=2026-03-01T00:00:00+00:00
[2026-02-28T11:53:13.701+0000] {processor.py:179} INFO - Processing /opt/airflow/dags/transfer_date_of_bd.py took 0.390 seconds
[2026-02-28T11:53:43.907+0000] {processor.py:157} INFO - Started process (PID=4638) to work on /opt/airflow/dags/transfer_date_of_bd.py
[2026-02-28T11:53:43.908+0000] {processor.py:829} INFO - Processing file /opt/airflow/dags/transfer_date_of_bd.py for tasks to queue
[2026-02-28T11:53:43.909+0000] {logging_mixin.py:151} INFO - [2026-02-28T11:53:43.909+0000] {dagbag.py:539} INFO - Filling up the DagBag from /opt/airflow/dags/transfer_date_of_bd.py
[2026-02-28T11:53:44.202+0000] {processor.py:839} INFO - DAG(s) dict_keys(['sqlite_to_postgres_incremental']) retrieved from /opt/airflow/dags/transfer_date_of_bd.py
[2026-02-28T11:53:44.230+0000] {logging_mixin.py:151} INFO - [2026-02-28T11:53:44.229+0000] {dag.py:2915} INFO - Sync 1 DAGs
[2026-02-28T11:53:44.254+0000] {logging_mixin.py:151} INFO - [2026-02-28T11:53:44.254+0000] {dag.py:3696} INFO - Setting next_dagrun for sqlite_to_postgres_incremental to 2026-02-28T00:00:00+00:00, run_after=2026-03-01T00:00:00+00:00
[2026-02-28T11:53:44.274+0000] {processor.py:179} INFO - Processing /opt/airflow/dags/transfer_date_of_bd.py took 0.371 seconds
[2026-02-28T11:54:14.478+0000] {processor.py:157} INFO - Started process (PID=4650) to work on /opt/airflow/dags/transfer_date_of_bd.py
[2026-02-28T11:54:14.479+0000] {processor.py:829} INFO - Processing file /opt/airflow/dags/transfer_date_of_bd.py for tasks to queue
[2026-02-28T11:54:14.480+0000] {logging_mixin.py:151} INFO - [2026-02-28T11:54:14.480+0000] {dagbag.py:539} INFO - Filling up the DagBag from /opt/airflow/dags/transfer_date_of_bd.py
[2026-02-28T11:54:14.788+0000] {processor.py:839} INFO - DAG(s) dict_keys(['sqlite_to_postgres_incremental']) retrieved from /opt/airflow/dags/transfer_date_of_bd.py
[2026-02-28T11:54:14.818+0000] {logging_mixin.py:151} INFO - [2026-02-28T11:54:14.817+0000] {dag.py:2915} INFO - Sync 1 DAGs
[2026-02-28T11:54:14.842+0000] {logging_mixin.py:151} INFO - [2026-02-28T11:54:14.841+0000] {dag.py:3696} INFO - Setting next_dagrun for sqlite_to_postgres_incremental to 2026-02-28T00:00:00+00:00, run_after=2026-03-01T00:00:00+00:00
[2026-02-28T11:54:14.866+0000] {processor.py:179} INFO - Processing /opt/airflow/dags/transfer_date_of_bd.py took 0.392 seconds
[2026-02-28T11:54:45.096+0000] {processor.py:157} INFO - Started process (PID=4662) to work on /opt/airflow/dags/transfer_date_of_bd.py
[2026-02-28T11:54:45.097+0000] {processor.py:829} INFO - Processing file /opt/airflow/dags/transfer_date_of_bd.py for tasks to queue
[2026-02-28T11:54:45.098+0000] {logging_mixin.py:151} INFO - [2026-02-28T11:54:45.098+0000] {dagbag.py:539} INFO - Filling up the DagBag from /opt/airflow/dags/transfer_date_of_bd.py
[2026-02-28T11:54:45.401+0000] {processor.py:839} INFO - DAG(s) dict_keys(['sqlite_to_postgres_incremental']) retrieved from /opt/airflow/dags/transfer_date_of_bd.py
[2026-02-28T11:54:45.424+0000] {logging_mixin.py:151} INFO - [2026-02-28T11:54:45.424+0000] {dag.py:2915} INFO - Sync 1 DAGs
[2026-02-28T11:54:45.448+0000] {logging_mixin.py:151} INFO - [2026-02-28T11:54:45.448+0000] {dag.py:3696} INFO - Setting next_dagrun for sqlite_to_postgres_incremental to 2026-02-28T00:00:00+00:00, run_after=2026-03-01T00:00:00+00:00
[2026-02-28T11:54:45.469+0000] {processor.py:179} INFO - Processing /opt/airflow/dags/transfer_date_of_bd.py took 0.378 seconds
[2026-02-28T11:55:15.668+0000] {processor.py:157} INFO - Started process (PID=4674) to work on /opt/airflow/dags/transfer_date_of_bd.py
[2026-02-28T11:55:15.669+0000] {processor.py:829} INFO - Processing file /opt/airflow/dags/transfer_date_of_bd.py for tasks to queue
[2026-02-28T11:55:15.671+0000] {logging_mixin.py:151} INFO - [2026-02-28T11:55:15.670+0000] {dagbag.py:539} INFO - Filling up the DagBag from /opt/airflow/dags/transfer_date_of_bd.py
[2026-02-28T11:55:15.997+0000] {processor.py:839} INFO - DAG(s) dict_keys(['sqlite_to_postgres_incremental']) retrieved from /opt/airflow/dags/transfer_date_of_bd.py
[2026-02-28T11:55:16.033+0000] {logging_mixin.py:151} INFO - [2026-02-28T11:55:16.032+0000] {dag.py:2915} INFO - Sync 1 DAGs
[2026-02-28T11:55:16.056+0000] {logging_mixin.py:151} INFO - [2026-02-28T11:55:16.056+0000] {dag.py:3696} INFO - Setting next_dagrun for sqlite_to_postgres_incremental to 2026-02-28T00:00:00+00:00, run_after=2026-03-01T00:00:00+00:00
[2026-02-28T11:55:16.087+0000] {processor.py:179} INFO - Processing /opt/airflow/dags/transfer_date_of_bd.py took 0.422 seconds
[2026-02-28T11:55:46.292+0000] {processor.py:157} INFO - Started process (PID=4686) to work on /opt/airflow/dags/transfer_date_of_bd.py
[2026-02-28T11:55:46.293+0000] {processor.py:829} INFO - Processing file /opt/airflow/dags/transfer_date_of_bd.py for tasks to queue
[2026-02-28T11:55:46.294+0000] {logging_mixin.py:151} INFO - [2026-02-28T11:55:46.293+0000] {dagbag.py:539} INFO - Filling up the DagBag from /opt/airflow/dags/transfer_date_of_bd.py
[2026-02-28T11:55:46.603+0000] {processor.py:839} INFO - DAG(s) dict_keys(['sqlite_to_postgres_incremental']) retrieved from /opt/airflow/dags/transfer_date_of_bd.py
[2026-02-28T11:55:46.633+0000] {logging_mixin.py:151} INFO - [2026-02-28T11:55:46.632+0000] {dag.py:2915} INFO - Sync 1 DAGs
[2026-02-28T11:55:46.658+0000] {logging_mixin.py:151} INFO - [2026-02-28T11:55:46.658+0000] {dag.py:3696} INFO - Setting next_dagrun for sqlite_to_postgres_incremental to 2026-02-28T00:00:00+00:00, run_after=2026-03-01T00:00:00+00:00
[2026-02-28T11:55:46.680+0000] {processor.py:179} INFO - Processing /opt/airflow/dags/transfer_date_of_bd.py took 0.392 seconds
[2026-02-28T11:56:16.897+0000] {processor.py:157} INFO - Started process (PID=4698) to work on /opt/airflow/dags/transfer_date_of_bd.py
[2026-02-28T11:56:16.900+0000] {processor.py:829} INFO - Processing file /opt/airflow/dags/transfer_date_of_bd.py for tasks to queue
[2026-02-28T11:56:16.902+0000] {logging_mixin.py:151} INFO - [2026-02-28T11:56:16.902+0000] {dagbag.py:539} INFO - Filling up the DagBag from /opt/airflow/dags/transfer_date_of_bd.py
[2026-02-28T11:56:17.220+0000] {processor.py:839} INFO - DAG(s) dict_keys(['sqlite_to_postgres_incremental']) retrieved from /opt/airflow/dags/transfer_date_of_bd.py
[2026-02-28T11:56:17.248+0000] {logging_mixin.py:151} INFO - [2026-02-28T11:56:17.248+0000] {dag.py:2915} INFO - Sync 1 DAGs
[2026-02-28T11:56:17.274+0000] {logging_mixin.py:151} INFO - [2026-02-28T11:56:17.274+0000] {dag.py:3696} INFO - Setting next_dagrun for sqlite_to_postgres_incremental to 2026-02-28T00:00:00+00:00, run_after=2026-03-01T00:00:00+00:00
[2026-02-28T11:56:17.299+0000] {processor.py:179} INFO - Processing /opt/airflow/dags/transfer_date_of_bd.py took 0.412 seconds
[2026-02-28T11:56:47.489+0000] {processor.py:157} INFO - Started process (PID=4710) to work on /opt/airflow/dags/transfer_date_of_bd.py
[2026-02-28T11:56:47.490+0000] {processor.py:829} INFO - Processing file /opt/airflow/dags/transfer_date_of_bd.py for tasks to queue
[2026-02-28T11:56:47.491+0000] {logging_mixin.py:151} INFO - [2026-02-28T11:56:47.491+0000] {dagbag.py:539} INFO - Filling up the DagBag from /opt/airflow/dags/transfer_date_of_bd.py
[2026-02-28T11:56:47.826+0000] {processor.py:839} INFO - DAG(s) dict_keys(['sqlite_to_postgres_incremental']) retrieved from /opt/airflow/dags/transfer_date_of_bd.py
[2026-02-28T11:56:47.857+0000] {logging_mixin.py:151} INFO - [2026-02-28T11:56:47.856+0000] {dag.py:2915} INFO - Sync 1 DAGs
[2026-02-28T11:56:47.883+0000] {logging_mixin.py:151} INFO - [2026-02-28T11:56:47.883+0000] {dag.py:3696} INFO - Setting next_dagrun for sqlite_to_postgres_incremental to 2026-02-28T00:00:00+00:00, run_after=2026-03-01T00:00:00+00:00
[2026-02-28T11:56:47.904+0000] {processor.py:179} INFO - Processing /opt/airflow/dags/transfer_date_of_bd.py took 0.419 seconds
[2026-02-28T11:57:18.101+0000] {processor.py:157} INFO - Started process (PID=4722) to work on /opt/airflow/dags/transfer_date_of_bd.py
[2026-02-28T11:57:18.103+0000] {processor.py:829} INFO - Processing file /opt/airflow/dags/transfer_date_of_bd.py for tasks to queue
[2026-02-28T11:57:18.104+0000] {logging_mixin.py:151} INFO - [2026-02-28T11:57:18.103+0000] {dagbag.py:539} INFO - Filling up the DagBag from /opt/airflow/dags/transfer_date_of_bd.py
[2026-02-28T11:57:18.419+0000] {processor.py:839} INFO - DAG(s) dict_keys(['sqlite_to_postgres_incremental']) retrieved from /opt/airflow/dags/transfer_date_of_bd.py
[2026-02-28T11:57:18.447+0000] {logging_mixin.py:151} INFO - [2026-02-28T11:57:18.446+0000] {dag.py:2915} INFO - Sync 1 DAGs
[2026-02-28T11:57:18.471+0000] {logging_mixin.py:151} INFO - [2026-02-28T11:57:18.471+0000] {dag.py:3696} INFO - Setting next_dagrun for sqlite_to_postgres_incremental to 2026-02-28T00:00:00+00:00, run_after=2026-03-01T00:00:00+00:00
[2026-02-28T11:57:18.499+0000] {processor.py:179} INFO - Processing /opt/airflow/dags/transfer_date_of_bd.py took 0.402 seconds
[2026-02-28T11:57:48.724+0000] {processor.py:157} INFO - Started process (PID=4734) to work on /opt/airflow/dags/transfer_date_of_bd.py
[2026-02-28T11:57:48.726+0000] {processor.py:829} INFO - Processing file /opt/airflow/dags/transfer_date_of_bd.py for tasks to queue
[2026-02-28T11:57:48.727+0000] {logging_mixin.py:151} INFO - [2026-02-28T11:57:48.727+0000] {dagbag.py:539} INFO - Filling up the DagBag from /opt/airflow/dags/transfer_date_of_bd.py
[2026-02-28T11:57:49.028+0000] {processor.py:839} INFO - DAG(s) dict_keys(['sqlite_to_postgres_incremental']) retrieved from /opt/airflow/dags/transfer_date_of_bd.py
[2026-02-28T11:57:49.054+0000] {logging_mixin.py:151} INFO - [2026-02-28T11:57:49.054+0000] {dag.py:2915} INFO - Sync 1 DAGs
[2026-02-28T11:57:49.092+0000] {logging_mixin.py:151} INFO - [2026-02-28T11:57:49.092+0000] {dag.py:3696} INFO - Setting next_dagrun for sqlite_to_postgres_incremental to 2026-02-28T00:00:00+00:00, run_after=2026-03-01T00:00:00+00:00
[2026-02-28T11:57:49.119+0000] {processor.py:179} INFO - Processing /opt/airflow/dags/transfer_date_of_bd.py took 0.399 seconds
[2026-02-28T11:58:19.318+0000] {processor.py:157} INFO - Started process (PID=4746) to work on /opt/airflow/dags/transfer_date_of_bd.py
[2026-02-28T11:58:19.320+0000] {processor.py:829} INFO - Processing file /opt/airflow/dags/transfer_date_of_bd.py for tasks to queue
[2026-02-28T11:58:19.321+0000] {logging_mixin.py:151} INFO - [2026-02-28T11:58:19.321+0000] {dagbag.py:539} INFO - Filling up the DagBag from /opt/airflow/dags/transfer_date_of_bd.py
[2026-02-28T11:58:19.628+0000] {processor.py:839} INFO - DAG(s) dict_keys(['sqlite_to_postgres_incremental']) retrieved from /opt/airflow/dags/transfer_date_of_bd.py
[2026-02-28T11:58:19.657+0000] {logging_mixin.py:151} INFO - [2026-02-28T11:58:19.657+0000] {dag.py:2915} INFO - Sync 1 DAGs
[2026-02-28T11:58:19.682+0000] {logging_mixin.py:151} INFO - [2026-02-28T11:58:19.681+0000] {dag.py:3696} INFO - Setting next_dagrun for sqlite_to_postgres_incremental to 2026-02-28T00:00:00+00:00, run_after=2026-03-01T00:00:00+00:00
[2026-02-28T11:58:19.706+0000] {processor.py:179} INFO - Processing /opt/airflow/dags/transfer_date_of_bd.py took 0.392 seconds
[2026-02-28T11:58:49.903+0000] {processor.py:157} INFO - Started process (PID=4758) to work on /opt/airflow/dags/transfer_date_of_bd.py
[2026-02-28T11:58:49.904+0000] {processor.py:829} INFO - Processing file /opt/airflow/dags/transfer_date_of_bd.py for tasks to queue
[2026-02-28T11:58:49.905+0000] {logging_mixin.py:151} INFO - [2026-02-28T11:58:49.905+0000] {dagbag.py:539} INFO - Filling up the DagBag from /opt/airflow/dags/transfer_date_of_bd.py
[2026-02-28T11:58:50.199+0000] {processor.py:839} INFO - DAG(s) dict_keys(['sqlite_to_postgres_incremental']) retrieved from /opt/airflow/dags/transfer_date_of_bd.py
[2026-02-28T11:58:50.227+0000] {logging_mixin.py:151} INFO - [2026-02-28T11:58:50.227+0000] {dag.py:2915} INFO - Sync 1 DAGs
[2026-02-28T11:58:50.254+0000] {logging_mixin.py:151} INFO - [2026-02-28T11:58:50.253+0000] {dag.py:3696} INFO - Setting next_dagrun for sqlite_to_postgres_incremental to 2026-02-28T00:00:00+00:00, run_after=2026-03-01T00:00:00+00:00
[2026-02-28T11:58:50.274+0000] {processor.py:179} INFO - Processing /opt/airflow/dags/transfer_date_of_bd.py took 0.375 seconds
[2026-02-28T11:59:20.506+0000] {processor.py:157} INFO - Started process (PID=4770) to work on /opt/airflow/dags/transfer_date_of_bd.py
[2026-02-28T11:59:20.508+0000] {processor.py:829} INFO - Processing file /opt/airflow/dags/transfer_date_of_bd.py for tasks to queue
[2026-02-28T11:59:20.510+0000] {logging_mixin.py:151} INFO - [2026-02-28T11:59:20.509+0000] {dagbag.py:539} INFO - Filling up the DagBag from /opt/airflow/dags/transfer_date_of_bd.py
[2026-02-28T11:59:20.838+0000] {processor.py:839} INFO - DAG(s) dict_keys(['sqlite_to_postgres_incremental']) retrieved from /opt/airflow/dags/transfer_date_of_bd.py
[2026-02-28T11:59:20.869+0000] {logging_mixin.py:151} INFO - [2026-02-28T11:59:20.868+0000] {dag.py:2915} INFO - Sync 1 DAGs
[2026-02-28T11:59:20.895+0000] {logging_mixin.py:151} INFO - [2026-02-28T11:59:20.895+0000] {dag.py:3696} INFO - Setting next_dagrun for sqlite_to_postgres_incremental to 2026-02-28T00:00:00+00:00, run_after=2026-03-01T00:00:00+00:00
[2026-02-28T11:59:20.920+0000] {processor.py:179} INFO - Processing /opt/airflow/dags/transfer_date_of_bd.py took 0.418 seconds
[2026-02-28T11:59:51.198+0000] {processor.py:157} INFO - Started process (PID=4782) to work on /opt/airflow/dags/transfer_date_of_bd.py
[2026-02-28T11:59:51.200+0000] {processor.py:829} INFO - Processing file /opt/airflow/dags/transfer_date_of_bd.py for tasks to queue
[2026-02-28T11:59:51.203+0000] {logging_mixin.py:151} INFO - [2026-02-28T11:59:51.202+0000] {dagbag.py:539} INFO - Filling up the DagBag from /opt/airflow/dags/transfer_date_of_bd.py
[2026-02-28T11:59:51.612+0000] {processor.py:839} INFO - DAG(s) dict_keys(['sqlite_to_postgres_incremental']) retrieved from /opt/airflow/dags/transfer_date_of_bd.py
[2026-02-28T11:59:51.648+0000] {logging_mixin.py:151} INFO - [2026-02-28T11:59:51.648+0000] {dag.py:2915} INFO - Sync 1 DAGs
[2026-02-28T11:59:51.682+0000] {logging_mixin.py:151} INFO - [2026-02-28T11:59:51.681+0000] {dag.py:3696} INFO - Setting next_dagrun for sqlite_to_postgres_incremental to 2026-02-28T00:00:00+00:00, run_after=2026-03-01T00:00:00+00:00
[2026-02-28T11:59:51.712+0000] {processor.py:179} INFO - Processing /opt/airflow/dags/transfer_date_of_bd.py took 0.518 seconds
[2026-02-28T12:00:21.964+0000] {processor.py:157} INFO - Started process (PID=4794) to work on /opt/airflow/dags/transfer_date_of_bd.py
[2026-02-28T12:00:21.967+0000] {processor.py:829} INFO - Processing file /opt/airflow/dags/transfer_date_of_bd.py for tasks to queue
[2026-02-28T12:00:21.968+0000] {logging_mixin.py:151} INFO - [2026-02-28T12:00:21.968+0000] {dagbag.py:539} INFO - Filling up the DagBag from /opt/airflow/dags/transfer_date_of_bd.py
[2026-02-28T12:00:22.303+0000] {processor.py:839} INFO - DAG(s) dict_keys(['sqlite_to_postgres_incremental']) retrieved from /opt/airflow/dags/transfer_date_of_bd.py
[2026-02-28T12:00:22.331+0000] {logging_mixin.py:151} INFO - [2026-02-28T12:00:22.331+0000] {dag.py:2915} INFO - Sync 1 DAGs
[2026-02-28T12:00:22.360+0000] {logging_mixin.py:151} INFO - [2026-02-28T12:00:22.360+0000] {dag.py:3696} INFO - Setting next_dagrun for sqlite_to_postgres_incremental to 2026-02-28T00:00:00+00:00, run_after=2026-03-01T00:00:00+00:00
[2026-02-28T12:00:22.387+0000] {processor.py:179} INFO - Processing /opt/airflow/dags/transfer_date_of_bd.py took 0.427 seconds
[2026-02-28T12:00:52.609+0000] {processor.py:157} INFO - Started process (PID=4806) to work on /opt/airflow/dags/transfer_date_of_bd.py
[2026-02-28T12:00:52.611+0000] {processor.py:829} INFO - Processing file /opt/airflow/dags/transfer_date_of_bd.py for tasks to queue
[2026-02-28T12:00:52.612+0000] {logging_mixin.py:151} INFO - [2026-02-28T12:00:52.611+0000] {dagbag.py:539} INFO - Filling up the DagBag from /opt/airflow/dags/transfer_date_of_bd.py
[2026-02-28T12:00:52.923+0000] {processor.py:839} INFO - DAG(s) dict_keys(['sqlite_to_postgres_incremental']) retrieved from /opt/airflow/dags/transfer_date_of_bd.py
[2026-02-28T12:00:52.957+0000] {logging_mixin.py:151} INFO - [2026-02-28T12:00:52.956+0000] {dag.py:2915} INFO - Sync 1 DAGs
[2026-02-28T12:00:52.982+0000] {logging_mixin.py:151} INFO - [2026-02-28T12:00:52.981+0000] {dag.py:3696} INFO - Setting next_dagrun for sqlite_to_postgres_incremental to 2026-02-28T00:00:00+00:00, run_after=2026-03-01T00:00:00+00:00
[2026-02-28T12:00:53.006+0000] {processor.py:179} INFO - Processing /opt/airflow/dags/transfer_date_of_bd.py took 0.401 seconds
[2026-02-28T12:01:23.245+0000] {processor.py:157} INFO - Started process (PID=4818) to work on /opt/airflow/dags/transfer_date_of_bd.py
[2026-02-28T12:01:23.246+0000] {processor.py:829} INFO - Processing file /opt/airflow/dags/transfer_date_of_bd.py for tasks to queue
[2026-02-28T12:01:23.247+0000] {logging_mixin.py:151} INFO - [2026-02-28T12:01:23.247+0000] {dagbag.py:539} INFO - Filling up the DagBag from /opt/airflow/dags/transfer_date_of_bd.py
[2026-02-28T12:01:23.551+0000] {processor.py:839} INFO - DAG(s) dict_keys(['sqlite_to_postgres_incremental']) retrieved from /opt/airflow/dags/transfer_date_of_bd.py
[2026-02-28T12:01:23.584+0000] {logging_mixin.py:151} INFO - [2026-02-28T12:01:23.584+0000] {dag.py:2915} INFO - Sync 1 DAGs
[2026-02-28T12:01:23.618+0000] {logging_mixin.py:151} INFO - [2026-02-28T12:01:23.618+0000] {dag.py:3696} INFO - Setting next_dagrun for sqlite_to_postgres_incremental to 2026-02-28T00:00:00+00:00, run_after=2026-03-01T00:00:00+00:00
[2026-02-28T12:01:23.644+0000] {processor.py:179} INFO - Processing /opt/airflow/dags/transfer_date_of_bd.py took 0.404 seconds
[2026-02-28T12:01:54.184+0000] {processor.py:157} INFO - Started process (PID=4830) to work on /opt/airflow/dags/transfer_date_of_bd.py
[2026-02-28T12:01:54.186+0000] {processor.py:829} INFO - Processing file /opt/airflow/dags/transfer_date_of_bd.py for tasks to queue
[2026-02-28T12:01:54.189+0000] {logging_mixin.py:151} INFO - [2026-02-28T12:01:54.188+0000] {dagbag.py:539} INFO - Filling up the DagBag from /opt/airflow/dags/transfer_date_of_bd.py
[2026-02-28T12:01:55.003+0000] {processor.py:839} INFO - DAG(s) dict_keys(['sqlite_to_postgres_incremental']) retrieved from /opt/airflow/dags/transfer_date_of_bd.py
[2026-02-28T12:01:55.069+0000] {logging_mixin.py:151} INFO - [2026-02-28T12:01:55.068+0000] {dag.py:2915} INFO - Sync 1 DAGs
[2026-02-28T12:01:55.139+0000] {logging_mixin.py:151} INFO - [2026-02-28T12:01:55.138+0000] {dag.py:3696} INFO - Setting next_dagrun for sqlite_to_postgres_incremental to 2026-02-28T00:00:00+00:00, run_after=2026-03-01T00:00:00+00:00
[2026-02-28T12:01:55.215+0000] {processor.py:179} INFO - Processing /opt/airflow/dags/transfer_date_of_bd.py took 1.036 seconds
[2026-02-28T12:02:25.479+0000] {processor.py:157} INFO - Started process (PID=4842) to work on /opt/airflow/dags/transfer_date_of_bd.py
[2026-02-28T12:02:25.483+0000] {processor.py:829} INFO - Processing file /opt/airflow/dags/transfer_date_of_bd.py for tasks to queue
[2026-02-28T12:02:25.485+0000] {logging_mixin.py:151} INFO - [2026-02-28T12:02:25.484+0000] {dagbag.py:539} INFO - Filling up the DagBag from /opt/airflow/dags/transfer_date_of_bd.py
[2026-02-28T12:02:25.859+0000] {processor.py:839} INFO - DAG(s) dict_keys(['sqlite_to_postgres_incremental']) retrieved from /opt/airflow/dags/transfer_date_of_bd.py
[2026-02-28T12:02:25.890+0000] {logging_mixin.py:151} INFO - [2026-02-28T12:02:25.889+0000] {dag.py:2915} INFO - Sync 1 DAGs
[2026-02-28T12:02:25.919+0000] {logging_mixin.py:151} INFO - [2026-02-28T12:02:25.918+0000] {dag.py:3696} INFO - Setting next_dagrun for sqlite_to_postgres_incremental to 2026-02-28T00:00:00+00:00, run_after=2026-03-01T00:00:00+00:00
[2026-02-28T12:02:25.943+0000] {processor.py:179} INFO - Processing /opt/airflow/dags/transfer_date_of_bd.py took 0.467 seconds
[2026-02-28T12:02:56.170+0000] {processor.py:157} INFO - Started process (PID=4854) to work on /opt/airflow/dags/transfer_date_of_bd.py
[2026-02-28T12:02:56.171+0000] {processor.py:829} INFO - Processing file /opt/airflow/dags/transfer_date_of_bd.py for tasks to queue
[2026-02-28T12:02:56.172+0000] {logging_mixin.py:151} INFO - [2026-02-28T12:02:56.172+0000] {dagbag.py:539} INFO - Filling up the DagBag from /opt/airflow/dags/transfer_date_of_bd.py
[2026-02-28T12:02:56.477+0000] {processor.py:839} INFO - DAG(s) dict_keys(['sqlite_to_postgres_incremental']) retrieved from /opt/airflow/dags/transfer_date_of_bd.py
[2026-02-28T12:02:56.503+0000] {logging_mixin.py:151} INFO - [2026-02-28T12:02:56.503+0000] {dag.py:2915} INFO - Sync 1 DAGs
[2026-02-28T12:02:56.525+0000] {logging_mixin.py:151} INFO - [2026-02-28T12:02:56.524+0000] {dag.py:3696} INFO - Setting next_dagrun for sqlite_to_postgres_incremental to 2026-02-28T00:00:00+00:00, run_after=2026-03-01T00:00:00+00:00
[2026-02-28T12:02:56.549+0000] {processor.py:179} INFO - Processing /opt/airflow/dags/transfer_date_of_bd.py took 0.382 seconds
[2026-02-28T12:03:26.762+0000] {processor.py:157} INFO - Started process (PID=4866) to work on /opt/airflow/dags/transfer_date_of_bd.py
[2026-02-28T12:03:26.763+0000] {processor.py:829} INFO - Processing file /opt/airflow/dags/transfer_date_of_bd.py for tasks to queue
[2026-02-28T12:03:26.764+0000] {logging_mixin.py:151} INFO - [2026-02-28T12:03:26.764+0000] {dagbag.py:539} INFO - Filling up the DagBag from /opt/airflow/dags/transfer_date_of_bd.py
[2026-02-28T12:03:27.050+0000] {processor.py:839} INFO - DAG(s) dict_keys(['sqlite_to_postgres_incremental']) retrieved from /opt/airflow/dags/transfer_date_of_bd.py
[2026-02-28T12:03:27.081+0000] {logging_mixin.py:151} INFO - [2026-02-28T12:03:27.081+0000] {dag.py:2915} INFO - Sync 1 DAGs
[2026-02-28T12:03:27.106+0000] {logging_mixin.py:151} INFO - [2026-02-28T12:03:27.106+0000] {dag.py:3696} INFO - Setting next_dagrun for sqlite_to_postgres_incremental to 2026-02-28T00:00:00+00:00, run_after=2026-03-01T00:00:00+00:00
[2026-02-28T12:03:27.128+0000] {processor.py:179} INFO - Processing /opt/airflow/dags/transfer_date_of_bd.py took 0.369 seconds
[2026-02-28T12:03:57.348+0000] {processor.py:157} INFO - Started process (PID=4878) to work on /opt/airflow/dags/transfer_date_of_bd.py
[2026-02-28T12:03:57.349+0000] {processor.py:829} INFO - Processing file /opt/airflow/dags/transfer_date_of_bd.py for tasks to queue
[2026-02-28T12:03:57.350+0000] {logging_mixin.py:151} INFO - [2026-02-28T12:03:57.350+0000] {dagbag.py:539} INFO - Filling up the DagBag from /opt/airflow/dags/transfer_date_of_bd.py
[2026-02-28T12:03:57.639+0000] {processor.py:839} INFO - DAG(s) dict_keys(['sqlite_to_postgres_incremental']) retrieved from /opt/airflow/dags/transfer_date_of_bd.py
[2026-02-28T12:03:57.669+0000] {logging_mixin.py:151} INFO - [2026-02-28T12:03:57.668+0000] {dag.py:2915} INFO - Sync 1 DAGs
[2026-02-28T12:03:57.693+0000] {logging_mixin.py:151} INFO - [2026-02-28T12:03:57.693+0000] {dag.py:3696} INFO - Setting next_dagrun for sqlite_to_postgres_incremental to 2026-02-28T00:00:00+00:00, run_after=2026-03-01T00:00:00+00:00
[2026-02-28T12:03:57.716+0000] {processor.py:179} INFO - Processing /opt/airflow/dags/transfer_date_of_bd.py took 0.372 seconds
[2026-02-28T12:15:38.045+0000] {processor.py:157} INFO - Started process (PID=171) to work on /opt/airflow/dags/transfer_date_of_bd.py
[2026-02-28T12:15:38.047+0000] {processor.py:829} INFO - Processing file /opt/airflow/dags/transfer_date_of_bd.py for tasks to queue
[2026-02-28T12:15:38.049+0000] {logging_mixin.py:151} INFO - [2026-02-28T12:15:38.049+0000] {dagbag.py:539} INFO - Filling up the DagBag from /opt/airflow/dags/transfer_date_of_bd.py
[2026-02-28T12:15:39.232+0000] {processor.py:839} INFO - DAG(s) dict_keys(['sqlite_to_postgres_incremental']) retrieved from /opt/airflow/dags/transfer_date_of_bd.py
[2026-02-28T12:15:39.421+0000] {logging_mixin.py:151} INFO - [2026-02-28T12:15:39.421+0000] {manager.py:499} INFO - Created Permission View: %s
[2026-02-28T12:15:39.434+0000] {logging_mixin.py:151} INFO - [2026-02-28T12:15:39.433+0000] {manager.py:499} INFO - Created Permission View: %s
[2026-02-28T12:15:39.444+0000] {logging_mixin.py:151} INFO - [2026-02-28T12:15:39.443+0000] {manager.py:499} INFO - Created Permission View: %s
[2026-02-28T12:15:39.445+0000] {logging_mixin.py:151} INFO - [2026-02-28T12:15:39.444+0000] {security.py:708} INFO - Not syncing DAG-level permissions for DAG 'DAG:sqlite_to_postgres_incremental' as access control is unset.
[2026-02-28T12:15:39.445+0000] {logging_mixin.py:151} INFO - [2026-02-28T12:15:39.445+0000] {dag.py:2915} INFO - Sync 1 DAGs
[2026-02-28T12:15:39.456+0000] {logging_mixin.py:151} INFO - [2026-02-28T12:15:39.456+0000] {dag.py:2937} INFO - Creating ORM DAG for sqlite_to_postgres_incremental
[2026-02-28T12:15:39.466+0000] {logging_mixin.py:151} INFO - [2026-02-28T12:15:39.466+0000] {dag.py:3696} INFO - Setting next_dagrun for sqlite_to_postgres_incremental to 2026-02-27T00:00:00+00:00, run_after=2026-02-28T00:00:00+00:00
[2026-02-28T12:15:39.489+0000] {processor.py:179} INFO - Processing /opt/airflow/dags/transfer_date_of_bd.py took 1.449 seconds
[2026-02-28T12:16:09.708+0000] {processor.py:157} INFO - Started process (PID=183) to work on /opt/airflow/dags/transfer_date_of_bd.py
[2026-02-28T12:16:09.710+0000] {processor.py:829} INFO - Processing file /opt/airflow/dags/transfer_date_of_bd.py for tasks to queue
[2026-02-28T12:16:09.712+0000] {logging_mixin.py:151} INFO - [2026-02-28T12:16:09.711+0000] {dagbag.py:539} INFO - Filling up the DagBag from /opt/airflow/dags/transfer_date_of_bd.py
[2026-02-28T12:16:10.176+0000] {processor.py:839} INFO - DAG(s) dict_keys(['sqlite_to_postgres_incremental']) retrieved from /opt/airflow/dags/transfer_date_of_bd.py
[2026-02-28T12:16:10.197+0000] {logging_mixin.py:151} INFO - [2026-02-28T12:16:10.197+0000] {dag.py:2915} INFO - Sync 1 DAGs
[2026-02-28T12:16:10.219+0000] {logging_mixin.py:151} INFO - [2026-02-28T12:16:10.219+0000] {dag.py:3696} INFO - Setting next_dagrun for sqlite_to_postgres_incremental to 2026-02-27T00:00:00+00:00, run_after=2026-02-28T00:00:00+00:00
[2026-02-28T12:16:10.238+0000] {processor.py:179} INFO - Processing /opt/airflow/dags/transfer_date_of_bd.py took 0.535 seconds
[2026-02-28T12:16:40.470+0000] {processor.py:157} INFO - Started process (PID=195) to work on /opt/airflow/dags/transfer_date_of_bd.py
[2026-02-28T12:16:40.471+0000] {processor.py:829} INFO - Processing file /opt/airflow/dags/transfer_date_of_bd.py for tasks to queue
[2026-02-28T12:16:40.472+0000] {logging_mixin.py:151} INFO - [2026-02-28T12:16:40.472+0000] {dagbag.py:539} INFO - Filling up the DagBag from /opt/airflow/dags/transfer_date_of_bd.py
[2026-02-28T12:16:40.926+0000] {processor.py:839} INFO - DAG(s) dict_keys(['sqlite_to_postgres_incremental']) retrieved from /opt/airflow/dags/transfer_date_of_bd.py
[2026-02-28T12:16:40.948+0000] {logging_mixin.py:151} INFO - [2026-02-28T12:16:40.948+0000] {dag.py:2915} INFO - Sync 1 DAGs
[2026-02-28T12:16:40.972+0000] {logging_mixin.py:151} INFO - [2026-02-28T12:16:40.972+0000] {dag.py:3696} INFO - Setting next_dagrun for sqlite_to_postgres_incremental to 2026-02-27T00:00:00+00:00, run_after=2026-02-28T00:00:00+00:00
[2026-02-28T12:16:40.995+0000] {processor.py:179} INFO - Processing /opt/airflow/dags/transfer_date_of_bd.py took 0.529 seconds
[2026-02-28T12:17:11.215+0000] {processor.py:157} INFO - Started process (PID=207) to work on /opt/airflow/dags/transfer_date_of_bd.py
[2026-02-28T12:17:11.216+0000] {processor.py:829} INFO - Processing file /opt/airflow/dags/transfer_date_of_bd.py for tasks to queue
[2026-02-28T12:17:11.217+0000] {logging_mixin.py:151} INFO - [2026-02-28T12:17:11.217+0000] {dagbag.py:539} INFO - Filling up the DagBag from /opt/airflow/dags/transfer_date_of_bd.py
[2026-02-28T12:17:11.680+0000] {processor.py:839} INFO - DAG(s) dict_keys(['sqlite_to_postgres_incremental']) retrieved from /opt/airflow/dags/transfer_date_of_bd.py
[2026-02-28T12:17:11.708+0000] {logging_mixin.py:151} INFO - [2026-02-28T12:17:11.707+0000] {dag.py:2915} INFO - Sync 1 DAGs
[2026-02-28T12:17:11.729+0000] {logging_mixin.py:151} INFO - [2026-02-28T12:17:11.729+0000] {dag.py:3696} INFO - Setting next_dagrun for sqlite_to_postgres_incremental to 2026-02-27T00:00:00+00:00, run_after=2026-02-28T00:00:00+00:00
[2026-02-28T12:17:11.751+0000] {processor.py:179} INFO - Processing /opt/airflow/dags/transfer_date_of_bd.py took 0.541 seconds
[2026-02-28T12:17:41.977+0000] {processor.py:157} INFO - Started process (PID=219) to work on /opt/airflow/dags/transfer_date_of_bd.py
[2026-02-28T12:17:41.979+0000] {processor.py:829} INFO - Processing file /opt/airflow/dags/transfer_date_of_bd.py for tasks to queue
[2026-02-28T12:17:41.980+0000] {logging_mixin.py:151} INFO - [2026-02-28T12:17:41.980+0000] {dagbag.py:539} INFO - Filling up the DagBag from /opt/airflow/dags/transfer_date_of_bd.py
[2026-02-28T12:17:42.433+0000] {processor.py:839} INFO - DAG(s) dict_keys(['sqlite_to_postgres_incremental']) retrieved from /opt/airflow/dags/transfer_date_of_bd.py
[2026-02-28T12:17:42.455+0000] {logging_mixin.py:151} INFO - [2026-02-28T12:17:42.454+0000] {dag.py:2915} INFO - Sync 1 DAGs
[2026-02-28T12:17:42.473+0000] {logging_mixin.py:151} INFO - [2026-02-28T12:17:42.473+0000] {dag.py:3696} INFO - Setting next_dagrun for sqlite_to_postgres_incremental to 2026-02-27T00:00:00+00:00, run_after=2026-02-28T00:00:00+00:00
[2026-02-28T12:17:42.492+0000] {processor.py:179} INFO - Processing /opt/airflow/dags/transfer_date_of_bd.py took 0.519 seconds
[2026-02-28T12:18:12.720+0000] {processor.py:157} INFO - Started process (PID=231) to work on /opt/airflow/dags/transfer_date_of_bd.py
[2026-02-28T12:18:12.721+0000] {processor.py:829} INFO - Processing file /opt/airflow/dags/transfer_date_of_bd.py for tasks to queue
[2026-02-28T12:18:12.722+0000] {logging_mixin.py:151} INFO - [2026-02-28T12:18:12.722+0000] {dagbag.py:539} INFO - Filling up the DagBag from /opt/airflow/dags/transfer_date_of_bd.py
[2026-02-28T12:18:13.214+0000] {processor.py:839} INFO - DAG(s) dict_keys(['sqlite_to_postgres_incremental']) retrieved from /opt/airflow/dags/transfer_date_of_bd.py
[2026-02-28T12:18:13.236+0000] {logging_mixin.py:151} INFO - [2026-02-28T12:18:13.235+0000] {dag.py:2915} INFO - Sync 1 DAGs
[2026-02-28T12:18:13.256+0000] {logging_mixin.py:151} INFO - [2026-02-28T12:18:13.255+0000] {dag.py:3696} INFO - Setting next_dagrun for sqlite_to_postgres_incremental to 2026-02-27T00:00:00+00:00, run_after=2026-02-28T00:00:00+00:00
[2026-02-28T12:18:13.276+0000] {processor.py:179} INFO - Processing /opt/airflow/dags/transfer_date_of_bd.py took 0.560 seconds
[2026-02-28T12:18:43.642+0000] {processor.py:157} INFO - Started process (PID=243) to work on /opt/airflow/dags/transfer_date_of_bd.py
[2026-02-28T12:18:43.644+0000] {processor.py:829} INFO - Processing file /opt/airflow/dags/transfer_date_of_bd.py for tasks to queue
[2026-02-28T12:18:43.645+0000] {logging_mixin.py:151} INFO - [2026-02-28T12:18:43.645+0000] {dagbag.py:539} INFO - Filling up the DagBag from /opt/airflow/dags/transfer_date_of_bd.py
[2026-02-28T12:18:44.145+0000] {processor.py:839} INFO - DAG(s) dict_keys(['sqlite_to_postgres_incremental']) retrieved from /opt/airflow/dags/transfer_date_of_bd.py
[2026-02-28T12:18:44.183+0000] {logging_mixin.py:151} INFO - [2026-02-28T12:18:44.182+0000] {dag.py:2915} INFO - Sync 1 DAGs
[2026-02-28T12:18:44.214+0000] {logging_mixin.py:151} INFO - [2026-02-28T12:18:44.214+0000] {dag.py:3696} INFO - Setting next_dagrun for sqlite_to_postgres_incremental to 2026-02-27T00:00:00+00:00, run_after=2026-02-28T00:00:00+00:00
[2026-02-28T12:18:44.241+0000] {processor.py:179} INFO - Processing /opt/airflow/dags/transfer_date_of_bd.py took 0.604 seconds
[2026-02-28T12:19:14.467+0000] {processor.py:157} INFO - Started process (PID=255) to work on /opt/airflow/dags/transfer_date_of_bd.py
[2026-02-28T12:19:14.469+0000] {processor.py:829} INFO - Processing file /opt/airflow/dags/transfer_date_of_bd.py for tasks to queue
[2026-02-28T12:19:14.470+0000] {logging_mixin.py:151} INFO - [2026-02-28T12:19:14.469+0000] {dagbag.py:539} INFO - Filling up the DagBag from /opt/airflow/dags/transfer_date_of_bd.py
[2026-02-28T12:19:14.794+0000] {processor.py:839} INFO - DAG(s) dict_keys(['sqlite_to_postgres_incremental']) retrieved from /opt/airflow/dags/transfer_date_of_bd.py
[2026-02-28T12:19:14.820+0000] {logging_mixin.py:151} INFO - [2026-02-28T12:19:14.819+0000] {dag.py:2915} INFO - Sync 1 DAGs
[2026-02-28T12:19:14.845+0000] {logging_mixin.py:151} INFO - [2026-02-28T12:19:14.845+0000] {dag.py:3696} INFO - Setting next_dagrun for sqlite_to_postgres_incremental to 2026-02-27T00:00:00+00:00, run_after=2026-02-28T00:00:00+00:00
[2026-02-28T12:19:14.866+0000] {processor.py:179} INFO - Processing /opt/airflow/dags/transfer_date_of_bd.py took 0.403 seconds
[2026-02-28T12:19:45.076+0000] {processor.py:157} INFO - Started process (PID=267) to work on /opt/airflow/dags/transfer_date_of_bd.py
[2026-02-28T12:19:45.077+0000] {processor.py:829} INFO - Processing file /opt/airflow/dags/transfer_date_of_bd.py for tasks to queue
[2026-02-28T12:19:45.078+0000] {logging_mixin.py:151} INFO - [2026-02-28T12:19:45.078+0000] {dagbag.py:539} INFO - Filling up the DagBag from /opt/airflow/dags/transfer_date_of_bd.py
[2026-02-28T12:19:45.401+0000] {processor.py:839} INFO - DAG(s) dict_keys(['sqlite_to_postgres_incremental']) retrieved from /opt/airflow/dags/transfer_date_of_bd.py
[2026-02-28T12:19:45.432+0000] {logging_mixin.py:151} INFO - [2026-02-28T12:19:45.431+0000] {dag.py:2915} INFO - Sync 1 DAGs
[2026-02-28T12:19:45.454+0000] {logging_mixin.py:151} INFO - [2026-02-28T12:19:45.454+0000] {dag.py:3696} INFO - Setting next_dagrun for sqlite_to_postgres_incremental to 2026-02-27T00:00:00+00:00, run_after=2026-02-28T00:00:00+00:00
[2026-02-28T12:19:45.476+0000] {processor.py:179} INFO - Processing /opt/airflow/dags/transfer_date_of_bd.py took 0.404 seconds
[2026-02-28T12:20:15.697+0000] {processor.py:157} INFO - Started process (PID=279) to work on /opt/airflow/dags/transfer_date_of_bd.py
[2026-02-28T12:20:15.699+0000] {processor.py:829} INFO - Processing file /opt/airflow/dags/transfer_date_of_bd.py for tasks to queue
[2026-02-28T12:20:15.701+0000] {logging_mixin.py:151} INFO - [2026-02-28T12:20:15.700+0000] {dagbag.py:539} INFO - Filling up the DagBag from /opt/airflow/dags/transfer_date_of_bd.py
[2026-02-28T12:20:16.128+0000] {processor.py:839} INFO - DAG(s) dict_keys(['sqlite_to_postgres_incremental']) retrieved from /opt/airflow/dags/transfer_date_of_bd.py
[2026-02-28T12:20:16.167+0000] {logging_mixin.py:151} INFO - [2026-02-28T12:20:16.166+0000] {dag.py:2915} INFO - Sync 1 DAGs
[2026-02-28T12:20:16.207+0000] {logging_mixin.py:151} INFO - [2026-02-28T12:20:16.207+0000] {dag.py:3696} INFO - Setting next_dagrun for sqlite_to_postgres_incremental to 2026-02-27T00:00:00+00:00, run_after=2026-02-28T00:00:00+00:00
[2026-02-28T12:20:16.235+0000] {processor.py:179} INFO - Processing /opt/airflow/dags/transfer_date_of_bd.py took 0.544 seconds
[2026-02-28T12:20:46.463+0000] {processor.py:157} INFO - Started process (PID=291) to work on /opt/airflow/dags/transfer_date_of_bd.py
[2026-02-28T12:20:46.465+0000] {processor.py:829} INFO - Processing file /opt/airflow/dags/transfer_date_of_bd.py for tasks to queue
[2026-02-28T12:20:46.466+0000] {logging_mixin.py:151} INFO - [2026-02-28T12:20:46.466+0000] {dagbag.py:539} INFO - Filling up the DagBag from /opt/airflow/dags/transfer_date_of_bd.py
[2026-02-28T12:20:46.808+0000] {processor.py:839} INFO - DAG(s) dict_keys(['sqlite_to_postgres_incremental']) retrieved from /opt/airflow/dags/transfer_date_of_bd.py
[2026-02-28T12:20:46.840+0000] {logging_mixin.py:151} INFO - [2026-02-28T12:20:46.840+0000] {dag.py:2915} INFO - Sync 1 DAGs
[2026-02-28T12:20:46.864+0000] {logging_mixin.py:151} INFO - [2026-02-28T12:20:46.864+0000] {dag.py:3696} INFO - Setting next_dagrun for sqlite_to_postgres_incremental to 2026-02-27T00:00:00+00:00, run_after=2026-02-28T00:00:00+00:00
[2026-02-28T12:20:46.890+0000] {processor.py:179} INFO - Processing /opt/airflow/dags/transfer_date_of_bd.py took 0.431 seconds
[2026-02-28T12:21:17.133+0000] {processor.py:157} INFO - Started process (PID=303) to work on /opt/airflow/dags/transfer_date_of_bd.py
[2026-02-28T12:21:17.135+0000] {processor.py:829} INFO - Processing file /opt/airflow/dags/transfer_date_of_bd.py for tasks to queue
[2026-02-28T12:21:17.137+0000] {logging_mixin.py:151} INFO - [2026-02-28T12:21:17.136+0000] {dagbag.py:539} INFO - Filling up the DagBag from /opt/airflow/dags/transfer_date_of_bd.py
[2026-02-28T12:21:17.549+0000] {processor.py:839} INFO - DAG(s) dict_keys(['sqlite_to_postgres_incremental']) retrieved from /opt/airflow/dags/transfer_date_of_bd.py
[2026-02-28T12:21:17.591+0000] {logging_mixin.py:151} INFO - [2026-02-28T12:21:17.590+0000] {dag.py:2915} INFO - Sync 1 DAGs
[2026-02-28T12:21:17.624+0000] {logging_mixin.py:151} INFO - [2026-02-28T12:21:17.624+0000] {dag.py:3696} INFO - Setting next_dagrun for sqlite_to_postgres_incremental to 2026-02-27T00:00:00+00:00, run_after=2026-02-28T00:00:00+00:00
[2026-02-28T12:21:17.655+0000] {processor.py:179} INFO - Processing /opt/airflow/dags/transfer_date_of_bd.py took 0.529 seconds
[2026-02-28T12:21:47.868+0000] {processor.py:157} INFO - Started process (PID=315) to work on /opt/airflow/dags/transfer_date_of_bd.py
[2026-02-28T12:21:47.870+0000] {processor.py:829} INFO - Processing file /opt/airflow/dags/transfer_date_of_bd.py for tasks to queue
[2026-02-28T12:21:47.872+0000] {logging_mixin.py:151} INFO - [2026-02-28T12:21:47.871+0000] {dagbag.py:539} INFO - Filling up the DagBag from /opt/airflow/dags/transfer_date_of_bd.py
[2026-02-28T12:21:48.193+0000] {processor.py:839} INFO - DAG(s) dict_keys(['sqlite_to_postgres_incremental']) retrieved from /opt/airflow/dags/transfer_date_of_bd.py
[2026-02-28T12:21:48.224+0000] {logging_mixin.py:151} INFO - [2026-02-28T12:21:48.223+0000] {dag.py:2915} INFO - Sync 1 DAGs
[2026-02-28T12:21:48.252+0000] {logging_mixin.py:151} INFO - [2026-02-28T12:21:48.251+0000] {dag.py:3696} INFO - Setting next_dagrun for sqlite_to_postgres_incremental to 2026-02-27T00:00:00+00:00, run_after=2026-02-28T00:00:00+00:00
[2026-02-28T12:21:48.275+0000] {processor.py:179} INFO - Processing /opt/airflow/dags/transfer_date_of_bd.py took 0.412 seconds
[2026-02-28T12:22:18.476+0000] {processor.py:157} INFO - Started process (PID=327) to work on /opt/airflow/dags/transfer_date_of_bd.py
[2026-02-28T12:22:18.477+0000] {processor.py:829} INFO - Processing file /opt/airflow/dags/transfer_date_of_bd.py for tasks to queue
[2026-02-28T12:22:18.478+0000] {logging_mixin.py:151} INFO - [2026-02-28T12:22:18.478+0000] {dagbag.py:539} INFO - Filling up the DagBag from /opt/airflow/dags/transfer_date_of_bd.py
[2026-02-28T12:22:18.818+0000] {processor.py:839} INFO - DAG(s) dict_keys(['sqlite_to_postgres_incremental']) retrieved from /opt/airflow/dags/transfer_date_of_bd.py
[2026-02-28T12:22:18.854+0000] {logging_mixin.py:151} INFO - [2026-02-28T12:22:18.852+0000] {dag.py:2915} INFO - Sync 1 DAGs
[2026-02-28T12:22:18.882+0000] {logging_mixin.py:151} INFO - [2026-02-28T12:22:18.882+0000] {dag.py:3696} INFO - Setting next_dagrun for sqlite_to_postgres_incremental to 2026-02-27T00:00:00+00:00, run_after=2026-02-28T00:00:00+00:00
[2026-02-28T12:22:18.912+0000] {processor.py:179} INFO - Processing /opt/airflow/dags/transfer_date_of_bd.py took 0.440 seconds
[2026-02-28T12:22:49.113+0000] {processor.py:157} INFO - Started process (PID=339) to work on /opt/airflow/dags/transfer_date_of_bd.py
[2026-02-28T12:22:49.114+0000] {processor.py:829} INFO - Processing file /opt/airflow/dags/transfer_date_of_bd.py for tasks to queue
[2026-02-28T12:22:49.116+0000] {logging_mixin.py:151} INFO - [2026-02-28T12:22:49.115+0000] {dagbag.py:539} INFO - Filling up the DagBag from /opt/airflow/dags/transfer_date_of_bd.py
[2026-02-28T12:22:49.449+0000] {processor.py:839} INFO - DAG(s) dict_keys(['sqlite_to_postgres_incremental']) retrieved from /opt/airflow/dags/transfer_date_of_bd.py
[2026-02-28T12:22:49.481+0000] {logging_mixin.py:151} INFO - [2026-02-28T12:22:49.480+0000] {dag.py:2915} INFO - Sync 1 DAGs
[2026-02-28T12:22:49.506+0000] {logging_mixin.py:151} INFO - [2026-02-28T12:22:49.506+0000] {dag.py:3696} INFO - Setting next_dagrun for sqlite_to_postgres_incremental to 2026-02-27T00:00:00+00:00, run_after=2026-02-28T00:00:00+00:00
[2026-02-28T12:22:49.529+0000] {processor.py:179} INFO - Processing /opt/airflow/dags/transfer_date_of_bd.py took 0.420 seconds
[2026-02-28T12:23:19.778+0000] {processor.py:157} INFO - Started process (PID=360) to work on /opt/airflow/dags/transfer_date_of_bd.py
[2026-02-28T12:23:19.780+0000] {processor.py:829} INFO - Processing file /opt/airflow/dags/transfer_date_of_bd.py for tasks to queue
[2026-02-28T12:23:19.782+0000] {logging_mixin.py:151} INFO - [2026-02-28T12:23:19.781+0000] {dagbag.py:539} INFO - Filling up the DagBag from /opt/airflow/dags/transfer_date_of_bd.py
[2026-02-28T12:23:20.082+0000] {processor.py:839} INFO - DAG(s) dict_keys(['sqlite_to_postgres_incremental']) retrieved from /opt/airflow/dags/transfer_date_of_bd.py
[2026-02-28T12:23:20.113+0000] {logging_mixin.py:151} INFO - [2026-02-28T12:23:20.112+0000] {dag.py:2915} INFO - Sync 1 DAGs
[2026-02-28T12:23:20.138+0000] {logging_mixin.py:151} INFO - [2026-02-28T12:23:20.138+0000] {dag.py:3696} INFO - Setting next_dagrun for sqlite_to_postgres_incremental to 2026-02-28T00:00:00+00:00, run_after=2026-03-01T00:00:00+00:00
[2026-02-28T12:23:20.166+0000] {processor.py:179} INFO - Processing /opt/airflow/dags/transfer_date_of_bd.py took 0.392 seconds
[2026-02-28T12:23:50.407+0000] {processor.py:157} INFO - Started process (PID=372) to work on /opt/airflow/dags/transfer_date_of_bd.py
[2026-02-28T12:23:50.409+0000] {processor.py:829} INFO - Processing file /opt/airflow/dags/transfer_date_of_bd.py for tasks to queue
[2026-02-28T12:23:50.410+0000] {logging_mixin.py:151} INFO - [2026-02-28T12:23:50.410+0000] {dagbag.py:539} INFO - Filling up the DagBag from /opt/airflow/dags/transfer_date_of_bd.py
[2026-02-28T12:23:50.697+0000] {processor.py:839} INFO - DAG(s) dict_keys(['sqlite_to_postgres_incremental']) retrieved from /opt/airflow/dags/transfer_date_of_bd.py
[2026-02-28T12:23:50.720+0000] {logging_mixin.py:151} INFO - [2026-02-28T12:23:50.719+0000] {dag.py:2915} INFO - Sync 1 DAGs
[2026-02-28T12:23:50.742+0000] {logging_mixin.py:151} INFO - [2026-02-28T12:23:50.741+0000] {dag.py:3696} INFO - Setting next_dagrun for sqlite_to_postgres_incremental to 2026-02-28T00:00:00+00:00, run_after=2026-03-01T00:00:00+00:00
[2026-02-28T12:23:50.767+0000] {processor.py:179} INFO - Processing /opt/airflow/dags/transfer_date_of_bd.py took 0.364 seconds
[2026-02-28T12:24:20.986+0000] {processor.py:157} INFO - Started process (PID=384) to work on /opt/airflow/dags/transfer_date_of_bd.py
[2026-02-28T12:24:20.987+0000] {processor.py:829} INFO - Processing file /opt/airflow/dags/transfer_date_of_bd.py for tasks to queue
[2026-02-28T12:24:20.988+0000] {logging_mixin.py:151} INFO - [2026-02-28T12:24:20.988+0000] {dagbag.py:539} INFO - Filling up the DagBag from /opt/airflow/dags/transfer_date_of_bd.py
[2026-02-28T12:24:21.311+0000] {processor.py:839} INFO - DAG(s) dict_keys(['sqlite_to_postgres_incremental']) retrieved from /opt/airflow/dags/transfer_date_of_bd.py
[2026-02-28T12:24:21.345+0000] {logging_mixin.py:151} INFO - [2026-02-28T12:24:21.344+0000] {dag.py:2915} INFO - Sync 1 DAGs
[2026-02-28T12:24:21.373+0000] {logging_mixin.py:151} INFO - [2026-02-28T12:24:21.372+0000] {dag.py:3696} INFO - Setting next_dagrun for sqlite_to_postgres_incremental to 2026-02-28T00:00:00+00:00, run_after=2026-03-01T00:00:00+00:00
[2026-02-28T12:24:21.409+0000] {processor.py:179} INFO - Processing /opt/airflow/dags/transfer_date_of_bd.py took 0.426 seconds
[2026-02-28T12:24:51.651+0000] {processor.py:157} INFO - Started process (PID=396) to work on /opt/airflow/dags/transfer_date_of_bd.py
[2026-02-28T12:24:51.652+0000] {processor.py:829} INFO - Processing file /opt/airflow/dags/transfer_date_of_bd.py for tasks to queue
[2026-02-28T12:24:51.653+0000] {logging_mixin.py:151} INFO - [2026-02-28T12:24:51.653+0000] {dagbag.py:539} INFO - Filling up the DagBag from /opt/airflow/dags/transfer_date_of_bd.py
[2026-02-28T12:24:51.946+0000] {processor.py:839} INFO - DAG(s) dict_keys(['sqlite_to_postgres_incremental']) retrieved from /opt/airflow/dags/transfer_date_of_bd.py
[2026-02-28T12:24:51.975+0000] {logging_mixin.py:151} INFO - [2026-02-28T12:24:51.974+0000] {dag.py:2915} INFO - Sync 1 DAGs
[2026-02-28T12:24:51.998+0000] {logging_mixin.py:151} INFO - [2026-02-28T12:24:51.998+0000] {dag.py:3696} INFO - Setting next_dagrun for sqlite_to_postgres_incremental to 2026-02-28T00:00:00+00:00, run_after=2026-03-01T00:00:00+00:00
[2026-02-28T12:24:52.018+0000] {processor.py:179} INFO - Processing /opt/airflow/dags/transfer_date_of_bd.py took 0.371 seconds
[2026-02-28T12:25:22.208+0000] {processor.py:157} INFO - Started process (PID=408) to work on /opt/airflow/dags/transfer_date_of_bd.py
[2026-02-28T12:25:22.209+0000] {processor.py:829} INFO - Processing file /opt/airflow/dags/transfer_date_of_bd.py for tasks to queue
[2026-02-28T12:25:22.210+0000] {logging_mixin.py:151} INFO - [2026-02-28T12:25:22.210+0000] {dagbag.py:539} INFO - Filling up the DagBag from /opt/airflow/dags/transfer_date_of_bd.py
[2026-02-28T12:25:22.499+0000] {processor.py:839} INFO - DAG(s) dict_keys(['sqlite_to_postgres_incremental']) retrieved from /opt/airflow/dags/transfer_date_of_bd.py
[2026-02-28T12:25:22.527+0000] {logging_mixin.py:151} INFO - [2026-02-28T12:25:22.526+0000] {dag.py:2915} INFO - Sync 1 DAGs
[2026-02-28T12:25:22.549+0000] {logging_mixin.py:151} INFO - [2026-02-28T12:25:22.548+0000] {dag.py:3696} INFO - Setting next_dagrun for sqlite_to_postgres_incremental to 2026-02-28T00:00:00+00:00, run_after=2026-03-01T00:00:00+00:00
[2026-02-28T12:25:22.570+0000] {processor.py:179} INFO - Processing /opt/airflow/dags/transfer_date_of_bd.py took 0.367 seconds
[2026-02-28T12:25:52.819+0000] {processor.py:157} INFO - Started process (PID=423) to work on /opt/airflow/dags/transfer_date_of_bd.py
[2026-02-28T12:25:52.821+0000] {processor.py:829} INFO - Processing file /opt/airflow/dags/transfer_date_of_bd.py for tasks to queue
[2026-02-28T12:25:52.822+0000] {logging_mixin.py:151} INFO - [2026-02-28T12:25:52.822+0000] {dagbag.py:539} INFO - Filling up the DagBag from /opt/airflow/dags/transfer_date_of_bd.py
[2026-02-28T12:25:53.116+0000] {processor.py:839} INFO - DAG(s) dict_keys(['sqlite_to_postgres_incremental']) retrieved from /opt/airflow/dags/transfer_date_of_bd.py
[2026-02-28T12:25:53.143+0000] {logging_mixin.py:151} INFO - [2026-02-28T12:25:53.143+0000] {dag.py:2915} INFO - Sync 1 DAGs
[2026-02-28T12:25:53.171+0000] {logging_mixin.py:151} INFO - [2026-02-28T12:25:53.171+0000] {dag.py:3696} INFO - Setting next_dagrun for sqlite_to_postgres_incremental to 2026-02-28T00:00:00+00:00, run_after=2026-03-01T00:00:00+00:00
[2026-02-28T12:25:53.203+0000] {processor.py:179} INFO - Processing /opt/airflow/dags/transfer_date_of_bd.py took 0.387 seconds
[2026-02-28T12:26:23.439+0000] {processor.py:157} INFO - Started process (PID=435) to work on /opt/airflow/dags/transfer_date_of_bd.py
[2026-02-28T12:26:23.442+0000] {processor.py:829} INFO - Processing file /opt/airflow/dags/transfer_date_of_bd.py for tasks to queue
[2026-02-28T12:26:23.444+0000] {logging_mixin.py:151} INFO - [2026-02-28T12:26:23.444+0000] {dagbag.py:539} INFO - Filling up the DagBag from /opt/airflow/dags/transfer_date_of_bd.py
[2026-02-28T12:26:23.740+0000] {processor.py:839} INFO - DAG(s) dict_keys(['sqlite_to_postgres_incremental']) retrieved from /opt/airflow/dags/transfer_date_of_bd.py
[2026-02-28T12:26:23.768+0000] {logging_mixin.py:151} INFO - [2026-02-28T12:26:23.767+0000] {dag.py:2915} INFO - Sync 1 DAGs
[2026-02-28T12:26:23.798+0000] {logging_mixin.py:151} INFO - [2026-02-28T12:26:23.797+0000] {dag.py:3696} INFO - Setting next_dagrun for sqlite_to_postgres_incremental to 2026-02-28T00:00:00+00:00, run_after=2026-03-01T00:00:00+00:00
[2026-02-28T12:26:23.821+0000] {processor.py:179} INFO - Processing /opt/airflow/dags/transfer_date_of_bd.py took 0.387 seconds
[2026-02-28T12:26:54.068+0000] {processor.py:157} INFO - Started process (PID=447) to work on /opt/airflow/dags/transfer_date_of_bd.py
[2026-02-28T12:26:54.069+0000] {processor.py:829} INFO - Processing file /opt/airflow/dags/transfer_date_of_bd.py for tasks to queue
[2026-02-28T12:26:54.070+0000] {logging_mixin.py:151} INFO - [2026-02-28T12:26:54.070+0000] {dagbag.py:539} INFO - Filling up the DagBag from /opt/airflow/dags/transfer_date_of_bd.py
[2026-02-28T12:26:54.389+0000] {processor.py:839} INFO - DAG(s) dict_keys(['sqlite_to_postgres_incremental']) retrieved from /opt/airflow/dags/transfer_date_of_bd.py
[2026-02-28T12:26:54.444+0000] {logging_mixin.py:151} INFO - [2026-02-28T12:26:54.442+0000] {dag.py:2915} INFO - Sync 1 DAGs
[2026-02-28T12:26:54.492+0000] {logging_mixin.py:151} INFO - [2026-02-28T12:26:54.492+0000] {dag.py:3696} INFO - Setting next_dagrun for sqlite_to_postgres_incremental to 2026-02-28T00:00:00+00:00, run_after=2026-03-01T00:00:00+00:00
[2026-02-28T12:26:54.542+0000] {processor.py:179} INFO - Processing /opt/airflow/dags/transfer_date_of_bd.py took 0.477 seconds
[2026-02-28T12:27:24.763+0000] {processor.py:157} INFO - Started process (PID=459) to work on /opt/airflow/dags/transfer_date_of_bd.py
[2026-02-28T12:27:24.764+0000] {processor.py:829} INFO - Processing file /opt/airflow/dags/transfer_date_of_bd.py for tasks to queue
[2026-02-28T12:27:24.765+0000] {logging_mixin.py:151} INFO - [2026-02-28T12:27:24.765+0000] {dagbag.py:539} INFO - Filling up the DagBag from /opt/airflow/dags/transfer_date_of_bd.py
[2026-02-28T12:27:25.040+0000] {processor.py:839} INFO - DAG(s) dict_keys(['sqlite_to_postgres_incremental']) retrieved from /opt/airflow/dags/transfer_date_of_bd.py
[2026-02-28T12:27:25.065+0000] {logging_mixin.py:151} INFO - [2026-02-28T12:27:25.063+0000] {dag.py:2915} INFO - Sync 1 DAGs
[2026-02-28T12:27:25.087+0000] {logging_mixin.py:151} INFO - [2026-02-28T12:27:25.087+0000] {dag.py:3696} INFO - Setting next_dagrun for sqlite_to_postgres_incremental to 2026-02-28T00:00:00+00:00, run_after=2026-03-01T00:00:00+00:00
[2026-02-28T12:27:25.105+0000] {processor.py:179} INFO - Processing /opt/airflow/dags/transfer_date_of_bd.py took 0.345 seconds
[2026-02-28T12:27:55.338+0000] {processor.py:157} INFO - Started process (PID=471) to work on /opt/airflow/dags/transfer_date_of_bd.py
[2026-02-28T12:27:55.340+0000] {processor.py:829} INFO - Processing file /opt/airflow/dags/transfer_date_of_bd.py for tasks to queue
[2026-02-28T12:27:55.340+0000] {logging_mixin.py:151} INFO - [2026-02-28T12:27:55.340+0000] {dagbag.py:539} INFO - Filling up the DagBag from /opt/airflow/dags/transfer_date_of_bd.py
[2026-02-28T12:27:55.642+0000] {processor.py:839} INFO - DAG(s) dict_keys(['sqlite_to_postgres_incremental']) retrieved from /opt/airflow/dags/transfer_date_of_bd.py
[2026-02-28T12:27:55.671+0000] {logging_mixin.py:151} INFO - [2026-02-28T12:27:55.671+0000] {dag.py:2915} INFO - Sync 1 DAGs
[2026-02-28T12:27:55.698+0000] {logging_mixin.py:151} INFO - [2026-02-28T12:27:55.697+0000] {dag.py:3696} INFO - Setting next_dagrun for sqlite_to_postgres_incremental to 2026-02-28T00:00:00+00:00, run_after=2026-03-01T00:00:00+00:00
[2026-02-28T12:27:55.718+0000] {processor.py:179} INFO - Processing /opt/airflow/dags/transfer_date_of_bd.py took 0.383 seconds
[2026-02-28T12:28:25.931+0000] {processor.py:157} INFO - Started process (PID=483) to work on /opt/airflow/dags/transfer_date_of_bd.py
[2026-02-28T12:28:25.932+0000] {processor.py:829} INFO - Processing file /opt/airflow/dags/transfer_date_of_bd.py for tasks to queue
[2026-02-28T12:28:25.933+0000] {logging_mixin.py:151} INFO - [2026-02-28T12:28:25.933+0000] {dagbag.py:539} INFO - Filling up the DagBag from /opt/airflow/dags/transfer_date_of_bd.py
[2026-02-28T12:28:26.216+0000] {processor.py:839} INFO - DAG(s) dict_keys(['sqlite_to_postgres_incremental']) retrieved from /opt/airflow/dags/transfer_date_of_bd.py
[2026-02-28T12:28:26.244+0000] {logging_mixin.py:151} INFO - [2026-02-28T12:28:26.243+0000] {dag.py:2915} INFO - Sync 1 DAGs
[2026-02-28T12:28:26.266+0000] {logging_mixin.py:151} INFO - [2026-02-28T12:28:26.266+0000] {dag.py:3696} INFO - Setting next_dagrun for sqlite_to_postgres_incremental to 2026-02-28T00:00:00+00:00, run_after=2026-03-01T00:00:00+00:00
[2026-02-28T12:28:26.286+0000] {processor.py:179} INFO - Processing /opt/airflow/dags/transfer_date_of_bd.py took 0.358 seconds
[2026-02-28T12:28:56.584+0000] {processor.py:157} INFO - Started process (PID=495) to work on /opt/airflow/dags/transfer_date_of_bd.py
[2026-02-28T12:28:56.588+0000] {processor.py:829} INFO - Processing file /opt/airflow/dags/transfer_date_of_bd.py for tasks to queue
[2026-02-28T12:28:56.591+0000] {logging_mixin.py:151} INFO - [2026-02-28T12:28:56.590+0000] {dagbag.py:539} INFO - Filling up the DagBag from /opt/airflow/dags/transfer_date_of_bd.py
[2026-02-28T12:28:57.015+0000] {processor.py:839} INFO - DAG(s) dict_keys(['sqlite_to_postgres_incremental']) retrieved from /opt/airflow/dags/transfer_date_of_bd.py
[2026-02-28T12:28:57.042+0000] {logging_mixin.py:151} INFO - [2026-02-28T12:28:57.041+0000] {dag.py:2915} INFO - Sync 1 DAGs
[2026-02-28T12:28:57.064+0000] {logging_mixin.py:151} INFO - [2026-02-28T12:28:57.063+0000] {dag.py:3696} INFO - Setting next_dagrun for sqlite_to_postgres_incremental to 2026-02-28T00:00:00+00:00, run_after=2026-03-01T00:00:00+00:00
[2026-02-28T12:28:57.086+0000] {processor.py:179} INFO - Processing /opt/airflow/dags/transfer_date_of_bd.py took 0.516 seconds
[2026-02-28T12:29:27.332+0000] {processor.py:157} INFO - Started process (PID=507) to work on /opt/airflow/dags/transfer_date_of_bd.py
[2026-02-28T12:29:27.334+0000] {processor.py:829} INFO - Processing file /opt/airflow/dags/transfer_date_of_bd.py for tasks to queue
[2026-02-28T12:29:27.336+0000] {logging_mixin.py:151} INFO - [2026-02-28T12:29:27.335+0000] {dagbag.py:539} INFO - Filling up the DagBag from /opt/airflow/dags/transfer_date_of_bd.py
[2026-02-28T12:29:27.647+0000] {processor.py:839} INFO - DAG(s) dict_keys(['sqlite_to_postgres_incremental']) retrieved from /opt/airflow/dags/transfer_date_of_bd.py
[2026-02-28T12:29:27.673+0000] {logging_mixin.py:151} INFO - [2026-02-28T12:29:27.672+0000] {dag.py:2915} INFO - Sync 1 DAGs
[2026-02-28T12:29:27.697+0000] {logging_mixin.py:151} INFO - [2026-02-28T12:29:27.697+0000] {dag.py:3696} INFO - Setting next_dagrun for sqlite_to_postgres_incremental to 2026-02-28T00:00:00+00:00, run_after=2026-03-01T00:00:00+00:00
[2026-02-28T12:29:27.720+0000] {processor.py:179} INFO - Processing /opt/airflow/dags/transfer_date_of_bd.py took 0.392 seconds
[2026-02-28T12:29:57.925+0000] {processor.py:157} INFO - Started process (PID=519) to work on /opt/airflow/dags/transfer_date_of_bd.py
[2026-02-28T12:29:57.926+0000] {processor.py:829} INFO - Processing file /opt/airflow/dags/transfer_date_of_bd.py for tasks to queue
[2026-02-28T12:29:57.927+0000] {logging_mixin.py:151} INFO - [2026-02-28T12:29:57.926+0000] {dagbag.py:539} INFO - Filling up the DagBag from /opt/airflow/dags/transfer_date_of_bd.py
[2026-02-28T12:29:58.222+0000] {processor.py:839} INFO - DAG(s) dict_keys(['sqlite_to_postgres_incremental']) retrieved from /opt/airflow/dags/transfer_date_of_bd.py
[2026-02-28T12:29:58.248+0000] {logging_mixin.py:151} INFO - [2026-02-28T12:29:58.247+0000] {dag.py:2915} INFO - Sync 1 DAGs
[2026-02-28T12:29:58.274+0000] {logging_mixin.py:151} INFO - [2026-02-28T12:29:58.274+0000] {dag.py:3696} INFO - Setting next_dagrun for sqlite_to_postgres_incremental to 2026-02-28T00:00:00+00:00, run_after=2026-03-01T00:00:00+00:00
[2026-02-28T12:29:58.295+0000] {processor.py:179} INFO - Processing /opt/airflow/dags/transfer_date_of_bd.py took 0.374 seconds
[2026-02-28T12:30:28.506+0000] {processor.py:157} INFO - Started process (PID=531) to work on /opt/airflow/dags/transfer_date_of_bd.py
[2026-02-28T12:30:28.507+0000] {processor.py:829} INFO - Processing file /opt/airflow/dags/transfer_date_of_bd.py for tasks to queue
[2026-02-28T12:30:28.508+0000] {logging_mixin.py:151} INFO - [2026-02-28T12:30:28.508+0000] {dagbag.py:539} INFO - Filling up the DagBag from /opt/airflow/dags/transfer_date_of_bd.py
[2026-02-28T12:30:28.790+0000] {processor.py:839} INFO - DAG(s) dict_keys(['sqlite_to_postgres_incremental']) retrieved from /opt/airflow/dags/transfer_date_of_bd.py
[2026-02-28T12:30:28.821+0000] {logging_mixin.py:151} INFO - [2026-02-28T12:30:28.820+0000] {dag.py:2915} INFO - Sync 1 DAGs
[2026-02-28T12:30:28.854+0000] {logging_mixin.py:151} INFO - [2026-02-28T12:30:28.854+0000] {dag.py:3696} INFO - Setting next_dagrun for sqlite_to_postgres_incremental to 2026-02-28T00:00:00+00:00, run_after=2026-03-01T00:00:00+00:00
[2026-02-28T12:30:28.882+0000] {processor.py:179} INFO - Processing /opt/airflow/dags/transfer_date_of_bd.py took 0.380 seconds
[2026-02-28T12:30:59.116+0000] {processor.py:157} INFO - Started process (PID=543) to work on /opt/airflow/dags/transfer_date_of_bd.py
[2026-02-28T12:30:59.118+0000] {processor.py:829} INFO - Processing file /opt/airflow/dags/transfer_date_of_bd.py for tasks to queue
[2026-02-28T12:30:59.119+0000] {logging_mixin.py:151} INFO - [2026-02-28T12:30:59.119+0000] {dagbag.py:539} INFO - Filling up the DagBag from /opt/airflow/dags/transfer_date_of_bd.py
[2026-02-28T12:30:59.406+0000] {processor.py:839} INFO - DAG(s) dict_keys(['sqlite_to_postgres_incremental']) retrieved from /opt/airflow/dags/transfer_date_of_bd.py
[2026-02-28T12:30:59.436+0000] {logging_mixin.py:151} INFO - [2026-02-28T12:30:59.436+0000] {dag.py:2915} INFO - Sync 1 DAGs
[2026-02-28T12:30:59.460+0000] {logging_mixin.py:151} INFO - [2026-02-28T12:30:59.460+0000] {dag.py:3696} INFO - Setting next_dagrun for sqlite_to_postgres_incremental to 2026-02-28T00:00:00+00:00, run_after=2026-03-01T00:00:00+00:00
[2026-02-28T12:30:59.483+0000] {processor.py:179} INFO - Processing /opt/airflow/dags/transfer_date_of_bd.py took 0.370 seconds
[2026-02-28T12:31:29.702+0000] {processor.py:157} INFO - Started process (PID=574) to work on /opt/airflow/dags/transfer_date_of_bd.py
[2026-02-28T12:31:29.703+0000] {processor.py:829} INFO - Processing file /opt/airflow/dags/transfer_date_of_bd.py for tasks to queue
[2026-02-28T12:31:29.704+0000] {logging_mixin.py:151} INFO - [2026-02-28T12:31:29.704+0000] {dagbag.py:539} INFO - Filling up the DagBag from /opt/airflow/dags/transfer_date_of_bd.py
[2026-02-28T12:31:29.981+0000] {processor.py:839} INFO - DAG(s) dict_keys(['sqlite_to_postgres_incremental']) retrieved from /opt/airflow/dags/transfer_date_of_bd.py
[2026-02-28T12:31:29.997+0000] {logging_mixin.py:151} INFO - [2026-02-28T12:31:29.996+0000] {dag.py:2915} INFO - Sync 1 DAGs
[2026-02-28T12:31:30.019+0000] {logging_mixin.py:151} INFO - [2026-02-28T12:31:30.019+0000] {dag.py:3696} INFO - Setting next_dagrun for sqlite_to_postgres_incremental to 2026-02-28T00:00:00+00:00, run_after=2026-03-01T00:00:00+00:00
[2026-02-28T12:31:30.042+0000] {processor.py:179} INFO - Processing /opt/airflow/dags/transfer_date_of_bd.py took 0.344 seconds
[2026-02-28T12:31:59.527+0000] {processor.py:157} INFO - Started process (PID=170) to work on /opt/airflow/dags/transfer_date_of_bd.py
[2026-02-28T12:31:59.529+0000] {processor.py:829} INFO - Processing file /opt/airflow/dags/transfer_date_of_bd.py for tasks to queue
[2026-02-28T12:31:59.530+0000] {logging_mixin.py:151} INFO - [2026-02-28T12:31:59.529+0000] {dagbag.py:539} INFO - Filling up the DagBag from /opt/airflow/dags/transfer_date_of_bd.py
[2026-02-28T12:31:59.980+0000] {processor.py:839} INFO - DAG(s) dict_keys(['sqlite_to_postgres_incremental']) retrieved from /opt/airflow/dags/transfer_date_of_bd.py
[2026-02-28T12:32:00.016+0000] {logging_mixin.py:151} INFO - [2026-02-28T12:32:00.016+0000] {dag.py:2915} INFO - Sync 1 DAGs
[2026-02-28T12:32:00.036+0000] {logging_mixin.py:151} INFO - [2026-02-28T12:32:00.035+0000] {dag.py:3696} INFO - Setting next_dagrun for sqlite_to_postgres_incremental to 2026-02-28T00:00:00+00:00, run_after=2026-03-01T00:00:00+00:00
[2026-02-28T12:32:00.057+0000] {processor.py:179} INFO - Processing /opt/airflow/dags/transfer_date_of_bd.py took 0.536 seconds
[2026-02-28T12:32:30.293+0000] {processor.py:157} INFO - Started process (PID=183) to work on /opt/airflow/dags/transfer_date_of_bd.py
[2026-02-28T12:32:30.294+0000] {processor.py:829} INFO - Processing file /opt/airflow/dags/transfer_date_of_bd.py for tasks to queue
[2026-02-28T12:32:30.295+0000] {logging_mixin.py:151} INFO - [2026-02-28T12:32:30.295+0000] {dagbag.py:539} INFO - Filling up the DagBag from /opt/airflow/dags/transfer_date_of_bd.py
[2026-02-28T12:32:30.734+0000] {processor.py:839} INFO - DAG(s) dict_keys(['sqlite_to_postgres_incremental']) retrieved from /opt/airflow/dags/transfer_date_of_bd.py
[2026-02-28T12:32:30.756+0000] {logging_mixin.py:151} INFO - [2026-02-28T12:32:30.756+0000] {dag.py:2915} INFO - Sync 1 DAGs
[2026-02-28T12:32:30.776+0000] {logging_mixin.py:151} INFO - [2026-02-28T12:32:30.776+0000] {dag.py:3696} INFO - Setting next_dagrun for sqlite_to_postgres_incremental to 2026-02-28T00:00:00+00:00, run_after=2026-03-01T00:00:00+00:00
[2026-02-28T12:32:30.796+0000] {processor.py:179} INFO - Processing /opt/airflow/dags/transfer_date_of_bd.py took 0.508 seconds
[2026-02-28T12:33:01.016+0000] {processor.py:157} INFO - Started process (PID=195) to work on /opt/airflow/dags/transfer_date_of_bd.py
[2026-02-28T12:33:01.017+0000] {processor.py:829} INFO - Processing file /opt/airflow/dags/transfer_date_of_bd.py for tasks to queue
[2026-02-28T12:33:01.018+0000] {logging_mixin.py:151} INFO - [2026-02-28T12:33:01.018+0000] {dagbag.py:539} INFO - Filling up the DagBag from /opt/airflow/dags/transfer_date_of_bd.py
[2026-02-28T12:33:01.422+0000] {processor.py:839} INFO - DAG(s) dict_keys(['sqlite_to_postgres_incremental']) retrieved from /opt/airflow/dags/transfer_date_of_bd.py
[2026-02-28T12:33:01.444+0000] {logging_mixin.py:151} INFO - [2026-02-28T12:33:01.444+0000] {dag.py:2915} INFO - Sync 1 DAGs
[2026-02-28T12:33:01.464+0000] {logging_mixin.py:151} INFO - [2026-02-28T12:33:01.464+0000] {dag.py:3696} INFO - Setting next_dagrun for sqlite_to_postgres_incremental to 2026-02-28T00:00:00+00:00, run_after=2026-03-01T00:00:00+00:00
[2026-02-28T12:33:01.484+0000] {processor.py:179} INFO - Processing /opt/airflow/dags/transfer_date_of_bd.py took 0.472 seconds
[2026-02-28T12:33:31.708+0000] {processor.py:157} INFO - Started process (PID=207) to work on /opt/airflow/dags/transfer_date_of_bd.py
[2026-02-28T12:33:31.709+0000] {processor.py:829} INFO - Processing file /opt/airflow/dags/transfer_date_of_bd.py for tasks to queue
[2026-02-28T12:33:31.710+0000] {logging_mixin.py:151} INFO - [2026-02-28T12:33:31.710+0000] {dagbag.py:539} INFO - Filling up the DagBag from /opt/airflow/dags/transfer_date_of_bd.py
[2026-02-28T12:33:32.115+0000] {processor.py:839} INFO - DAG(s) dict_keys(['sqlite_to_postgres_incremental']) retrieved from /opt/airflow/dags/transfer_date_of_bd.py
[2026-02-28T12:33:32.136+0000] {logging_mixin.py:151} INFO - [2026-02-28T12:33:32.136+0000] {dag.py:2915} INFO - Sync 1 DAGs
[2026-02-28T12:33:32.154+0000] {logging_mixin.py:151} INFO - [2026-02-28T12:33:32.153+0000] {dag.py:3696} INFO - Setting next_dagrun for sqlite_to_postgres_incremental to 2026-02-28T00:00:00+00:00, run_after=2026-03-01T00:00:00+00:00
[2026-02-28T12:33:32.174+0000] {processor.py:179} INFO - Processing /opt/airflow/dags/transfer_date_of_bd.py took 0.469 seconds
[2026-02-28T12:34:02.385+0000] {processor.py:157} INFO - Started process (PID=219) to work on /opt/airflow/dags/transfer_date_of_bd.py
[2026-02-28T12:34:02.386+0000] {processor.py:829} INFO - Processing file /opt/airflow/dags/transfer_date_of_bd.py for tasks to queue
[2026-02-28T12:34:02.387+0000] {logging_mixin.py:151} INFO - [2026-02-28T12:34:02.387+0000] {dagbag.py:539} INFO - Filling up the DagBag from /opt/airflow/dags/transfer_date_of_bd.py
[2026-02-28T12:34:02.797+0000] {processor.py:839} INFO - DAG(s) dict_keys(['sqlite_to_postgres_incremental']) retrieved from /opt/airflow/dags/transfer_date_of_bd.py
[2026-02-28T12:34:02.817+0000] {logging_mixin.py:151} INFO - [2026-02-28T12:34:02.817+0000] {dag.py:2915} INFO - Sync 1 DAGs
[2026-02-28T12:34:02.837+0000] {logging_mixin.py:151} INFO - [2026-02-28T12:34:02.836+0000] {dag.py:3696} INFO - Setting next_dagrun for sqlite_to_postgres_incremental to 2026-02-28T00:00:00+00:00, run_after=2026-03-01T00:00:00+00:00
[2026-02-28T12:34:02.853+0000] {processor.py:179} INFO - Processing /opt/airflow/dags/transfer_date_of_bd.py took 0.471 seconds
[2026-02-28T12:34:33.105+0000] {processor.py:157} INFO - Started process (PID=231) to work on /opt/airflow/dags/transfer_date_of_bd.py
[2026-02-28T12:34:33.106+0000] {processor.py:829} INFO - Processing file /opt/airflow/dags/transfer_date_of_bd.py for tasks to queue
[2026-02-28T12:34:33.108+0000] {logging_mixin.py:151} INFO - [2026-02-28T12:34:33.107+0000] {dagbag.py:539} INFO - Filling up the DagBag from /opt/airflow/dags/transfer_date_of_bd.py
[2026-02-28T12:34:33.564+0000] {processor.py:839} INFO - DAG(s) dict_keys(['sqlite_to_postgres_incremental']) retrieved from /opt/airflow/dags/transfer_date_of_bd.py
[2026-02-28T12:34:33.587+0000] {logging_mixin.py:151} INFO - [2026-02-28T12:34:33.586+0000] {dag.py:2915} INFO - Sync 1 DAGs
[2026-02-28T12:34:33.607+0000] {logging_mixin.py:151} INFO - [2026-02-28T12:34:33.607+0000] {dag.py:3696} INFO - Setting next_dagrun for sqlite_to_postgres_incremental to 2026-02-28T00:00:00+00:00, run_after=2026-03-01T00:00:00+00:00
[2026-02-28T12:34:33.626+0000] {processor.py:179} INFO - Processing /opt/airflow/dags/transfer_date_of_bd.py took 0.526 seconds
[2026-02-28T12:35:03.859+0000] {processor.py:157} INFO - Started process (PID=243) to work on /opt/airflow/dags/transfer_date_of_bd.py
[2026-02-28T12:35:03.861+0000] {processor.py:829} INFO - Processing file /opt/airflow/dags/transfer_date_of_bd.py for tasks to queue
[2026-02-28T12:35:03.863+0000] {logging_mixin.py:151} INFO - [2026-02-28T12:35:03.862+0000] {dagbag.py:539} INFO - Filling up the DagBag from /opt/airflow/dags/transfer_date_of_bd.py
[2026-02-28T12:35:04.315+0000] {processor.py:839} INFO - DAG(s) dict_keys(['sqlite_to_postgres_incremental']) retrieved from /opt/airflow/dags/transfer_date_of_bd.py
[2026-02-28T12:35:04.342+0000] {logging_mixin.py:151} INFO - [2026-02-28T12:35:04.341+0000] {dag.py:2915} INFO - Sync 1 DAGs
[2026-02-28T12:35:04.366+0000] {logging_mixin.py:151} INFO - [2026-02-28T12:35:04.366+0000] {dag.py:3696} INFO - Setting next_dagrun for sqlite_to_postgres_incremental to 2026-02-28T00:00:00+00:00, run_after=2026-03-01T00:00:00+00:00
[2026-02-28T12:35:04.391+0000] {processor.py:179} INFO - Processing /opt/airflow/dags/transfer_date_of_bd.py took 0.536 seconds
[2026-02-28T12:35:34.611+0000] {processor.py:157} INFO - Started process (PID=255) to work on /opt/airflow/dags/transfer_date_of_bd.py
[2026-02-28T12:35:34.612+0000] {processor.py:829} INFO - Processing file /opt/airflow/dags/transfer_date_of_bd.py for tasks to queue
[2026-02-28T12:35:34.613+0000] {logging_mixin.py:151} INFO - [2026-02-28T12:35:34.613+0000] {dagbag.py:539} INFO - Filling up the DagBag from /opt/airflow/dags/transfer_date_of_bd.py
[2026-02-28T12:35:35.027+0000] {processor.py:839} INFO - DAG(s) dict_keys(['sqlite_to_postgres_incremental']) retrieved from /opt/airflow/dags/transfer_date_of_bd.py
[2026-02-28T12:35:35.053+0000] {logging_mixin.py:151} INFO - [2026-02-28T12:35:35.051+0000] {dag.py:2915} INFO - Sync 1 DAGs
[2026-02-28T12:35:35.071+0000] {logging_mixin.py:151} INFO - [2026-02-28T12:35:35.071+0000] {dag.py:3696} INFO - Setting next_dagrun for sqlite_to_postgres_incremental to 2026-02-28T00:00:00+00:00, run_after=2026-03-01T00:00:00+00:00
[2026-02-28T12:35:35.104+0000] {processor.py:179} INFO - Processing /opt/airflow/dags/transfer_date_of_bd.py took 0.496 seconds
[2026-02-28T12:36:05.352+0000] {processor.py:157} INFO - Started process (PID=269) to work on /opt/airflow/dags/transfer_date_of_bd.py
[2026-02-28T12:36:05.353+0000] {processor.py:829} INFO - Processing file /opt/airflow/dags/transfer_date_of_bd.py for tasks to queue
[2026-02-28T12:36:05.355+0000] {logging_mixin.py:151} INFO - [2026-02-28T12:36:05.355+0000] {dagbag.py:539} INFO - Filling up the DagBag from /opt/airflow/dags/transfer_date_of_bd.py
[2026-02-28T12:36:05.811+0000] {processor.py:839} INFO - DAG(s) dict_keys(['sqlite_to_postgres_incremental']) retrieved from /opt/airflow/dags/transfer_date_of_bd.py
[2026-02-28T12:36:05.839+0000] {logging_mixin.py:151} INFO - [2026-02-28T12:36:05.839+0000] {dag.py:2915} INFO - Sync 1 DAGs
[2026-02-28T12:36:05.862+0000] {logging_mixin.py:151} INFO - [2026-02-28T12:36:05.862+0000] {dag.py:3696} INFO - Setting next_dagrun for sqlite_to_postgres_incremental to 2026-02-28T00:00:00+00:00, run_after=2026-03-01T00:00:00+00:00
[2026-02-28T12:36:05.884+0000] {processor.py:179} INFO - Processing /opt/airflow/dags/transfer_date_of_bd.py took 0.537 seconds
[2026-02-28T12:36:36.139+0000] {processor.py:157} INFO - Started process (PID=282) to work on /opt/airflow/dags/transfer_date_of_bd.py
[2026-02-28T12:36:36.140+0000] {processor.py:829} INFO - Processing file /opt/airflow/dags/transfer_date_of_bd.py for tasks to queue
[2026-02-28T12:36:36.141+0000] {logging_mixin.py:151} INFO - [2026-02-28T12:36:36.141+0000] {dagbag.py:539} INFO - Filling up the DagBag from /opt/airflow/dags/transfer_date_of_bd.py
[2026-02-28T12:36:36.653+0000] {processor.py:839} INFO - DAG(s) dict_keys(['sqlite_to_postgres_incremental']) retrieved from /opt/airflow/dags/transfer_date_of_bd.py
[2026-02-28T12:36:36.681+0000] {logging_mixin.py:151} INFO - [2026-02-28T12:36:36.680+0000] {dag.py:2915} INFO - Sync 1 DAGs
[2026-02-28T12:36:36.706+0000] {logging_mixin.py:151} INFO - [2026-02-28T12:36:36.705+0000] {dag.py:3696} INFO - Setting next_dagrun for sqlite_to_postgres_incremental to 2026-02-28T00:00:00+00:00, run_after=2026-03-01T00:00:00+00:00
[2026-02-28T12:36:36.728+0000] {processor.py:179} INFO - Processing /opt/airflow/dags/transfer_date_of_bd.py took 0.593 seconds
[2026-02-28T12:37:07.132+0000] {processor.py:157} INFO - Started process (PID=294) to work on /opt/airflow/dags/transfer_date_of_bd.py
[2026-02-28T12:37:07.134+0000] {processor.py:829} INFO - Processing file /opt/airflow/dags/transfer_date_of_bd.py for tasks to queue
[2026-02-28T12:37:07.135+0000] {logging_mixin.py:151} INFO - [2026-02-28T12:37:07.134+0000] {dagbag.py:539} INFO - Filling up the DagBag from /opt/airflow/dags/transfer_date_of_bd.py
[2026-02-28T12:37:07.412+0000] {processor.py:839} INFO - DAG(s) dict_keys(['sqlite_to_postgres_incremental']) retrieved from /opt/airflow/dags/transfer_date_of_bd.py
[2026-02-28T12:37:07.436+0000] {logging_mixin.py:151} INFO - [2026-02-28T12:37:07.436+0000] {dag.py:2915} INFO - Sync 1 DAGs
[2026-02-28T12:37:07.458+0000] {logging_mixin.py:151} INFO - [2026-02-28T12:37:07.457+0000] {dag.py:3696} INFO - Setting next_dagrun for sqlite_to_postgres_incremental to 2026-02-28T00:00:00+00:00, run_after=2026-03-01T00:00:00+00:00
[2026-02-28T12:37:07.479+0000] {processor.py:179} INFO - Processing /opt/airflow/dags/transfer_date_of_bd.py took 0.351 seconds
[2026-02-28T12:37:37.705+0000] {processor.py:157} INFO - Started process (PID=306) to work on /opt/airflow/dags/transfer_date_of_bd.py
[2026-02-28T12:37:37.707+0000] {processor.py:829} INFO - Processing file /opt/airflow/dags/transfer_date_of_bd.py for tasks to queue
[2026-02-28T12:37:37.708+0000] {logging_mixin.py:151} INFO - [2026-02-28T12:37:37.708+0000] {dagbag.py:539} INFO - Filling up the DagBag from /opt/airflow/dags/transfer_date_of_bd.py
[2026-02-28T12:37:38.004+0000] {processor.py:839} INFO - DAG(s) dict_keys(['sqlite_to_postgres_incremental']) retrieved from /opt/airflow/dags/transfer_date_of_bd.py
[2026-02-28T12:37:38.028+0000] {logging_mixin.py:151} INFO - [2026-02-28T12:37:38.028+0000] {dag.py:2915} INFO - Sync 1 DAGs
[2026-02-28T12:37:38.052+0000] {logging_mixin.py:151} INFO - [2026-02-28T12:37:38.052+0000] {dag.py:3696} INFO - Setting next_dagrun for sqlite_to_postgres_incremental to 2026-02-28T00:00:00+00:00, run_after=2026-03-01T00:00:00+00:00
[2026-02-28T12:37:38.074+0000] {processor.py:179} INFO - Processing /opt/airflow/dags/transfer_date_of_bd.py took 0.373 seconds
[2026-02-28T12:38:08.300+0000] {processor.py:157} INFO - Started process (PID=318) to work on /opt/airflow/dags/transfer_date_of_bd.py
[2026-02-28T12:38:08.302+0000] {processor.py:829} INFO - Processing file /opt/airflow/dags/transfer_date_of_bd.py for tasks to queue
[2026-02-28T12:38:08.303+0000] {logging_mixin.py:151} INFO - [2026-02-28T12:38:08.302+0000] {dagbag.py:539} INFO - Filling up the DagBag from /opt/airflow/dags/transfer_date_of_bd.py
[2026-02-28T12:38:08.616+0000] {processor.py:839} INFO - DAG(s) dict_keys(['sqlite_to_postgres_incremental']) retrieved from /opt/airflow/dags/transfer_date_of_bd.py
[2026-02-28T12:38:08.642+0000] {logging_mixin.py:151} INFO - [2026-02-28T12:38:08.641+0000] {dag.py:2915} INFO - Sync 1 DAGs
[2026-02-28T12:38:08.665+0000] {logging_mixin.py:151} INFO - [2026-02-28T12:38:08.665+0000] {dag.py:3696} INFO - Setting next_dagrun for sqlite_to_postgres_incremental to 2026-02-28T00:00:00+00:00, run_after=2026-03-01T00:00:00+00:00
[2026-02-28T12:38:08.684+0000] {processor.py:179} INFO - Processing /opt/airflow/dags/transfer_date_of_bd.py took 0.388 seconds
[2026-02-28T12:53:47.471+0000] {processor.py:157} INFO - Started process (PID=171) to work on /opt/airflow/dags/transfer_date_of_bd.py
[2026-02-28T12:53:47.472+0000] {processor.py:829} INFO - Processing file /opt/airflow/dags/transfer_date_of_bd.py for tasks to queue
[2026-02-28T12:53:47.473+0000] {logging_mixin.py:151} INFO - [2026-02-28T12:53:47.473+0000] {dagbag.py:539} INFO - Filling up the DagBag from /opt/airflow/dags/transfer_date_of_bd.py
[2026-02-28T12:53:48.850+0000] {processor.py:839} INFO - DAG(s) dict_keys(['sqlite_to_postgres_incremental']) retrieved from /opt/airflow/dags/transfer_date_of_bd.py
[2026-02-28T12:53:49.025+0000] {logging_mixin.py:151} INFO - [2026-02-28T12:53:49.025+0000] {manager.py:499} INFO - Created Permission View: %s
[2026-02-28T12:53:49.036+0000] {logging_mixin.py:151} INFO - [2026-02-28T12:53:49.036+0000] {manager.py:499} INFO - Created Permission View: %s
[2026-02-28T12:53:49.045+0000] {logging_mixin.py:151} INFO - [2026-02-28T12:53:49.045+0000] {manager.py:499} INFO - Created Permission View: %s
[2026-02-28T12:53:49.046+0000] {logging_mixin.py:151} INFO - [2026-02-28T12:53:49.046+0000] {security.py:708} INFO - Not syncing DAG-level permissions for DAG 'DAG:sqlite_to_postgres_incremental' as access control is unset.
[2026-02-28T12:53:49.047+0000] {logging_mixin.py:151} INFO - [2026-02-28T12:53:49.046+0000] {dag.py:2915} INFO - Sync 1 DAGs
[2026-02-28T12:53:49.055+0000] {logging_mixin.py:151} INFO - [2026-02-28T12:53:49.055+0000] {dag.py:2937} INFO - Creating ORM DAG for sqlite_to_postgres_incremental
[2026-02-28T12:53:49.065+0000] {logging_mixin.py:151} INFO - [2026-02-28T12:53:49.065+0000] {dag.py:3696} INFO - Setting next_dagrun for sqlite_to_postgres_incremental to 2026-02-27T00:00:00+00:00, run_after=2026-02-28T00:00:00+00:00
[2026-02-28T12:53:49.092+0000] {processor.py:179} INFO - Processing /opt/airflow/dags/transfer_date_of_bd.py took 1.625 seconds
[2026-02-28T12:54:19.332+0000] {processor.py:157} INFO - Started process (PID=189) to work on /opt/airflow/dags/transfer_date_of_bd.py
[2026-02-28T12:54:19.334+0000] {processor.py:829} INFO - Processing file /opt/airflow/dags/transfer_date_of_bd.py for tasks to queue
[2026-02-28T12:54:19.334+0000] {logging_mixin.py:151} INFO - [2026-02-28T12:54:19.334+0000] {dagbag.py:539} INFO - Filling up the DagBag from /opt/airflow/dags/transfer_date_of_bd.py
[2026-02-28T12:54:19.722+0000] {processor.py:839} INFO - DAG(s) dict_keys(['sqlite_to_postgres_incremental']) retrieved from /opt/airflow/dags/transfer_date_of_bd.py
[2026-02-28T12:54:19.743+0000] {logging_mixin.py:151} INFO - [2026-02-28T12:54:19.742+0000] {dag.py:2915} INFO - Sync 1 DAGs
[2026-02-28T12:54:19.762+0000] {logging_mixin.py:151} INFO - [2026-02-28T12:54:19.762+0000] {dag.py:3696} INFO - Setting next_dagrun for sqlite_to_postgres_incremental to 2026-02-28T00:00:00+00:00, run_after=2026-03-01T00:00:00+00:00
[2026-02-28T12:54:19.780+0000] {processor.py:179} INFO - Processing /opt/airflow/dags/transfer_date_of_bd.py took 0.452 seconds
[2026-02-28T12:54:49.993+0000] {processor.py:157} INFO - Started process (PID=201) to work on /opt/airflow/dags/transfer_date_of_bd.py
[2026-02-28T12:54:49.994+0000] {processor.py:829} INFO - Processing file /opt/airflow/dags/transfer_date_of_bd.py for tasks to queue
[2026-02-28T12:54:49.995+0000] {logging_mixin.py:151} INFO - [2026-02-28T12:54:49.995+0000] {dagbag.py:539} INFO - Filling up the DagBag from /opt/airflow/dags/transfer_date_of_bd.py
[2026-02-28T12:54:50.378+0000] {processor.py:839} INFO - DAG(s) dict_keys(['sqlite_to_postgres_incremental']) retrieved from /opt/airflow/dags/transfer_date_of_bd.py
[2026-02-28T12:54:50.399+0000] {logging_mixin.py:151} INFO - [2026-02-28T12:54:50.398+0000] {dag.py:2915} INFO - Sync 1 DAGs
[2026-02-28T12:54:50.417+0000] {logging_mixin.py:151} INFO - [2026-02-28T12:54:50.417+0000] {dag.py:3696} INFO - Setting next_dagrun for sqlite_to_postgres_incremental to 2026-02-28T00:00:00+00:00, run_after=2026-03-01T00:00:00+00:00
[2026-02-28T12:54:50.434+0000] {processor.py:179} INFO - Processing /opt/airflow/dags/transfer_date_of_bd.py took 0.444 seconds
[2026-02-28T12:55:20.655+0000] {processor.py:157} INFO - Started process (PID=213) to work on /opt/airflow/dags/transfer_date_of_bd.py
[2026-02-28T12:55:20.656+0000] {processor.py:829} INFO - Processing file /opt/airflow/dags/transfer_date_of_bd.py for tasks to queue
[2026-02-28T12:55:20.657+0000] {logging_mixin.py:151} INFO - [2026-02-28T12:55:20.657+0000] {dagbag.py:539} INFO - Filling up the DagBag from /opt/airflow/dags/transfer_date_of_bd.py
[2026-02-28T12:55:21.040+0000] {processor.py:839} INFO - DAG(s) dict_keys(['sqlite_to_postgres_incremental']) retrieved from /opt/airflow/dags/transfer_date_of_bd.py
[2026-02-28T12:55:21.062+0000] {logging_mixin.py:151} INFO - [2026-02-28T12:55:21.061+0000] {dag.py:2915} INFO - Sync 1 DAGs
[2026-02-28T12:55:21.079+0000] {logging_mixin.py:151} INFO - [2026-02-28T12:55:21.079+0000] {dag.py:3696} INFO - Setting next_dagrun for sqlite_to_postgres_incremental to 2026-02-28T00:00:00+00:00, run_after=2026-03-01T00:00:00+00:00
[2026-02-28T12:55:21.099+0000] {processor.py:179} INFO - Processing /opt/airflow/dags/transfer_date_of_bd.py took 0.447 seconds
[2026-02-28T12:55:51.317+0000] {processor.py:157} INFO - Started process (PID=225) to work on /opt/airflow/dags/transfer_date_of_bd.py
[2026-02-28T12:55:51.318+0000] {processor.py:829} INFO - Processing file /opt/airflow/dags/transfer_date_of_bd.py for tasks to queue
[2026-02-28T12:55:51.320+0000] {logging_mixin.py:151} INFO - [2026-02-28T12:55:51.319+0000] {dagbag.py:539} INFO - Filling up the DagBag from /opt/airflow/dags/transfer_date_of_bd.py
[2026-02-28T12:55:51.711+0000] {processor.py:839} INFO - DAG(s) dict_keys(['sqlite_to_postgres_incremental']) retrieved from /opt/airflow/dags/transfer_date_of_bd.py
[2026-02-28T12:55:51.730+0000] {logging_mixin.py:151} INFO - [2026-02-28T12:55:51.729+0000] {dag.py:2915} INFO - Sync 1 DAGs
[2026-02-28T12:55:51.748+0000] {logging_mixin.py:151} INFO - [2026-02-28T12:55:51.748+0000] {dag.py:3696} INFO - Setting next_dagrun for sqlite_to_postgres_incremental to 2026-02-28T00:00:00+00:00, run_after=2026-03-01T00:00:00+00:00
[2026-02-28T12:55:51.764+0000] {processor.py:179} INFO - Processing /opt/airflow/dags/transfer_date_of_bd.py took 0.450 seconds
[2026-02-28T12:56:21.980+0000] {processor.py:157} INFO - Started process (PID=237) to work on /opt/airflow/dags/transfer_date_of_bd.py
[2026-02-28T12:56:21.981+0000] {processor.py:829} INFO - Processing file /opt/airflow/dags/transfer_date_of_bd.py for tasks to queue
[2026-02-28T12:56:21.982+0000] {logging_mixin.py:151} INFO - [2026-02-28T12:56:21.982+0000] {dagbag.py:539} INFO - Filling up the DagBag from /opt/airflow/dags/transfer_date_of_bd.py
[2026-02-28T12:56:22.388+0000] {processor.py:839} INFO - DAG(s) dict_keys(['sqlite_to_postgres_incremental']) retrieved from /opt/airflow/dags/transfer_date_of_bd.py
[2026-02-28T12:56:22.409+0000] {logging_mixin.py:151} INFO - [2026-02-28T12:56:22.409+0000] {dag.py:2915} INFO - Sync 1 DAGs
[2026-02-28T12:56:22.428+0000] {logging_mixin.py:151} INFO - [2026-02-28T12:56:22.428+0000] {dag.py:3696} INFO - Setting next_dagrun for sqlite_to_postgres_incremental to 2026-02-28T00:00:00+00:00, run_after=2026-03-01T00:00:00+00:00
[2026-02-28T12:56:22.449+0000] {processor.py:179} INFO - Processing /opt/airflow/dags/transfer_date_of_bd.py took 0.472 seconds
[2026-02-28T12:56:52.663+0000] {processor.py:157} INFO - Started process (PID=249) to work on /opt/airflow/dags/transfer_date_of_bd.py
[2026-02-28T12:56:52.664+0000] {processor.py:829} INFO - Processing file /opt/airflow/dags/transfer_date_of_bd.py for tasks to queue
[2026-02-28T12:56:52.665+0000] {logging_mixin.py:151} INFO - [2026-02-28T12:56:52.665+0000] {dagbag.py:539} INFO - Filling up the DagBag from /opt/airflow/dags/transfer_date_of_bd.py
[2026-02-28T12:56:53.056+0000] {processor.py:839} INFO - DAG(s) dict_keys(['sqlite_to_postgres_incremental']) retrieved from /opt/airflow/dags/transfer_date_of_bd.py
[2026-02-28T12:56:53.075+0000] {logging_mixin.py:151} INFO - [2026-02-28T12:56:53.075+0000] {dag.py:2915} INFO - Sync 1 DAGs
[2026-02-28T12:56:53.096+0000] {logging_mixin.py:151} INFO - [2026-02-28T12:56:53.096+0000] {dag.py:3696} INFO - Setting next_dagrun for sqlite_to_postgres_incremental to 2026-02-28T00:00:00+00:00, run_after=2026-03-01T00:00:00+00:00
[2026-02-28T12:56:53.115+0000] {processor.py:179} INFO - Processing /opt/airflow/dags/transfer_date_of_bd.py took 0.455 seconds
[2026-02-28T12:57:23.339+0000] {processor.py:157} INFO - Started process (PID=261) to work on /opt/airflow/dags/transfer_date_of_bd.py
[2026-02-28T12:57:23.340+0000] {processor.py:829} INFO - Processing file /opt/airflow/dags/transfer_date_of_bd.py for tasks to queue
[2026-02-28T12:57:23.341+0000] {logging_mixin.py:151} INFO - [2026-02-28T12:57:23.341+0000] {dagbag.py:539} INFO - Filling up the DagBag from /opt/airflow/dags/transfer_date_of_bd.py
[2026-02-28T12:57:23.788+0000] {processor.py:839} INFO - DAG(s) dict_keys(['sqlite_to_postgres_incremental']) retrieved from /opt/airflow/dags/transfer_date_of_bd.py
[2026-02-28T12:57:23.813+0000] {logging_mixin.py:151} INFO - [2026-02-28T12:57:23.812+0000] {dag.py:2915} INFO - Sync 1 DAGs
[2026-02-28T12:57:23.836+0000] {logging_mixin.py:151} INFO - [2026-02-28T12:57:23.835+0000] {dag.py:3696} INFO - Setting next_dagrun for sqlite_to_postgres_incremental to 2026-02-28T00:00:00+00:00, run_after=2026-03-01T00:00:00+00:00
[2026-02-28T12:57:23.864+0000] {processor.py:179} INFO - Processing /opt/airflow/dags/transfer_date_of_bd.py took 0.530 seconds
[2026-02-28T12:57:54.082+0000] {processor.py:157} INFO - Started process (PID=273) to work on /opt/airflow/dags/transfer_date_of_bd.py
[2026-02-28T12:57:54.083+0000] {processor.py:829} INFO - Processing file /opt/airflow/dags/transfer_date_of_bd.py for tasks to queue
[2026-02-28T12:57:54.084+0000] {logging_mixin.py:151} INFO - [2026-02-28T12:57:54.084+0000] {dagbag.py:539} INFO - Filling up the DagBag from /opt/airflow/dags/transfer_date_of_bd.py
[2026-02-28T12:57:54.493+0000] {processor.py:839} INFO - DAG(s) dict_keys(['sqlite_to_postgres_incremental']) retrieved from /opt/airflow/dags/transfer_date_of_bd.py
[2026-02-28T12:57:54.517+0000] {logging_mixin.py:151} INFO - [2026-02-28T12:57:54.516+0000] {dag.py:2915} INFO - Sync 1 DAGs
[2026-02-28T12:57:54.534+0000] {logging_mixin.py:151} INFO - [2026-02-28T12:57:54.534+0000] {dag.py:3696} INFO - Setting next_dagrun for sqlite_to_postgres_incremental to 2026-02-28T00:00:00+00:00, run_after=2026-03-01T00:00:00+00:00
[2026-02-28T12:57:54.553+0000] {processor.py:179} INFO - Processing /opt/airflow/dags/transfer_date_of_bd.py took 0.474 seconds
[2026-02-28T12:58:24.787+0000] {processor.py:157} INFO - Started process (PID=285) to work on /opt/airflow/dags/transfer_date_of_bd.py
[2026-02-28T12:58:24.788+0000] {processor.py:829} INFO - Processing file /opt/airflow/dags/transfer_date_of_bd.py for tasks to queue
[2026-02-28T12:58:24.789+0000] {logging_mixin.py:151} INFO - [2026-02-28T12:58:24.789+0000] {dagbag.py:539} INFO - Filling up the DagBag from /opt/airflow/dags/transfer_date_of_bd.py
[2026-02-28T12:58:25.165+0000] {processor.py:839} INFO - DAG(s) dict_keys(['sqlite_to_postgres_incremental']) retrieved from /opt/airflow/dags/transfer_date_of_bd.py
[2026-02-28T12:58:25.185+0000] {logging_mixin.py:151} INFO - [2026-02-28T12:58:25.184+0000] {dag.py:2915} INFO - Sync 1 DAGs
[2026-02-28T12:58:25.203+0000] {logging_mixin.py:151} INFO - [2026-02-28T12:58:25.203+0000] {dag.py:3696} INFO - Setting next_dagrun for sqlite_to_postgres_incremental to 2026-02-28T00:00:00+00:00, run_after=2026-03-01T00:00:00+00:00
[2026-02-28T12:58:25.221+0000] {processor.py:179} INFO - Processing /opt/airflow/dags/transfer_date_of_bd.py took 0.437 seconds
[2026-02-28T12:58:55.634+0000] {processor.py:157} INFO - Started process (PID=297) to work on /opt/airflow/dags/transfer_date_of_bd.py
[2026-02-28T12:58:55.636+0000] {processor.py:829} INFO - Processing file /opt/airflow/dags/transfer_date_of_bd.py for tasks to queue
[2026-02-28T12:58:55.638+0000] {logging_mixin.py:151} INFO - [2026-02-28T12:58:55.637+0000] {dagbag.py:539} INFO - Filling up the DagBag from /opt/airflow/dags/transfer_date_of_bd.py
[2026-02-28T12:58:56.043+0000] {processor.py:839} INFO - DAG(s) dict_keys(['sqlite_to_postgres_incremental']) retrieved from /opt/airflow/dags/transfer_date_of_bd.py
[2026-02-28T12:58:56.105+0000] {logging_mixin.py:151} INFO - [2026-02-28T12:58:56.097+0000] {dag.py:2915} INFO - Sync 1 DAGs
[2026-02-28T12:58:56.149+0000] {logging_mixin.py:151} INFO - [2026-02-28T12:58:56.149+0000] {dag.py:3696} INFO - Setting next_dagrun for sqlite_to_postgres_incremental to 2026-02-28T00:00:00+00:00, run_after=2026-03-01T00:00:00+00:00
[2026-02-28T12:58:56.196+0000] {processor.py:179} INFO - Processing /opt/airflow/dags/transfer_date_of_bd.py took 0.568 seconds
[2026-02-28T12:59:26.453+0000] {processor.py:157} INFO - Started process (PID=309) to work on /opt/airflow/dags/transfer_date_of_bd.py
[2026-02-28T12:59:26.455+0000] {processor.py:829} INFO - Processing file /opt/airflow/dags/transfer_date_of_bd.py for tasks to queue
[2026-02-28T12:59:26.456+0000] {logging_mixin.py:151} INFO - [2026-02-28T12:59:26.455+0000] {dagbag.py:539} INFO - Filling up the DagBag from /opt/airflow/dags/transfer_date_of_bd.py
[2026-02-28T12:59:26.730+0000] {processor.py:839} INFO - DAG(s) dict_keys(['sqlite_to_postgres_incremental']) retrieved from /opt/airflow/dags/transfer_date_of_bd.py
[2026-02-28T12:59:26.757+0000] {logging_mixin.py:151} INFO - [2026-02-28T12:59:26.756+0000] {dag.py:2915} INFO - Sync 1 DAGs
[2026-02-28T12:59:26.779+0000] {logging_mixin.py:151} INFO - [2026-02-28T12:59:26.779+0000] {dag.py:3696} INFO - Setting next_dagrun for sqlite_to_postgres_incremental to 2026-02-28T00:00:00+00:00, run_after=2026-03-01T00:00:00+00:00
[2026-02-28T12:59:26.798+0000] {processor.py:179} INFO - Processing /opt/airflow/dags/transfer_date_of_bd.py took 0.348 seconds
[2026-02-28T13:00:28.406+0000] {processor.py:157} INFO - Started process (PID=179) to work on /opt/airflow/dags/transfer_date_of_bd.py
[2026-02-28T13:00:28.407+0000] {processor.py:829} INFO - Processing file /opt/airflow/dags/transfer_date_of_bd.py for tasks to queue
[2026-02-28T13:00:28.408+0000] {logging_mixin.py:151} INFO - [2026-02-28T13:00:28.408+0000] {dagbag.py:539} INFO - Filling up the DagBag from /opt/airflow/dags/transfer_date_of_bd.py
[2026-02-28T13:00:29.687+0000] {processor.py:839} INFO - DAG(s) dict_keys(['sqlite_to_postgres_incremental']) retrieved from /opt/airflow/dags/transfer_date_of_bd.py
[2026-02-28T13:00:29.916+0000] {logging_mixin.py:151} INFO - [2026-02-28T13:00:29.916+0000] {manager.py:499} INFO - Created Permission View: %s
[2026-02-28T13:00:29.929+0000] {logging_mixin.py:151} INFO - [2026-02-28T13:00:29.929+0000] {manager.py:499} INFO - Created Permission View: %s
[2026-02-28T13:00:29.939+0000] {logging_mixin.py:151} INFO - [2026-02-28T13:00:29.939+0000] {manager.py:499} INFO - Created Permission View: %s
[2026-02-28T13:00:29.940+0000] {logging_mixin.py:151} INFO - [2026-02-28T13:00:29.939+0000] {security.py:708} INFO - Not syncing DAG-level permissions for DAG 'DAG:sqlite_to_postgres_incremental' as access control is unset.
[2026-02-28T13:00:29.941+0000] {logging_mixin.py:151} INFO - [2026-02-28T13:00:29.940+0000] {dag.py:2915} INFO - Sync 1 DAGs
[2026-02-28T13:00:29.949+0000] {logging_mixin.py:151} INFO - [2026-02-28T13:00:29.949+0000] {dag.py:2937} INFO - Creating ORM DAG for sqlite_to_postgres_incremental
[2026-02-28T13:00:29.960+0000] {logging_mixin.py:151} INFO - [2026-02-28T13:00:29.960+0000] {dag.py:3696} INFO - Setting next_dagrun for sqlite_to_postgres_incremental to 2026-02-27T00:00:00+00:00, run_after=2026-02-28T00:00:00+00:00
[2026-02-28T13:00:29.986+0000] {processor.py:179} INFO - Processing /opt/airflow/dags/transfer_date_of_bd.py took 1.585 seconds
[2026-02-28T13:01:00.208+0000] {processor.py:157} INFO - Started process (PID=195) to work on /opt/airflow/dags/transfer_date_of_bd.py
[2026-02-28T13:01:00.209+0000] {processor.py:829} INFO - Processing file /opt/airflow/dags/transfer_date_of_bd.py for tasks to queue
[2026-02-28T13:01:00.210+0000] {logging_mixin.py:151} INFO - [2026-02-28T13:01:00.210+0000] {dagbag.py:539} INFO - Filling up the DagBag from /opt/airflow/dags/transfer_date_of_bd.py
[2026-02-28T13:01:00.631+0000] {processor.py:839} INFO - DAG(s) dict_keys(['sqlite_to_postgres_incremental']) retrieved from /opt/airflow/dags/transfer_date_of_bd.py
[2026-02-28T13:01:00.654+0000] {logging_mixin.py:151} INFO - [2026-02-28T13:01:00.653+0000] {dag.py:2915} INFO - Sync 1 DAGs
[2026-02-28T13:01:00.672+0000] {logging_mixin.py:151} INFO - [2026-02-28T13:01:00.672+0000] {dag.py:3696} INFO - Setting next_dagrun for sqlite_to_postgres_incremental to 2026-02-28T00:00:00+00:00, run_after=2026-03-01T00:00:00+00:00
[2026-02-28T13:01:00.693+0000] {processor.py:179} INFO - Processing /opt/airflow/dags/transfer_date_of_bd.py took 0.489 seconds
[2026-02-28T13:01:30.926+0000] {processor.py:157} INFO - Started process (PID=209) to work on /opt/airflow/dags/transfer_date_of_bd.py
[2026-02-28T13:01:30.927+0000] {processor.py:829} INFO - Processing file /opt/airflow/dags/transfer_date_of_bd.py for tasks to queue
[2026-02-28T13:01:30.928+0000] {logging_mixin.py:151} INFO - [2026-02-28T13:01:30.928+0000] {dagbag.py:539} INFO - Filling up the DagBag from /opt/airflow/dags/transfer_date_of_bd.py
[2026-02-28T13:01:31.330+0000] {processor.py:839} INFO - DAG(s) dict_keys(['sqlite_to_postgres_incremental']) retrieved from /opt/airflow/dags/transfer_date_of_bd.py
[2026-02-28T13:01:31.355+0000] {logging_mixin.py:151} INFO - [2026-02-28T13:01:31.355+0000] {dag.py:2915} INFO - Sync 1 DAGs
[2026-02-28T13:01:31.376+0000] {logging_mixin.py:151} INFO - [2026-02-28T13:01:31.375+0000] {dag.py:3696} INFO - Setting next_dagrun for sqlite_to_postgres_incremental to 2026-02-28T00:00:00+00:00, run_after=2026-03-01T00:00:00+00:00
[2026-02-28T13:01:31.397+0000] {processor.py:179} INFO - Processing /opt/airflow/dags/transfer_date_of_bd.py took 0.475 seconds
[2026-02-28T13:02:01.640+0000] {processor.py:157} INFO - Started process (PID=221) to work on /opt/airflow/dags/transfer_date_of_bd.py
[2026-02-28T13:02:01.642+0000] {processor.py:829} INFO - Processing file /opt/airflow/dags/transfer_date_of_bd.py for tasks to queue
[2026-02-28T13:02:01.644+0000] {logging_mixin.py:151} INFO - [2026-02-28T13:02:01.643+0000] {dagbag.py:539} INFO - Filling up the DagBag from /opt/airflow/dags/transfer_date_of_bd.py
[2026-02-28T13:02:02.061+0000] {processor.py:839} INFO - DAG(s) dict_keys(['sqlite_to_postgres_incremental']) retrieved from /opt/airflow/dags/transfer_date_of_bd.py
[2026-02-28T13:02:02.091+0000] {logging_mixin.py:151} INFO - [2026-02-28T13:02:02.090+0000] {dag.py:2915} INFO - Sync 1 DAGs
[2026-02-28T13:02:02.118+0000] {logging_mixin.py:151} INFO - [2026-02-28T13:02:02.118+0000] {dag.py:3696} INFO - Setting next_dagrun for sqlite_to_postgres_incremental to 2026-02-28T00:00:00+00:00, run_after=2026-03-01T00:00:00+00:00
[2026-02-28T13:02:02.138+0000] {processor.py:179} INFO - Processing /opt/airflow/dags/transfer_date_of_bd.py took 0.503 seconds
[2026-02-28T13:02:32.379+0000] {processor.py:157} INFO - Started process (PID=233) to work on /opt/airflow/dags/transfer_date_of_bd.py
[2026-02-28T13:02:32.380+0000] {processor.py:829} INFO - Processing file /opt/airflow/dags/transfer_date_of_bd.py for tasks to queue
[2026-02-28T13:02:32.381+0000] {logging_mixin.py:151} INFO - [2026-02-28T13:02:32.381+0000] {dagbag.py:539} INFO - Filling up the DagBag from /opt/airflow/dags/transfer_date_of_bd.py
[2026-02-28T13:02:33.022+0000] {processor.py:839} INFO - DAG(s) dict_keys(['sqlite_to_postgres_incremental']) retrieved from /opt/airflow/dags/transfer_date_of_bd.py
[2026-02-28T13:02:33.042+0000] {logging_mixin.py:151} INFO - [2026-02-28T13:02:33.042+0000] {dag.py:2915} INFO - Sync 1 DAGs
[2026-02-28T13:02:33.060+0000] {logging_mixin.py:151} INFO - [2026-02-28T13:02:33.059+0000] {dag.py:3696} INFO - Setting next_dagrun for sqlite_to_postgres_incremental to 2026-02-28T00:00:00+00:00, run_after=2026-03-01T00:00:00+00:00
[2026-02-28T13:02:33.078+0000] {processor.py:179} INFO - Processing /opt/airflow/dags/transfer_date_of_bd.py took 0.702 seconds
[2026-02-28T13:03:03.302+0000] {processor.py:157} INFO - Started process (PID=245) to work on /opt/airflow/dags/transfer_date_of_bd.py
[2026-02-28T13:03:03.303+0000] {processor.py:829} INFO - Processing file /opt/airflow/dags/transfer_date_of_bd.py for tasks to queue
[2026-02-28T13:03:03.304+0000] {logging_mixin.py:151} INFO - [2026-02-28T13:03:03.303+0000] {dagbag.py:539} INFO - Filling up the DagBag from /opt/airflow/dags/transfer_date_of_bd.py
[2026-02-28T13:03:03.705+0000] {processor.py:839} INFO - DAG(s) dict_keys(['sqlite_to_postgres_incremental']) retrieved from /opt/airflow/dags/transfer_date_of_bd.py
[2026-02-28T13:03:03.726+0000] {logging_mixin.py:151} INFO - [2026-02-28T13:03:03.725+0000] {dag.py:2915} INFO - Sync 1 DAGs
[2026-02-28T13:03:03.746+0000] {logging_mixin.py:151} INFO - [2026-02-28T13:03:03.746+0000] {dag.py:3696} INFO - Setting next_dagrun for sqlite_to_postgres_incremental to 2026-02-28T00:00:00+00:00, run_after=2026-03-01T00:00:00+00:00
[2026-02-28T13:03:03.764+0000] {processor.py:179} INFO - Processing /opt/airflow/dags/transfer_date_of_bd.py took 0.466 seconds
[2026-02-28T13:03:34.346+0000] {processor.py:157} INFO - Started process (PID=257) to work on /opt/airflow/dags/transfer_date_of_bd.py
[2026-02-28T13:03:34.346+0000] {processor.py:829} INFO - Processing file /opt/airflow/dags/transfer_date_of_bd.py for tasks to queue
[2026-02-28T13:03:34.347+0000] {logging_mixin.py:151} INFO - [2026-02-28T13:03:34.347+0000] {dagbag.py:539} INFO - Filling up the DagBag from /opt/airflow/dags/transfer_date_of_bd.py
[2026-02-28T13:03:34.775+0000] {processor.py:839} INFO - DAG(s) dict_keys(['sqlite_to_postgres_incremental']) retrieved from /opt/airflow/dags/transfer_date_of_bd.py
[2026-02-28T13:03:34.797+0000] {logging_mixin.py:151} INFO - [2026-02-28T13:03:34.796+0000] {dag.py:2915} INFO - Sync 1 DAGs
[2026-02-28T13:03:34.818+0000] {logging_mixin.py:151} INFO - [2026-02-28T13:03:34.817+0000] {dag.py:3696} INFO - Setting next_dagrun for sqlite_to_postgres_incremental to 2026-02-28T00:00:00+00:00, run_after=2026-03-01T00:00:00+00:00
[2026-02-28T13:03:34.837+0000] {processor.py:179} INFO - Processing /opt/airflow/dags/transfer_date_of_bd.py took 0.495 seconds
[2026-02-28T13:04:05.048+0000] {processor.py:157} INFO - Started process (PID=269) to work on /opt/airflow/dags/transfer_date_of_bd.py
[2026-02-28T13:04:05.049+0000] {processor.py:829} INFO - Processing file /opt/airflow/dags/transfer_date_of_bd.py for tasks to queue
[2026-02-28T13:04:05.050+0000] {logging_mixin.py:151} INFO - [2026-02-28T13:04:05.050+0000] {dagbag.py:539} INFO - Filling up the DagBag from /opt/airflow/dags/transfer_date_of_bd.py
[2026-02-28T13:04:05.460+0000] {processor.py:839} INFO - DAG(s) dict_keys(['sqlite_to_postgres_incremental']) retrieved from /opt/airflow/dags/transfer_date_of_bd.py
[2026-02-28T13:04:05.488+0000] {logging_mixin.py:151} INFO - [2026-02-28T13:04:05.486+0000] {dag.py:2915} INFO - Sync 1 DAGs
[2026-02-28T13:04:05.512+0000] {logging_mixin.py:151} INFO - [2026-02-28T13:04:05.512+0000] {dag.py:3696} INFO - Setting next_dagrun for sqlite_to_postgres_incremental to 2026-02-28T00:00:00+00:00, run_after=2026-03-01T00:00:00+00:00
[2026-02-28T13:04:05.542+0000] {processor.py:179} INFO - Processing /opt/airflow/dags/transfer_date_of_bd.py took 0.497 seconds
[2026-02-28T13:04:35.907+0000] {processor.py:157} INFO - Started process (PID=281) to work on /opt/airflow/dags/transfer_date_of_bd.py
[2026-02-28T13:04:35.908+0000] {processor.py:829} INFO - Processing file /opt/airflow/dags/transfer_date_of_bd.py for tasks to queue
[2026-02-28T13:04:35.909+0000] {logging_mixin.py:151} INFO - [2026-02-28T13:04:35.909+0000] {dagbag.py:539} INFO - Filling up the DagBag from /opt/airflow/dags/transfer_date_of_bd.py
[2026-02-28T13:04:36.369+0000] {processor.py:839} INFO - DAG(s) dict_keys(['sqlite_to_postgres_incremental']) retrieved from /opt/airflow/dags/transfer_date_of_bd.py
[2026-02-28T13:04:36.398+0000] {logging_mixin.py:151} INFO - [2026-02-28T13:04:36.397+0000] {dag.py:2915} INFO - Sync 1 DAGs
[2026-02-28T13:04:36.421+0000] {logging_mixin.py:151} INFO - [2026-02-28T13:04:36.421+0000] {dag.py:3696} INFO - Setting next_dagrun for sqlite_to_postgres_incremental to 2026-02-28T00:00:00+00:00, run_after=2026-03-01T00:00:00+00:00
[2026-02-28T13:04:36.441+0000] {processor.py:179} INFO - Processing /opt/airflow/dags/transfer_date_of_bd.py took 0.538 seconds
[2026-02-28T13:04:39.531+0000] {processor.py:157} INFO - Started process (PID=293) to work on /opt/airflow/dags/transfer_date_of_bd.py
[2026-02-28T13:04:39.534+0000] {processor.py:829} INFO - Processing file /opt/airflow/dags/transfer_date_of_bd.py for tasks to queue
[2026-02-28T13:04:39.536+0000] {logging_mixin.py:151} INFO - [2026-02-28T13:04:39.535+0000] {dagbag.py:539} INFO - Filling up the DagBag from /opt/airflow/dags/transfer_date_of_bd.py
[2026-02-28T13:04:40.263+0000] {processor.py:839} INFO - DAG(s) dict_keys(['sqlite_to_postgres_incremental']) retrieved from /opt/airflow/dags/transfer_date_of_bd.py
[2026-02-28T13:04:40.289+0000] {logging_mixin.py:151} INFO - [2026-02-28T13:04:40.289+0000] {dag.py:2915} INFO - Sync 1 DAGs
[2026-02-28T13:04:40.321+0000] {logging_mixin.py:151} INFO - [2026-02-28T13:04:40.319+0000] {dag.py:3696} INFO - Setting next_dagrun for sqlite_to_postgres_incremental to 2026-02-28T00:00:00+00:00, run_after=2026-03-01T00:00:00+00:00
[2026-02-28T13:04:40.383+0000] {processor.py:179} INFO - Processing /opt/airflow/dags/transfer_date_of_bd.py took 0.857 seconds
[2026-02-28T13:05:10.726+0000] {processor.py:157} INFO - Started process (PID=311) to work on /opt/airflow/dags/transfer_date_of_bd.py
[2026-02-28T13:05:10.727+0000] {processor.py:829} INFO - Processing file /opt/airflow/dags/transfer_date_of_bd.py for tasks to queue
[2026-02-28T13:05:10.728+0000] {logging_mixin.py:151} INFO - [2026-02-28T13:05:10.727+0000] {dagbag.py:539} INFO - Filling up the DagBag from /opt/airflow/dags/transfer_date_of_bd.py
[2026-02-28T13:05:11.090+0000] {processor.py:839} INFO - DAG(s) dict_keys(['sqlite_to_postgres_incremental']) retrieved from /opt/airflow/dags/transfer_date_of_bd.py
[2026-02-28T13:05:11.115+0000] {logging_mixin.py:151} INFO - [2026-02-28T13:05:11.114+0000] {dag.py:2915} INFO - Sync 1 DAGs
[2026-02-28T13:05:11.133+0000] {logging_mixin.py:151} INFO - [2026-02-28T13:05:11.133+0000] {dag.py:3696} INFO - Setting next_dagrun for sqlite_to_postgres_incremental to 2026-02-28T00:00:00+00:00, run_after=2026-03-01T00:00:00+00:00
[2026-02-28T13:05:11.151+0000] {processor.py:179} INFO - Processing /opt/airflow/dags/transfer_date_of_bd.py took 0.429 seconds
[2026-02-28T13:05:41.359+0000] {processor.py:157} INFO - Started process (PID=323) to work on /opt/airflow/dags/transfer_date_of_bd.py
[2026-02-28T13:05:41.361+0000] {processor.py:829} INFO - Processing file /opt/airflow/dags/transfer_date_of_bd.py for tasks to queue
[2026-02-28T13:05:41.362+0000] {logging_mixin.py:151} INFO - [2026-02-28T13:05:41.361+0000] {dagbag.py:539} INFO - Filling up the DagBag from /opt/airflow/dags/transfer_date_of_bd.py
[2026-02-28T13:05:41.610+0000] {processor.py:839} INFO - DAG(s) dict_keys(['sqlite_to_postgres_incremental']) retrieved from /opt/airflow/dags/transfer_date_of_bd.py
[2026-02-28T13:05:41.637+0000] {logging_mixin.py:151} INFO - [2026-02-28T13:05:41.636+0000] {dag.py:2915} INFO - Sync 1 DAGs
[2026-02-28T13:05:41.658+0000] {logging_mixin.py:151} INFO - [2026-02-28T13:05:41.658+0000] {dag.py:3696} INFO - Setting next_dagrun for sqlite_to_postgres_incremental to 2026-02-28T00:00:00+00:00, run_after=2026-03-01T00:00:00+00:00
[2026-02-28T13:05:41.678+0000] {processor.py:179} INFO - Processing /opt/airflow/dags/transfer_date_of_bd.py took 0.322 seconds
[2026-02-28T13:06:11.900+0000] {processor.py:157} INFO - Started process (PID=335) to work on /opt/airflow/dags/transfer_date_of_bd.py
[2026-02-28T13:06:11.901+0000] {processor.py:829} INFO - Processing file /opt/airflow/dags/transfer_date_of_bd.py for tasks to queue
[2026-02-28T13:06:11.902+0000] {logging_mixin.py:151} INFO - [2026-02-28T13:06:11.902+0000] {dagbag.py:539} INFO - Filling up the DagBag from /opt/airflow/dags/transfer_date_of_bd.py
[2026-02-28T13:06:12.198+0000] {processor.py:839} INFO - DAG(s) dict_keys(['sqlite_to_postgres_incremental']) retrieved from /opt/airflow/dags/transfer_date_of_bd.py
[2026-02-28T13:06:12.229+0000] {logging_mixin.py:151} INFO - [2026-02-28T13:06:12.227+0000] {dag.py:2915} INFO - Sync 1 DAGs
[2026-02-28T13:06:12.256+0000] {logging_mixin.py:151} INFO - [2026-02-28T13:06:12.256+0000] {dag.py:3696} INFO - Setting next_dagrun for sqlite_to_postgres_incremental to 2026-02-28T00:00:00+00:00, run_after=2026-03-01T00:00:00+00:00
[2026-02-28T13:06:12.278+0000] {processor.py:179} INFO - Processing /opt/airflow/dags/transfer_date_of_bd.py took 0.384 seconds
[2026-02-28T13:06:42.476+0000] {processor.py:157} INFO - Started process (PID=347) to work on /opt/airflow/dags/transfer_date_of_bd.py
[2026-02-28T13:06:42.477+0000] {processor.py:829} INFO - Processing file /opt/airflow/dags/transfer_date_of_bd.py for tasks to queue
[2026-02-28T13:06:42.478+0000] {logging_mixin.py:151} INFO - [2026-02-28T13:06:42.478+0000] {dagbag.py:539} INFO - Filling up the DagBag from /opt/airflow/dags/transfer_date_of_bd.py
[2026-02-28T13:06:42.727+0000] {processor.py:839} INFO - DAG(s) dict_keys(['sqlite_to_postgres_incremental']) retrieved from /opt/airflow/dags/transfer_date_of_bd.py
[2026-02-28T13:06:42.751+0000] {logging_mixin.py:151} INFO - [2026-02-28T13:06:42.751+0000] {dag.py:2915} INFO - Sync 1 DAGs
[2026-02-28T13:06:42.771+0000] {logging_mixin.py:151} INFO - [2026-02-28T13:06:42.771+0000] {dag.py:3696} INFO - Setting next_dagrun for sqlite_to_postgres_incremental to 2026-02-28T00:00:00+00:00, run_after=2026-03-01T00:00:00+00:00
[2026-02-28T13:06:42.792+0000] {processor.py:179} INFO - Processing /opt/airflow/dags/transfer_date_of_bd.py took 0.318 seconds
[2026-02-28T13:07:13.002+0000] {processor.py:157} INFO - Started process (PID=359) to work on /opt/airflow/dags/transfer_date_of_bd.py
[2026-02-28T13:07:13.003+0000] {processor.py:829} INFO - Processing file /opt/airflow/dags/transfer_date_of_bd.py for tasks to queue
[2026-02-28T13:07:13.004+0000] {logging_mixin.py:151} INFO - [2026-02-28T13:07:13.003+0000] {dagbag.py:539} INFO - Filling up the DagBag from /opt/airflow/dags/transfer_date_of_bd.py
[2026-02-28T13:07:13.258+0000] {processor.py:839} INFO - DAG(s) dict_keys(['sqlite_to_postgres_incremental']) retrieved from /opt/airflow/dags/transfer_date_of_bd.py
[2026-02-28T13:07:13.287+0000] {logging_mixin.py:151} INFO - [2026-02-28T13:07:13.286+0000] {dag.py:2915} INFO - Sync 1 DAGs
[2026-02-28T13:07:13.309+0000] {logging_mixin.py:151} INFO - [2026-02-28T13:07:13.309+0000] {dag.py:3696} INFO - Setting next_dagrun for sqlite_to_postgres_incremental to 2026-02-28T00:00:00+00:00, run_after=2026-03-01T00:00:00+00:00
[2026-02-28T13:07:13.332+0000] {processor.py:179} INFO - Processing /opt/airflow/dags/transfer_date_of_bd.py took 0.334 seconds
[2026-02-28T13:07:43.542+0000] {processor.py:157} INFO - Started process (PID=371) to work on /opt/airflow/dags/transfer_date_of_bd.py
[2026-02-28T13:07:43.543+0000] {processor.py:829} INFO - Processing file /opt/airflow/dags/transfer_date_of_bd.py for tasks to queue
[2026-02-28T13:07:43.544+0000] {logging_mixin.py:151} INFO - [2026-02-28T13:07:43.544+0000] {dagbag.py:539} INFO - Filling up the DagBag from /opt/airflow/dags/transfer_date_of_bd.py
[2026-02-28T13:07:43.812+0000] {processor.py:839} INFO - DAG(s) dict_keys(['sqlite_to_postgres_incremental']) retrieved from /opt/airflow/dags/transfer_date_of_bd.py
[2026-02-28T13:07:43.840+0000] {logging_mixin.py:151} INFO - [2026-02-28T13:07:43.840+0000] {dag.py:2915} INFO - Sync 1 DAGs
[2026-02-28T13:07:43.862+0000] {logging_mixin.py:151} INFO - [2026-02-28T13:07:43.862+0000] {dag.py:3696} INFO - Setting next_dagrun for sqlite_to_postgres_incremental to 2026-02-28T00:00:00+00:00, run_after=2026-03-01T00:00:00+00:00
[2026-02-28T13:07:43.881+0000] {processor.py:179} INFO - Processing /opt/airflow/dags/transfer_date_of_bd.py took 0.342 seconds
[2026-02-28T13:08:14.091+0000] {processor.py:157} INFO - Started process (PID=383) to work on /opt/airflow/dags/transfer_date_of_bd.py
[2026-02-28T13:08:14.092+0000] {processor.py:829} INFO - Processing file /opt/airflow/dags/transfer_date_of_bd.py for tasks to queue
[2026-02-28T13:08:14.093+0000] {logging_mixin.py:151} INFO - [2026-02-28T13:08:14.093+0000] {dagbag.py:539} INFO - Filling up the DagBag from /opt/airflow/dags/transfer_date_of_bd.py
[2026-02-28T13:08:14.340+0000] {processor.py:839} INFO - DAG(s) dict_keys(['sqlite_to_postgres_incremental']) retrieved from /opt/airflow/dags/transfer_date_of_bd.py
[2026-02-28T13:08:14.365+0000] {logging_mixin.py:151} INFO - [2026-02-28T13:08:14.365+0000] {dag.py:2915} INFO - Sync 1 DAGs
[2026-02-28T13:08:14.384+0000] {logging_mixin.py:151} INFO - [2026-02-28T13:08:14.384+0000] {dag.py:3696} INFO - Setting next_dagrun for sqlite_to_postgres_incremental to 2026-02-28T00:00:00+00:00, run_after=2026-03-01T00:00:00+00:00
[2026-02-28T13:08:14.403+0000] {processor.py:179} INFO - Processing /opt/airflow/dags/transfer_date_of_bd.py took 0.315 seconds
[2026-02-28T13:08:44.626+0000] {processor.py:157} INFO - Started process (PID=395) to work on /opt/airflow/dags/transfer_date_of_bd.py
[2026-02-28T13:08:44.627+0000] {processor.py:829} INFO - Processing file /opt/airflow/dags/transfer_date_of_bd.py for tasks to queue
[2026-02-28T13:08:44.627+0000] {logging_mixin.py:151} INFO - [2026-02-28T13:08:44.627+0000] {dagbag.py:539} INFO - Filling up the DagBag from /opt/airflow/dags/transfer_date_of_bd.py
[2026-02-28T13:08:44.953+0000] {processor.py:839} INFO - DAG(s) dict_keys(['sqlite_to_postgres_incremental']) retrieved from /opt/airflow/dags/transfer_date_of_bd.py
[2026-02-28T13:08:44.979+0000] {logging_mixin.py:151} INFO - [2026-02-28T13:08:44.977+0000] {dag.py:2915} INFO - Sync 1 DAGs
[2026-02-28T13:08:44.998+0000] {logging_mixin.py:151} INFO - [2026-02-28T13:08:44.998+0000] {dag.py:3696} INFO - Setting next_dagrun for sqlite_to_postgres_incremental to 2026-02-28T00:00:00+00:00, run_after=2026-03-01T00:00:00+00:00
[2026-02-28T13:08:45.017+0000] {processor.py:179} INFO - Processing /opt/airflow/dags/transfer_date_of_bd.py took 0.394 seconds
[2026-02-28T13:09:15.211+0000] {processor.py:157} INFO - Started process (PID=407) to work on /opt/airflow/dags/transfer_date_of_bd.py
[2026-02-28T13:09:15.213+0000] {processor.py:829} INFO - Processing file /opt/airflow/dags/transfer_date_of_bd.py for tasks to queue
[2026-02-28T13:09:15.214+0000] {logging_mixin.py:151} INFO - [2026-02-28T13:09:15.214+0000] {dagbag.py:539} INFO - Filling up the DagBag from /opt/airflow/dags/transfer_date_of_bd.py
[2026-02-28T13:09:15.501+0000] {processor.py:839} INFO - DAG(s) dict_keys(['sqlite_to_postgres_incremental']) retrieved from /opt/airflow/dags/transfer_date_of_bd.py
[2026-02-28T13:09:15.526+0000] {logging_mixin.py:151} INFO - [2026-02-28T13:09:15.526+0000] {dag.py:2915} INFO - Sync 1 DAGs
[2026-02-28T13:09:15.548+0000] {logging_mixin.py:151} INFO - [2026-02-28T13:09:15.548+0000] {dag.py:3696} INFO - Setting next_dagrun for sqlite_to_postgres_incremental to 2026-02-28T00:00:00+00:00, run_after=2026-03-01T00:00:00+00:00
[2026-02-28T13:09:15.568+0000] {processor.py:179} INFO - Processing /opt/airflow/dags/transfer_date_of_bd.py took 0.360 seconds
[2026-02-28T13:09:45.774+0000] {processor.py:157} INFO - Started process (PID=419) to work on /opt/airflow/dags/transfer_date_of_bd.py
[2026-02-28T13:09:45.775+0000] {processor.py:829} INFO - Processing file /opt/airflow/dags/transfer_date_of_bd.py for tasks to queue
[2026-02-28T13:09:45.776+0000] {logging_mixin.py:151} INFO - [2026-02-28T13:09:45.775+0000] {dagbag.py:539} INFO - Filling up the DagBag from /opt/airflow/dags/transfer_date_of_bd.py
[2026-02-28T13:09:46.091+0000] {processor.py:839} INFO - DAG(s) dict_keys(['sqlite_to_postgres_incremental']) retrieved from /opt/airflow/dags/transfer_date_of_bd.py
[2026-02-28T13:09:46.120+0000] {logging_mixin.py:151} INFO - [2026-02-28T13:09:46.119+0000] {dag.py:2915} INFO - Sync 1 DAGs
[2026-02-28T13:09:46.149+0000] {logging_mixin.py:151} INFO - [2026-02-28T13:09:46.148+0000] {dag.py:3696} INFO - Setting next_dagrun for sqlite_to_postgres_incremental to 2026-02-28T00:00:00+00:00, run_after=2026-03-01T00:00:00+00:00
[2026-02-28T13:09:46.176+0000] {processor.py:179} INFO - Processing /opt/airflow/dags/transfer_date_of_bd.py took 0.405 seconds
[2026-02-28T13:10:16.378+0000] {processor.py:157} INFO - Started process (PID=431) to work on /opt/airflow/dags/transfer_date_of_bd.py
[2026-02-28T13:10:16.379+0000] {processor.py:829} INFO - Processing file /opt/airflow/dags/transfer_date_of_bd.py for tasks to queue
[2026-02-28T13:10:16.380+0000] {logging_mixin.py:151} INFO - [2026-02-28T13:10:16.380+0000] {dagbag.py:539} INFO - Filling up the DagBag from /opt/airflow/dags/transfer_date_of_bd.py
[2026-02-28T13:10:16.664+0000] {processor.py:839} INFO - DAG(s) dict_keys(['sqlite_to_postgres_incremental']) retrieved from /opt/airflow/dags/transfer_date_of_bd.py
[2026-02-28T13:10:16.694+0000] {logging_mixin.py:151} INFO - [2026-02-28T13:10:16.693+0000] {dag.py:2915} INFO - Sync 1 DAGs
[2026-02-28T13:10:16.717+0000] {logging_mixin.py:151} INFO - [2026-02-28T13:10:16.717+0000] {dag.py:3696} INFO - Setting next_dagrun for sqlite_to_postgres_incremental to 2026-02-28T00:00:00+00:00, run_after=2026-03-01T00:00:00+00:00
[2026-02-28T13:10:16.743+0000] {processor.py:179} INFO - Processing /opt/airflow/dags/transfer_date_of_bd.py took 0.368 seconds
[2026-02-28T13:10:47.161+0000] {processor.py:157} INFO - Started process (PID=443) to work on /opt/airflow/dags/transfer_date_of_bd.py
[2026-02-28T13:10:47.162+0000] {processor.py:829} INFO - Processing file /opt/airflow/dags/transfer_date_of_bd.py for tasks to queue
[2026-02-28T13:10:47.163+0000] {logging_mixin.py:151} INFO - [2026-02-28T13:10:47.163+0000] {dagbag.py:539} INFO - Filling up the DagBag from /opt/airflow/dags/transfer_date_of_bd.py
[2026-02-28T13:10:47.483+0000] {processor.py:839} INFO - DAG(s) dict_keys(['sqlite_to_postgres_incremental']) retrieved from /opt/airflow/dags/transfer_date_of_bd.py
[2026-02-28T13:10:47.517+0000] {logging_mixin.py:151} INFO - [2026-02-28T13:10:47.516+0000] {dag.py:2915} INFO - Sync 1 DAGs
[2026-02-28T13:10:47.540+0000] {logging_mixin.py:151} INFO - [2026-02-28T13:10:47.540+0000] {dag.py:3696} INFO - Setting next_dagrun for sqlite_to_postgres_incremental to 2026-02-28T00:00:00+00:00, run_after=2026-03-01T00:00:00+00:00
[2026-02-28T13:10:47.557+0000] {processor.py:179} INFO - Processing /opt/airflow/dags/transfer_date_of_bd.py took 0.400 seconds
[2026-02-28T13:11:17.843+0000] {processor.py:157} INFO - Started process (PID=455) to work on /opt/airflow/dags/transfer_date_of_bd.py
[2026-02-28T13:11:17.844+0000] {processor.py:829} INFO - Processing file /opt/airflow/dags/transfer_date_of_bd.py for tasks to queue
[2026-02-28T13:11:17.845+0000] {logging_mixin.py:151} INFO - [2026-02-28T13:11:17.845+0000] {dagbag.py:539} INFO - Filling up the DagBag from /opt/airflow/dags/transfer_date_of_bd.py
[2026-02-28T13:11:18.125+0000] {processor.py:839} INFO - DAG(s) dict_keys(['sqlite_to_postgres_incremental']) retrieved from /opt/airflow/dags/transfer_date_of_bd.py
[2026-02-28T13:11:18.157+0000] {logging_mixin.py:151} INFO - [2026-02-28T13:11:18.156+0000] {dag.py:2915} INFO - Sync 1 DAGs
[2026-02-28T13:11:18.181+0000] {logging_mixin.py:151} INFO - [2026-02-28T13:11:18.180+0000] {dag.py:3696} INFO - Setting next_dagrun for sqlite_to_postgres_incremental to 2026-02-28T00:00:00+00:00, run_after=2026-03-01T00:00:00+00:00
[2026-02-28T13:11:18.205+0000] {processor.py:179} INFO - Processing /opt/airflow/dags/transfer_date_of_bd.py took 0.366 seconds
[2026-02-28T13:11:48.450+0000] {processor.py:157} INFO - Started process (PID=467) to work on /opt/airflow/dags/transfer_date_of_bd.py
[2026-02-28T13:11:48.451+0000] {processor.py:829} INFO - Processing file /opt/airflow/dags/transfer_date_of_bd.py for tasks to queue
[2026-02-28T13:11:48.452+0000] {logging_mixin.py:151} INFO - [2026-02-28T13:11:48.452+0000] {dagbag.py:539} INFO - Filling up the DagBag from /opt/airflow/dags/transfer_date_of_bd.py
[2026-02-28T13:11:48.783+0000] {processor.py:839} INFO - DAG(s) dict_keys(['sqlite_to_postgres_incremental']) retrieved from /opt/airflow/dags/transfer_date_of_bd.py
[2026-02-28T13:11:48.816+0000] {logging_mixin.py:151} INFO - [2026-02-28T13:11:48.815+0000] {dag.py:2915} INFO - Sync 1 DAGs
[2026-02-28T13:11:48.843+0000] {logging_mixin.py:151} INFO - [2026-02-28T13:11:48.843+0000] {dag.py:3696} INFO - Setting next_dagrun for sqlite_to_postgres_incremental to 2026-02-28T00:00:00+00:00, run_after=2026-03-01T00:00:00+00:00
[2026-02-28T13:11:48.869+0000] {processor.py:179} INFO - Processing /opt/airflow/dags/transfer_date_of_bd.py took 0.423 seconds
[2026-02-28T18:01:14.976+0000] {processor.py:157} INFO - Started process (PID=170) to work on /opt/airflow/dags/transfer_date_of_bd.py
[2026-02-28T18:01:14.977+0000] {processor.py:829} INFO - Processing file /opt/airflow/dags/transfer_date_of_bd.py for tasks to queue
[2026-02-28T18:01:14.978+0000] {logging_mixin.py:151} INFO - [2026-02-28T18:01:14.978+0000] {dagbag.py:539} INFO - Filling up the DagBag from /opt/airflow/dags/transfer_date_of_bd.py
[2026-02-28T18:01:16.577+0000] {processor.py:839} INFO - DAG(s) dict_keys(['sqlite_to_postgres_incremental']) retrieved from /opt/airflow/dags/transfer_date_of_bd.py
[2026-02-28T18:01:16.627+0000] {logging_mixin.py:151} INFO - [2026-02-28T18:01:16.627+0000] {dag.py:2915} INFO - Sync 1 DAGs
[2026-02-28T18:01:16.652+0000] {logging_mixin.py:151} INFO - [2026-02-28T18:01:16.652+0000] {dag.py:3696} INFO - Setting next_dagrun for sqlite_to_postgres_incremental to 2026-02-28T00:00:00+00:00, run_after=2026-03-01T00:00:00+00:00
[2026-02-28T18:01:16.675+0000] {processor.py:179} INFO - Processing /opt/airflow/dags/transfer_date_of_bd.py took 1.703 seconds
[2026-02-28T18:01:46.880+0000] {processor.py:157} INFO - Started process (PID=183) to work on /opt/airflow/dags/transfer_date_of_bd.py
[2026-02-28T18:01:46.881+0000] {processor.py:829} INFO - Processing file /opt/airflow/dags/transfer_date_of_bd.py for tasks to queue
[2026-02-28T18:01:46.883+0000] {logging_mixin.py:151} INFO - [2026-02-28T18:01:46.882+0000] {dagbag.py:539} INFO - Filling up the DagBag from /opt/airflow/dags/transfer_date_of_bd.py
[2026-02-28T18:01:47.345+0000] {processor.py:839} INFO - DAG(s) dict_keys(['sqlite_to_postgres_incremental']) retrieved from /opt/airflow/dags/transfer_date_of_bd.py
[2026-02-28T18:01:47.369+0000] {logging_mixin.py:151} INFO - [2026-02-28T18:01:47.368+0000] {dag.py:2915} INFO - Sync 1 DAGs
[2026-02-28T18:01:47.390+0000] {logging_mixin.py:151} INFO - [2026-02-28T18:01:47.390+0000] {dag.py:3696} INFO - Setting next_dagrun for sqlite_to_postgres_incremental to 2026-02-28T00:00:00+00:00, run_after=2026-03-01T00:00:00+00:00
[2026-02-28T18:01:47.412+0000] {processor.py:179} INFO - Processing /opt/airflow/dags/transfer_date_of_bd.py took 0.537 seconds
[2026-02-28T18:02:17.620+0000] {processor.py:157} INFO - Started process (PID=195) to work on /opt/airflow/dags/transfer_date_of_bd.py
[2026-02-28T18:02:17.622+0000] {processor.py:829} INFO - Processing file /opt/airflow/dags/transfer_date_of_bd.py for tasks to queue
[2026-02-28T18:02:17.624+0000] {logging_mixin.py:151} INFO - [2026-02-28T18:02:17.623+0000] {dagbag.py:539} INFO - Filling up the DagBag from /opt/airflow/dags/transfer_date_of_bd.py
[2026-02-28T18:02:18.080+0000] {processor.py:839} INFO - DAG(s) dict_keys(['sqlite_to_postgres_incremental']) retrieved from /opt/airflow/dags/transfer_date_of_bd.py
[2026-02-28T18:02:18.103+0000] {logging_mixin.py:151} INFO - [2026-02-28T18:02:18.102+0000] {dag.py:2915} INFO - Sync 1 DAGs
[2026-02-28T18:02:18.127+0000] {logging_mixin.py:151} INFO - [2026-02-28T18:02:18.127+0000] {dag.py:3696} INFO - Setting next_dagrun for sqlite_to_postgres_incremental to 2026-02-28T00:00:00+00:00, run_after=2026-03-01T00:00:00+00:00
[2026-02-28T18:02:18.149+0000] {processor.py:179} INFO - Processing /opt/airflow/dags/transfer_date_of_bd.py took 0.533 seconds
[2026-02-28T18:02:48.334+0000] {processor.py:157} INFO - Started process (PID=210) to work on /opt/airflow/dags/transfer_date_of_bd.py
[2026-02-28T18:02:48.335+0000] {processor.py:829} INFO - Processing file /opt/airflow/dags/transfer_date_of_bd.py for tasks to queue
[2026-02-28T18:02:48.336+0000] {logging_mixin.py:151} INFO - [2026-02-28T18:02:48.336+0000] {dagbag.py:539} INFO - Filling up the DagBag from /opt/airflow/dags/transfer_date_of_bd.py
[2026-02-28T18:02:48.765+0000] {processor.py:839} INFO - DAG(s) dict_keys(['sqlite_to_postgres_incremental']) retrieved from /opt/airflow/dags/transfer_date_of_bd.py
[2026-02-28T18:02:48.786+0000] {logging_mixin.py:151} INFO - [2026-02-28T18:02:48.786+0000] {dag.py:2915} INFO - Sync 1 DAGs
[2026-02-28T18:02:48.806+0000] {logging_mixin.py:151} INFO - [2026-02-28T18:02:48.806+0000] {dag.py:3696} INFO - Setting next_dagrun for sqlite_to_postgres_incremental to 2026-02-28T00:00:00+00:00, run_after=2026-03-01T00:00:00+00:00
[2026-02-28T18:02:48.825+0000] {processor.py:179} INFO - Processing /opt/airflow/dags/transfer_date_of_bd.py took 0.494 seconds
[2026-02-28T18:03:19.034+0000] {processor.py:157} INFO - Started process (PID=222) to work on /opt/airflow/dags/transfer_date_of_bd.py
[2026-02-28T18:03:19.035+0000] {processor.py:829} INFO - Processing file /opt/airflow/dags/transfer_date_of_bd.py for tasks to queue
[2026-02-28T18:03:19.037+0000] {logging_mixin.py:151} INFO - [2026-02-28T18:03:19.036+0000] {dagbag.py:539} INFO - Filling up the DagBag from /opt/airflow/dags/transfer_date_of_bd.py
[2026-02-28T18:03:19.466+0000] {processor.py:839} INFO - DAG(s) dict_keys(['sqlite_to_postgres_incremental']) retrieved from /opt/airflow/dags/transfer_date_of_bd.py
[2026-02-28T18:03:19.490+0000] {logging_mixin.py:151} INFO - [2026-02-28T18:03:19.489+0000] {dag.py:2915} INFO - Sync 1 DAGs
[2026-02-28T18:03:19.510+0000] {logging_mixin.py:151} INFO - [2026-02-28T18:03:19.510+0000] {dag.py:3696} INFO - Setting next_dagrun for sqlite_to_postgres_incremental to 2026-02-28T00:00:00+00:00, run_after=2026-03-01T00:00:00+00:00
[2026-02-28T18:03:19.530+0000] {processor.py:179} INFO - Processing /opt/airflow/dags/transfer_date_of_bd.py took 0.500 seconds
[2026-02-28T18:03:49.715+0000] {processor.py:157} INFO - Started process (PID=234) to work on /opt/airflow/dags/transfer_date_of_bd.py
[2026-02-28T18:03:49.716+0000] {processor.py:829} INFO - Processing file /opt/airflow/dags/transfer_date_of_bd.py for tasks to queue
[2026-02-28T18:03:49.717+0000] {logging_mixin.py:151} INFO - [2026-02-28T18:03:49.717+0000] {dagbag.py:539} INFO - Filling up the DagBag from /opt/airflow/dags/transfer_date_of_bd.py
[2026-02-28T18:03:50.147+0000] {processor.py:839} INFO - DAG(s) dict_keys(['sqlite_to_postgres_incremental']) retrieved from /opt/airflow/dags/transfer_date_of_bd.py
[2026-02-28T18:03:50.174+0000] {logging_mixin.py:151} INFO - [2026-02-28T18:03:50.173+0000] {dag.py:2915} INFO - Sync 1 DAGs
[2026-02-28T18:03:50.198+0000] {logging_mixin.py:151} INFO - [2026-02-28T18:03:50.198+0000] {dag.py:3696} INFO - Setting next_dagrun for sqlite_to_postgres_incremental to 2026-02-28T00:00:00+00:00, run_after=2026-03-01T00:00:00+00:00
[2026-02-28T18:03:50.219+0000] {processor.py:179} INFO - Processing /opt/airflow/dags/transfer_date_of_bd.py took 0.509 seconds
[2026-02-28T18:04:20.385+0000] {processor.py:157} INFO - Started process (PID=246) to work on /opt/airflow/dags/transfer_date_of_bd.py
[2026-02-28T18:04:20.386+0000] {processor.py:829} INFO - Processing file /opt/airflow/dags/transfer_date_of_bd.py for tasks to queue
[2026-02-28T18:04:20.387+0000] {logging_mixin.py:151} INFO - [2026-02-28T18:04:20.387+0000] {dagbag.py:539} INFO - Filling up the DagBag from /opt/airflow/dags/transfer_date_of_bd.py
[2026-02-28T18:04:20.673+0000] {processor.py:839} INFO - DAG(s) dict_keys(['sqlite_to_postgres_incremental']) retrieved from /opt/airflow/dags/transfer_date_of_bd.py
[2026-02-28T18:04:20.701+0000] {logging_mixin.py:151} INFO - [2026-02-28T18:04:20.701+0000] {dag.py:2915} INFO - Sync 1 DAGs
[2026-02-28T18:04:20.727+0000] {logging_mixin.py:151} INFO - [2026-02-28T18:04:20.726+0000] {dag.py:3696} INFO - Setting next_dagrun for sqlite_to_postgres_incremental to 2026-02-28T00:00:00+00:00, run_after=2026-03-01T00:00:00+00:00
[2026-02-28T18:04:20.750+0000] {processor.py:179} INFO - Processing /opt/airflow/dags/transfer_date_of_bd.py took 0.368 seconds
[2026-02-28T18:04:50.963+0000] {processor.py:157} INFO - Started process (PID=258) to work on /opt/airflow/dags/transfer_date_of_bd.py
[2026-02-28T18:04:50.965+0000] {processor.py:829} INFO - Processing file /opt/airflow/dags/transfer_date_of_bd.py for tasks to queue
[2026-02-28T18:04:50.966+0000] {logging_mixin.py:151} INFO - [2026-02-28T18:04:50.965+0000] {dagbag.py:539} INFO - Filling up the DagBag from /opt/airflow/dags/transfer_date_of_bd.py
[2026-02-28T18:04:51.269+0000] {processor.py:839} INFO - DAG(s) dict_keys(['sqlite_to_postgres_incremental']) retrieved from /opt/airflow/dags/transfer_date_of_bd.py
[2026-02-28T18:04:51.295+0000] {logging_mixin.py:151} INFO - [2026-02-28T18:04:51.295+0000] {dag.py:2915} INFO - Sync 1 DAGs
[2026-02-28T18:04:51.318+0000] {logging_mixin.py:151} INFO - [2026-02-28T18:04:51.318+0000] {dag.py:3696} INFO - Setting next_dagrun for sqlite_to_postgres_incremental to 2026-02-28T00:00:00+00:00, run_after=2026-03-01T00:00:00+00:00
[2026-02-28T18:04:51.337+0000] {processor.py:179} INFO - Processing /opt/airflow/dags/transfer_date_of_bd.py took 0.377 seconds
[2026-02-28T18:05:21.944+0000] {processor.py:157} INFO - Started process (PID=270) to work on /opt/airflow/dags/transfer_date_of_bd.py
[2026-02-28T18:05:21.945+0000] {processor.py:829} INFO - Processing file /opt/airflow/dags/transfer_date_of_bd.py for tasks to queue
[2026-02-28T18:05:21.947+0000] {logging_mixin.py:151} INFO - [2026-02-28T18:05:21.946+0000] {dagbag.py:539} INFO - Filling up the DagBag from /opt/airflow/dags/transfer_date_of_bd.py
[2026-02-28T18:05:22.309+0000] {processor.py:839} INFO - DAG(s) dict_keys(['sqlite_to_postgres_incremental']) retrieved from /opt/airflow/dags/transfer_date_of_bd.py
[2026-02-28T18:05:22.340+0000] {logging_mixin.py:151} INFO - [2026-02-28T18:05:22.339+0000] {dag.py:2915} INFO - Sync 1 DAGs
[2026-02-28T18:05:22.366+0000] {logging_mixin.py:151} INFO - [2026-02-28T18:05:22.366+0000] {dag.py:3696} INFO - Setting next_dagrun for sqlite_to_postgres_incremental to 2026-02-28T00:00:00+00:00, run_after=2026-03-01T00:00:00+00:00
[2026-02-28T18:05:22.393+0000] {processor.py:179} INFO - Processing /opt/airflow/dags/transfer_date_of_bd.py took 0.454 seconds
[2026-02-28T18:05:52.640+0000] {processor.py:157} INFO - Started process (PID=282) to work on /opt/airflow/dags/transfer_date_of_bd.py
[2026-02-28T18:05:52.642+0000] {processor.py:829} INFO - Processing file /opt/airflow/dags/transfer_date_of_bd.py for tasks to queue
[2026-02-28T18:05:52.643+0000] {logging_mixin.py:151} INFO - [2026-02-28T18:05:52.642+0000] {dagbag.py:539} INFO - Filling up the DagBag from /opt/airflow/dags/transfer_date_of_bd.py
[2026-02-28T18:05:52.927+0000] {processor.py:839} INFO - DAG(s) dict_keys(['sqlite_to_postgres_incremental']) retrieved from /opt/airflow/dags/transfer_date_of_bd.py
[2026-02-28T18:05:52.953+0000] {logging_mixin.py:151} INFO - [2026-02-28T18:05:52.952+0000] {dag.py:2915} INFO - Sync 1 DAGs
[2026-02-28T18:05:52.976+0000] {logging_mixin.py:151} INFO - [2026-02-28T18:05:52.975+0000] {dag.py:3696} INFO - Setting next_dagrun for sqlite_to_postgres_incremental to 2026-02-28T00:00:00+00:00, run_after=2026-03-01T00:00:00+00:00
[2026-02-28T18:05:52.998+0000] {processor.py:179} INFO - Processing /opt/airflow/dags/transfer_date_of_bd.py took 0.360 seconds
[2026-02-28T18:06:23.234+0000] {processor.py:157} INFO - Started process (PID=294) to work on /opt/airflow/dags/transfer_date_of_bd.py
[2026-02-28T18:06:23.236+0000] {processor.py:829} INFO - Processing file /opt/airflow/dags/transfer_date_of_bd.py for tasks to queue
[2026-02-28T18:06:23.237+0000] {logging_mixin.py:151} INFO - [2026-02-28T18:06:23.236+0000] {dagbag.py:539} INFO - Filling up the DagBag from /opt/airflow/dags/transfer_date_of_bd.py
[2026-02-28T18:06:23.514+0000] {processor.py:839} INFO - DAG(s) dict_keys(['sqlite_to_postgres_incremental']) retrieved from /opt/airflow/dags/transfer_date_of_bd.py
[2026-02-28T18:06:23.539+0000] {logging_mixin.py:151} INFO - [2026-02-28T18:06:23.538+0000] {dag.py:2915} INFO - Sync 1 DAGs
[2026-02-28T18:06:23.563+0000] {logging_mixin.py:151} INFO - [2026-02-28T18:06:23.562+0000] {dag.py:3696} INFO - Setting next_dagrun for sqlite_to_postgres_incremental to 2026-02-28T00:00:00+00:00, run_after=2026-03-01T00:00:00+00:00
[2026-02-28T18:06:23.584+0000] {processor.py:179} INFO - Processing /opt/airflow/dags/transfer_date_of_bd.py took 0.352 seconds
[2026-02-28T18:06:53.793+0000] {processor.py:157} INFO - Started process (PID=306) to work on /opt/airflow/dags/transfer_date_of_bd.py
[2026-02-28T18:06:53.794+0000] {processor.py:829} INFO - Processing file /opt/airflow/dags/transfer_date_of_bd.py for tasks to queue
[2026-02-28T18:06:53.795+0000] {logging_mixin.py:151} INFO - [2026-02-28T18:06:53.795+0000] {dagbag.py:539} INFO - Filling up the DagBag from /opt/airflow/dags/transfer_date_of_bd.py
[2026-02-28T18:06:54.081+0000] {processor.py:839} INFO - DAG(s) dict_keys(['sqlite_to_postgres_incremental']) retrieved from /opt/airflow/dags/transfer_date_of_bd.py
[2026-02-28T18:06:54.108+0000] {logging_mixin.py:151} INFO - [2026-02-28T18:06:54.107+0000] {dag.py:2915} INFO - Sync 1 DAGs
[2026-02-28T18:06:54.131+0000] {logging_mixin.py:151} INFO - [2026-02-28T18:06:54.130+0000] {dag.py:3696} INFO - Setting next_dagrun for sqlite_to_postgres_incremental to 2026-02-28T00:00:00+00:00, run_after=2026-03-01T00:00:00+00:00
[2026-02-28T18:06:54.154+0000] {processor.py:179} INFO - Processing /opt/airflow/dags/transfer_date_of_bd.py took 0.364 seconds
[2026-02-28T18:07:24.349+0000] {processor.py:157} INFO - Started process (PID=318) to work on /opt/airflow/dags/transfer_date_of_bd.py
[2026-02-28T18:07:24.350+0000] {processor.py:829} INFO - Processing file /opt/airflow/dags/transfer_date_of_bd.py for tasks to queue
[2026-02-28T18:07:24.351+0000] {logging_mixin.py:151} INFO - [2026-02-28T18:07:24.351+0000] {dagbag.py:539} INFO - Filling up the DagBag from /opt/airflow/dags/transfer_date_of_bd.py
[2026-02-28T18:07:24.633+0000] {processor.py:839} INFO - DAG(s) dict_keys(['sqlite_to_postgres_incremental']) retrieved from /opt/airflow/dags/transfer_date_of_bd.py
[2026-02-28T18:07:24.660+0000] {logging_mixin.py:151} INFO - [2026-02-28T18:07:24.659+0000] {dag.py:2915} INFO - Sync 1 DAGs
[2026-02-28T18:07:24.683+0000] {logging_mixin.py:151} INFO - [2026-02-28T18:07:24.682+0000] {dag.py:3696} INFO - Setting next_dagrun for sqlite_to_postgres_incremental to 2026-02-28T00:00:00+00:00, run_after=2026-03-01T00:00:00+00:00
[2026-02-28T18:07:24.704+0000] {processor.py:179} INFO - Processing /opt/airflow/dags/transfer_date_of_bd.py took 0.358 seconds
[2026-02-28T18:07:54.903+0000] {processor.py:157} INFO - Started process (PID=330) to work on /opt/airflow/dags/transfer_date_of_bd.py
[2026-02-28T18:07:54.905+0000] {processor.py:829} INFO - Processing file /opt/airflow/dags/transfer_date_of_bd.py for tasks to queue
[2026-02-28T18:07:54.905+0000] {logging_mixin.py:151} INFO - [2026-02-28T18:07:54.905+0000] {dagbag.py:539} INFO - Filling up the DagBag from /opt/airflow/dags/transfer_date_of_bd.py
[2026-02-28T18:07:55.210+0000] {processor.py:839} INFO - DAG(s) dict_keys(['sqlite_to_postgres_incremental']) retrieved from /opt/airflow/dags/transfer_date_of_bd.py
[2026-02-28T18:07:55.246+0000] {logging_mixin.py:151} INFO - [2026-02-28T18:07:55.244+0000] {dag.py:2915} INFO - Sync 1 DAGs
[2026-02-28T18:07:55.283+0000] {logging_mixin.py:151} INFO - [2026-02-28T18:07:55.282+0000] {dag.py:3696} INFO - Setting next_dagrun for sqlite_to_postgres_incremental to 2026-02-28T00:00:00+00:00, run_after=2026-03-01T00:00:00+00:00
[2026-02-28T18:07:55.353+0000] {processor.py:179} INFO - Processing /opt/airflow/dags/transfer_date_of_bd.py took 0.453 seconds
[2026-02-28T18:08:05.488+0000] {processor.py:157} INFO - Started process (PID=342) to work on /opt/airflow/dags/transfer_date_of_bd.py
[2026-02-28T18:08:05.491+0000] {processor.py:829} INFO - Processing file /opt/airflow/dags/transfer_date_of_bd.py for tasks to queue
[2026-02-28T18:08:05.493+0000] {logging_mixin.py:151} INFO - [2026-02-28T18:08:05.492+0000] {dagbag.py:539} INFO - Filling up the DagBag from /opt/airflow/dags/transfer_date_of_bd.py
[2026-02-28T18:08:06.006+0000] {processor.py:839} INFO - DAG(s) dict_keys(['sqlite_to_postgres_incremental']) retrieved from /opt/airflow/dags/transfer_date_of_bd.py
[2026-02-28T18:08:06.094+0000] {logging_mixin.py:151} INFO - [2026-02-28T18:08:06.083+0000] {dag.py:2915} INFO - Sync 1 DAGs
[2026-02-28T18:08:06.162+0000] {logging_mixin.py:151} INFO - [2026-02-28T18:08:06.162+0000] {dag.py:3696} INFO - Setting next_dagrun for sqlite_to_postgres_incremental to 2026-02-28T00:00:00+00:00, run_after=2026-03-01T00:00:00+00:00
[2026-02-28T18:08:06.203+0000] {processor.py:179} INFO - Processing /opt/airflow/dags/transfer_date_of_bd.py took 0.720 seconds
[2026-02-28T18:08:36.672+0000] {processor.py:157} INFO - Started process (PID=354) to work on /opt/airflow/dags/transfer_date_of_bd.py
[2026-02-28T18:08:36.673+0000] {processor.py:829} INFO - Processing file /opt/airflow/dags/transfer_date_of_bd.py for tasks to queue
[2026-02-28T18:08:36.674+0000] {logging_mixin.py:151} INFO - [2026-02-28T18:08:36.674+0000] {dagbag.py:539} INFO - Filling up the DagBag from /opt/airflow/dags/transfer_date_of_bd.py
[2026-02-28T18:08:36.946+0000] {processor.py:839} INFO - DAG(s) dict_keys(['sqlite_to_postgres_incremental']) retrieved from /opt/airflow/dags/transfer_date_of_bd.py
[2026-02-28T18:08:36.972+0000] {logging_mixin.py:151} INFO - [2026-02-28T18:08:36.972+0000] {dag.py:2915} INFO - Sync 1 DAGs
[2026-02-28T18:08:36.993+0000] {logging_mixin.py:151} INFO - [2026-02-28T18:08:36.993+0000] {dag.py:3696} INFO - Setting next_dagrun for sqlite_to_postgres_incremental to 2026-02-28T00:00:00+00:00, run_after=2026-03-01T00:00:00+00:00
[2026-02-28T18:08:37.014+0000] {processor.py:179} INFO - Processing /opt/airflow/dags/transfer_date_of_bd.py took 0.345 seconds
[2026-02-28T18:08:53.622+0000] {processor.py:157} INFO - Started process (PID=171) to work on /opt/airflow/dags/transfer_date_of_bd.py
[2026-02-28T18:08:53.623+0000] {processor.py:829} INFO - Processing file /opt/airflow/dags/transfer_date_of_bd.py for tasks to queue
[2026-02-28T18:08:53.624+0000] {logging_mixin.py:151} INFO - [2026-02-28T18:08:53.624+0000] {dagbag.py:539} INFO - Filling up the DagBag from /opt/airflow/dags/transfer_date_of_bd.py
[2026-02-28T18:08:54.126+0000] {processor.py:839} INFO - DAG(s) dict_keys(['sqlite_to_postgres_incremental']) retrieved from /opt/airflow/dags/transfer_date_of_bd.py
[2026-02-28T18:08:54.160+0000] {logging_mixin.py:151} INFO - [2026-02-28T18:08:54.159+0000] {dag.py:2915} INFO - Sync 1 DAGs
[2026-02-28T18:08:54.181+0000] {logging_mixin.py:151} INFO - [2026-02-28T18:08:54.180+0000] {dag.py:3696} INFO - Setting next_dagrun for sqlite_to_postgres_incremental to 2026-02-28T00:00:00+00:00, run_after=2026-03-01T00:00:00+00:00
[2026-02-28T18:08:54.206+0000] {processor.py:179} INFO - Processing /opt/airflow/dags/transfer_date_of_bd.py took 0.588 seconds
[2026-02-28T18:09:24.417+0000] {processor.py:157} INFO - Started process (PID=186) to work on /opt/airflow/dags/transfer_date_of_bd.py
[2026-02-28T18:09:24.418+0000] {processor.py:829} INFO - Processing file /opt/airflow/dags/transfer_date_of_bd.py for tasks to queue
[2026-02-28T18:09:24.419+0000] {logging_mixin.py:151} INFO - [2026-02-28T18:09:24.419+0000] {dagbag.py:539} INFO - Filling up the DagBag from /opt/airflow/dags/transfer_date_of_bd.py
[2026-02-28T18:09:24.828+0000] {processor.py:839} INFO - DAG(s) dict_keys(['sqlite_to_postgres_incremental']) retrieved from /opt/airflow/dags/transfer_date_of_bd.py
[2026-02-28T18:09:24.849+0000] {logging_mixin.py:151} INFO - [2026-02-28T18:09:24.849+0000] {dag.py:2915} INFO - Sync 1 DAGs
[2026-02-28T18:09:24.869+0000] {logging_mixin.py:151} INFO - [2026-02-28T18:09:24.869+0000] {dag.py:3696} INFO - Setting next_dagrun for sqlite_to_postgres_incremental to 2026-02-28T00:00:00+00:00, run_after=2026-03-01T00:00:00+00:00
[2026-02-28T18:09:24.887+0000] {processor.py:179} INFO - Processing /opt/airflow/dags/transfer_date_of_bd.py took 0.474 seconds
[2026-02-28T18:09:55.088+0000] {processor.py:157} INFO - Started process (PID=198) to work on /opt/airflow/dags/transfer_date_of_bd.py
[2026-02-28T18:09:55.089+0000] {processor.py:829} INFO - Processing file /opt/airflow/dags/transfer_date_of_bd.py for tasks to queue
[2026-02-28T18:09:55.090+0000] {logging_mixin.py:151} INFO - [2026-02-28T18:09:55.090+0000] {dagbag.py:539} INFO - Filling up the DagBag from /opt/airflow/dags/transfer_date_of_bd.py
[2026-02-28T18:09:55.481+0000] {processor.py:839} INFO - DAG(s) dict_keys(['sqlite_to_postgres_incremental']) retrieved from /opt/airflow/dags/transfer_date_of_bd.py
[2026-02-28T18:09:55.501+0000] {logging_mixin.py:151} INFO - [2026-02-28T18:09:55.499+0000] {dag.py:2915} INFO - Sync 1 DAGs
[2026-02-28T18:09:55.518+0000] {logging_mixin.py:151} INFO - [2026-02-28T18:09:55.518+0000] {dag.py:3696} INFO - Setting next_dagrun for sqlite_to_postgres_incremental to 2026-02-28T00:00:00+00:00, run_after=2026-03-01T00:00:00+00:00
[2026-02-28T18:09:55.536+0000] {processor.py:179} INFO - Processing /opt/airflow/dags/transfer_date_of_bd.py took 0.452 seconds
[2026-02-28T18:10:25.744+0000] {processor.py:157} INFO - Started process (PID=213) to work on /opt/airflow/dags/transfer_date_of_bd.py
[2026-02-28T18:10:25.745+0000] {processor.py:829} INFO - Processing file /opt/airflow/dags/transfer_date_of_bd.py for tasks to queue
[2026-02-28T18:10:25.745+0000] {logging_mixin.py:151} INFO - [2026-02-28T18:10:25.745+0000] {dagbag.py:539} INFO - Filling up the DagBag from /opt/airflow/dags/transfer_date_of_bd.py
[2026-02-28T18:10:26.214+0000] {processor.py:839} INFO - DAG(s) dict_keys(['sqlite_to_postgres_incremental']) retrieved from /opt/airflow/dags/transfer_date_of_bd.py
[2026-02-28T18:10:26.236+0000] {logging_mixin.py:151} INFO - [2026-02-28T18:10:26.236+0000] {dag.py:2915} INFO - Sync 1 DAGs
[2026-02-28T18:10:26.255+0000] {logging_mixin.py:151} INFO - [2026-02-28T18:10:26.255+0000] {dag.py:3696} INFO - Setting next_dagrun for sqlite_to_postgres_incremental to 2026-02-28T00:00:00+00:00, run_after=2026-03-01T00:00:00+00:00
[2026-02-28T18:10:26.275+0000] {processor.py:179} INFO - Processing /opt/airflow/dags/transfer_date_of_bd.py took 0.534 seconds
[2026-02-28T18:10:56.482+0000] {processor.py:157} INFO - Started process (PID=225) to work on /opt/airflow/dags/transfer_date_of_bd.py
[2026-02-28T18:10:56.483+0000] {processor.py:829} INFO - Processing file /opt/airflow/dags/transfer_date_of_bd.py for tasks to queue
[2026-02-28T18:10:56.484+0000] {logging_mixin.py:151} INFO - [2026-02-28T18:10:56.483+0000] {dagbag.py:539} INFO - Filling up the DagBag from /opt/airflow/dags/transfer_date_of_bd.py
[2026-02-28T18:10:56.874+0000] {processor.py:839} INFO - DAG(s) dict_keys(['sqlite_to_postgres_incremental']) retrieved from /opt/airflow/dags/transfer_date_of_bd.py
[2026-02-28T18:10:56.896+0000] {logging_mixin.py:151} INFO - [2026-02-28T18:10:56.896+0000] {dag.py:2915} INFO - Sync 1 DAGs
[2026-02-28T18:10:56.915+0000] {logging_mixin.py:151} INFO - [2026-02-28T18:10:56.914+0000] {dag.py:3696} INFO - Setting next_dagrun for sqlite_to_postgres_incremental to 2026-02-28T00:00:00+00:00, run_after=2026-03-01T00:00:00+00:00
[2026-02-28T18:10:56.933+0000] {processor.py:179} INFO - Processing /opt/airflow/dags/transfer_date_of_bd.py took 0.455 seconds
[2026-02-28T18:11:27.126+0000] {processor.py:157} INFO - Started process (PID=237) to work on /opt/airflow/dags/transfer_date_of_bd.py
[2026-02-28T18:11:27.128+0000] {processor.py:829} INFO - Processing file /opt/airflow/dags/transfer_date_of_bd.py for tasks to queue
[2026-02-28T18:11:27.130+0000] {logging_mixin.py:151} INFO - [2026-02-28T18:11:27.129+0000] {dagbag.py:539} INFO - Filling up the DagBag from /opt/airflow/dags/transfer_date_of_bd.py
[2026-02-28T18:11:27.564+0000] {processor.py:839} INFO - DAG(s) dict_keys(['sqlite_to_postgres_incremental']) retrieved from /opt/airflow/dags/transfer_date_of_bd.py
[2026-02-28T18:11:27.590+0000] {logging_mixin.py:151} INFO - [2026-02-28T18:11:27.589+0000] {dag.py:2915} INFO - Sync 1 DAGs
[2026-02-28T18:11:27.615+0000] {logging_mixin.py:151} INFO - [2026-02-28T18:11:27.615+0000] {dag.py:3696} INFO - Setting next_dagrun for sqlite_to_postgres_incremental to 2026-02-28T00:00:00+00:00, run_after=2026-03-01T00:00:00+00:00
[2026-02-28T18:11:27.639+0000] {processor.py:179} INFO - Processing /opt/airflow/dags/transfer_date_of_bd.py took 0.518 seconds
[2026-02-28T18:11:57.831+0000] {processor.py:157} INFO - Started process (PID=249) to work on /opt/airflow/dags/transfer_date_of_bd.py
[2026-02-28T18:11:57.832+0000] {processor.py:829} INFO - Processing file /opt/airflow/dags/transfer_date_of_bd.py for tasks to queue
[2026-02-28T18:11:57.833+0000] {logging_mixin.py:151} INFO - [2026-02-28T18:11:57.833+0000] {dagbag.py:539} INFO - Filling up the DagBag from /opt/airflow/dags/transfer_date_of_bd.py
[2026-02-28T18:11:58.244+0000] {processor.py:839} INFO - DAG(s) dict_keys(['sqlite_to_postgres_incremental']) retrieved from /opt/airflow/dags/transfer_date_of_bd.py
[2026-02-28T18:11:58.268+0000] {logging_mixin.py:151} INFO - [2026-02-28T18:11:58.268+0000] {dag.py:2915} INFO - Sync 1 DAGs
[2026-02-28T18:11:58.288+0000] {logging_mixin.py:151} INFO - [2026-02-28T18:11:58.288+0000] {dag.py:3696} INFO - Setting next_dagrun for sqlite_to_postgres_incremental to 2026-02-28T00:00:00+00:00, run_after=2026-03-01T00:00:00+00:00
[2026-02-28T18:11:58.310+0000] {processor.py:179} INFO - Processing /opt/airflow/dags/transfer_date_of_bd.py took 0.485 seconds
[2026-02-28T18:12:28.508+0000] {processor.py:157} INFO - Started process (PID=261) to work on /opt/airflow/dags/transfer_date_of_bd.py
[2026-02-28T18:12:28.509+0000] {processor.py:829} INFO - Processing file /opt/airflow/dags/transfer_date_of_bd.py for tasks to queue
[2026-02-28T18:12:28.510+0000] {logging_mixin.py:151} INFO - [2026-02-28T18:12:28.510+0000] {dagbag.py:539} INFO - Filling up the DagBag from /opt/airflow/dags/transfer_date_of_bd.py
[2026-02-28T18:12:28.910+0000] {processor.py:839} INFO - DAG(s) dict_keys(['sqlite_to_postgres_incremental']) retrieved from /opt/airflow/dags/transfer_date_of_bd.py
[2026-02-28T18:12:28.932+0000] {logging_mixin.py:151} INFO - [2026-02-28T18:12:28.931+0000] {dag.py:2915} INFO - Sync 1 DAGs
[2026-02-28T18:12:28.949+0000] {logging_mixin.py:151} INFO - [2026-02-28T18:12:28.949+0000] {dag.py:3696} INFO - Setting next_dagrun for sqlite_to_postgres_incremental to 2026-02-28T00:00:00+00:00, run_after=2026-03-01T00:00:00+00:00
[2026-02-28T18:12:28.968+0000] {processor.py:179} INFO - Processing /opt/airflow/dags/transfer_date_of_bd.py took 0.463 seconds
[2026-02-28T18:12:59.179+0000] {processor.py:157} INFO - Started process (PID=273) to work on /opt/airflow/dags/transfer_date_of_bd.py
[2026-02-28T18:12:59.180+0000] {processor.py:829} INFO - Processing file /opt/airflow/dags/transfer_date_of_bd.py for tasks to queue
[2026-02-28T18:12:59.181+0000] {logging_mixin.py:151} INFO - [2026-02-28T18:12:59.181+0000] {dagbag.py:539} INFO - Filling up the DagBag from /opt/airflow/dags/transfer_date_of_bd.py
[2026-02-28T18:12:59.575+0000] {processor.py:839} INFO - DAG(s) dict_keys(['sqlite_to_postgres_incremental']) retrieved from /opt/airflow/dags/transfer_date_of_bd.py
[2026-02-28T18:12:59.595+0000] {logging_mixin.py:151} INFO - [2026-02-28T18:12:59.595+0000] {dag.py:2915} INFO - Sync 1 DAGs
[2026-02-28T18:12:59.614+0000] {logging_mixin.py:151} INFO - [2026-02-28T18:12:59.614+0000] {dag.py:3696} INFO - Setting next_dagrun for sqlite_to_postgres_incremental to 2026-02-28T00:00:00+00:00, run_after=2026-03-01T00:00:00+00:00
[2026-02-28T18:12:59.631+0000] {processor.py:179} INFO - Processing /opt/airflow/dags/transfer_date_of_bd.py took 0.455 seconds
[2026-02-28T18:13:29.835+0000] {processor.py:157} INFO - Started process (PID=285) to work on /opt/airflow/dags/transfer_date_of_bd.py
[2026-02-28T18:13:29.837+0000] {processor.py:829} INFO - Processing file /opt/airflow/dags/transfer_date_of_bd.py for tasks to queue
[2026-02-28T18:13:29.838+0000] {logging_mixin.py:151} INFO - [2026-02-28T18:13:29.837+0000] {dagbag.py:539} INFO - Filling up the DagBag from /opt/airflow/dags/transfer_date_of_bd.py
[2026-02-28T18:13:30.230+0000] {processor.py:839} INFO - DAG(s) dict_keys(['sqlite_to_postgres_incremental']) retrieved from /opt/airflow/dags/transfer_date_of_bd.py
[2026-02-28T18:13:30.249+0000] {logging_mixin.py:151} INFO - [2026-02-28T18:13:30.249+0000] {dag.py:2915} INFO - Sync 1 DAGs
[2026-02-28T18:13:30.268+0000] {logging_mixin.py:151} INFO - [2026-02-28T18:13:30.267+0000] {dag.py:3696} INFO - Setting next_dagrun for sqlite_to_postgres_incremental to 2026-02-28T00:00:00+00:00, run_after=2026-03-01T00:00:00+00:00
[2026-02-28T18:13:30.287+0000] {processor.py:179} INFO - Processing /opt/airflow/dags/transfer_date_of_bd.py took 0.455 seconds
[2026-02-28T18:14:00.639+0000] {processor.py:157} INFO - Started process (PID=297) to work on /opt/airflow/dags/transfer_date_of_bd.py
[2026-02-28T18:14:00.641+0000] {processor.py:829} INFO - Processing file /opt/airflow/dags/transfer_date_of_bd.py for tasks to queue
[2026-02-28T18:14:00.642+0000] {logging_mixin.py:151} INFO - [2026-02-28T18:14:00.641+0000] {dagbag.py:539} INFO - Filling up the DagBag from /opt/airflow/dags/transfer_date_of_bd.py
[2026-02-28T18:14:00.914+0000] {processor.py:839} INFO - DAG(s) dict_keys(['sqlite_to_postgres_incremental']) retrieved from /opt/airflow/dags/transfer_date_of_bd.py
[2026-02-28T18:14:00.941+0000] {logging_mixin.py:151} INFO - [2026-02-28T18:14:00.940+0000] {dag.py:2915} INFO - Sync 1 DAGs
[2026-02-28T18:14:00.962+0000] {logging_mixin.py:151} INFO - [2026-02-28T18:14:00.962+0000] {dag.py:3696} INFO - Setting next_dagrun for sqlite_to_postgres_incremental to 2026-02-28T00:00:00+00:00, run_after=2026-03-01T00:00:00+00:00
[2026-02-28T18:14:00.981+0000] {processor.py:179} INFO - Processing /opt/airflow/dags/transfer_date_of_bd.py took 0.345 seconds
[2026-02-28T18:14:31.187+0000] {processor.py:157} INFO - Started process (PID=309) to work on /opt/airflow/dags/transfer_date_of_bd.py
[2026-02-28T18:14:31.188+0000] {processor.py:829} INFO - Processing file /opt/airflow/dags/transfer_date_of_bd.py for tasks to queue
[2026-02-28T18:14:31.189+0000] {logging_mixin.py:151} INFO - [2026-02-28T18:14:31.189+0000] {dagbag.py:539} INFO - Filling up the DagBag from /opt/airflow/dags/transfer_date_of_bd.py
[2026-02-28T18:14:31.467+0000] {processor.py:839} INFO - DAG(s) dict_keys(['sqlite_to_postgres_incremental']) retrieved from /opt/airflow/dags/transfer_date_of_bd.py
[2026-02-28T18:14:31.490+0000] {logging_mixin.py:151} INFO - [2026-02-28T18:14:31.490+0000] {dag.py:2915} INFO - Sync 1 DAGs
[2026-02-28T18:14:31.513+0000] {logging_mixin.py:151} INFO - [2026-02-28T18:14:31.513+0000] {dag.py:3696} INFO - Setting next_dagrun for sqlite_to_postgres_incremental to 2026-02-28T00:00:00+00:00, run_after=2026-03-01T00:00:00+00:00
[2026-02-28T18:14:31.534+0000] {processor.py:179} INFO - Processing /opt/airflow/dags/transfer_date_of_bd.py took 0.350 seconds
[2026-02-28T18:15:01.736+0000] {processor.py:157} INFO - Started process (PID=321) to work on /opt/airflow/dags/transfer_date_of_bd.py
[2026-02-28T18:15:01.738+0000] {processor.py:829} INFO - Processing file /opt/airflow/dags/transfer_date_of_bd.py for tasks to queue
[2026-02-28T18:15:01.738+0000] {logging_mixin.py:151} INFO - [2026-02-28T18:15:01.738+0000] {dagbag.py:539} INFO - Filling up the DagBag from /opt/airflow/dags/transfer_date_of_bd.py
[2026-02-28T18:15:02.006+0000] {processor.py:839} INFO - DAG(s) dict_keys(['sqlite_to_postgres_incremental']) retrieved from /opt/airflow/dags/transfer_date_of_bd.py
[2026-02-28T18:15:02.033+0000] {logging_mixin.py:151} INFO - [2026-02-28T18:15:02.033+0000] {dag.py:2915} INFO - Sync 1 DAGs
[2026-02-28T18:15:02.054+0000] {logging_mixin.py:151} INFO - [2026-02-28T18:15:02.054+0000] {dag.py:3696} INFO - Setting next_dagrun for sqlite_to_postgres_incremental to 2026-02-28T00:00:00+00:00, run_after=2026-03-01T00:00:00+00:00
[2026-02-28T18:15:02.075+0000] {processor.py:179} INFO - Processing /opt/airflow/dags/transfer_date_of_bd.py took 0.342 seconds
[2026-02-28T18:15:35.049+0000] {processor.py:157} INFO - Started process (PID=171) to work on /opt/airflow/dags/transfer_date_of_bd.py
[2026-02-28T18:15:35.050+0000] {processor.py:829} INFO - Processing file /opt/airflow/dags/transfer_date_of_bd.py for tasks to queue
[2026-02-28T18:15:35.051+0000] {logging_mixin.py:151} INFO - [2026-02-28T18:15:35.050+0000] {dagbag.py:539} INFO - Filling up the DagBag from /opt/airflow/dags/transfer_date_of_bd.py
[2026-02-28T18:15:36.128+0000] {processor.py:839} INFO - DAG(s) dict_keys(['sqlite_to_postgres_incremental']) retrieved from /opt/airflow/dags/transfer_date_of_bd.py
[2026-02-28T18:15:36.173+0000] {logging_mixin.py:151} INFO - [2026-02-28T18:15:36.172+0000] {dag.py:2915} INFO - Sync 1 DAGs
[2026-02-28T18:15:36.194+0000] {logging_mixin.py:151} INFO - [2026-02-28T18:15:36.194+0000] {dag.py:3696} INFO - Setting next_dagrun for sqlite_to_postgres_incremental to 2026-02-28T00:00:00+00:00, run_after=2026-03-01T00:00:00+00:00
[2026-02-28T18:15:36.216+0000] {processor.py:179} INFO - Processing /opt/airflow/dags/transfer_date_of_bd.py took 1.171 seconds
[2026-02-28T18:16:06.431+0000] {processor.py:157} INFO - Started process (PID=183) to work on /opt/airflow/dags/transfer_date_of_bd.py
[2026-02-28T18:16:06.433+0000] {processor.py:829} INFO - Processing file /opt/airflow/dags/transfer_date_of_bd.py for tasks to queue
[2026-02-28T18:16:06.434+0000] {logging_mixin.py:151} INFO - [2026-02-28T18:16:06.434+0000] {dagbag.py:539} INFO - Filling up the DagBag from /opt/airflow/dags/transfer_date_of_bd.py
[2026-02-28T18:16:06.831+0000] {processor.py:839} INFO - DAG(s) dict_keys(['sqlite_to_postgres_incremental']) retrieved from /opt/airflow/dags/transfer_date_of_bd.py
[2026-02-28T18:16:06.851+0000] {logging_mixin.py:151} INFO - [2026-02-28T18:16:06.851+0000] {dag.py:2915} INFO - Sync 1 DAGs
[2026-02-28T18:16:06.870+0000] {logging_mixin.py:151} INFO - [2026-02-28T18:16:06.870+0000] {dag.py:3696} INFO - Setting next_dagrun for sqlite_to_postgres_incremental to 2026-02-28T00:00:00+00:00, run_after=2026-03-01T00:00:00+00:00
[2026-02-28T18:16:06.890+0000] {processor.py:179} INFO - Processing /opt/airflow/dags/transfer_date_of_bd.py took 0.462 seconds
[2026-02-28T18:16:37.100+0000] {processor.py:157} INFO - Started process (PID=195) to work on /opt/airflow/dags/transfer_date_of_bd.py
[2026-02-28T18:16:37.101+0000] {processor.py:829} INFO - Processing file /opt/airflow/dags/transfer_date_of_bd.py for tasks to queue
[2026-02-28T18:16:37.102+0000] {logging_mixin.py:151} INFO - [2026-02-28T18:16:37.102+0000] {dagbag.py:539} INFO - Filling up the DagBag from /opt/airflow/dags/transfer_date_of_bd.py
[2026-02-28T18:16:37.650+0000] {processor.py:839} INFO - DAG(s) dict_keys(['sqlite_to_postgres_incremental']) retrieved from /opt/airflow/dags/transfer_date_of_bd.py
[2026-02-28T18:16:37.674+0000] {logging_mixin.py:151} INFO - [2026-02-28T18:16:37.673+0000] {dag.py:2915} INFO - Sync 1 DAGs
[2026-02-28T18:16:37.695+0000] {logging_mixin.py:151} INFO - [2026-02-28T18:16:37.694+0000] {dag.py:3696} INFO - Setting next_dagrun for sqlite_to_postgres_incremental to 2026-02-28T00:00:00+00:00, run_after=2026-03-01T00:00:00+00:00
[2026-02-28T18:16:37.715+0000] {processor.py:179} INFO - Processing /opt/airflow/dags/transfer_date_of_bd.py took 0.618 seconds
[2026-02-28T18:17:07.925+0000] {processor.py:157} INFO - Started process (PID=207) to work on /opt/airflow/dags/transfer_date_of_bd.py
[2026-02-28T18:17:07.926+0000] {processor.py:829} INFO - Processing file /opt/airflow/dags/transfer_date_of_bd.py for tasks to queue
[2026-02-28T18:17:07.927+0000] {logging_mixin.py:151} INFO - [2026-02-28T18:17:07.927+0000] {dagbag.py:539} INFO - Filling up the DagBag from /opt/airflow/dags/transfer_date_of_bd.py
[2026-02-28T18:17:08.334+0000] {processor.py:839} INFO - DAG(s) dict_keys(['sqlite_to_postgres_incremental']) retrieved from /opt/airflow/dags/transfer_date_of_bd.py
[2026-02-28T18:17:08.356+0000] {logging_mixin.py:151} INFO - [2026-02-28T18:17:08.355+0000] {dag.py:2915} INFO - Sync 1 DAGs
[2026-02-28T18:17:08.376+0000] {logging_mixin.py:151} INFO - [2026-02-28T18:17:08.375+0000] {dag.py:3696} INFO - Setting next_dagrun for sqlite_to_postgres_incremental to 2026-02-28T00:00:00+00:00, run_after=2026-03-01T00:00:00+00:00
[2026-02-28T18:17:08.396+0000] {processor.py:179} INFO - Processing /opt/airflow/dags/transfer_date_of_bd.py took 0.475 seconds
[2026-02-28T18:17:38.598+0000] {processor.py:157} INFO - Started process (PID=219) to work on /opt/airflow/dags/transfer_date_of_bd.py
[2026-02-28T18:17:38.600+0000] {processor.py:829} INFO - Processing file /opt/airflow/dags/transfer_date_of_bd.py for tasks to queue
[2026-02-28T18:17:38.601+0000] {logging_mixin.py:151} INFO - [2026-02-28T18:17:38.600+0000] {dagbag.py:539} INFO - Filling up the DagBag from /opt/airflow/dags/transfer_date_of_bd.py
[2026-02-28T18:17:39.057+0000] {processor.py:839} INFO - DAG(s) dict_keys(['sqlite_to_postgres_incremental']) retrieved from /opt/airflow/dags/transfer_date_of_bd.py
[2026-02-28T18:17:39.080+0000] {logging_mixin.py:151} INFO - [2026-02-28T18:17:39.079+0000] {dag.py:2915} INFO - Sync 1 DAGs
[2026-02-28T18:17:39.099+0000] {logging_mixin.py:151} INFO - [2026-02-28T18:17:39.099+0000] {dag.py:3696} INFO - Setting next_dagrun for sqlite_to_postgres_incremental to 2026-02-28T00:00:00+00:00, run_after=2026-03-01T00:00:00+00:00
[2026-02-28T18:17:39.119+0000] {processor.py:179} INFO - Processing /opt/airflow/dags/transfer_date_of_bd.py took 0.525 seconds
[2026-02-28T18:18:09.304+0000] {processor.py:157} INFO - Started process (PID=231) to work on /opt/airflow/dags/transfer_date_of_bd.py
[2026-02-28T18:18:09.305+0000] {processor.py:829} INFO - Processing file /opt/airflow/dags/transfer_date_of_bd.py for tasks to queue
[2026-02-28T18:18:09.306+0000] {logging_mixin.py:151} INFO - [2026-02-28T18:18:09.306+0000] {dagbag.py:539} INFO - Filling up the DagBag from /opt/airflow/dags/transfer_date_of_bd.py
[2026-02-28T18:18:09.726+0000] {processor.py:839} INFO - DAG(s) dict_keys(['sqlite_to_postgres_incremental']) retrieved from /opt/airflow/dags/transfer_date_of_bd.py
[2026-02-28T18:18:09.748+0000] {logging_mixin.py:151} INFO - [2026-02-28T18:18:09.747+0000] {dag.py:2915} INFO - Sync 1 DAGs
[2026-02-28T18:18:09.767+0000] {logging_mixin.py:151} INFO - [2026-02-28T18:18:09.767+0000] {dag.py:3696} INFO - Setting next_dagrun for sqlite_to_postgres_incremental to 2026-02-28T00:00:00+00:00, run_after=2026-03-01T00:00:00+00:00
[2026-02-28T18:18:09.785+0000] {processor.py:179} INFO - Processing /opt/airflow/dags/transfer_date_of_bd.py took 0.485 seconds
[2026-02-28T18:18:40.140+0000] {processor.py:157} INFO - Started process (PID=243) to work on /opt/airflow/dags/transfer_date_of_bd.py
[2026-02-28T18:18:40.141+0000] {processor.py:829} INFO - Processing file /opt/airflow/dags/transfer_date_of_bd.py for tasks to queue
[2026-02-28T18:18:40.142+0000] {logging_mixin.py:151} INFO - [2026-02-28T18:18:40.142+0000] {dagbag.py:539} INFO - Filling up the DagBag from /opt/airflow/dags/transfer_date_of_bd.py
[2026-02-28T18:18:40.416+0000] {processor.py:839} INFO - DAG(s) dict_keys(['sqlite_to_postgres_incremental']) retrieved from /opt/airflow/dags/transfer_date_of_bd.py
[2026-02-28T18:18:40.444+0000] {logging_mixin.py:151} INFO - [2026-02-28T18:18:40.443+0000] {dag.py:2915} INFO - Sync 1 DAGs
[2026-02-28T18:18:40.467+0000] {logging_mixin.py:151} INFO - [2026-02-28T18:18:40.467+0000] {dag.py:3696} INFO - Setting next_dagrun for sqlite_to_postgres_incremental to 2026-02-28T00:00:00+00:00, run_after=2026-03-01T00:00:00+00:00
[2026-02-28T18:18:40.488+0000] {processor.py:179} INFO - Processing /opt/airflow/dags/transfer_date_of_bd.py took 0.353 seconds
[2026-02-28T18:19:10.675+0000] {processor.py:157} INFO - Started process (PID=255) to work on /opt/airflow/dags/transfer_date_of_bd.py
[2026-02-28T18:19:10.677+0000] {processor.py:829} INFO - Processing file /opt/airflow/dags/transfer_date_of_bd.py for tasks to queue
[2026-02-28T18:19:10.678+0000] {logging_mixin.py:151} INFO - [2026-02-28T18:19:10.677+0000] {dagbag.py:539} INFO - Filling up the DagBag from /opt/airflow/dags/transfer_date_of_bd.py
[2026-02-28T18:19:10.942+0000] {processor.py:839} INFO - DAG(s) dict_keys(['sqlite_to_postgres_incremental']) retrieved from /opt/airflow/dags/transfer_date_of_bd.py
[2026-02-28T18:19:10.969+0000] {logging_mixin.py:151} INFO - [2026-02-28T18:19:10.968+0000] {dag.py:2915} INFO - Sync 1 DAGs
[2026-02-28T18:19:10.991+0000] {logging_mixin.py:151} INFO - [2026-02-28T18:19:10.991+0000] {dag.py:3696} INFO - Setting next_dagrun for sqlite_to_postgres_incremental to 2026-02-28T00:00:00+00:00, run_after=2026-03-01T00:00:00+00:00
[2026-02-28T18:19:11.010+0000] {processor.py:179} INFO - Processing /opt/airflow/dags/transfer_date_of_bd.py took 0.338 seconds
[2026-02-28T18:19:41.207+0000] {processor.py:157} INFO - Started process (PID=267) to work on /opt/airflow/dags/transfer_date_of_bd.py
[2026-02-28T18:19:41.209+0000] {processor.py:829} INFO - Processing file /opt/airflow/dags/transfer_date_of_bd.py for tasks to queue
[2026-02-28T18:19:41.209+0000] {logging_mixin.py:151} INFO - [2026-02-28T18:19:41.209+0000] {dagbag.py:539} INFO - Filling up the DagBag from /opt/airflow/dags/transfer_date_of_bd.py
[2026-02-28T18:19:41.485+0000] {processor.py:839} INFO - DAG(s) dict_keys(['sqlite_to_postgres_incremental']) retrieved from /opt/airflow/dags/transfer_date_of_bd.py
[2026-02-28T18:19:41.512+0000] {logging_mixin.py:151} INFO - [2026-02-28T18:19:41.512+0000] {dag.py:2915} INFO - Sync 1 DAGs
[2026-02-28T18:19:41.534+0000] {logging_mixin.py:151} INFO - [2026-02-28T18:19:41.534+0000] {dag.py:3696} INFO - Setting next_dagrun for sqlite_to_postgres_incremental to 2026-02-28T00:00:00+00:00, run_after=2026-03-01T00:00:00+00:00
[2026-02-28T18:19:41.553+0000] {processor.py:179} INFO - Processing /opt/airflow/dags/transfer_date_of_bd.py took 0.349 seconds
[2026-02-28T18:20:11.751+0000] {processor.py:157} INFO - Started process (PID=279) to work on /opt/airflow/dags/transfer_date_of_bd.py
[2026-02-28T18:20:11.752+0000] {processor.py:829} INFO - Processing file /opt/airflow/dags/transfer_date_of_bd.py for tasks to queue
[2026-02-28T18:20:11.753+0000] {logging_mixin.py:151} INFO - [2026-02-28T18:20:11.753+0000] {dagbag.py:539} INFO - Filling up the DagBag from /opt/airflow/dags/transfer_date_of_bd.py
[2026-02-28T18:20:12.049+0000] {processor.py:839} INFO - DAG(s) dict_keys(['sqlite_to_postgres_incremental']) retrieved from /opt/airflow/dags/transfer_date_of_bd.py
[2026-02-28T18:20:12.078+0000] {logging_mixin.py:151} INFO - [2026-02-28T18:20:12.077+0000] {dag.py:2915} INFO - Sync 1 DAGs
[2026-02-28T18:20:12.102+0000] {logging_mixin.py:151} INFO - [2026-02-28T18:20:12.101+0000] {dag.py:3696} INFO - Setting next_dagrun for sqlite_to_postgres_incremental to 2026-02-28T00:00:00+00:00, run_after=2026-03-01T00:00:00+00:00
[2026-02-28T18:20:12.125+0000] {processor.py:179} INFO - Processing /opt/airflow/dags/transfer_date_of_bd.py took 0.377 seconds
[2026-02-28T18:20:42.334+0000] {processor.py:157} INFO - Started process (PID=291) to work on /opt/airflow/dags/transfer_date_of_bd.py
[2026-02-28T18:20:42.335+0000] {processor.py:829} INFO - Processing file /opt/airflow/dags/transfer_date_of_bd.py for tasks to queue
[2026-02-28T18:20:42.336+0000] {logging_mixin.py:151} INFO - [2026-02-28T18:20:42.336+0000] {dagbag.py:539} INFO - Filling up the DagBag from /opt/airflow/dags/transfer_date_of_bd.py
[2026-02-28T18:20:42.622+0000] {processor.py:839} INFO - DAG(s) dict_keys(['sqlite_to_postgres_incremental']) retrieved from /opt/airflow/dags/transfer_date_of_bd.py
[2026-02-28T18:20:42.646+0000] {logging_mixin.py:151} INFO - [2026-02-28T18:20:42.646+0000] {dag.py:2915} INFO - Sync 1 DAGs
[2026-02-28T18:20:42.667+0000] {logging_mixin.py:151} INFO - [2026-02-28T18:20:42.667+0000] {dag.py:3696} INFO - Setting next_dagrun for sqlite_to_postgres_incremental to 2026-02-28T00:00:00+00:00, run_after=2026-03-01T00:00:00+00:00
[2026-02-28T18:20:42.688+0000] {processor.py:179} INFO - Processing /opt/airflow/dags/transfer_date_of_bd.py took 0.357 seconds
[2026-02-28T18:21:12.894+0000] {processor.py:157} INFO - Started process (PID=303) to work on /opt/airflow/dags/transfer_date_of_bd.py
[2026-02-28T18:21:12.895+0000] {processor.py:829} INFO - Processing file /opt/airflow/dags/transfer_date_of_bd.py for tasks to queue
[2026-02-28T18:21:12.896+0000] {logging_mixin.py:151} INFO - [2026-02-28T18:21:12.896+0000] {dagbag.py:539} INFO - Filling up the DagBag from /opt/airflow/dags/transfer_date_of_bd.py
[2026-02-28T18:21:13.164+0000] {processor.py:839} INFO - DAG(s) dict_keys(['sqlite_to_postgres_incremental']) retrieved from /opt/airflow/dags/transfer_date_of_bd.py
[2026-02-28T18:21:13.189+0000] {logging_mixin.py:151} INFO - [2026-02-28T18:21:13.188+0000] {dag.py:2915} INFO - Sync 1 DAGs
[2026-02-28T18:21:13.211+0000] {logging_mixin.py:151} INFO - [2026-02-28T18:21:13.211+0000] {dag.py:3696} INFO - Setting next_dagrun for sqlite_to_postgres_incremental to 2026-02-28T00:00:00+00:00, run_after=2026-03-01T00:00:00+00:00
[2026-02-28T18:21:13.231+0000] {processor.py:179} INFO - Processing /opt/airflow/dags/transfer_date_of_bd.py took 0.340 seconds
[2026-02-28T18:21:43.441+0000] {processor.py:157} INFO - Started process (PID=315) to work on /opt/airflow/dags/transfer_date_of_bd.py
[2026-02-28T18:21:43.442+0000] {processor.py:829} INFO - Processing file /opt/airflow/dags/transfer_date_of_bd.py for tasks to queue
[2026-02-28T18:21:43.443+0000] {logging_mixin.py:151} INFO - [2026-02-28T18:21:43.443+0000] {dagbag.py:539} INFO - Filling up the DagBag from /opt/airflow/dags/transfer_date_of_bd.py
[2026-02-28T18:21:43.704+0000] {processor.py:839} INFO - DAG(s) dict_keys(['sqlite_to_postgres_incremental']) retrieved from /opt/airflow/dags/transfer_date_of_bd.py
[2026-02-28T18:21:43.730+0000] {logging_mixin.py:151} INFO - [2026-02-28T18:21:43.730+0000] {dag.py:2915} INFO - Sync 1 DAGs
[2026-02-28T18:21:43.753+0000] {logging_mixin.py:151} INFO - [2026-02-28T18:21:43.752+0000] {dag.py:3696} INFO - Setting next_dagrun for sqlite_to_postgres_incremental to 2026-02-28T00:00:00+00:00, run_after=2026-03-01T00:00:00+00:00
[2026-02-28T18:21:43.771+0000] {processor.py:179} INFO - Processing /opt/airflow/dags/transfer_date_of_bd.py took 0.334 seconds
[2026-02-28T18:22:13.955+0000] {processor.py:157} INFO - Started process (PID=327) to work on /opt/airflow/dags/transfer_date_of_bd.py
[2026-02-28T18:22:13.956+0000] {processor.py:829} INFO - Processing file /opt/airflow/dags/transfer_date_of_bd.py for tasks to queue
[2026-02-28T18:22:13.957+0000] {logging_mixin.py:151} INFO - [2026-02-28T18:22:13.957+0000] {dagbag.py:539} INFO - Filling up the DagBag from /opt/airflow/dags/transfer_date_of_bd.py
[2026-02-28T18:22:14.254+0000] {processor.py:839} INFO - DAG(s) dict_keys(['sqlite_to_postgres_incremental']) retrieved from /opt/airflow/dags/transfer_date_of_bd.py
[2026-02-28T18:22:14.283+0000] {logging_mixin.py:151} INFO - [2026-02-28T18:22:14.283+0000] {dag.py:2915} INFO - Sync 1 DAGs
[2026-02-28T18:22:14.304+0000] {logging_mixin.py:151} INFO - [2026-02-28T18:22:14.304+0000] {dag.py:3696} INFO - Setting next_dagrun for sqlite_to_postgres_incremental to 2026-02-28T00:00:00+00:00, run_after=2026-03-01T00:00:00+00:00
[2026-02-28T18:22:14.324+0000] {processor.py:179} INFO - Processing /opt/airflow/dags/transfer_date_of_bd.py took 0.372 seconds
[2026-02-28T18:22:44.516+0000] {processor.py:157} INFO - Started process (PID=339) to work on /opt/airflow/dags/transfer_date_of_bd.py
[2026-02-28T18:22:44.517+0000] {processor.py:829} INFO - Processing file /opt/airflow/dags/transfer_date_of_bd.py for tasks to queue
[2026-02-28T18:22:44.518+0000] {logging_mixin.py:151} INFO - [2026-02-28T18:22:44.517+0000] {dagbag.py:539} INFO - Filling up the DagBag from /opt/airflow/dags/transfer_date_of_bd.py
[2026-02-28T18:22:44.799+0000] {processor.py:839} INFO - DAG(s) dict_keys(['sqlite_to_postgres_incremental']) retrieved from /opt/airflow/dags/transfer_date_of_bd.py
[2026-02-28T18:22:44.825+0000] {logging_mixin.py:151} INFO - [2026-02-28T18:22:44.825+0000] {dag.py:2915} INFO - Sync 1 DAGs
[2026-02-28T18:22:44.847+0000] {logging_mixin.py:151} INFO - [2026-02-28T18:22:44.847+0000] {dag.py:3696} INFO - Setting next_dagrun for sqlite_to_postgres_incremental to 2026-02-28T00:00:00+00:00, run_after=2026-03-01T00:00:00+00:00
[2026-02-28T18:22:44.866+0000] {processor.py:179} INFO - Processing /opt/airflow/dags/transfer_date_of_bd.py took 0.354 seconds
[2026-02-28T18:23:15.085+0000] {processor.py:157} INFO - Started process (PID=354) to work on /opt/airflow/dags/transfer_date_of_bd.py
[2026-02-28T18:23:15.086+0000] {processor.py:829} INFO - Processing file /opt/airflow/dags/transfer_date_of_bd.py for tasks to queue
[2026-02-28T18:23:15.087+0000] {logging_mixin.py:151} INFO - [2026-02-28T18:23:15.087+0000] {dagbag.py:539} INFO - Filling up the DagBag from /opt/airflow/dags/transfer_date_of_bd.py
[2026-02-28T18:23:15.367+0000] {processor.py:839} INFO - DAG(s) dict_keys(['sqlite_to_postgres_incremental']) retrieved from /opt/airflow/dags/transfer_date_of_bd.py
[2026-02-28T18:23:15.394+0000] {logging_mixin.py:151} INFO - [2026-02-28T18:23:15.394+0000] {dag.py:2915} INFO - Sync 1 DAGs
[2026-02-28T18:23:15.420+0000] {logging_mixin.py:151} INFO - [2026-02-28T18:23:15.420+0000] {dag.py:3696} INFO - Setting next_dagrun for sqlite_to_postgres_incremental to 2026-02-28T00:00:00+00:00, run_after=2026-03-01T00:00:00+00:00
[2026-02-28T18:23:15.448+0000] {processor.py:179} INFO - Processing /opt/airflow/dags/transfer_date_of_bd.py took 0.367 seconds
[2026-02-28T18:23:45.653+0000] {processor.py:157} INFO - Started process (PID=366) to work on /opt/airflow/dags/transfer_date_of_bd.py
[2026-02-28T18:23:45.654+0000] {processor.py:829} INFO - Processing file /opt/airflow/dags/transfer_date_of_bd.py for tasks to queue
[2026-02-28T18:23:45.656+0000] {logging_mixin.py:151} INFO - [2026-02-28T18:23:45.656+0000] {dagbag.py:539} INFO - Filling up the DagBag from /opt/airflow/dags/transfer_date_of_bd.py
[2026-02-28T18:23:45.944+0000] {processor.py:839} INFO - DAG(s) dict_keys(['sqlite_to_postgres_incremental']) retrieved from /opt/airflow/dags/transfer_date_of_bd.py
[2026-02-28T18:23:45.967+0000] {logging_mixin.py:151} INFO - [2026-02-28T18:23:45.967+0000] {dag.py:2915} INFO - Sync 1 DAGs
[2026-02-28T18:23:45.990+0000] {logging_mixin.py:151} INFO - [2026-02-28T18:23:45.990+0000] {dag.py:3696} INFO - Setting next_dagrun for sqlite_to_postgres_incremental to 2026-02-28T00:00:00+00:00, run_after=2026-03-01T00:00:00+00:00
[2026-02-28T18:23:46.011+0000] {processor.py:179} INFO - Processing /opt/airflow/dags/transfer_date_of_bd.py took 0.361 seconds
[2026-02-28T18:24:16.228+0000] {processor.py:157} INFO - Started process (PID=378) to work on /opt/airflow/dags/transfer_date_of_bd.py
[2026-02-28T18:24:16.229+0000] {processor.py:829} INFO - Processing file /opt/airflow/dags/transfer_date_of_bd.py for tasks to queue
[2026-02-28T18:24:16.230+0000] {logging_mixin.py:151} INFO - [2026-02-28T18:24:16.230+0000] {dagbag.py:539} INFO - Filling up the DagBag from /opt/airflow/dags/transfer_date_of_bd.py
[2026-02-28T18:24:16.502+0000] {processor.py:839} INFO - DAG(s) dict_keys(['sqlite_to_postgres_incremental']) retrieved from /opt/airflow/dags/transfer_date_of_bd.py
[2026-02-28T18:24:16.525+0000] {logging_mixin.py:151} INFO - [2026-02-28T18:24:16.525+0000] {dag.py:2915} INFO - Sync 1 DAGs
[2026-02-28T18:24:16.548+0000] {logging_mixin.py:151} INFO - [2026-02-28T18:24:16.547+0000] {dag.py:3696} INFO - Setting next_dagrun for sqlite_to_postgres_incremental to 2026-02-28T00:00:00+00:00, run_after=2026-03-01T00:00:00+00:00
[2026-02-28T18:24:16.567+0000] {processor.py:179} INFO - Processing /opt/airflow/dags/transfer_date_of_bd.py took 0.343 seconds
[2026-02-28T18:24:46.783+0000] {processor.py:157} INFO - Started process (PID=390) to work on /opt/airflow/dags/transfer_date_of_bd.py
[2026-02-28T18:24:46.785+0000] {processor.py:829} INFO - Processing file /opt/airflow/dags/transfer_date_of_bd.py for tasks to queue
[2026-02-28T18:24:46.786+0000] {logging_mixin.py:151} INFO - [2026-02-28T18:24:46.785+0000] {dagbag.py:539} INFO - Filling up the DagBag from /opt/airflow/dags/transfer_date_of_bd.py
[2026-02-28T18:24:47.112+0000] {processor.py:839} INFO - DAG(s) dict_keys(['sqlite_to_postgres_incremental']) retrieved from /opt/airflow/dags/transfer_date_of_bd.py
[2026-02-28T18:24:47.139+0000] {logging_mixin.py:151} INFO - [2026-02-28T18:24:47.138+0000] {dag.py:2915} INFO - Sync 1 DAGs
[2026-02-28T18:24:47.162+0000] {logging_mixin.py:151} INFO - [2026-02-28T18:24:47.162+0000] {dag.py:3696} INFO - Setting next_dagrun for sqlite_to_postgres_incremental to 2026-02-28T00:00:00+00:00, run_after=2026-03-01T00:00:00+00:00
[2026-02-28T18:24:47.185+0000] {processor.py:179} INFO - Processing /opt/airflow/dags/transfer_date_of_bd.py took 0.405 seconds
[2026-02-28T18:25:17.388+0000] {processor.py:157} INFO - Started process (PID=402) to work on /opt/airflow/dags/transfer_date_of_bd.py
[2026-02-28T18:25:17.389+0000] {processor.py:829} INFO - Processing file /opt/airflow/dags/transfer_date_of_bd.py for tasks to queue
[2026-02-28T18:25:17.391+0000] {logging_mixin.py:151} INFO - [2026-02-28T18:25:17.390+0000] {dagbag.py:539} INFO - Filling up the DagBag from /opt/airflow/dags/transfer_date_of_bd.py
[2026-02-28T18:25:17.700+0000] {processor.py:839} INFO - DAG(s) dict_keys(['sqlite_to_postgres_incremental']) retrieved from /opt/airflow/dags/transfer_date_of_bd.py
[2026-02-28T18:25:17.729+0000] {logging_mixin.py:151} INFO - [2026-02-28T18:25:17.728+0000] {dag.py:2915} INFO - Sync 1 DAGs
[2026-02-28T18:25:17.754+0000] {logging_mixin.py:151} INFO - [2026-02-28T18:25:17.754+0000] {dag.py:3696} INFO - Setting next_dagrun for sqlite_to_postgres_incremental to 2026-02-28T00:00:00+00:00, run_after=2026-03-01T00:00:00+00:00
[2026-02-28T18:25:17.776+0000] {processor.py:179} INFO - Processing /opt/airflow/dags/transfer_date_of_bd.py took 0.391 seconds
[2026-02-28T18:25:48.008+0000] {processor.py:157} INFO - Started process (PID=414) to work on /opt/airflow/dags/transfer_date_of_bd.py
[2026-02-28T18:25:48.009+0000] {processor.py:829} INFO - Processing file /opt/airflow/dags/transfer_date_of_bd.py for tasks to queue
[2026-02-28T18:25:48.011+0000] {logging_mixin.py:151} INFO - [2026-02-28T18:25:48.010+0000] {dagbag.py:539} INFO - Filling up the DagBag from /opt/airflow/dags/transfer_date_of_bd.py
[2026-02-28T18:25:48.289+0000] {processor.py:839} INFO - DAG(s) dict_keys(['sqlite_to_postgres_incremental']) retrieved from /opt/airflow/dags/transfer_date_of_bd.py
[2026-02-28T18:25:48.321+0000] {logging_mixin.py:151} INFO - [2026-02-28T18:25:48.320+0000] {dag.py:2915} INFO - Sync 1 DAGs
[2026-02-28T18:25:48.347+0000] {logging_mixin.py:151} INFO - [2026-02-28T18:25:48.347+0000] {dag.py:3696} INFO - Setting next_dagrun for sqlite_to_postgres_incremental to 2026-02-28T00:00:00+00:00, run_after=2026-03-01T00:00:00+00:00
[2026-02-28T18:25:48.373+0000] {processor.py:179} INFO - Processing /opt/airflow/dags/transfer_date_of_bd.py took 0.368 seconds
[2026-02-28T18:26:19.020+0000] {processor.py:157} INFO - Started process (PID=426) to work on /opt/airflow/dags/transfer_date_of_bd.py
[2026-02-28T18:26:19.021+0000] {processor.py:829} INFO - Processing file /opt/airflow/dags/transfer_date_of_bd.py for tasks to queue
[2026-02-28T18:26:19.022+0000] {logging_mixin.py:151} INFO - [2026-02-28T18:26:19.022+0000] {dagbag.py:539} INFO - Filling up the DagBag from /opt/airflow/dags/transfer_date_of_bd.py
[2026-02-28T18:26:19.347+0000] {processor.py:839} INFO - DAG(s) dict_keys(['sqlite_to_postgres_incremental']) retrieved from /opt/airflow/dags/transfer_date_of_bd.py
[2026-02-28T18:26:19.374+0000] {logging_mixin.py:151} INFO - [2026-02-28T18:26:19.373+0000] {dag.py:2915} INFO - Sync 1 DAGs
[2026-02-28T18:26:19.398+0000] {logging_mixin.py:151} INFO - [2026-02-28T18:26:19.398+0000] {dag.py:3696} INFO - Setting next_dagrun for sqlite_to_postgres_incremental to 2026-02-28T00:00:00+00:00, run_after=2026-03-01T00:00:00+00:00
[2026-02-28T18:26:19.423+0000] {processor.py:179} INFO - Processing /opt/airflow/dags/transfer_date_of_bd.py took 0.406 seconds
[2026-02-28T18:26:42.654+0000] {processor.py:157} INFO - Started process (PID=438) to work on /opt/airflow/dags/transfer_date_of_bd.py
[2026-02-28T18:26:42.655+0000] {processor.py:829} INFO - Processing file /opt/airflow/dags/transfer_date_of_bd.py for tasks to queue
[2026-02-28T18:26:42.657+0000] {logging_mixin.py:151} INFO - [2026-02-28T18:26:42.657+0000] {dagbag.py:539} INFO - Filling up the DagBag from /opt/airflow/dags/transfer_date_of_bd.py
[2026-02-28T18:26:43.112+0000] {processor.py:839} INFO - DAG(s) dict_keys(['sqlite_to_postgres_incremental']) retrieved from /opt/airflow/dags/transfer_date_of_bd.py
[2026-02-28T18:26:43.143+0000] {logging_mixin.py:151} INFO - [2026-02-28T18:26:43.142+0000] {dag.py:2915} INFO - Sync 1 DAGs
[2026-02-28T18:26:43.176+0000] {logging_mixin.py:151} INFO - [2026-02-28T18:26:43.175+0000] {dag.py:3696} INFO - Setting next_dagrun for sqlite_to_postgres_incremental to 2026-02-28T00:00:00+00:00, run_after=2026-03-01T00:00:00+00:00
[2026-02-28T18:26:43.215+0000] {processor.py:179} INFO - Processing /opt/airflow/dags/transfer_date_of_bd.py took 0.565 seconds
[2026-02-28T18:27:17.271+0000] {processor.py:157} INFO - Started process (PID=170) to work on /opt/airflow/dags/transfer_date_of_bd.py
[2026-02-28T18:27:17.272+0000] {processor.py:829} INFO - Processing file /opt/airflow/dags/transfer_date_of_bd.py for tasks to queue
[2026-02-28T18:27:17.273+0000] {logging_mixin.py:151} INFO - [2026-02-28T18:27:17.273+0000] {dagbag.py:539} INFO - Filling up the DagBag from /opt/airflow/dags/transfer_date_of_bd.py
[2026-02-28T18:27:17.852+0000] {processor.py:839} INFO - DAG(s) dict_keys(['sqlite_to_postgres_incremental']) retrieved from /opt/airflow/dags/transfer_date_of_bd.py
[2026-02-28T18:27:17.886+0000] {logging_mixin.py:151} INFO - [2026-02-28T18:27:17.886+0000] {dag.py:2915} INFO - Sync 1 DAGs
[2026-02-28T18:27:17.907+0000] {logging_mixin.py:151} INFO - [2026-02-28T18:27:17.906+0000] {dag.py:3696} INFO - Setting next_dagrun for sqlite_to_postgres_incremental to 2026-02-28T00:00:00+00:00, run_after=2026-03-01T00:00:00+00:00
[2026-02-28T18:27:17.930+0000] {processor.py:179} INFO - Processing /opt/airflow/dags/transfer_date_of_bd.py took 0.663 seconds
[2026-02-28T18:27:48.131+0000] {processor.py:157} INFO - Started process (PID=186) to work on /opt/airflow/dags/transfer_date_of_bd.py
[2026-02-28T18:27:48.133+0000] {processor.py:829} INFO - Processing file /opt/airflow/dags/transfer_date_of_bd.py for tasks to queue
[2026-02-28T18:27:48.134+0000] {logging_mixin.py:151} INFO - [2026-02-28T18:27:48.133+0000] {dagbag.py:539} INFO - Filling up the DagBag from /opt/airflow/dags/transfer_date_of_bd.py
[2026-02-28T18:27:48.534+0000] {processor.py:839} INFO - DAG(s) dict_keys(['sqlite_to_postgres_incremental']) retrieved from /opt/airflow/dags/transfer_date_of_bd.py
[2026-02-28T18:27:48.557+0000] {logging_mixin.py:151} INFO - [2026-02-28T18:27:48.556+0000] {dag.py:2915} INFO - Sync 1 DAGs
[2026-02-28T18:27:48.578+0000] {logging_mixin.py:151} INFO - [2026-02-28T18:27:48.577+0000] {dag.py:3696} INFO - Setting next_dagrun for sqlite_to_postgres_incremental to 2026-02-28T00:00:00+00:00, run_after=2026-03-01T00:00:00+00:00
[2026-02-28T18:27:48.597+0000] {processor.py:179} INFO - Processing /opt/airflow/dags/transfer_date_of_bd.py took 0.470 seconds
[2026-02-28T18:28:18.803+0000] {processor.py:157} INFO - Started process (PID=198) to work on /opt/airflow/dags/transfer_date_of_bd.py
[2026-02-28T18:28:18.805+0000] {processor.py:829} INFO - Processing file /opt/airflow/dags/transfer_date_of_bd.py for tasks to queue
[2026-02-28T18:28:18.806+0000] {logging_mixin.py:151} INFO - [2026-02-28T18:28:18.805+0000] {dagbag.py:539} INFO - Filling up the DagBag from /opt/airflow/dags/transfer_date_of_bd.py
[2026-02-28T18:28:19.220+0000] {processor.py:839} INFO - DAG(s) dict_keys(['sqlite_to_postgres_incremental']) retrieved from /opt/airflow/dags/transfer_date_of_bd.py
[2026-02-28T18:28:19.244+0000] {logging_mixin.py:151} INFO - [2026-02-28T18:28:19.243+0000] {dag.py:2915} INFO - Sync 1 DAGs
[2026-02-28T18:28:19.262+0000] {logging_mixin.py:151} INFO - [2026-02-28T18:28:19.261+0000] {dag.py:3696} INFO - Setting next_dagrun for sqlite_to_postgres_incremental to 2026-02-28T00:00:00+00:00, run_after=2026-03-01T00:00:00+00:00
[2026-02-28T18:28:19.283+0000] {processor.py:179} INFO - Processing /opt/airflow/dags/transfer_date_of_bd.py took 0.483 seconds
[2026-02-28T18:28:49.481+0000] {processor.py:157} INFO - Started process (PID=213) to work on /opt/airflow/dags/transfer_date_of_bd.py
[2026-02-28T18:28:49.482+0000] {processor.py:829} INFO - Processing file /opt/airflow/dags/transfer_date_of_bd.py for tasks to queue
[2026-02-28T18:28:49.483+0000] {logging_mixin.py:151} INFO - [2026-02-28T18:28:49.483+0000] {dagbag.py:539} INFO - Filling up the DagBag from /opt/airflow/dags/transfer_date_of_bd.py
[2026-02-28T18:28:49.895+0000] {processor.py:839} INFO - DAG(s) dict_keys(['sqlite_to_postgres_incremental']) retrieved from /opt/airflow/dags/transfer_date_of_bd.py
[2026-02-28T18:28:49.918+0000] {logging_mixin.py:151} INFO - [2026-02-28T18:28:49.917+0000] {dag.py:2915} INFO - Sync 1 DAGs
[2026-02-28T18:28:49.939+0000] {logging_mixin.py:151} INFO - [2026-02-28T18:28:49.939+0000] {dag.py:3696} INFO - Setting next_dagrun for sqlite_to_postgres_incremental to 2026-02-28T00:00:00+00:00, run_after=2026-03-01T00:00:00+00:00
[2026-02-28T18:28:49.959+0000] {processor.py:179} INFO - Processing /opt/airflow/dags/transfer_date_of_bd.py took 0.482 seconds
[2026-02-28T18:29:20.149+0000] {processor.py:157} INFO - Started process (PID=225) to work on /opt/airflow/dags/transfer_date_of_bd.py
[2026-02-28T18:29:20.150+0000] {processor.py:829} INFO - Processing file /opt/airflow/dags/transfer_date_of_bd.py for tasks to queue
[2026-02-28T18:29:20.151+0000] {logging_mixin.py:151} INFO - [2026-02-28T18:29:20.151+0000] {dagbag.py:539} INFO - Filling up the DagBag from /opt/airflow/dags/transfer_date_of_bd.py
[2026-02-28T18:29:20.572+0000] {processor.py:839} INFO - DAG(s) dict_keys(['sqlite_to_postgres_incremental']) retrieved from /opt/airflow/dags/transfer_date_of_bd.py
[2026-02-28T18:29:20.594+0000] {logging_mixin.py:151} INFO - [2026-02-28T18:29:20.593+0000] {dag.py:2915} INFO - Sync 1 DAGs
[2026-02-28T18:29:20.610+0000] {logging_mixin.py:151} INFO - [2026-02-28T18:29:20.610+0000] {dag.py:3696} INFO - Setting next_dagrun for sqlite_to_postgres_incremental to 2026-02-28T00:00:00+00:00, run_after=2026-03-01T00:00:00+00:00
[2026-02-28T18:29:20.630+0000] {processor.py:179} INFO - Processing /opt/airflow/dags/transfer_date_of_bd.py took 0.485 seconds
[2026-02-28T18:29:50.838+0000] {processor.py:157} INFO - Started process (PID=237) to work on /opt/airflow/dags/transfer_date_of_bd.py
[2026-02-28T18:29:50.840+0000] {processor.py:829} INFO - Processing file /opt/airflow/dags/transfer_date_of_bd.py for tasks to queue
[2026-02-28T18:29:50.841+0000] {logging_mixin.py:151} INFO - [2026-02-28T18:29:50.841+0000] {dagbag.py:539} INFO - Filling up the DagBag from /opt/airflow/dags/transfer_date_of_bd.py
[2026-02-28T18:29:51.239+0000] {processor.py:839} INFO - DAG(s) dict_keys(['sqlite_to_postgres_incremental']) retrieved from /opt/airflow/dags/transfer_date_of_bd.py
[2026-02-28T18:29:51.261+0000] {logging_mixin.py:151} INFO - [2026-02-28T18:29:51.260+0000] {dag.py:2915} INFO - Sync 1 DAGs
[2026-02-28T18:29:51.281+0000] {logging_mixin.py:151} INFO - [2026-02-28T18:29:51.280+0000] {dag.py:3696} INFO - Setting next_dagrun for sqlite_to_postgres_incremental to 2026-02-28T00:00:00+00:00, run_after=2026-03-01T00:00:00+00:00
[2026-02-28T18:29:51.299+0000] {processor.py:179} INFO - Processing /opt/airflow/dags/transfer_date_of_bd.py took 0.464 seconds
[2026-02-28T18:30:21.685+0000] {processor.py:157} INFO - Started process (PID=249) to work on /opt/airflow/dags/transfer_date_of_bd.py
[2026-02-28T18:30:21.686+0000] {processor.py:829} INFO - Processing file /opt/airflow/dags/transfer_date_of_bd.py for tasks to queue
[2026-02-28T18:30:21.687+0000] {logging_mixin.py:151} INFO - [2026-02-28T18:30:21.687+0000] {dagbag.py:539} INFO - Filling up the DagBag from /opt/airflow/dags/transfer_date_of_bd.py
[2026-02-28T18:30:22.092+0000] {processor.py:839} INFO - DAG(s) dict_keys(['sqlite_to_postgres_incremental']) retrieved from /opt/airflow/dags/transfer_date_of_bd.py
[2026-02-28T18:30:22.112+0000] {logging_mixin.py:151} INFO - [2026-02-28T18:30:22.112+0000] {dag.py:2915} INFO - Sync 1 DAGs
[2026-02-28T18:30:22.131+0000] {logging_mixin.py:151} INFO - [2026-02-28T18:30:22.130+0000] {dag.py:3696} INFO - Setting next_dagrun for sqlite_to_postgres_incremental to 2026-02-28T00:00:00+00:00, run_after=2026-03-01T00:00:00+00:00
[2026-02-28T18:30:22.148+0000] {processor.py:179} INFO - Processing /opt/airflow/dags/transfer_date_of_bd.py took 0.466 seconds
[2026-02-28T18:30:52.364+0000] {processor.py:157} INFO - Started process (PID=261) to work on /opt/airflow/dags/transfer_date_of_bd.py
[2026-02-28T18:30:52.365+0000] {processor.py:829} INFO - Processing file /opt/airflow/dags/transfer_date_of_bd.py for tasks to queue
[2026-02-28T18:30:52.366+0000] {logging_mixin.py:151} INFO - [2026-02-28T18:30:52.366+0000] {dagbag.py:539} INFO - Filling up the DagBag from /opt/airflow/dags/transfer_date_of_bd.py
[2026-02-28T18:30:52.764+0000] {processor.py:839} INFO - DAG(s) dict_keys(['sqlite_to_postgres_incremental']) retrieved from /opt/airflow/dags/transfer_date_of_bd.py
[2026-02-28T18:30:52.787+0000] {logging_mixin.py:151} INFO - [2026-02-28T18:30:52.787+0000] {dag.py:2915} INFO - Sync 1 DAGs
[2026-02-28T18:30:52.806+0000] {logging_mixin.py:151} INFO - [2026-02-28T18:30:52.806+0000] {dag.py:3696} INFO - Setting next_dagrun for sqlite_to_postgres_incremental to 2026-02-28T00:00:00+00:00, run_after=2026-03-01T00:00:00+00:00
[2026-02-28T18:30:52.825+0000] {processor.py:179} INFO - Processing /opt/airflow/dags/transfer_date_of_bd.py took 0.464 seconds
[2026-02-28T18:31:22.986+0000] {processor.py:157} INFO - Started process (PID=284) to work on /opt/airflow/dags/transfer_date_of_bd.py
[2026-02-28T18:31:22.988+0000] {processor.py:829} INFO - Processing file /opt/airflow/dags/transfer_date_of_bd.py for tasks to queue
[2026-02-28T18:31:22.989+0000] {logging_mixin.py:151} INFO - [2026-02-28T18:31:22.988+0000] {dagbag.py:539} INFO - Filling up the DagBag from /opt/airflow/dags/transfer_date_of_bd.py
[2026-02-28T18:31:23.747+0000] {processor.py:839} INFO - DAG(s) dict_keys(['sqlite_to_postgres_incremental']) retrieved from /opt/airflow/dags/transfer_date_of_bd.py
[2026-02-28T18:31:23.773+0000] {logging_mixin.py:151} INFO - [2026-02-28T18:31:23.772+0000] {dag.py:2915} INFO - Sync 1 DAGs
[2026-02-28T18:31:23.797+0000] {logging_mixin.py:151} INFO - [2026-02-28T18:31:23.796+0000] {dag.py:3696} INFO - Setting next_dagrun for sqlite_to_postgres_incremental to 2026-02-28T00:00:00+00:00, run_after=2026-03-01T00:00:00+00:00
[2026-02-28T18:31:23.818+0000] {processor.py:179} INFO - Processing /opt/airflow/dags/transfer_date_of_bd.py took 0.835 seconds
[2026-02-28T18:31:54.340+0000] {processor.py:157} INFO - Started process (PID=296) to work on /opt/airflow/dags/transfer_date_of_bd.py
[2026-02-28T18:31:54.341+0000] {processor.py:829} INFO - Processing file /opt/airflow/dags/transfer_date_of_bd.py for tasks to queue
[2026-02-28T18:31:54.342+0000] {logging_mixin.py:151} INFO - [2026-02-28T18:31:54.342+0000] {dagbag.py:539} INFO - Filling up the DagBag from /opt/airflow/dags/transfer_date_of_bd.py
[2026-02-28T18:31:54.739+0000] {processor.py:839} INFO - DAG(s) dict_keys(['sqlite_to_postgres_incremental']) retrieved from /opt/airflow/dags/transfer_date_of_bd.py
[2026-02-28T18:31:54.760+0000] {logging_mixin.py:151} INFO - [2026-02-28T18:31:54.759+0000] {dag.py:2915} INFO - Sync 1 DAGs
[2026-02-28T18:31:54.778+0000] {logging_mixin.py:151} INFO - [2026-02-28T18:31:54.777+0000] {dag.py:3696} INFO - Setting next_dagrun for sqlite_to_postgres_incremental to 2026-02-28T00:00:00+00:00, run_after=2026-03-01T00:00:00+00:00
[2026-02-28T18:31:54.798+0000] {processor.py:179} INFO - Processing /opt/airflow/dags/transfer_date_of_bd.py took 0.461 seconds
[2026-02-28T18:32:25.035+0000] {processor.py:157} INFO - Started process (PID=308) to work on /opt/airflow/dags/transfer_date_of_bd.py
[2026-02-28T18:32:25.036+0000] {processor.py:829} INFO - Processing file /opt/airflow/dags/transfer_date_of_bd.py for tasks to queue
[2026-02-28T18:32:25.037+0000] {logging_mixin.py:151} INFO - [2026-02-28T18:32:25.037+0000] {dagbag.py:539} INFO - Filling up the DagBag from /opt/airflow/dags/transfer_date_of_bd.py
[2026-02-28T18:32:25.298+0000] {processor.py:839} INFO - DAG(s) dict_keys(['sqlite_to_postgres_incremental']) retrieved from /opt/airflow/dags/transfer_date_of_bd.py
[2026-02-28T18:32:25.324+0000] {logging_mixin.py:151} INFO - [2026-02-28T18:32:25.323+0000] {dag.py:2915} INFO - Sync 1 DAGs
[2026-02-28T18:32:25.347+0000] {logging_mixin.py:151} INFO - [2026-02-28T18:32:25.347+0000] {dag.py:3696} INFO - Setting next_dagrun for sqlite_to_postgres_incremental to 2026-02-28T00:00:00+00:00, run_after=2026-03-01T00:00:00+00:00
[2026-02-28T18:32:25.366+0000] {processor.py:179} INFO - Processing /opt/airflow/dags/transfer_date_of_bd.py took 0.335 seconds
[2026-02-28T18:32:55.526+0000] {processor.py:157} INFO - Started process (PID=320) to work on /opt/airflow/dags/transfer_date_of_bd.py
[2026-02-28T18:32:55.530+0000] {processor.py:829} INFO - Processing file /opt/airflow/dags/transfer_date_of_bd.py for tasks to queue
[2026-02-28T18:32:55.532+0000] {logging_mixin.py:151} INFO - [2026-02-28T18:32:55.531+0000] {dagbag.py:539} INFO - Filling up the DagBag from /opt/airflow/dags/transfer_date_of_bd.py
[2026-02-28T18:32:56.077+0000] {processor.py:839} INFO - DAG(s) dict_keys(['sqlite_to_postgres_incremental']) retrieved from /opt/airflow/dags/transfer_date_of_bd.py
[2026-02-28T18:32:56.104+0000] {logging_mixin.py:151} INFO - [2026-02-28T18:32:56.102+0000] {dag.py:2915} INFO - Sync 1 DAGs
[2026-02-28T18:32:56.125+0000] {logging_mixin.py:151} INFO - [2026-02-28T18:32:56.124+0000] {dag.py:3696} INFO - Setting next_dagrun for sqlite_to_postgres_incremental to 2026-02-28T00:00:00+00:00, run_after=2026-03-01T00:00:00+00:00
[2026-02-28T18:32:56.150+0000] {processor.py:179} INFO - Processing /opt/airflow/dags/transfer_date_of_bd.py took 0.631 seconds
[2026-02-28T18:33:26.486+0000] {processor.py:157} INFO - Started process (PID=338) to work on /opt/airflow/dags/transfer_date_of_bd.py
[2026-02-28T18:33:26.487+0000] {processor.py:829} INFO - Processing file /opt/airflow/dags/transfer_date_of_bd.py for tasks to queue
[2026-02-28T18:33:26.489+0000] {logging_mixin.py:151} INFO - [2026-02-28T18:33:26.488+0000] {dagbag.py:539} INFO - Filling up the DagBag from /opt/airflow/dags/transfer_date_of_bd.py
[2026-02-28T18:33:26.761+0000] {processor.py:839} INFO - DAG(s) dict_keys(['sqlite_to_postgres_incremental']) retrieved from /opt/airflow/dags/transfer_date_of_bd.py
[2026-02-28T18:33:26.790+0000] {logging_mixin.py:151} INFO - [2026-02-28T18:33:26.789+0000] {dag.py:2915} INFO - Sync 1 DAGs
[2026-02-28T18:33:26.825+0000] {logging_mixin.py:151} INFO - [2026-02-28T18:33:26.824+0000] {dag.py:3696} INFO - Setting next_dagrun for sqlite_to_postgres_incremental to 2026-02-28T00:00:00+00:00, run_after=2026-03-01T00:00:00+00:00
[2026-02-28T18:33:26.856+0000] {processor.py:179} INFO - Processing /opt/airflow/dags/transfer_date_of_bd.py took 0.374 seconds
[2026-02-28T18:33:29.945+0000] {processor.py:157} INFO - Started process (PID=344) to work on /opt/airflow/dags/transfer_date_of_bd.py
[2026-02-28T18:33:29.946+0000] {processor.py:829} INFO - Processing file /opt/airflow/dags/transfer_date_of_bd.py for tasks to queue
[2026-02-28T18:33:29.947+0000] {logging_mixin.py:151} INFO - [2026-02-28T18:33:29.947+0000] {dagbag.py:539} INFO - Filling up the DagBag from /opt/airflow/dags/transfer_date_of_bd.py
[2026-02-28T18:33:30.306+0000] {processor.py:839} INFO - DAG(s) dict_keys(['sqlite_to_postgres_incremental']) retrieved from /opt/airflow/dags/transfer_date_of_bd.py
[2026-02-28T18:33:30.342+0000] {logging_mixin.py:151} INFO - [2026-02-28T18:33:30.342+0000] {dag.py:2915} INFO - Sync 1 DAGs
[2026-02-28T18:33:30.368+0000] {logging_mixin.py:151} INFO - [2026-02-28T18:33:30.367+0000] {dag.py:3696} INFO - Setting next_dagrun for sqlite_to_postgres_incremental to 2026-02-28T00:00:00+00:00, run_after=2026-03-01T00:00:00+00:00
[2026-02-28T18:33:30.399+0000] {processor.py:179} INFO - Processing /opt/airflow/dags/transfer_date_of_bd.py took 0.458 seconds
[2026-02-28T18:34:00.575+0000] {processor.py:157} INFO - Started process (PID=356) to work on /opt/airflow/dags/transfer_date_of_bd.py
[2026-02-28T18:34:00.576+0000] {processor.py:829} INFO - Processing file /opt/airflow/dags/transfer_date_of_bd.py for tasks to queue
[2026-02-28T18:34:00.577+0000] {logging_mixin.py:151} INFO - [2026-02-28T18:34:00.577+0000] {dagbag.py:539} INFO - Filling up the DagBag from /opt/airflow/dags/transfer_date_of_bd.py
[2026-02-28T18:34:00.849+0000] {processor.py:839} INFO - DAG(s) dict_keys(['sqlite_to_postgres_incremental']) retrieved from /opt/airflow/dags/transfer_date_of_bd.py
[2026-02-28T18:34:00.877+0000] {logging_mixin.py:151} INFO - [2026-02-28T18:34:00.876+0000] {dag.py:2915} INFO - Sync 1 DAGs
[2026-02-28T18:34:00.899+0000] {logging_mixin.py:151} INFO - [2026-02-28T18:34:00.899+0000] {dag.py:3696} INFO - Setting next_dagrun for sqlite_to_postgres_incremental to 2026-02-28T00:00:00+00:00, run_after=2026-03-01T00:00:00+00:00
[2026-02-28T18:34:00.920+0000] {processor.py:179} INFO - Processing /opt/airflow/dags/transfer_date_of_bd.py took 0.348 seconds
[2026-02-28T18:34:31.123+0000] {processor.py:157} INFO - Started process (PID=368) to work on /opt/airflow/dags/transfer_date_of_bd.py
[2026-02-28T18:34:31.124+0000] {processor.py:829} INFO - Processing file /opt/airflow/dags/transfer_date_of_bd.py for tasks to queue
[2026-02-28T18:34:31.124+0000] {logging_mixin.py:151} INFO - [2026-02-28T18:34:31.124+0000] {dagbag.py:539} INFO - Filling up the DagBag from /opt/airflow/dags/transfer_date_of_bd.py
[2026-02-28T18:34:31.390+0000] {processor.py:839} INFO - DAG(s) dict_keys(['sqlite_to_postgres_incremental']) retrieved from /opt/airflow/dags/transfer_date_of_bd.py
[2026-02-28T18:34:31.415+0000] {logging_mixin.py:151} INFO - [2026-02-28T18:34:31.414+0000] {dag.py:2915} INFO - Sync 1 DAGs
[2026-02-28T18:34:31.437+0000] {logging_mixin.py:151} INFO - [2026-02-28T18:34:31.437+0000] {dag.py:3696} INFO - Setting next_dagrun for sqlite_to_postgres_incremental to 2026-02-28T00:00:00+00:00, run_after=2026-03-01T00:00:00+00:00
[2026-02-28T18:34:31.456+0000] {processor.py:179} INFO - Processing /opt/airflow/dags/transfer_date_of_bd.py took 0.336 seconds
[2026-02-28T18:35:01.661+0000] {processor.py:157} INFO - Started process (PID=380) to work on /opt/airflow/dags/transfer_date_of_bd.py
[2026-02-28T18:35:01.662+0000] {processor.py:829} INFO - Processing file /opt/airflow/dags/transfer_date_of_bd.py for tasks to queue
[2026-02-28T18:35:01.663+0000] {logging_mixin.py:151} INFO - [2026-02-28T18:35:01.663+0000] {dagbag.py:539} INFO - Filling up the DagBag from /opt/airflow/dags/transfer_date_of_bd.py
[2026-02-28T18:35:01.933+0000] {processor.py:839} INFO - DAG(s) dict_keys(['sqlite_to_postgres_incremental']) retrieved from /opt/airflow/dags/transfer_date_of_bd.py
[2026-02-28T18:35:01.959+0000] {logging_mixin.py:151} INFO - [2026-02-28T18:35:01.959+0000] {dag.py:2915} INFO - Sync 1 DAGs
[2026-02-28T18:35:01.979+0000] {logging_mixin.py:151} INFO - [2026-02-28T18:35:01.978+0000] {dag.py:3696} INFO - Setting next_dagrun for sqlite_to_postgres_incremental to 2026-02-28T00:00:00+00:00, run_after=2026-03-01T00:00:00+00:00
[2026-02-28T18:35:01.998+0000] {processor.py:179} INFO - Processing /opt/airflow/dags/transfer_date_of_bd.py took 0.340 seconds
[2026-02-28T18:35:32.195+0000] {processor.py:157} INFO - Started process (PID=392) to work on /opt/airflow/dags/transfer_date_of_bd.py
[2026-02-28T18:35:32.196+0000] {processor.py:829} INFO - Processing file /opt/airflow/dags/transfer_date_of_bd.py for tasks to queue
[2026-02-28T18:35:32.197+0000] {logging_mixin.py:151} INFO - [2026-02-28T18:35:32.197+0000] {dagbag.py:539} INFO - Filling up the DagBag from /opt/airflow/dags/transfer_date_of_bd.py
[2026-02-28T18:35:32.463+0000] {processor.py:839} INFO - DAG(s) dict_keys(['sqlite_to_postgres_incremental']) retrieved from /opt/airflow/dags/transfer_date_of_bd.py
[2026-02-28T18:35:32.488+0000] {logging_mixin.py:151} INFO - [2026-02-28T18:35:32.488+0000] {dag.py:2915} INFO - Sync 1 DAGs
[2026-02-28T18:35:32.510+0000] {logging_mixin.py:151} INFO - [2026-02-28T18:35:32.510+0000] {dag.py:3696} INFO - Setting next_dagrun for sqlite_to_postgres_incremental to 2026-02-28T00:00:00+00:00, run_after=2026-03-01T00:00:00+00:00
[2026-02-28T18:35:32.529+0000] {processor.py:179} INFO - Processing /opt/airflow/dags/transfer_date_of_bd.py took 0.336 seconds
[2026-02-28T18:36:02.733+0000] {processor.py:157} INFO - Started process (PID=404) to work on /opt/airflow/dags/transfer_date_of_bd.py
[2026-02-28T18:36:02.734+0000] {processor.py:829} INFO - Processing file /opt/airflow/dags/transfer_date_of_bd.py for tasks to queue
[2026-02-28T18:36:02.734+0000] {logging_mixin.py:151} INFO - [2026-02-28T18:36:02.734+0000] {dagbag.py:539} INFO - Filling up the DagBag from /opt/airflow/dags/transfer_date_of_bd.py
[2026-02-28T18:36:03.005+0000] {processor.py:839} INFO - DAG(s) dict_keys(['sqlite_to_postgres_incremental']) retrieved from /opt/airflow/dags/transfer_date_of_bd.py
[2026-02-28T18:36:03.029+0000] {logging_mixin.py:151} INFO - [2026-02-28T18:36:03.029+0000] {dag.py:2915} INFO - Sync 1 DAGs
[2026-02-28T18:36:03.049+0000] {logging_mixin.py:151} INFO - [2026-02-28T18:36:03.049+0000] {dag.py:3696} INFO - Setting next_dagrun for sqlite_to_postgres_incremental to 2026-02-28T00:00:00+00:00, run_after=2026-03-01T00:00:00+00:00
[2026-02-28T18:36:03.072+0000] {processor.py:179} INFO - Processing /opt/airflow/dags/transfer_date_of_bd.py took 0.344 seconds
[2026-02-28T18:36:33.270+0000] {processor.py:157} INFO - Started process (PID=416) to work on /opt/airflow/dags/transfer_date_of_bd.py
[2026-02-28T18:36:33.271+0000] {processor.py:829} INFO - Processing file /opt/airflow/dags/transfer_date_of_bd.py for tasks to queue
[2026-02-28T18:36:33.272+0000] {logging_mixin.py:151} INFO - [2026-02-28T18:36:33.271+0000] {dagbag.py:539} INFO - Filling up the DagBag from /opt/airflow/dags/transfer_date_of_bd.py
[2026-02-28T18:36:33.555+0000] {processor.py:839} INFO - DAG(s) dict_keys(['sqlite_to_postgres_incremental']) retrieved from /opt/airflow/dags/transfer_date_of_bd.py
[2026-02-28T18:36:33.583+0000] {logging_mixin.py:151} INFO - [2026-02-28T18:36:33.582+0000] {dag.py:2915} INFO - Sync 1 DAGs
[2026-02-28T18:36:33.607+0000] {logging_mixin.py:151} INFO - [2026-02-28T18:36:33.607+0000] {dag.py:3696} INFO - Setting next_dagrun for sqlite_to_postgres_incremental to 2026-02-28T00:00:00+00:00, run_after=2026-03-01T00:00:00+00:00
[2026-02-28T18:36:33.629+0000] {processor.py:179} INFO - Processing /opt/airflow/dags/transfer_date_of_bd.py took 0.362 seconds
[2026-02-28T18:37:03.825+0000] {processor.py:157} INFO - Started process (PID=428) to work on /opt/airflow/dags/transfer_date_of_bd.py
[2026-02-28T18:37:03.826+0000] {processor.py:829} INFO - Processing file /opt/airflow/dags/transfer_date_of_bd.py for tasks to queue
[2026-02-28T18:37:03.828+0000] {logging_mixin.py:151} INFO - [2026-02-28T18:37:03.827+0000] {dagbag.py:539} INFO - Filling up the DagBag from /opt/airflow/dags/transfer_date_of_bd.py
[2026-02-28T18:37:04.143+0000] {processor.py:839} INFO - DAG(s) dict_keys(['sqlite_to_postgres_incremental']) retrieved from /opt/airflow/dags/transfer_date_of_bd.py
[2026-02-28T18:37:04.172+0000] {logging_mixin.py:151} INFO - [2026-02-28T18:37:04.171+0000] {dag.py:2915} INFO - Sync 1 DAGs
[2026-02-28T18:37:04.194+0000] {logging_mixin.py:151} INFO - [2026-02-28T18:37:04.194+0000] {dag.py:3696} INFO - Setting next_dagrun for sqlite_to_postgres_incremental to 2026-02-28T00:00:00+00:00, run_after=2026-03-01T00:00:00+00:00
[2026-02-28T18:37:04.216+0000] {processor.py:179} INFO - Processing /opt/airflow/dags/transfer_date_of_bd.py took 0.396 seconds
[2026-02-28T18:37:34.372+0000] {processor.py:157} INFO - Started process (PID=440) to work on /opt/airflow/dags/transfer_date_of_bd.py
[2026-02-28T18:37:34.373+0000] {processor.py:829} INFO - Processing file /opt/airflow/dags/transfer_date_of_bd.py for tasks to queue
[2026-02-28T18:37:34.374+0000] {logging_mixin.py:151} INFO - [2026-02-28T18:37:34.374+0000] {dagbag.py:539} INFO - Filling up the DagBag from /opt/airflow/dags/transfer_date_of_bd.py
[2026-02-28T18:37:34.644+0000] {processor.py:839} INFO - DAG(s) dict_keys(['sqlite_to_postgres_incremental']) retrieved from /opt/airflow/dags/transfer_date_of_bd.py
[2026-02-28T18:37:34.671+0000] {logging_mixin.py:151} INFO - [2026-02-28T18:37:34.670+0000] {dag.py:2915} INFO - Sync 1 DAGs
[2026-02-28T18:37:34.693+0000] {logging_mixin.py:151} INFO - [2026-02-28T18:37:34.693+0000] {dag.py:3696} INFO - Setting next_dagrun for sqlite_to_postgres_incremental to 2026-02-28T00:00:00+00:00, run_after=2026-03-01T00:00:00+00:00
[2026-02-28T18:37:34.712+0000] {processor.py:179} INFO - Processing /opt/airflow/dags/transfer_date_of_bd.py took 0.344 seconds
[2026-02-28T18:38:04.920+0000] {processor.py:157} INFO - Started process (PID=452) to work on /opt/airflow/dags/transfer_date_of_bd.py
[2026-02-28T18:38:04.921+0000] {processor.py:829} INFO - Processing file /opt/airflow/dags/transfer_date_of_bd.py for tasks to queue
[2026-02-28T18:38:04.922+0000] {logging_mixin.py:151} INFO - [2026-02-28T18:38:04.922+0000] {dagbag.py:539} INFO - Filling up the DagBag from /opt/airflow/dags/transfer_date_of_bd.py
[2026-02-28T18:38:05.241+0000] {processor.py:839} INFO - DAG(s) dict_keys(['sqlite_to_postgres_incremental']) retrieved from /opt/airflow/dags/transfer_date_of_bd.py
[2026-02-28T18:38:05.277+0000] {logging_mixin.py:151} INFO - [2026-02-28T18:38:05.276+0000] {dag.py:2915} INFO - Sync 1 DAGs
[2026-02-28T18:38:05.306+0000] {logging_mixin.py:151} INFO - [2026-02-28T18:38:05.306+0000] {dag.py:3696} INFO - Setting next_dagrun for sqlite_to_postgres_incremental to 2026-02-28T00:00:00+00:00, run_after=2026-03-01T00:00:00+00:00
[2026-02-28T18:38:05.338+0000] {processor.py:179} INFO - Processing /opt/airflow/dags/transfer_date_of_bd.py took 0.422 seconds
[2026-02-28T18:38:35.474+0000] {processor.py:157} INFO - Started process (PID=464) to work on /opt/airflow/dags/transfer_date_of_bd.py
[2026-02-28T18:38:35.476+0000] {processor.py:829} INFO - Processing file /opt/airflow/dags/transfer_date_of_bd.py for tasks to queue
[2026-02-28T18:38:35.477+0000] {logging_mixin.py:151} INFO - [2026-02-28T18:38:35.476+0000] {dagbag.py:539} INFO - Filling up the DagBag from /opt/airflow/dags/transfer_date_of_bd.py
[2026-02-28T18:38:35.744+0000] {processor.py:839} INFO - DAG(s) dict_keys(['sqlite_to_postgres_incremental']) retrieved from /opt/airflow/dags/transfer_date_of_bd.py
[2026-02-28T18:38:35.770+0000] {logging_mixin.py:151} INFO - [2026-02-28T18:38:35.770+0000] {dag.py:2915} INFO - Sync 1 DAGs
[2026-02-28T18:38:35.793+0000] {logging_mixin.py:151} INFO - [2026-02-28T18:38:35.793+0000] {dag.py:3696} INFO - Setting next_dagrun for sqlite_to_postgres_incremental to 2026-02-28T00:00:00+00:00, run_after=2026-03-01T00:00:00+00:00
[2026-02-28T18:38:35.814+0000] {processor.py:179} INFO - Processing /opt/airflow/dags/transfer_date_of_bd.py took 0.343 seconds
[2026-02-28T18:39:06.023+0000] {processor.py:157} INFO - Started process (PID=476) to work on /opt/airflow/dags/transfer_date_of_bd.py
[2026-02-28T18:39:06.024+0000] {processor.py:829} INFO - Processing file /opt/airflow/dags/transfer_date_of_bd.py for tasks to queue
[2026-02-28T18:39:06.026+0000] {logging_mixin.py:151} INFO - [2026-02-28T18:39:06.025+0000] {dagbag.py:539} INFO - Filling up the DagBag from /opt/airflow/dags/transfer_date_of_bd.py
[2026-02-28T18:39:06.463+0000] {processor.py:839} INFO - DAG(s) dict_keys(['sqlite_to_postgres_incremental']) retrieved from /opt/airflow/dags/transfer_date_of_bd.py
[2026-02-28T18:39:06.497+0000] {logging_mixin.py:151} INFO - [2026-02-28T18:39:06.496+0000] {dag.py:2915} INFO - Sync 1 DAGs
[2026-02-28T18:39:06.519+0000] {logging_mixin.py:151} INFO - [2026-02-28T18:39:06.519+0000] {dag.py:3696} INFO - Setting next_dagrun for sqlite_to_postgres_incremental to 2026-02-28T00:00:00+00:00, run_after=2026-03-01T00:00:00+00:00
[2026-02-28T18:39:06.540+0000] {processor.py:179} INFO - Processing /opt/airflow/dags/transfer_date_of_bd.py took 0.521 seconds
[2026-02-28T18:39:36.596+0000] {processor.py:157} INFO - Started process (PID=488) to work on /opt/airflow/dags/transfer_date_of_bd.py
[2026-02-28T18:39:36.597+0000] {processor.py:829} INFO - Processing file /opt/airflow/dags/transfer_date_of_bd.py for tasks to queue
[2026-02-28T18:39:36.598+0000] {logging_mixin.py:151} INFO - [2026-02-28T18:39:36.597+0000] {dagbag.py:539} INFO - Filling up the DagBag from /opt/airflow/dags/transfer_date_of_bd.py
[2026-02-28T18:39:36.882+0000] {processor.py:839} INFO - DAG(s) dict_keys(['sqlite_to_postgres_incremental']) retrieved from /opt/airflow/dags/transfer_date_of_bd.py
[2026-02-28T18:39:36.910+0000] {logging_mixin.py:151} INFO - [2026-02-28T18:39:36.910+0000] {dag.py:2915} INFO - Sync 1 DAGs
[2026-02-28T18:39:36.933+0000] {logging_mixin.py:151} INFO - [2026-02-28T18:39:36.933+0000] {dag.py:3696} INFO - Setting next_dagrun for sqlite_to_postgres_incremental to 2026-02-28T00:00:00+00:00, run_after=2026-03-01T00:00:00+00:00
[2026-02-28T18:39:36.957+0000] {processor.py:179} INFO - Processing /opt/airflow/dags/transfer_date_of_bd.py took 0.365 seconds
[2026-02-28T18:40:07.144+0000] {processor.py:157} INFO - Started process (PID=500) to work on /opt/airflow/dags/transfer_date_of_bd.py
[2026-02-28T18:40:07.146+0000] {processor.py:829} INFO - Processing file /opt/airflow/dags/transfer_date_of_bd.py for tasks to queue
[2026-02-28T18:40:07.147+0000] {logging_mixin.py:151} INFO - [2026-02-28T18:40:07.146+0000] {dagbag.py:539} INFO - Filling up the DagBag from /opt/airflow/dags/transfer_date_of_bd.py
[2026-02-28T18:40:07.411+0000] {processor.py:839} INFO - DAG(s) dict_keys(['sqlite_to_postgres_incremental']) retrieved from /opt/airflow/dags/transfer_date_of_bd.py
[2026-02-28T18:40:07.438+0000] {logging_mixin.py:151} INFO - [2026-02-28T18:40:07.437+0000] {dag.py:2915} INFO - Sync 1 DAGs
[2026-02-28T18:40:07.459+0000] {logging_mixin.py:151} INFO - [2026-02-28T18:40:07.459+0000] {dag.py:3696} INFO - Setting next_dagrun for sqlite_to_postgres_incremental to 2026-02-28T00:00:00+00:00, run_after=2026-03-01T00:00:00+00:00
[2026-02-28T18:40:07.478+0000] {processor.py:179} INFO - Processing /opt/airflow/dags/transfer_date_of_bd.py took 0.337 seconds
[2026-02-28T18:40:37.687+0000] {processor.py:157} INFO - Started process (PID=512) to work on /opt/airflow/dags/transfer_date_of_bd.py
[2026-02-28T18:40:37.688+0000] {processor.py:829} INFO - Processing file /opt/airflow/dags/transfer_date_of_bd.py for tasks to queue
[2026-02-28T18:40:37.689+0000] {logging_mixin.py:151} INFO - [2026-02-28T18:40:37.689+0000] {dagbag.py:539} INFO - Filling up the DagBag from /opt/airflow/dags/transfer_date_of_bd.py
[2026-02-28T18:40:37.983+0000] {processor.py:839} INFO - DAG(s) dict_keys(['sqlite_to_postgres_incremental']) retrieved from /opt/airflow/dags/transfer_date_of_bd.py
[2026-02-28T18:40:38.013+0000] {logging_mixin.py:151} INFO - [2026-02-28T18:40:38.012+0000] {dag.py:2915} INFO - Sync 1 DAGs
[2026-02-28T18:40:38.037+0000] {logging_mixin.py:151} INFO - [2026-02-28T18:40:38.037+0000] {dag.py:3696} INFO - Setting next_dagrun for sqlite_to_postgres_incremental to 2026-02-28T00:00:00+00:00, run_after=2026-03-01T00:00:00+00:00
[2026-02-28T18:40:38.059+0000] {processor.py:179} INFO - Processing /opt/airflow/dags/transfer_date_of_bd.py took 0.375 seconds
[2026-02-28T18:41:08.221+0000] {processor.py:157} INFO - Started process (PID=524) to work on /opt/airflow/dags/transfer_date_of_bd.py
[2026-02-28T18:41:08.222+0000] {processor.py:829} INFO - Processing file /opt/airflow/dags/transfer_date_of_bd.py for tasks to queue
[2026-02-28T18:41:08.223+0000] {logging_mixin.py:151} INFO - [2026-02-28T18:41:08.223+0000] {dagbag.py:539} INFO - Filling up the DagBag from /opt/airflow/dags/transfer_date_of_bd.py
[2026-02-28T18:41:08.643+0000] {processor.py:839} INFO - DAG(s) dict_keys(['sqlite_to_postgres_incremental']) retrieved from /opt/airflow/dags/transfer_date_of_bd.py
[2026-02-28T18:41:08.676+0000] {logging_mixin.py:151} INFO - [2026-02-28T18:41:08.675+0000] {dag.py:2915} INFO - Sync 1 DAGs
[2026-02-28T18:41:08.698+0000] {logging_mixin.py:151} INFO - [2026-02-28T18:41:08.698+0000] {dag.py:3696} INFO - Setting next_dagrun for sqlite_to_postgres_incremental to 2026-02-28T00:00:00+00:00, run_after=2026-03-01T00:00:00+00:00
[2026-02-28T18:41:08.717+0000] {processor.py:179} INFO - Processing /opt/airflow/dags/transfer_date_of_bd.py took 0.500 seconds
[2026-02-28T18:41:38.756+0000] {processor.py:157} INFO - Started process (PID=536) to work on /opt/airflow/dags/transfer_date_of_bd.py
[2026-02-28T18:41:38.757+0000] {processor.py:829} INFO - Processing file /opt/airflow/dags/transfer_date_of_bd.py for tasks to queue
[2026-02-28T18:41:38.758+0000] {logging_mixin.py:151} INFO - [2026-02-28T18:41:38.758+0000] {dagbag.py:539} INFO - Filling up the DagBag from /opt/airflow/dags/transfer_date_of_bd.py
[2026-02-28T18:41:39.031+0000] {processor.py:839} INFO - DAG(s) dict_keys(['sqlite_to_postgres_incremental']) retrieved from /opt/airflow/dags/transfer_date_of_bd.py
[2026-02-28T18:41:39.060+0000] {logging_mixin.py:151} INFO - [2026-02-28T18:41:39.059+0000] {dag.py:2915} INFO - Sync 1 DAGs
[2026-02-28T18:41:39.085+0000] {logging_mixin.py:151} INFO - [2026-02-28T18:41:39.085+0000] {dag.py:3696} INFO - Setting next_dagrun for sqlite_to_postgres_incremental to 2026-02-28T00:00:00+00:00, run_after=2026-03-01T00:00:00+00:00
[2026-02-28T18:41:39.111+0000] {processor.py:179} INFO - Processing /opt/airflow/dags/transfer_date_of_bd.py took 0.358 seconds
[2026-02-28T18:42:09.289+0000] {processor.py:157} INFO - Started process (PID=548) to work on /opt/airflow/dags/transfer_date_of_bd.py
[2026-02-28T18:42:09.290+0000] {processor.py:829} INFO - Processing file /opt/airflow/dags/transfer_date_of_bd.py for tasks to queue
[2026-02-28T18:42:09.291+0000] {logging_mixin.py:151} INFO - [2026-02-28T18:42:09.290+0000] {dagbag.py:539} INFO - Filling up the DagBag from /opt/airflow/dags/transfer_date_of_bd.py
[2026-02-28T18:42:09.550+0000] {processor.py:839} INFO - DAG(s) dict_keys(['sqlite_to_postgres_incremental']) retrieved from /opt/airflow/dags/transfer_date_of_bd.py
[2026-02-28T18:42:09.576+0000] {logging_mixin.py:151} INFO - [2026-02-28T18:42:09.576+0000] {dag.py:2915} INFO - Sync 1 DAGs
[2026-02-28T18:42:09.598+0000] {logging_mixin.py:151} INFO - [2026-02-28T18:42:09.598+0000] {dag.py:3696} INFO - Setting next_dagrun for sqlite_to_postgres_incremental to 2026-02-28T00:00:00+00:00, run_after=2026-03-01T00:00:00+00:00
[2026-02-28T18:42:09.619+0000] {processor.py:179} INFO - Processing /opt/airflow/dags/transfer_date_of_bd.py took 0.334 seconds
