[2026-02-23T08:56:41.914+0000] {processor.py:157} INFO - Started process (PID=171) to work on /opt/airflow/dags/dag.py
[2026-02-23T08:56:41.915+0000] {processor.py:829} INFO - Processing file /opt/airflow/dags/dag.py for tasks to queue
[2026-02-23T08:56:41.916+0000] {logging_mixin.py:151} INFO - [2026-02-23T08:56:41.916+0000] {dagbag.py:539} INFO - Filling up the DagBag from /opt/airflow/dags/dag.py
[2026-02-23T08:56:43.324+0000] {processor.py:839} INFO - DAG(s) dict_keys(['pagination_dag']) retrieved from /opt/airflow/dags/dag.py
[2026-02-23T08:56:43.484+0000] {logging_mixin.py:151} INFO - [2026-02-23T08:56:43.484+0000] {manager.py:499} INFO - Created Permission View: %s
[2026-02-23T08:56:43.498+0000] {logging_mixin.py:151} INFO - [2026-02-23T08:56:43.497+0000] {manager.py:499} INFO - Created Permission View: %s
[2026-02-23T08:56:43.506+0000] {logging_mixin.py:151} INFO - [2026-02-23T08:56:43.506+0000] {manager.py:499} INFO - Created Permission View: %s
[2026-02-23T08:56:43.507+0000] {logging_mixin.py:151} INFO - [2026-02-23T08:56:43.507+0000] {security.py:708} INFO - Not syncing DAG-level permissions for DAG 'DAG:pagination_dag' as access control is unset.
[2026-02-23T08:56:43.508+0000] {logging_mixin.py:151} INFO - [2026-02-23T08:56:43.507+0000] {dag.py:2915} INFO - Sync 1 DAGs
[2026-02-23T08:56:43.517+0000] {logging_mixin.py:151} INFO - [2026-02-23T08:56:43.517+0000] {dag.py:2937} INFO - Creating ORM DAG for pagination_dag
[2026-02-23T08:56:43.518+0000] {logging_mixin.py:151} INFO - [2026-02-23T08:56:43.517+0000] {dag.py:3696} INFO - Setting next_dagrun for pagination_dag to None, run_after=None
[2026-02-23T08:56:43.534+0000] {processor.py:179} INFO - Processing /opt/airflow/dags/dag.py took 1.623 seconds
[2026-02-23T08:57:13.745+0000] {processor.py:157} INFO - Started process (PID=177) to work on /opt/airflow/dags/dag.py
[2026-02-23T08:57:13.746+0000] {processor.py:829} INFO - Processing file /opt/airflow/dags/dag.py for tasks to queue
[2026-02-23T08:57:13.749+0000] {logging_mixin.py:151} INFO - [2026-02-23T08:57:13.748+0000] {dagbag.py:539} INFO - Filling up the DagBag from /opt/airflow/dags/dag.py
[2026-02-23T08:57:14.179+0000] {processor.py:839} INFO - DAG(s) dict_keys(['pagination_dag']) retrieved from /opt/airflow/dags/dag.py
[2026-02-23T08:57:14.202+0000] {logging_mixin.py:151} INFO - [2026-02-23T08:57:14.202+0000] {dag.py:2915} INFO - Sync 1 DAGs
[2026-02-23T08:57:14.212+0000] {logging_mixin.py:151} INFO - [2026-02-23T08:57:14.212+0000] {dag.py:3696} INFO - Setting next_dagrun for pagination_dag to None, run_after=None
[2026-02-23T08:57:14.231+0000] {processor.py:179} INFO - Processing /opt/airflow/dags/dag.py took 0.491 seconds
[2026-02-23T08:57:44.345+0000] {processor.py:157} INFO - Started process (PID=183) to work on /opt/airflow/dags/dag.py
[2026-02-23T08:57:44.347+0000] {processor.py:829} INFO - Processing file /opt/airflow/dags/dag.py for tasks to queue
[2026-02-23T08:57:44.351+0000] {logging_mixin.py:151} INFO - [2026-02-23T08:57:44.350+0000] {dagbag.py:539} INFO - Filling up the DagBag from /opt/airflow/dags/dag.py
[2026-02-23T08:57:44.815+0000] {processor.py:839} INFO - DAG(s) dict_keys(['pagination_dag']) retrieved from /opt/airflow/dags/dag.py
[2026-02-23T08:57:44.836+0000] {logging_mixin.py:151} INFO - [2026-02-23T08:57:44.836+0000] {dag.py:2915} INFO - Sync 1 DAGs
[2026-02-23T08:57:44.847+0000] {logging_mixin.py:151} INFO - [2026-02-23T08:57:44.846+0000] {dag.py:3696} INFO - Setting next_dagrun for pagination_dag to None, run_after=None
[2026-02-23T08:57:44.866+0000] {processor.py:179} INFO - Processing /opt/airflow/dags/dag.py took 0.528 seconds
[2026-02-23T08:58:15.065+0000] {processor.py:157} INFO - Started process (PID=189) to work on /opt/airflow/dags/dag.py
[2026-02-23T08:58:15.066+0000] {processor.py:829} INFO - Processing file /opt/airflow/dags/dag.py for tasks to queue
[2026-02-23T08:58:15.067+0000] {logging_mixin.py:151} INFO - [2026-02-23T08:58:15.067+0000] {dagbag.py:539} INFO - Filling up the DagBag from /opt/airflow/dags/dag.py
[2026-02-23T08:58:15.447+0000] {processor.py:839} INFO - DAG(s) dict_keys(['pagination_dag']) retrieved from /opt/airflow/dags/dag.py
[2026-02-23T08:58:15.468+0000] {logging_mixin.py:151} INFO - [2026-02-23T08:58:15.468+0000] {dag.py:2915} INFO - Sync 1 DAGs
[2026-02-23T08:58:15.478+0000] {logging_mixin.py:151} INFO - [2026-02-23T08:58:15.478+0000] {dag.py:3696} INFO - Setting next_dagrun for pagination_dag to None, run_after=None
[2026-02-23T08:58:15.496+0000] {processor.py:179} INFO - Processing /opt/airflow/dags/dag.py took 0.434 seconds
[2026-02-23T08:58:45.703+0000] {processor.py:157} INFO - Started process (PID=198) to work on /opt/airflow/dags/dag.py
[2026-02-23T08:58:45.705+0000] {processor.py:829} INFO - Processing file /opt/airflow/dags/dag.py for tasks to queue
[2026-02-23T08:58:45.705+0000] {logging_mixin.py:151} INFO - [2026-02-23T08:58:45.705+0000] {dagbag.py:539} INFO - Filling up the DagBag from /opt/airflow/dags/dag.py
[2026-02-23T08:58:46.054+0000] {processor.py:839} INFO - DAG(s) dict_keys(['pagination_dag']) retrieved from /opt/airflow/dags/dag.py
[2026-02-23T08:58:46.074+0000] {logging_mixin.py:151} INFO - [2026-02-23T08:58:46.073+0000] {dag.py:2915} INFO - Sync 1 DAGs
[2026-02-23T08:58:46.082+0000] {logging_mixin.py:151} INFO - [2026-02-23T08:58:46.082+0000] {dag.py:3696} INFO - Setting next_dagrun for pagination_dag to None, run_after=None
[2026-02-23T08:58:46.097+0000] {processor.py:179} INFO - Processing /opt/airflow/dags/dag.py took 0.397 seconds
[2026-02-23T08:59:16.279+0000] {processor.py:157} INFO - Started process (PID=204) to work on /opt/airflow/dags/dag.py
[2026-02-23T08:59:16.280+0000] {processor.py:829} INFO - Processing file /opt/airflow/dags/dag.py for tasks to queue
[2026-02-23T08:59:16.281+0000] {logging_mixin.py:151} INFO - [2026-02-23T08:59:16.281+0000] {dagbag.py:539} INFO - Filling up the DagBag from /opt/airflow/dags/dag.py
[2026-02-23T08:59:16.621+0000] {processor.py:839} INFO - DAG(s) dict_keys(['pagination_dag']) retrieved from /opt/airflow/dags/dag.py
[2026-02-23T08:59:16.641+0000] {logging_mixin.py:151} INFO - [2026-02-23T08:59:16.641+0000] {dag.py:2915} INFO - Sync 1 DAGs
[2026-02-23T08:59:16.649+0000] {logging_mixin.py:151} INFO - [2026-02-23T08:59:16.649+0000] {dag.py:3696} INFO - Setting next_dagrun for pagination_dag to None, run_after=None
[2026-02-23T08:59:16.666+0000] {processor.py:179} INFO - Processing /opt/airflow/dags/dag.py took 0.390 seconds
[2026-02-23T08:59:46.857+0000] {processor.py:157} INFO - Started process (PID=210) to work on /opt/airflow/dags/dag.py
[2026-02-23T08:59:46.858+0000] {processor.py:829} INFO - Processing file /opt/airflow/dags/dag.py for tasks to queue
[2026-02-23T08:59:46.859+0000] {logging_mixin.py:151} INFO - [2026-02-23T08:59:46.859+0000] {dagbag.py:539} INFO - Filling up the DagBag from /opt/airflow/dags/dag.py
[2026-02-23T08:59:47.207+0000] {processor.py:839} INFO - DAG(s) dict_keys(['pagination_dag']) retrieved from /opt/airflow/dags/dag.py
[2026-02-23T08:59:47.228+0000] {logging_mixin.py:151} INFO - [2026-02-23T08:59:47.228+0000] {dag.py:2915} INFO - Sync 1 DAGs
[2026-02-23T08:59:47.237+0000] {logging_mixin.py:151} INFO - [2026-02-23T08:59:47.236+0000] {dag.py:3696} INFO - Setting next_dagrun for pagination_dag to None, run_after=None
[2026-02-23T08:59:47.253+0000] {processor.py:179} INFO - Processing /opt/airflow/dags/dag.py took 0.399 seconds
[2026-02-23T09:00:17.445+0000] {processor.py:157} INFO - Started process (PID=216) to work on /opt/airflow/dags/dag.py
[2026-02-23T09:00:17.446+0000] {processor.py:829} INFO - Processing file /opt/airflow/dags/dag.py for tasks to queue
[2026-02-23T09:00:17.447+0000] {logging_mixin.py:151} INFO - [2026-02-23T09:00:17.446+0000] {dagbag.py:539} INFO - Filling up the DagBag from /opt/airflow/dags/dag.py
[2026-02-23T09:00:17.684+0000] {processor.py:839} INFO - DAG(s) dict_keys(['pagination_dag']) retrieved from /opt/airflow/dags/dag.py
[2026-02-23T09:00:17.707+0000] {logging_mixin.py:151} INFO - [2026-02-23T09:00:17.706+0000] {dag.py:2915} INFO - Sync 1 DAGs
[2026-02-23T09:00:17.717+0000] {logging_mixin.py:151} INFO - [2026-02-23T09:00:17.717+0000] {dag.py:3696} INFO - Setting next_dagrun for pagination_dag to None, run_after=None
[2026-02-23T09:00:17.736+0000] {processor.py:179} INFO - Processing /opt/airflow/dags/dag.py took 0.295 seconds
[2026-02-23T09:00:47.920+0000] {processor.py:157} INFO - Started process (PID=222) to work on /opt/airflow/dags/dag.py
[2026-02-23T09:00:47.921+0000] {processor.py:829} INFO - Processing file /opt/airflow/dags/dag.py for tasks to queue
[2026-02-23T09:00:47.922+0000] {logging_mixin.py:151} INFO - [2026-02-23T09:00:47.922+0000] {dagbag.py:539} INFO - Filling up the DagBag from /opt/airflow/dags/dag.py
[2026-02-23T09:00:48.166+0000] {processor.py:839} INFO - DAG(s) dict_keys(['pagination_dag']) retrieved from /opt/airflow/dags/dag.py
[2026-02-23T09:00:48.190+0000] {logging_mixin.py:151} INFO - [2026-02-23T09:00:48.190+0000] {dag.py:2915} INFO - Sync 1 DAGs
[2026-02-23T09:00:48.202+0000] {logging_mixin.py:151} INFO - [2026-02-23T09:00:48.202+0000] {dag.py:3696} INFO - Setting next_dagrun for pagination_dag to None, run_after=None
[2026-02-23T09:00:48.221+0000] {processor.py:179} INFO - Processing /opt/airflow/dags/dag.py took 0.305 seconds
[2026-02-23T09:01:18.418+0000] {processor.py:157} INFO - Started process (PID=228) to work on /opt/airflow/dags/dag.py
[2026-02-23T09:01:18.419+0000] {processor.py:829} INFO - Processing file /opt/airflow/dags/dag.py for tasks to queue
[2026-02-23T09:01:18.420+0000] {logging_mixin.py:151} INFO - [2026-02-23T09:01:18.420+0000] {dagbag.py:539} INFO - Filling up the DagBag from /opt/airflow/dags/dag.py
[2026-02-23T09:01:18.665+0000] {processor.py:839} INFO - DAG(s) dict_keys(['pagination_dag']) retrieved from /opt/airflow/dags/dag.py
[2026-02-23T09:01:18.690+0000] {logging_mixin.py:151} INFO - [2026-02-23T09:01:18.690+0000] {dag.py:2915} INFO - Sync 1 DAGs
[2026-02-23T09:01:18.702+0000] {logging_mixin.py:151} INFO - [2026-02-23T09:01:18.702+0000] {dag.py:3696} INFO - Setting next_dagrun for pagination_dag to None, run_after=None
[2026-02-23T09:01:18.720+0000] {processor.py:179} INFO - Processing /opt/airflow/dags/dag.py took 0.306 seconds
[2026-02-23T09:01:48.920+0000] {processor.py:157} INFO - Started process (PID=234) to work on /opt/airflow/dags/dag.py
[2026-02-23T09:01:48.921+0000] {processor.py:829} INFO - Processing file /opt/airflow/dags/dag.py for tasks to queue
[2026-02-23T09:01:48.921+0000] {logging_mixin.py:151} INFO - [2026-02-23T09:01:48.921+0000] {dagbag.py:539} INFO - Filling up the DagBag from /opt/airflow/dags/dag.py
[2026-02-23T09:01:49.160+0000] {processor.py:839} INFO - DAG(s) dict_keys(['pagination_dag']) retrieved from /opt/airflow/dags/dag.py
[2026-02-23T09:01:49.185+0000] {logging_mixin.py:151} INFO - [2026-02-23T09:01:49.184+0000] {dag.py:2915} INFO - Sync 1 DAGs
[2026-02-23T09:01:49.195+0000] {logging_mixin.py:151} INFO - [2026-02-23T09:01:49.194+0000] {dag.py:3696} INFO - Setting next_dagrun for pagination_dag to None, run_after=None
[2026-02-23T09:01:49.212+0000] {processor.py:179} INFO - Processing /opt/airflow/dags/dag.py took 0.295 seconds
[2026-02-23T09:02:19.396+0000] {processor.py:157} INFO - Started process (PID=240) to work on /opt/airflow/dags/dag.py
[2026-02-23T09:02:19.397+0000] {processor.py:829} INFO - Processing file /opt/airflow/dags/dag.py for tasks to queue
[2026-02-23T09:02:19.398+0000] {logging_mixin.py:151} INFO - [2026-02-23T09:02:19.398+0000] {dagbag.py:539} INFO - Filling up the DagBag from /opt/airflow/dags/dag.py
[2026-02-23T09:02:19.638+0000] {processor.py:839} INFO - DAG(s) dict_keys(['pagination_dag']) retrieved from /opt/airflow/dags/dag.py
[2026-02-23T09:02:19.662+0000] {logging_mixin.py:151} INFO - [2026-02-23T09:02:19.662+0000] {dag.py:2915} INFO - Sync 1 DAGs
[2026-02-23T09:02:19.672+0000] {logging_mixin.py:151} INFO - [2026-02-23T09:02:19.672+0000] {dag.py:3696} INFO - Setting next_dagrun for pagination_dag to None, run_after=None
[2026-02-23T09:02:19.692+0000] {processor.py:179} INFO - Processing /opt/airflow/dags/dag.py took 0.299 seconds
[2026-02-23T09:02:49.877+0000] {processor.py:157} INFO - Started process (PID=246) to work on /opt/airflow/dags/dag.py
[2026-02-23T09:02:49.878+0000] {processor.py:829} INFO - Processing file /opt/airflow/dags/dag.py for tasks to queue
[2026-02-23T09:02:49.879+0000] {logging_mixin.py:151} INFO - [2026-02-23T09:02:49.879+0000] {dagbag.py:539} INFO - Filling up the DagBag from /opt/airflow/dags/dag.py
[2026-02-23T09:02:50.113+0000] {processor.py:839} INFO - DAG(s) dict_keys(['pagination_dag']) retrieved from /opt/airflow/dags/dag.py
[2026-02-23T09:02:50.137+0000] {logging_mixin.py:151} INFO - [2026-02-23T09:02:50.137+0000] {dag.py:2915} INFO - Sync 1 DAGs
[2026-02-23T09:02:50.147+0000] {logging_mixin.py:151} INFO - [2026-02-23T09:02:50.147+0000] {dag.py:3696} INFO - Setting next_dagrun for pagination_dag to None, run_after=None
[2026-02-23T09:02:50.165+0000] {processor.py:179} INFO - Processing /opt/airflow/dags/dag.py took 0.291 seconds
[2026-02-23T09:03:20.347+0000] {processor.py:157} INFO - Started process (PID=252) to work on /opt/airflow/dags/dag.py
[2026-02-23T09:03:20.348+0000] {processor.py:829} INFO - Processing file /opt/airflow/dags/dag.py for tasks to queue
[2026-02-23T09:03:20.349+0000] {logging_mixin.py:151} INFO - [2026-02-23T09:03:20.348+0000] {dagbag.py:539} INFO - Filling up the DagBag from /opt/airflow/dags/dag.py
[2026-02-23T09:03:20.581+0000] {processor.py:839} INFO - DAG(s) dict_keys(['pagination_dag']) retrieved from /opt/airflow/dags/dag.py
[2026-02-23T09:03:20.605+0000] {logging_mixin.py:151} INFO - [2026-02-23T09:03:20.604+0000] {dag.py:2915} INFO - Sync 1 DAGs
[2026-02-23T09:03:20.616+0000] {logging_mixin.py:151} INFO - [2026-02-23T09:03:20.616+0000] {dag.py:3696} INFO - Setting next_dagrun for pagination_dag to None, run_after=None
[2026-02-23T09:03:20.635+0000] {processor.py:179} INFO - Processing /opt/airflow/dags/dag.py took 0.293 seconds
[2026-02-23T09:03:50.817+0000] {processor.py:157} INFO - Started process (PID=258) to work on /opt/airflow/dags/dag.py
[2026-02-23T09:03:50.818+0000] {processor.py:829} INFO - Processing file /opt/airflow/dags/dag.py for tasks to queue
[2026-02-23T09:03:50.819+0000] {logging_mixin.py:151} INFO - [2026-02-23T09:03:50.819+0000] {dagbag.py:539} INFO - Filling up the DagBag from /opt/airflow/dags/dag.py
[2026-02-23T09:03:51.060+0000] {processor.py:839} INFO - DAG(s) dict_keys(['pagination_dag']) retrieved from /opt/airflow/dags/dag.py
[2026-02-23T09:03:51.085+0000] {logging_mixin.py:151} INFO - [2026-02-23T09:03:51.084+0000] {dag.py:2915} INFO - Sync 1 DAGs
[2026-02-23T09:03:51.096+0000] {logging_mixin.py:151} INFO - [2026-02-23T09:03:51.096+0000] {dag.py:3696} INFO - Setting next_dagrun for pagination_dag to None, run_after=None
[2026-02-23T09:03:51.113+0000] {processor.py:179} INFO - Processing /opt/airflow/dags/dag.py took 0.300 seconds
[2026-02-23T09:04:21.299+0000] {processor.py:157} INFO - Started process (PID=264) to work on /opt/airflow/dags/dag.py
[2026-02-23T09:04:21.301+0000] {processor.py:829} INFO - Processing file /opt/airflow/dags/dag.py for tasks to queue
[2026-02-23T09:04:21.302+0000] {logging_mixin.py:151} INFO - [2026-02-23T09:04:21.302+0000] {dagbag.py:539} INFO - Filling up the DagBag from /opt/airflow/dags/dag.py
[2026-02-23T09:04:21.542+0000] {processor.py:839} INFO - DAG(s) dict_keys(['pagination_dag']) retrieved from /opt/airflow/dags/dag.py
[2026-02-23T09:04:21.567+0000] {logging_mixin.py:151} INFO - [2026-02-23T09:04:21.567+0000] {dag.py:2915} INFO - Sync 1 DAGs
[2026-02-23T09:04:21.579+0000] {logging_mixin.py:151} INFO - [2026-02-23T09:04:21.579+0000] {dag.py:3696} INFO - Setting next_dagrun for pagination_dag to None, run_after=None
[2026-02-23T09:04:21.598+0000] {processor.py:179} INFO - Processing /opt/airflow/dags/dag.py took 0.302 seconds
[2026-02-23T09:04:51.785+0000] {processor.py:157} INFO - Started process (PID=270) to work on /opt/airflow/dags/dag.py
[2026-02-23T09:04:51.786+0000] {processor.py:829} INFO - Processing file /opt/airflow/dags/dag.py for tasks to queue
[2026-02-23T09:04:51.787+0000] {logging_mixin.py:151} INFO - [2026-02-23T09:04:51.787+0000] {dagbag.py:539} INFO - Filling up the DagBag from /opt/airflow/dags/dag.py
[2026-02-23T09:04:52.033+0000] {processor.py:839} INFO - DAG(s) dict_keys(['pagination_dag']) retrieved from /opt/airflow/dags/dag.py
[2026-02-23T09:04:52.060+0000] {logging_mixin.py:151} INFO - [2026-02-23T09:04:52.059+0000] {dag.py:2915} INFO - Sync 1 DAGs
[2026-02-23T09:04:52.070+0000] {logging_mixin.py:151} INFO - [2026-02-23T09:04:52.070+0000] {dag.py:3696} INFO - Setting next_dagrun for pagination_dag to None, run_after=None
[2026-02-23T09:04:52.089+0000] {processor.py:179} INFO - Processing /opt/airflow/dags/dag.py took 0.308 seconds
[2026-02-23T09:05:22.278+0000] {processor.py:157} INFO - Started process (PID=276) to work on /opt/airflow/dags/dag.py
[2026-02-23T09:05:22.279+0000] {processor.py:829} INFO - Processing file /opt/airflow/dags/dag.py for tasks to queue
[2026-02-23T09:05:22.280+0000] {logging_mixin.py:151} INFO - [2026-02-23T09:05:22.279+0000] {dagbag.py:539} INFO - Filling up the DagBag from /opt/airflow/dags/dag.py
[2026-02-23T09:05:22.523+0000] {processor.py:839} INFO - DAG(s) dict_keys(['pagination_dag']) retrieved from /opt/airflow/dags/dag.py
[2026-02-23T09:05:22.550+0000] {logging_mixin.py:151} INFO - [2026-02-23T09:05:22.549+0000] {dag.py:2915} INFO - Sync 1 DAGs
[2026-02-23T09:05:22.560+0000] {logging_mixin.py:151} INFO - [2026-02-23T09:05:22.560+0000] {dag.py:3696} INFO - Setting next_dagrun for pagination_dag to None, run_after=None
[2026-02-23T09:05:22.579+0000] {processor.py:179} INFO - Processing /opt/airflow/dags/dag.py took 0.305 seconds
[2026-02-23T09:05:52.764+0000] {processor.py:157} INFO - Started process (PID=282) to work on /opt/airflow/dags/dag.py
[2026-02-23T09:05:52.765+0000] {processor.py:829} INFO - Processing file /opt/airflow/dags/dag.py for tasks to queue
[2026-02-23T09:05:52.766+0000] {logging_mixin.py:151} INFO - [2026-02-23T09:05:52.766+0000] {dagbag.py:539} INFO - Filling up the DagBag from /opt/airflow/dags/dag.py
[2026-02-23T09:05:53.006+0000] {processor.py:839} INFO - DAG(s) dict_keys(['pagination_dag']) retrieved from /opt/airflow/dags/dag.py
[2026-02-23T09:05:53.030+0000] {logging_mixin.py:151} INFO - [2026-02-23T09:05:53.029+0000] {dag.py:2915} INFO - Sync 1 DAGs
[2026-02-23T09:05:53.040+0000] {logging_mixin.py:151} INFO - [2026-02-23T09:05:53.040+0000] {dag.py:3696} INFO - Setting next_dagrun for pagination_dag to None, run_after=None
[2026-02-23T09:05:53.057+0000] {processor.py:179} INFO - Processing /opt/airflow/dags/dag.py took 0.296 seconds
[2026-02-23T09:06:23.247+0000] {processor.py:157} INFO - Started process (PID=288) to work on /opt/airflow/dags/dag.py
[2026-02-23T09:06:23.248+0000] {processor.py:829} INFO - Processing file /opt/airflow/dags/dag.py for tasks to queue
[2026-02-23T09:06:23.249+0000] {logging_mixin.py:151} INFO - [2026-02-23T09:06:23.249+0000] {dagbag.py:539} INFO - Filling up the DagBag from /opt/airflow/dags/dag.py
[2026-02-23T09:06:23.480+0000] {processor.py:839} INFO - DAG(s) dict_keys(['pagination_dag']) retrieved from /opt/airflow/dags/dag.py
[2026-02-23T09:06:23.502+0000] {logging_mixin.py:151} INFO - [2026-02-23T09:06:23.502+0000] {dag.py:2915} INFO - Sync 1 DAGs
[2026-02-23T09:06:23.512+0000] {logging_mixin.py:151} INFO - [2026-02-23T09:06:23.512+0000] {dag.py:3696} INFO - Setting next_dagrun for pagination_dag to None, run_after=None
[2026-02-23T09:06:23.532+0000] {processor.py:179} INFO - Processing /opt/airflow/dags/dag.py took 0.287 seconds
[2026-02-23T09:06:53.717+0000] {processor.py:157} INFO - Started process (PID=294) to work on /opt/airflow/dags/dag.py
[2026-02-23T09:06:53.718+0000] {processor.py:829} INFO - Processing file /opt/airflow/dags/dag.py for tasks to queue
[2026-02-23T09:06:53.719+0000] {logging_mixin.py:151} INFO - [2026-02-23T09:06:53.719+0000] {dagbag.py:539} INFO - Filling up the DagBag from /opt/airflow/dags/dag.py
[2026-02-23T09:06:53.954+0000] {processor.py:839} INFO - DAG(s) dict_keys(['pagination_dag']) retrieved from /opt/airflow/dags/dag.py
[2026-02-23T09:06:53.984+0000] {logging_mixin.py:151} INFO - [2026-02-23T09:06:53.983+0000] {dag.py:2915} INFO - Sync 1 DAGs
[2026-02-23T09:06:53.996+0000] {logging_mixin.py:151} INFO - [2026-02-23T09:06:53.995+0000] {dag.py:3696} INFO - Setting next_dagrun for pagination_dag to None, run_after=None
[2026-02-23T09:06:54.013+0000] {processor.py:179} INFO - Processing /opt/airflow/dags/dag.py took 0.299 seconds
[2026-02-23T09:07:24.202+0000] {processor.py:157} INFO - Started process (PID=300) to work on /opt/airflow/dags/dag.py
[2026-02-23T09:07:24.203+0000] {processor.py:829} INFO - Processing file /opt/airflow/dags/dag.py for tasks to queue
[2026-02-23T09:07:24.204+0000] {logging_mixin.py:151} INFO - [2026-02-23T09:07:24.204+0000] {dagbag.py:539} INFO - Filling up the DagBag from /opt/airflow/dags/dag.py
[2026-02-23T09:07:24.583+0000] {processor.py:839} INFO - DAG(s) dict_keys(['pagination_dag']) retrieved from /opt/airflow/dags/dag.py
[2026-02-23T09:07:24.616+0000] {logging_mixin.py:151} INFO - [2026-02-23T09:07:24.616+0000] {dag.py:2915} INFO - Sync 1 DAGs
[2026-02-23T09:07:24.627+0000] {logging_mixin.py:151} INFO - [2026-02-23T09:07:24.627+0000] {dag.py:3696} INFO - Setting next_dagrun for pagination_dag to None, run_after=None
[2026-02-23T09:07:24.645+0000] {processor.py:179} INFO - Processing /opt/airflow/dags/dag.py took 0.446 seconds
[2026-02-23T09:07:54.835+0000] {processor.py:157} INFO - Started process (PID=306) to work on /opt/airflow/dags/dag.py
[2026-02-23T09:07:54.836+0000] {processor.py:829} INFO - Processing file /opt/airflow/dags/dag.py for tasks to queue
[2026-02-23T09:07:54.836+0000] {logging_mixin.py:151} INFO - [2026-02-23T09:07:54.836+0000] {dagbag.py:539} INFO - Filling up the DagBag from /opt/airflow/dags/dag.py
[2026-02-23T09:07:55.066+0000] {processor.py:839} INFO - DAG(s) dict_keys(['pagination_dag']) retrieved from /opt/airflow/dags/dag.py
[2026-02-23T09:07:55.090+0000] {logging_mixin.py:151} INFO - [2026-02-23T09:07:55.089+0000] {dag.py:2915} INFO - Sync 1 DAGs
[2026-02-23T09:07:55.100+0000] {logging_mixin.py:151} INFO - [2026-02-23T09:07:55.100+0000] {dag.py:3696} INFO - Setting next_dagrun for pagination_dag to None, run_after=None
[2026-02-23T09:07:55.118+0000] {processor.py:179} INFO - Processing /opt/airflow/dags/dag.py took 0.286 seconds
[2026-02-23T09:08:25.309+0000] {processor.py:157} INFO - Started process (PID=312) to work on /opt/airflow/dags/dag.py
[2026-02-23T09:08:25.310+0000] {processor.py:829} INFO - Processing file /opt/airflow/dags/dag.py for tasks to queue
[2026-02-23T09:08:25.311+0000] {logging_mixin.py:151} INFO - [2026-02-23T09:08:25.311+0000] {dagbag.py:539} INFO - Filling up the DagBag from /opt/airflow/dags/dag.py
[2026-02-23T09:08:25.540+0000] {processor.py:839} INFO - DAG(s) dict_keys(['pagination_dag']) retrieved from /opt/airflow/dags/dag.py
[2026-02-23T09:08:25.565+0000] {logging_mixin.py:151} INFO - [2026-02-23T09:08:25.565+0000] {dag.py:2915} INFO - Sync 1 DAGs
[2026-02-23T09:08:25.578+0000] {logging_mixin.py:151} INFO - [2026-02-23T09:08:25.578+0000] {dag.py:3696} INFO - Setting next_dagrun for pagination_dag to None, run_after=None
[2026-02-23T09:08:25.596+0000] {processor.py:179} INFO - Processing /opt/airflow/dags/dag.py took 0.290 seconds
[2026-02-23T09:08:55.780+0000] {processor.py:157} INFO - Started process (PID=318) to work on /opt/airflow/dags/dag.py
[2026-02-23T09:08:55.781+0000] {processor.py:829} INFO - Processing file /opt/airflow/dags/dag.py for tasks to queue
[2026-02-23T09:08:55.782+0000] {logging_mixin.py:151} INFO - [2026-02-23T09:08:55.782+0000] {dagbag.py:539} INFO - Filling up the DagBag from /opt/airflow/dags/dag.py
[2026-02-23T09:08:56.039+0000] {processor.py:839} INFO - DAG(s) dict_keys(['pagination_dag']) retrieved from /opt/airflow/dags/dag.py
[2026-02-23T09:08:56.066+0000] {logging_mixin.py:151} INFO - [2026-02-23T09:08:56.066+0000] {dag.py:2915} INFO - Sync 1 DAGs
[2026-02-23T09:08:56.077+0000] {logging_mixin.py:151} INFO - [2026-02-23T09:08:56.076+0000] {dag.py:3696} INFO - Setting next_dagrun for pagination_dag to None, run_after=None
[2026-02-23T09:08:56.094+0000] {processor.py:179} INFO - Processing /opt/airflow/dags/dag.py took 0.317 seconds
[2026-02-23T09:09:26.285+0000] {processor.py:157} INFO - Started process (PID=324) to work on /opt/airflow/dags/dag.py
[2026-02-23T09:09:26.286+0000] {processor.py:829} INFO - Processing file /opt/airflow/dags/dag.py for tasks to queue
[2026-02-23T09:09:26.287+0000] {logging_mixin.py:151} INFO - [2026-02-23T09:09:26.287+0000] {dagbag.py:539} INFO - Filling up the DagBag from /opt/airflow/dags/dag.py
[2026-02-23T09:09:26.525+0000] {processor.py:839} INFO - DAG(s) dict_keys(['pagination_dag']) retrieved from /opt/airflow/dags/dag.py
[2026-02-23T09:09:26.549+0000] {logging_mixin.py:151} INFO - [2026-02-23T09:09:26.549+0000] {dag.py:2915} INFO - Sync 1 DAGs
[2026-02-23T09:09:26.559+0000] {logging_mixin.py:151} INFO - [2026-02-23T09:09:26.559+0000] {dag.py:3696} INFO - Setting next_dagrun for pagination_dag to None, run_after=None
[2026-02-23T09:09:26.579+0000] {processor.py:179} INFO - Processing /opt/airflow/dags/dag.py took 0.297 seconds
[2026-02-23T09:09:56.770+0000] {processor.py:157} INFO - Started process (PID=330) to work on /opt/airflow/dags/dag.py
[2026-02-23T09:09:56.771+0000] {processor.py:829} INFO - Processing file /opt/airflow/dags/dag.py for tasks to queue
[2026-02-23T09:09:56.772+0000] {logging_mixin.py:151} INFO - [2026-02-23T09:09:56.772+0000] {dagbag.py:539} INFO - Filling up the DagBag from /opt/airflow/dags/dag.py
[2026-02-23T09:09:57.012+0000] {processor.py:839} INFO - DAG(s) dict_keys(['pagination_dag']) retrieved from /opt/airflow/dags/dag.py
[2026-02-23T09:09:57.038+0000] {logging_mixin.py:151} INFO - [2026-02-23T09:09:57.037+0000] {dag.py:2915} INFO - Sync 1 DAGs
[2026-02-23T09:09:57.050+0000] {logging_mixin.py:151} INFO - [2026-02-23T09:09:57.050+0000] {dag.py:3696} INFO - Setting next_dagrun for pagination_dag to None, run_after=None
[2026-02-23T09:09:57.070+0000] {processor.py:179} INFO - Processing /opt/airflow/dags/dag.py took 0.303 seconds
[2026-02-23T09:10:27.259+0000] {processor.py:157} INFO - Started process (PID=336) to work on /opt/airflow/dags/dag.py
[2026-02-23T09:10:27.260+0000] {processor.py:829} INFO - Processing file /opt/airflow/dags/dag.py for tasks to queue
[2026-02-23T09:10:27.261+0000] {logging_mixin.py:151} INFO - [2026-02-23T09:10:27.261+0000] {dagbag.py:539} INFO - Filling up the DagBag from /opt/airflow/dags/dag.py
[2026-02-23T09:10:27.487+0000] {processor.py:839} INFO - DAG(s) dict_keys(['pagination_dag']) retrieved from /opt/airflow/dags/dag.py
[2026-02-23T09:10:27.511+0000] {logging_mixin.py:151} INFO - [2026-02-23T09:10:27.510+0000] {dag.py:2915} INFO - Sync 1 DAGs
[2026-02-23T09:10:27.521+0000] {logging_mixin.py:151} INFO - [2026-02-23T09:10:27.521+0000] {dag.py:3696} INFO - Setting next_dagrun for pagination_dag to None, run_after=None
[2026-02-23T09:10:27.541+0000] {processor.py:179} INFO - Processing /opt/airflow/dags/dag.py took 0.285 seconds
[2026-02-23T09:10:57.727+0000] {processor.py:157} INFO - Started process (PID=342) to work on /opt/airflow/dags/dag.py
[2026-02-23T09:10:57.728+0000] {processor.py:829} INFO - Processing file /opt/airflow/dags/dag.py for tasks to queue
[2026-02-23T09:10:57.728+0000] {logging_mixin.py:151} INFO - [2026-02-23T09:10:57.728+0000] {dagbag.py:539} INFO - Filling up the DagBag from /opt/airflow/dags/dag.py
[2026-02-23T09:10:57.960+0000] {processor.py:839} INFO - DAG(s) dict_keys(['pagination_dag']) retrieved from /opt/airflow/dags/dag.py
[2026-02-23T09:10:57.990+0000] {logging_mixin.py:151} INFO - [2026-02-23T09:10:57.990+0000] {dag.py:2915} INFO - Sync 1 DAGs
[2026-02-23T09:10:58.000+0000] {logging_mixin.py:151} INFO - [2026-02-23T09:10:58.000+0000] {dag.py:3696} INFO - Setting next_dagrun for pagination_dag to None, run_after=None
[2026-02-23T09:10:58.017+0000] {processor.py:179} INFO - Processing /opt/airflow/dags/dag.py took 0.294 seconds
[2026-02-23T09:11:28.206+0000] {processor.py:157} INFO - Started process (PID=348) to work on /opt/airflow/dags/dag.py
[2026-02-23T09:11:28.207+0000] {processor.py:829} INFO - Processing file /opt/airflow/dags/dag.py for tasks to queue
[2026-02-23T09:11:28.208+0000] {logging_mixin.py:151} INFO - [2026-02-23T09:11:28.208+0000] {dagbag.py:539} INFO - Filling up the DagBag from /opt/airflow/dags/dag.py
[2026-02-23T09:11:28.447+0000] {processor.py:839} INFO - DAG(s) dict_keys(['pagination_dag']) retrieved from /opt/airflow/dags/dag.py
[2026-02-23T09:11:28.473+0000] {logging_mixin.py:151} INFO - [2026-02-23T09:11:28.472+0000] {dag.py:2915} INFO - Sync 1 DAGs
[2026-02-23T09:11:28.484+0000] {logging_mixin.py:151} INFO - [2026-02-23T09:11:28.483+0000] {dag.py:3696} INFO - Setting next_dagrun for pagination_dag to None, run_after=None
[2026-02-23T09:11:28.505+0000] {processor.py:179} INFO - Processing /opt/airflow/dags/dag.py took 0.304 seconds
[2026-02-23T09:11:58.710+0000] {processor.py:157} INFO - Started process (PID=354) to work on /opt/airflow/dags/dag.py
[2026-02-23T09:11:58.711+0000] {processor.py:829} INFO - Processing file /opt/airflow/dags/dag.py for tasks to queue
[2026-02-23T09:11:58.712+0000] {logging_mixin.py:151} INFO - [2026-02-23T09:11:58.712+0000] {dagbag.py:539} INFO - Filling up the DagBag from /opt/airflow/dags/dag.py
[2026-02-23T09:11:58.943+0000] {processor.py:839} INFO - DAG(s) dict_keys(['pagination_dag']) retrieved from /opt/airflow/dags/dag.py
[2026-02-23T09:11:58.974+0000] {logging_mixin.py:151} INFO - [2026-02-23T09:11:58.973+0000] {dag.py:2915} INFO - Sync 1 DAGs
[2026-02-23T09:11:58.984+0000] {logging_mixin.py:151} INFO - [2026-02-23T09:11:58.984+0000] {dag.py:3696} INFO - Setting next_dagrun for pagination_dag to None, run_after=None
[2026-02-23T09:11:59.004+0000] {processor.py:179} INFO - Processing /opt/airflow/dags/dag.py took 0.297 seconds
[2026-02-23T09:12:29.193+0000] {processor.py:157} INFO - Started process (PID=360) to work on /opt/airflow/dags/dag.py
[2026-02-23T09:12:29.194+0000] {processor.py:829} INFO - Processing file /opt/airflow/dags/dag.py for tasks to queue
[2026-02-23T09:12:29.195+0000] {logging_mixin.py:151} INFO - [2026-02-23T09:12:29.195+0000] {dagbag.py:539} INFO - Filling up the DagBag from /opt/airflow/dags/dag.py
[2026-02-23T09:12:29.425+0000] {processor.py:839} INFO - DAG(s) dict_keys(['pagination_dag']) retrieved from /opt/airflow/dags/dag.py
[2026-02-23T09:12:29.449+0000] {logging_mixin.py:151} INFO - [2026-02-23T09:12:29.448+0000] {dag.py:2915} INFO - Sync 1 DAGs
[2026-02-23T09:12:29.459+0000] {logging_mixin.py:151} INFO - [2026-02-23T09:12:29.458+0000] {dag.py:3696} INFO - Setting next_dagrun for pagination_dag to None, run_after=None
[2026-02-23T09:12:29.477+0000] {processor.py:179} INFO - Processing /opt/airflow/dags/dag.py took 0.287 seconds
[2026-02-23T09:12:59.659+0000] {processor.py:157} INFO - Started process (PID=366) to work on /opt/airflow/dags/dag.py
[2026-02-23T09:12:59.660+0000] {processor.py:829} INFO - Processing file /opt/airflow/dags/dag.py for tasks to queue
[2026-02-23T09:12:59.661+0000] {logging_mixin.py:151} INFO - [2026-02-23T09:12:59.660+0000] {dagbag.py:539} INFO - Filling up the DagBag from /opt/airflow/dags/dag.py
[2026-02-23T09:12:59.893+0000] {processor.py:839} INFO - DAG(s) dict_keys(['pagination_dag']) retrieved from /opt/airflow/dags/dag.py
[2026-02-23T09:12:59.918+0000] {logging_mixin.py:151} INFO - [2026-02-23T09:12:59.918+0000] {dag.py:2915} INFO - Sync 1 DAGs
[2026-02-23T09:12:59.930+0000] {logging_mixin.py:151} INFO - [2026-02-23T09:12:59.930+0000] {dag.py:3696} INFO - Setting next_dagrun for pagination_dag to None, run_after=None
[2026-02-23T09:12:59.949+0000] {processor.py:179} INFO - Processing /opt/airflow/dags/dag.py took 0.293 seconds
[2026-02-23T09:13:30.138+0000] {processor.py:157} INFO - Started process (PID=372) to work on /opt/airflow/dags/dag.py
[2026-02-23T09:13:30.139+0000] {processor.py:829} INFO - Processing file /opt/airflow/dags/dag.py for tasks to queue
[2026-02-23T09:13:30.140+0000] {logging_mixin.py:151} INFO - [2026-02-23T09:13:30.140+0000] {dagbag.py:539} INFO - Filling up the DagBag from /opt/airflow/dags/dag.py
[2026-02-23T09:13:30.374+0000] {processor.py:839} INFO - DAG(s) dict_keys(['pagination_dag']) retrieved from /opt/airflow/dags/dag.py
[2026-02-23T09:13:30.401+0000] {logging_mixin.py:151} INFO - [2026-02-23T09:13:30.401+0000] {dag.py:2915} INFO - Sync 1 DAGs
[2026-02-23T09:13:30.413+0000] {logging_mixin.py:151} INFO - [2026-02-23T09:13:30.413+0000] {dag.py:3696} INFO - Setting next_dagrun for pagination_dag to None, run_after=None
[2026-02-23T09:13:30.432+0000] {processor.py:179} INFO - Processing /opt/airflow/dags/dag.py took 0.297 seconds
[2026-02-23T09:14:00.617+0000] {processor.py:157} INFO - Started process (PID=378) to work on /opt/airflow/dags/dag.py
[2026-02-23T09:14:00.618+0000] {processor.py:829} INFO - Processing file /opt/airflow/dags/dag.py for tasks to queue
[2026-02-23T09:14:00.619+0000] {logging_mixin.py:151} INFO - [2026-02-23T09:14:00.619+0000] {dagbag.py:539} INFO - Filling up the DagBag from /opt/airflow/dags/dag.py
[2026-02-23T09:14:00.856+0000] {processor.py:839} INFO - DAG(s) dict_keys(['pagination_dag']) retrieved from /opt/airflow/dags/dag.py
[2026-02-23T09:14:00.884+0000] {logging_mixin.py:151} INFO - [2026-02-23T09:14:00.883+0000] {dag.py:2915} INFO - Sync 1 DAGs
[2026-02-23T09:14:00.896+0000] {logging_mixin.py:151} INFO - [2026-02-23T09:14:00.896+0000] {dag.py:3696} INFO - Setting next_dagrun for pagination_dag to None, run_after=None
[2026-02-23T09:14:00.917+0000] {processor.py:179} INFO - Processing /opt/airflow/dags/dag.py took 0.304 seconds
[2026-02-23T09:14:31.108+0000] {processor.py:157} INFO - Started process (PID=384) to work on /opt/airflow/dags/dag.py
[2026-02-23T09:14:31.109+0000] {processor.py:829} INFO - Processing file /opt/airflow/dags/dag.py for tasks to queue
[2026-02-23T09:14:31.110+0000] {logging_mixin.py:151} INFO - [2026-02-23T09:14:31.110+0000] {dagbag.py:539} INFO - Filling up the DagBag from /opt/airflow/dags/dag.py
[2026-02-23T09:14:31.345+0000] {processor.py:839} INFO - DAG(s) dict_keys(['pagination_dag']) retrieved from /opt/airflow/dags/dag.py
[2026-02-23T09:14:31.374+0000] {logging_mixin.py:151} INFO - [2026-02-23T09:14:31.374+0000] {dag.py:2915} INFO - Sync 1 DAGs
[2026-02-23T09:14:31.386+0000] {logging_mixin.py:151} INFO - [2026-02-23T09:14:31.386+0000] {dag.py:3696} INFO - Setting next_dagrun for pagination_dag to None, run_after=None
[2026-02-23T09:14:31.403+0000] {processor.py:179} INFO - Processing /opt/airflow/dags/dag.py took 0.298 seconds
[2026-02-23T09:15:01.590+0000] {processor.py:157} INFO - Started process (PID=390) to work on /opt/airflow/dags/dag.py
[2026-02-23T09:15:01.592+0000] {processor.py:829} INFO - Processing file /opt/airflow/dags/dag.py for tasks to queue
[2026-02-23T09:15:01.593+0000] {logging_mixin.py:151} INFO - [2026-02-23T09:15:01.592+0000] {dagbag.py:539} INFO - Filling up the DagBag from /opt/airflow/dags/dag.py
[2026-02-23T09:15:01.829+0000] {processor.py:839} INFO - DAG(s) dict_keys(['pagination_dag']) retrieved from /opt/airflow/dags/dag.py
[2026-02-23T09:15:01.854+0000] {logging_mixin.py:151} INFO - [2026-02-23T09:15:01.854+0000] {dag.py:2915} INFO - Sync 1 DAGs
[2026-02-23T09:15:01.865+0000] {logging_mixin.py:151} INFO - [2026-02-23T09:15:01.864+0000] {dag.py:3696} INFO - Setting next_dagrun for pagination_dag to None, run_after=None
[2026-02-23T09:15:01.882+0000] {processor.py:179} INFO - Processing /opt/airflow/dags/dag.py took 0.296 seconds
[2026-02-23T09:15:32.073+0000] {processor.py:157} INFO - Started process (PID=396) to work on /opt/airflow/dags/dag.py
[2026-02-23T09:15:32.074+0000] {processor.py:829} INFO - Processing file /opt/airflow/dags/dag.py for tasks to queue
[2026-02-23T09:15:32.075+0000] {logging_mixin.py:151} INFO - [2026-02-23T09:15:32.075+0000] {dagbag.py:539} INFO - Filling up the DagBag from /opt/airflow/dags/dag.py
[2026-02-23T09:15:32.312+0000] {processor.py:839} INFO - DAG(s) dict_keys(['pagination_dag']) retrieved from /opt/airflow/dags/dag.py
[2026-02-23T09:15:32.339+0000] {logging_mixin.py:151} INFO - [2026-02-23T09:15:32.338+0000] {dag.py:2915} INFO - Sync 1 DAGs
[2026-02-23T09:15:32.350+0000] {logging_mixin.py:151} INFO - [2026-02-23T09:15:32.350+0000] {dag.py:3696} INFO - Setting next_dagrun for pagination_dag to None, run_after=None
[2026-02-23T09:15:32.371+0000] {processor.py:179} INFO - Processing /opt/airflow/dags/dag.py took 0.302 seconds
[2026-02-23T09:16:02.565+0000] {processor.py:157} INFO - Started process (PID=402) to work on /opt/airflow/dags/dag.py
[2026-02-23T09:16:02.566+0000] {processor.py:829} INFO - Processing file /opt/airflow/dags/dag.py for tasks to queue
[2026-02-23T09:16:02.567+0000] {logging_mixin.py:151} INFO - [2026-02-23T09:16:02.567+0000] {dagbag.py:539} INFO - Filling up the DagBag from /opt/airflow/dags/dag.py
[2026-02-23T09:16:02.803+0000] {processor.py:839} INFO - DAG(s) dict_keys(['pagination_dag']) retrieved from /opt/airflow/dags/dag.py
[2026-02-23T09:16:02.827+0000] {logging_mixin.py:151} INFO - [2026-02-23T09:16:02.826+0000] {dag.py:2915} INFO - Sync 1 DAGs
[2026-02-23T09:16:02.838+0000] {logging_mixin.py:151} INFO - [2026-02-23T09:16:02.838+0000] {dag.py:3696} INFO - Setting next_dagrun for pagination_dag to None, run_after=None
[2026-02-23T09:16:02.856+0000] {processor.py:179} INFO - Processing /opt/airflow/dags/dag.py took 0.295 seconds
[2026-02-23T09:16:33.051+0000] {processor.py:157} INFO - Started process (PID=408) to work on /opt/airflow/dags/dag.py
[2026-02-23T09:16:33.052+0000] {processor.py:829} INFO - Processing file /opt/airflow/dags/dag.py for tasks to queue
[2026-02-23T09:16:33.053+0000] {logging_mixin.py:151} INFO - [2026-02-23T09:16:33.053+0000] {dagbag.py:539} INFO - Filling up the DagBag from /opt/airflow/dags/dag.py
[2026-02-23T09:16:33.290+0000] {processor.py:839} INFO - DAG(s) dict_keys(['pagination_dag']) retrieved from /opt/airflow/dags/dag.py
[2026-02-23T09:16:33.315+0000] {logging_mixin.py:151} INFO - [2026-02-23T09:16:33.314+0000] {dag.py:2915} INFO - Sync 1 DAGs
[2026-02-23T09:16:33.325+0000] {logging_mixin.py:151} INFO - [2026-02-23T09:16:33.325+0000] {dag.py:3696} INFO - Setting next_dagrun for pagination_dag to None, run_after=None
[2026-02-23T09:16:33.345+0000] {processor.py:179} INFO - Processing /opt/airflow/dags/dag.py took 0.299 seconds
[2026-02-23T09:17:03.532+0000] {processor.py:157} INFO - Started process (PID=414) to work on /opt/airflow/dags/dag.py
[2026-02-23T09:17:03.533+0000] {processor.py:829} INFO - Processing file /opt/airflow/dags/dag.py for tasks to queue
[2026-02-23T09:17:03.534+0000] {logging_mixin.py:151} INFO - [2026-02-23T09:17:03.534+0000] {dagbag.py:539} INFO - Filling up the DagBag from /opt/airflow/dags/dag.py
[2026-02-23T09:17:03.771+0000] {processor.py:839} INFO - DAG(s) dict_keys(['pagination_dag']) retrieved from /opt/airflow/dags/dag.py
[2026-02-23T09:17:03.796+0000] {logging_mixin.py:151} INFO - [2026-02-23T09:17:03.795+0000] {dag.py:2915} INFO - Sync 1 DAGs
[2026-02-23T09:17:03.806+0000] {logging_mixin.py:151} INFO - [2026-02-23T09:17:03.805+0000] {dag.py:3696} INFO - Setting next_dagrun for pagination_dag to None, run_after=None
[2026-02-23T09:17:03.824+0000] {processor.py:179} INFO - Processing /opt/airflow/dags/dag.py took 0.296 seconds
[2026-02-23T09:17:34.022+0000] {processor.py:157} INFO - Started process (PID=420) to work on /opt/airflow/dags/dag.py
[2026-02-23T09:17:34.023+0000] {processor.py:829} INFO - Processing file /opt/airflow/dags/dag.py for tasks to queue
[2026-02-23T09:17:34.024+0000] {logging_mixin.py:151} INFO - [2026-02-23T09:17:34.023+0000] {dagbag.py:539} INFO - Filling up the DagBag from /opt/airflow/dags/dag.py
[2026-02-23T09:17:34.302+0000] {processor.py:839} INFO - DAG(s) dict_keys(['pagination_dag']) retrieved from /opt/airflow/dags/dag.py
[2026-02-23T09:17:34.327+0000] {logging_mixin.py:151} INFO - [2026-02-23T09:17:34.326+0000] {dag.py:2915} INFO - Sync 1 DAGs
[2026-02-23T09:17:34.337+0000] {logging_mixin.py:151} INFO - [2026-02-23T09:17:34.337+0000] {dag.py:3696} INFO - Setting next_dagrun for pagination_dag to None, run_after=None
[2026-02-23T09:17:34.356+0000] {processor.py:179} INFO - Processing /opt/airflow/dags/dag.py took 0.337 seconds
[2026-02-23T09:18:04.547+0000] {processor.py:157} INFO - Started process (PID=426) to work on /opt/airflow/dags/dag.py
[2026-02-23T09:18:04.548+0000] {processor.py:829} INFO - Processing file /opt/airflow/dags/dag.py for tasks to queue
[2026-02-23T09:18:04.549+0000] {logging_mixin.py:151} INFO - [2026-02-23T09:18:04.549+0000] {dagbag.py:539} INFO - Filling up the DagBag from /opt/airflow/dags/dag.py
[2026-02-23T09:18:04.783+0000] {processor.py:839} INFO - DAG(s) dict_keys(['pagination_dag']) retrieved from /opt/airflow/dags/dag.py
[2026-02-23T09:18:04.808+0000] {logging_mixin.py:151} INFO - [2026-02-23T09:18:04.808+0000] {dag.py:2915} INFO - Sync 1 DAGs
[2026-02-23T09:18:04.819+0000] {logging_mixin.py:151} INFO - [2026-02-23T09:18:04.819+0000] {dag.py:3696} INFO - Setting next_dagrun for pagination_dag to None, run_after=None
[2026-02-23T09:18:04.839+0000] {processor.py:179} INFO - Processing /opt/airflow/dags/dag.py took 0.295 seconds
[2026-02-23T09:18:35.031+0000] {processor.py:157} INFO - Started process (PID=432) to work on /opt/airflow/dags/dag.py
[2026-02-23T09:18:35.032+0000] {processor.py:829} INFO - Processing file /opt/airflow/dags/dag.py for tasks to queue
[2026-02-23T09:18:35.033+0000] {logging_mixin.py:151} INFO - [2026-02-23T09:18:35.032+0000] {dagbag.py:539} INFO - Filling up the DagBag from /opt/airflow/dags/dag.py
[2026-02-23T09:18:35.280+0000] {processor.py:839} INFO - DAG(s) dict_keys(['pagination_dag']) retrieved from /opt/airflow/dags/dag.py
[2026-02-23T09:18:35.305+0000] {logging_mixin.py:151} INFO - [2026-02-23T09:18:35.305+0000] {dag.py:2915} INFO - Sync 1 DAGs
[2026-02-23T09:18:35.315+0000] {logging_mixin.py:151} INFO - [2026-02-23T09:18:35.315+0000] {dag.py:3696} INFO - Setting next_dagrun for pagination_dag to None, run_after=None
[2026-02-23T09:18:35.336+0000] {processor.py:179} INFO - Processing /opt/airflow/dags/dag.py took 0.308 seconds
[2026-02-23T09:19:05.530+0000] {processor.py:157} INFO - Started process (PID=438) to work on /opt/airflow/dags/dag.py
[2026-02-23T09:19:05.531+0000] {processor.py:829} INFO - Processing file /opt/airflow/dags/dag.py for tasks to queue
[2026-02-23T09:19:05.532+0000] {logging_mixin.py:151} INFO - [2026-02-23T09:19:05.531+0000] {dagbag.py:539} INFO - Filling up the DagBag from /opt/airflow/dags/dag.py
[2026-02-23T09:19:05.768+0000] {processor.py:839} INFO - DAG(s) dict_keys(['pagination_dag']) retrieved from /opt/airflow/dags/dag.py
[2026-02-23T09:19:05.790+0000] {logging_mixin.py:151} INFO - [2026-02-23T09:19:05.790+0000] {dag.py:2915} INFO - Sync 1 DAGs
[2026-02-23T09:19:05.801+0000] {logging_mixin.py:151} INFO - [2026-02-23T09:19:05.801+0000] {dag.py:3696} INFO - Setting next_dagrun for pagination_dag to None, run_after=None
[2026-02-23T09:19:05.821+0000] {processor.py:179} INFO - Processing /opt/airflow/dags/dag.py took 0.295 seconds
[2026-02-23T09:19:36.015+0000] {processor.py:157} INFO - Started process (PID=444) to work on /opt/airflow/dags/dag.py
[2026-02-23T09:19:36.016+0000] {processor.py:829} INFO - Processing file /opt/airflow/dags/dag.py for tasks to queue
[2026-02-23T09:19:36.017+0000] {logging_mixin.py:151} INFO - [2026-02-23T09:19:36.017+0000] {dagbag.py:539} INFO - Filling up the DagBag from /opt/airflow/dags/dag.py
[2026-02-23T09:19:36.277+0000] {processor.py:839} INFO - DAG(s) dict_keys(['pagination_dag']) retrieved from /opt/airflow/dags/dag.py
[2026-02-23T09:19:36.306+0000] {logging_mixin.py:151} INFO - [2026-02-23T09:19:36.305+0000] {dag.py:2915} INFO - Sync 1 DAGs
[2026-02-23T09:19:36.320+0000] {logging_mixin.py:151} INFO - [2026-02-23T09:19:36.320+0000] {dag.py:3696} INFO - Setting next_dagrun for pagination_dag to None, run_after=None
[2026-02-23T09:19:36.349+0000] {processor.py:179} INFO - Processing /opt/airflow/dags/dag.py took 0.337 seconds
[2026-02-23T09:20:06.536+0000] {processor.py:157} INFO - Started process (PID=450) to work on /opt/airflow/dags/dag.py
[2026-02-23T09:20:06.537+0000] {processor.py:829} INFO - Processing file /opt/airflow/dags/dag.py for tasks to queue
[2026-02-23T09:20:06.538+0000] {logging_mixin.py:151} INFO - [2026-02-23T09:20:06.538+0000] {dagbag.py:539} INFO - Filling up the DagBag from /opt/airflow/dags/dag.py
[2026-02-23T09:20:06.774+0000] {processor.py:839} INFO - DAG(s) dict_keys(['pagination_dag']) retrieved from /opt/airflow/dags/dag.py
[2026-02-23T09:20:06.799+0000] {logging_mixin.py:151} INFO - [2026-02-23T09:20:06.799+0000] {dag.py:2915} INFO - Sync 1 DAGs
[2026-02-23T09:20:06.809+0000] {logging_mixin.py:151} INFO - [2026-02-23T09:20:06.809+0000] {dag.py:3696} INFO - Setting next_dagrun for pagination_dag to None, run_after=None
[2026-02-23T09:20:06.829+0000] {processor.py:179} INFO - Processing /opt/airflow/dags/dag.py took 0.296 seconds
[2026-02-23T09:20:37.022+0000] {processor.py:157} INFO - Started process (PID=456) to work on /opt/airflow/dags/dag.py
[2026-02-23T09:20:37.023+0000] {processor.py:829} INFO - Processing file /opt/airflow/dags/dag.py for tasks to queue
[2026-02-23T09:20:37.024+0000] {logging_mixin.py:151} INFO - [2026-02-23T09:20:37.024+0000] {dagbag.py:539} INFO - Filling up the DagBag from /opt/airflow/dags/dag.py
[2026-02-23T09:20:37.262+0000] {processor.py:839} INFO - DAG(s) dict_keys(['pagination_dag']) retrieved from /opt/airflow/dags/dag.py
[2026-02-23T09:20:37.286+0000] {logging_mixin.py:151} INFO - [2026-02-23T09:20:37.286+0000] {dag.py:2915} INFO - Sync 1 DAGs
[2026-02-23T09:20:37.296+0000] {logging_mixin.py:151} INFO - [2026-02-23T09:20:37.296+0000] {dag.py:3696} INFO - Setting next_dagrun for pagination_dag to None, run_after=None
[2026-02-23T09:20:37.314+0000] {processor.py:179} INFO - Processing /opt/airflow/dags/dag.py took 0.295 seconds
[2026-02-23T09:21:07.501+0000] {processor.py:157} INFO - Started process (PID=462) to work on /opt/airflow/dags/dag.py
[2026-02-23T09:21:07.502+0000] {processor.py:829} INFO - Processing file /opt/airflow/dags/dag.py for tasks to queue
[2026-02-23T09:21:07.503+0000] {logging_mixin.py:151} INFO - [2026-02-23T09:21:07.503+0000] {dagbag.py:539} INFO - Filling up the DagBag from /opt/airflow/dags/dag.py
[2026-02-23T09:21:07.740+0000] {processor.py:839} INFO - DAG(s) dict_keys(['pagination_dag']) retrieved from /opt/airflow/dags/dag.py
[2026-02-23T09:21:07.764+0000] {logging_mixin.py:151} INFO - [2026-02-23T09:21:07.764+0000] {dag.py:2915} INFO - Sync 1 DAGs
[2026-02-23T09:21:07.775+0000] {logging_mixin.py:151} INFO - [2026-02-23T09:21:07.774+0000] {dag.py:3696} INFO - Setting next_dagrun for pagination_dag to None, run_after=None
[2026-02-23T09:21:07.793+0000] {processor.py:179} INFO - Processing /opt/airflow/dags/dag.py took 0.295 seconds
[2026-02-23T09:21:37.985+0000] {processor.py:157} INFO - Started process (PID=468) to work on /opt/airflow/dags/dag.py
[2026-02-23T09:21:37.986+0000] {processor.py:829} INFO - Processing file /opt/airflow/dags/dag.py for tasks to queue
[2026-02-23T09:21:37.987+0000] {logging_mixin.py:151} INFO - [2026-02-23T09:21:37.987+0000] {dagbag.py:539} INFO - Filling up the DagBag from /opt/airflow/dags/dag.py
[2026-02-23T09:21:38.214+0000] {processor.py:839} INFO - DAG(s) dict_keys(['pagination_dag']) retrieved from /opt/airflow/dags/dag.py
[2026-02-23T09:21:38.239+0000] {logging_mixin.py:151} INFO - [2026-02-23T09:21:38.238+0000] {dag.py:2915} INFO - Sync 1 DAGs
[2026-02-23T09:21:38.250+0000] {logging_mixin.py:151} INFO - [2026-02-23T09:21:38.250+0000] {dag.py:3696} INFO - Setting next_dagrun for pagination_dag to None, run_after=None
[2026-02-23T09:21:38.269+0000] {processor.py:179} INFO - Processing /opt/airflow/dags/dag.py took 0.288 seconds
[2026-02-23T09:22:08.479+0000] {processor.py:157} INFO - Started process (PID=474) to work on /opt/airflow/dags/dag.py
[2026-02-23T09:22:08.480+0000] {processor.py:829} INFO - Processing file /opt/airflow/dags/dag.py for tasks to queue
[2026-02-23T09:22:08.481+0000] {logging_mixin.py:151} INFO - [2026-02-23T09:22:08.481+0000] {dagbag.py:539} INFO - Filling up the DagBag from /opt/airflow/dags/dag.py
[2026-02-23T09:22:08.711+0000] {processor.py:839} INFO - DAG(s) dict_keys(['pagination_dag']) retrieved from /opt/airflow/dags/dag.py
[2026-02-23T09:22:08.736+0000] {logging_mixin.py:151} INFO - [2026-02-23T09:22:08.736+0000] {dag.py:2915} INFO - Sync 1 DAGs
[2026-02-23T09:22:08.748+0000] {logging_mixin.py:151} INFO - [2026-02-23T09:22:08.747+0000] {dag.py:3696} INFO - Setting next_dagrun for pagination_dag to None, run_after=None
[2026-02-23T09:22:08.769+0000] {processor.py:179} INFO - Processing /opt/airflow/dags/dag.py took 0.292 seconds
[2026-02-23T09:22:38.960+0000] {processor.py:157} INFO - Started process (PID=480) to work on /opt/airflow/dags/dag.py
[2026-02-23T09:22:38.962+0000] {processor.py:829} INFO - Processing file /opt/airflow/dags/dag.py for tasks to queue
[2026-02-23T09:22:38.963+0000] {logging_mixin.py:151} INFO - [2026-02-23T09:22:38.963+0000] {dagbag.py:539} INFO - Filling up the DagBag from /opt/airflow/dags/dag.py
[2026-02-23T09:22:39.202+0000] {processor.py:839} INFO - DAG(s) dict_keys(['pagination_dag']) retrieved from /opt/airflow/dags/dag.py
[2026-02-23T09:22:39.225+0000] {logging_mixin.py:151} INFO - [2026-02-23T09:22:39.225+0000] {dag.py:2915} INFO - Sync 1 DAGs
[2026-02-23T09:22:39.236+0000] {logging_mixin.py:151} INFO - [2026-02-23T09:22:39.235+0000] {dag.py:3696} INFO - Setting next_dagrun for pagination_dag to None, run_after=None
[2026-02-23T09:22:39.253+0000] {processor.py:179} INFO - Processing /opt/airflow/dags/dag.py took 0.297 seconds
[2026-02-23T09:23:09.439+0000] {processor.py:157} INFO - Started process (PID=486) to work on /opt/airflow/dags/dag.py
[2026-02-23T09:23:09.440+0000] {processor.py:829} INFO - Processing file /opt/airflow/dags/dag.py for tasks to queue
[2026-02-23T09:23:09.441+0000] {logging_mixin.py:151} INFO - [2026-02-23T09:23:09.441+0000] {dagbag.py:539} INFO - Filling up the DagBag from /opt/airflow/dags/dag.py
[2026-02-23T09:23:09.701+0000] {processor.py:839} INFO - DAG(s) dict_keys(['pagination_dag']) retrieved from /opt/airflow/dags/dag.py
[2026-02-23T09:23:09.727+0000] {logging_mixin.py:151} INFO - [2026-02-23T09:23:09.727+0000] {dag.py:2915} INFO - Sync 1 DAGs
[2026-02-23T09:23:09.738+0000] {logging_mixin.py:151} INFO - [2026-02-23T09:23:09.738+0000] {dag.py:3696} INFO - Setting next_dagrun for pagination_dag to None, run_after=None
[2026-02-23T09:23:09.769+0000] {processor.py:179} INFO - Processing /opt/airflow/dags/dag.py took 0.333 seconds
[2026-02-23T09:23:39.969+0000] {processor.py:157} INFO - Started process (PID=492) to work on /opt/airflow/dags/dag.py
[2026-02-23T09:23:39.970+0000] {processor.py:829} INFO - Processing file /opt/airflow/dags/dag.py for tasks to queue
[2026-02-23T09:23:39.971+0000] {logging_mixin.py:151} INFO - [2026-02-23T09:23:39.971+0000] {dagbag.py:539} INFO - Filling up the DagBag from /opt/airflow/dags/dag.py
[2026-02-23T09:23:40.210+0000] {processor.py:839} INFO - DAG(s) dict_keys(['pagination_dag']) retrieved from /opt/airflow/dags/dag.py
[2026-02-23T09:23:40.235+0000] {logging_mixin.py:151} INFO - [2026-02-23T09:23:40.235+0000] {dag.py:2915} INFO - Sync 1 DAGs
[2026-02-23T09:23:40.246+0000] {logging_mixin.py:151} INFO - [2026-02-23T09:23:40.246+0000] {dag.py:3696} INFO - Setting next_dagrun for pagination_dag to None, run_after=None
[2026-02-23T09:23:40.264+0000] {processor.py:179} INFO - Processing /opt/airflow/dags/dag.py took 0.300 seconds
[2026-02-23T09:24:10.454+0000] {processor.py:157} INFO - Started process (PID=498) to work on /opt/airflow/dags/dag.py
[2026-02-23T09:24:10.455+0000] {processor.py:829} INFO - Processing file /opt/airflow/dags/dag.py for tasks to queue
[2026-02-23T09:24:10.456+0000] {logging_mixin.py:151} INFO - [2026-02-23T09:24:10.455+0000] {dagbag.py:539} INFO - Filling up the DagBag from /opt/airflow/dags/dag.py
[2026-02-23T09:24:10.691+0000] {processor.py:839} INFO - DAG(s) dict_keys(['pagination_dag']) retrieved from /opt/airflow/dags/dag.py
[2026-02-23T09:24:10.715+0000] {logging_mixin.py:151} INFO - [2026-02-23T09:24:10.715+0000] {dag.py:2915} INFO - Sync 1 DAGs
[2026-02-23T09:24:10.726+0000] {logging_mixin.py:151} INFO - [2026-02-23T09:24:10.725+0000] {dag.py:3696} INFO - Setting next_dagrun for pagination_dag to None, run_after=None
[2026-02-23T09:24:10.746+0000] {processor.py:179} INFO - Processing /opt/airflow/dags/dag.py took 0.295 seconds
[2026-02-23T09:24:40.937+0000] {processor.py:157} INFO - Started process (PID=504) to work on /opt/airflow/dags/dag.py
[2026-02-23T09:24:40.938+0000] {processor.py:829} INFO - Processing file /opt/airflow/dags/dag.py for tasks to queue
[2026-02-23T09:24:40.939+0000] {logging_mixin.py:151} INFO - [2026-02-23T09:24:40.939+0000] {dagbag.py:539} INFO - Filling up the DagBag from /opt/airflow/dags/dag.py
[2026-02-23T09:24:41.186+0000] {processor.py:839} INFO - DAG(s) dict_keys(['pagination_dag']) retrieved from /opt/airflow/dags/dag.py
[2026-02-23T09:24:41.209+0000] {logging_mixin.py:151} INFO - [2026-02-23T09:24:41.208+0000] {dag.py:2915} INFO - Sync 1 DAGs
[2026-02-23T09:24:41.220+0000] {logging_mixin.py:151} INFO - [2026-02-23T09:24:41.220+0000] {dag.py:3696} INFO - Setting next_dagrun for pagination_dag to None, run_after=None
[2026-02-23T09:24:41.238+0000] {processor.py:179} INFO - Processing /opt/airflow/dags/dag.py took 0.304 seconds
[2026-02-23T09:25:11.426+0000] {processor.py:157} INFO - Started process (PID=510) to work on /opt/airflow/dags/dag.py
[2026-02-23T09:25:11.427+0000] {processor.py:829} INFO - Processing file /opt/airflow/dags/dag.py for tasks to queue
[2026-02-23T09:25:11.428+0000] {logging_mixin.py:151} INFO - [2026-02-23T09:25:11.428+0000] {dagbag.py:539} INFO - Filling up the DagBag from /opt/airflow/dags/dag.py
[2026-02-23T09:25:11.664+0000] {processor.py:839} INFO - DAG(s) dict_keys(['pagination_dag']) retrieved from /opt/airflow/dags/dag.py
[2026-02-23T09:25:11.689+0000] {logging_mixin.py:151} INFO - [2026-02-23T09:25:11.688+0000] {dag.py:2915} INFO - Sync 1 DAGs
[2026-02-23T09:25:11.699+0000] {logging_mixin.py:151} INFO - [2026-02-23T09:25:11.699+0000] {dag.py:3696} INFO - Setting next_dagrun for pagination_dag to None, run_after=None
[2026-02-23T09:25:11.721+0000] {processor.py:179} INFO - Processing /opt/airflow/dags/dag.py took 0.298 seconds
[2026-02-23T09:25:41.914+0000] {processor.py:157} INFO - Started process (PID=516) to work on /opt/airflow/dags/dag.py
[2026-02-23T09:25:41.915+0000] {processor.py:829} INFO - Processing file /opt/airflow/dags/dag.py for tasks to queue
[2026-02-23T09:25:41.916+0000] {logging_mixin.py:151} INFO - [2026-02-23T09:25:41.916+0000] {dagbag.py:539} INFO - Filling up the DagBag from /opt/airflow/dags/dag.py
[2026-02-23T09:25:42.154+0000] {processor.py:839} INFO - DAG(s) dict_keys(['pagination_dag']) retrieved from /opt/airflow/dags/dag.py
[2026-02-23T09:25:42.181+0000] {logging_mixin.py:151} INFO - [2026-02-23T09:25:42.180+0000] {dag.py:2915} INFO - Sync 1 DAGs
[2026-02-23T09:25:42.192+0000] {logging_mixin.py:151} INFO - [2026-02-23T09:25:42.192+0000] {dag.py:3696} INFO - Setting next_dagrun for pagination_dag to None, run_after=None
[2026-02-23T09:25:42.213+0000] {processor.py:179} INFO - Processing /opt/airflow/dags/dag.py took 0.302 seconds
[2026-02-23T09:26:12.416+0000] {processor.py:157} INFO - Started process (PID=522) to work on /opt/airflow/dags/dag.py
[2026-02-23T09:26:12.417+0000] {processor.py:829} INFO - Processing file /opt/airflow/dags/dag.py for tasks to queue
[2026-02-23T09:26:12.418+0000] {logging_mixin.py:151} INFO - [2026-02-23T09:26:12.418+0000] {dagbag.py:539} INFO - Filling up the DagBag from /opt/airflow/dags/dag.py
[2026-02-23T09:26:12.654+0000] {processor.py:839} INFO - DAG(s) dict_keys(['pagination_dag']) retrieved from /opt/airflow/dags/dag.py
[2026-02-23T09:26:12.681+0000] {logging_mixin.py:151} INFO - [2026-02-23T09:26:12.680+0000] {dag.py:2915} INFO - Sync 1 DAGs
[2026-02-23T09:26:12.692+0000] {logging_mixin.py:151} INFO - [2026-02-23T09:26:12.692+0000] {dag.py:3696} INFO - Setting next_dagrun for pagination_dag to None, run_after=None
[2026-02-23T09:26:12.711+0000] {processor.py:179} INFO - Processing /opt/airflow/dags/dag.py took 0.301 seconds
[2026-02-23T09:26:42.906+0000] {processor.py:157} INFO - Started process (PID=528) to work on /opt/airflow/dags/dag.py
[2026-02-23T09:26:42.907+0000] {processor.py:829} INFO - Processing file /opt/airflow/dags/dag.py for tasks to queue
[2026-02-23T09:26:42.908+0000] {logging_mixin.py:151} INFO - [2026-02-23T09:26:42.908+0000] {dagbag.py:539} INFO - Filling up the DagBag from /opt/airflow/dags/dag.py
[2026-02-23T09:26:43.145+0000] {processor.py:839} INFO - DAG(s) dict_keys(['pagination_dag']) retrieved from /opt/airflow/dags/dag.py
[2026-02-23T09:26:43.169+0000] {logging_mixin.py:151} INFO - [2026-02-23T09:26:43.169+0000] {dag.py:2915} INFO - Sync 1 DAGs
[2026-02-23T09:26:43.179+0000] {logging_mixin.py:151} INFO - [2026-02-23T09:26:43.179+0000] {dag.py:3696} INFO - Setting next_dagrun for pagination_dag to None, run_after=None
[2026-02-23T09:26:43.199+0000] {processor.py:179} INFO - Processing /opt/airflow/dags/dag.py took 0.296 seconds
[2026-02-23T09:27:13.393+0000] {processor.py:157} INFO - Started process (PID=534) to work on /opt/airflow/dags/dag.py
[2026-02-23T09:27:13.394+0000] {processor.py:829} INFO - Processing file /opt/airflow/dags/dag.py for tasks to queue
[2026-02-23T09:27:13.395+0000] {logging_mixin.py:151} INFO - [2026-02-23T09:27:13.394+0000] {dagbag.py:539} INFO - Filling up the DagBag from /opt/airflow/dags/dag.py
[2026-02-23T09:27:13.627+0000] {processor.py:839} INFO - DAG(s) dict_keys(['pagination_dag']) retrieved from /opt/airflow/dags/dag.py
[2026-02-23T09:27:13.651+0000] {logging_mixin.py:151} INFO - [2026-02-23T09:27:13.651+0000] {dag.py:2915} INFO - Sync 1 DAGs
[2026-02-23T09:27:13.661+0000] {logging_mixin.py:151} INFO - [2026-02-23T09:27:13.661+0000] {dag.py:3696} INFO - Setting next_dagrun for pagination_dag to None, run_after=None
[2026-02-23T09:27:13.680+0000] {processor.py:179} INFO - Processing /opt/airflow/dags/dag.py took 0.291 seconds
[2026-02-23T09:27:43.867+0000] {processor.py:157} INFO - Started process (PID=540) to work on /opt/airflow/dags/dag.py
[2026-02-23T09:27:43.868+0000] {processor.py:829} INFO - Processing file /opt/airflow/dags/dag.py for tasks to queue
[2026-02-23T09:27:43.869+0000] {logging_mixin.py:151} INFO - [2026-02-23T09:27:43.869+0000] {dagbag.py:539} INFO - Filling up the DagBag from /opt/airflow/dags/dag.py
[2026-02-23T09:27:44.112+0000] {processor.py:839} INFO - DAG(s) dict_keys(['pagination_dag']) retrieved from /opt/airflow/dags/dag.py
[2026-02-23T09:27:44.137+0000] {logging_mixin.py:151} INFO - [2026-02-23T09:27:44.137+0000] {dag.py:2915} INFO - Sync 1 DAGs
[2026-02-23T09:27:44.149+0000] {logging_mixin.py:151} INFO - [2026-02-23T09:27:44.149+0000] {dag.py:3696} INFO - Setting next_dagrun for pagination_dag to None, run_after=None
[2026-02-23T09:27:44.167+0000] {processor.py:179} INFO - Processing /opt/airflow/dags/dag.py took 0.303 seconds
[2026-02-23T09:28:14.358+0000] {processor.py:157} INFO - Started process (PID=546) to work on /opt/airflow/dags/dag.py
[2026-02-23T09:28:14.359+0000] {processor.py:829} INFO - Processing file /opt/airflow/dags/dag.py for tasks to queue
[2026-02-23T09:28:14.360+0000] {logging_mixin.py:151} INFO - [2026-02-23T09:28:14.359+0000] {dagbag.py:539} INFO - Filling up the DagBag from /opt/airflow/dags/dag.py
[2026-02-23T09:28:14.633+0000] {processor.py:839} INFO - DAG(s) dict_keys(['pagination_dag']) retrieved from /opt/airflow/dags/dag.py
[2026-02-23T09:28:14.658+0000] {logging_mixin.py:151} INFO - [2026-02-23T09:28:14.658+0000] {dag.py:2915} INFO - Sync 1 DAGs
[2026-02-23T09:28:14.669+0000] {logging_mixin.py:151} INFO - [2026-02-23T09:28:14.669+0000] {dag.py:3696} INFO - Setting next_dagrun for pagination_dag to None, run_after=None
[2026-02-23T09:28:14.687+0000] {processor.py:179} INFO - Processing /opt/airflow/dags/dag.py took 0.333 seconds
[2026-02-23T09:28:44.869+0000] {processor.py:157} INFO - Started process (PID=552) to work on /opt/airflow/dags/dag.py
[2026-02-23T09:28:44.870+0000] {processor.py:829} INFO - Processing file /opt/airflow/dags/dag.py for tasks to queue
[2026-02-23T09:28:44.871+0000] {logging_mixin.py:151} INFO - [2026-02-23T09:28:44.871+0000] {dagbag.py:539} INFO - Filling up the DagBag from /opt/airflow/dags/dag.py
[2026-02-23T09:28:45.112+0000] {processor.py:839} INFO - DAG(s) dict_keys(['pagination_dag']) retrieved from /opt/airflow/dags/dag.py
[2026-02-23T09:28:45.136+0000] {logging_mixin.py:151} INFO - [2026-02-23T09:28:45.136+0000] {dag.py:2915} INFO - Sync 1 DAGs
[2026-02-23T09:28:45.146+0000] {logging_mixin.py:151} INFO - [2026-02-23T09:28:45.146+0000] {dag.py:3696} INFO - Setting next_dagrun for pagination_dag to None, run_after=None
[2026-02-23T09:28:45.165+0000] {processor.py:179} INFO - Processing /opt/airflow/dags/dag.py took 0.299 seconds
[2026-02-23T09:29:15.349+0000] {processor.py:157} INFO - Started process (PID=558) to work on /opt/airflow/dags/dag.py
[2026-02-23T09:29:15.350+0000] {processor.py:829} INFO - Processing file /opt/airflow/dags/dag.py for tasks to queue
[2026-02-23T09:29:15.351+0000] {logging_mixin.py:151} INFO - [2026-02-23T09:29:15.350+0000] {dagbag.py:539} INFO - Filling up the DagBag from /opt/airflow/dags/dag.py
[2026-02-23T09:29:15.587+0000] {processor.py:839} INFO - DAG(s) dict_keys(['pagination_dag']) retrieved from /opt/airflow/dags/dag.py
[2026-02-23T09:29:15.612+0000] {logging_mixin.py:151} INFO - [2026-02-23T09:29:15.612+0000] {dag.py:2915} INFO - Sync 1 DAGs
[2026-02-23T09:29:15.625+0000] {logging_mixin.py:151} INFO - [2026-02-23T09:29:15.625+0000] {dag.py:3696} INFO - Setting next_dagrun for pagination_dag to None, run_after=None
[2026-02-23T09:29:15.642+0000] {processor.py:179} INFO - Processing /opt/airflow/dags/dag.py took 0.297 seconds
[2026-02-23T09:29:45.828+0000] {processor.py:157} INFO - Started process (PID=564) to work on /opt/airflow/dags/dag.py
[2026-02-23T09:29:45.829+0000] {processor.py:829} INFO - Processing file /opt/airflow/dags/dag.py for tasks to queue
[2026-02-23T09:29:45.830+0000] {logging_mixin.py:151} INFO - [2026-02-23T09:29:45.830+0000] {dagbag.py:539} INFO - Filling up the DagBag from /opt/airflow/dags/dag.py
[2026-02-23T09:29:46.073+0000] {processor.py:839} INFO - DAG(s) dict_keys(['pagination_dag']) retrieved from /opt/airflow/dags/dag.py
[2026-02-23T09:29:46.098+0000] {logging_mixin.py:151} INFO - [2026-02-23T09:29:46.098+0000] {dag.py:2915} INFO - Sync 1 DAGs
[2026-02-23T09:29:46.109+0000] {logging_mixin.py:151} INFO - [2026-02-23T09:29:46.109+0000] {dag.py:3696} INFO - Setting next_dagrun for pagination_dag to None, run_after=None
[2026-02-23T09:29:46.130+0000] {processor.py:179} INFO - Processing /opt/airflow/dags/dag.py took 0.304 seconds
[2026-02-23T09:30:16.322+0000] {processor.py:157} INFO - Started process (PID=570) to work on /opt/airflow/dags/dag.py
[2026-02-23T09:30:16.323+0000] {processor.py:829} INFO - Processing file /opt/airflow/dags/dag.py for tasks to queue
[2026-02-23T09:30:16.324+0000] {logging_mixin.py:151} INFO - [2026-02-23T09:30:16.323+0000] {dagbag.py:539} INFO - Filling up the DagBag from /opt/airflow/dags/dag.py
[2026-02-23T09:30:16.558+0000] {processor.py:839} INFO - DAG(s) dict_keys(['pagination_dag']) retrieved from /opt/airflow/dags/dag.py
[2026-02-23T09:30:16.583+0000] {logging_mixin.py:151} INFO - [2026-02-23T09:30:16.582+0000] {dag.py:2915} INFO - Sync 1 DAGs
[2026-02-23T09:30:16.595+0000] {logging_mixin.py:151} INFO - [2026-02-23T09:30:16.594+0000] {dag.py:3696} INFO - Setting next_dagrun for pagination_dag to None, run_after=None
[2026-02-23T09:30:16.613+0000] {processor.py:179} INFO - Processing /opt/airflow/dags/dag.py took 0.295 seconds
[2026-02-23T09:30:46.802+0000] {processor.py:157} INFO - Started process (PID=576) to work on /opt/airflow/dags/dag.py
[2026-02-23T09:30:46.803+0000] {processor.py:829} INFO - Processing file /opt/airflow/dags/dag.py for tasks to queue
[2026-02-23T09:30:46.804+0000] {logging_mixin.py:151} INFO - [2026-02-23T09:30:46.803+0000] {dagbag.py:539} INFO - Filling up the DagBag from /opt/airflow/dags/dag.py
[2026-02-23T09:30:47.049+0000] {processor.py:839} INFO - DAG(s) dict_keys(['pagination_dag']) retrieved from /opt/airflow/dags/dag.py
[2026-02-23T09:30:47.072+0000] {logging_mixin.py:151} INFO - [2026-02-23T09:30:47.072+0000] {dag.py:2915} INFO - Sync 1 DAGs
[2026-02-23T09:30:47.084+0000] {logging_mixin.py:151} INFO - [2026-02-23T09:30:47.084+0000] {dag.py:3696} INFO - Setting next_dagrun for pagination_dag to None, run_after=None
[2026-02-23T09:30:47.103+0000] {processor.py:179} INFO - Processing /opt/airflow/dags/dag.py took 0.304 seconds
[2026-02-23T09:31:17.292+0000] {processor.py:157} INFO - Started process (PID=582) to work on /opt/airflow/dags/dag.py
[2026-02-23T09:31:17.293+0000] {processor.py:829} INFO - Processing file /opt/airflow/dags/dag.py for tasks to queue
[2026-02-23T09:31:17.294+0000] {logging_mixin.py:151} INFO - [2026-02-23T09:31:17.294+0000] {dagbag.py:539} INFO - Filling up the DagBag from /opt/airflow/dags/dag.py
[2026-02-23T09:31:17.526+0000] {processor.py:839} INFO - DAG(s) dict_keys(['pagination_dag']) retrieved from /opt/airflow/dags/dag.py
[2026-02-23T09:31:17.552+0000] {logging_mixin.py:151} INFO - [2026-02-23T09:31:17.552+0000] {dag.py:2915} INFO - Sync 1 DAGs
[2026-02-23T09:31:17.563+0000] {logging_mixin.py:151} INFO - [2026-02-23T09:31:17.563+0000] {dag.py:3696} INFO - Setting next_dagrun for pagination_dag to None, run_after=None
[2026-02-23T09:31:17.581+0000] {processor.py:179} INFO - Processing /opt/airflow/dags/dag.py took 0.292 seconds
[2026-02-23T09:31:47.761+0000] {processor.py:157} INFO - Started process (PID=588) to work on /opt/airflow/dags/dag.py
[2026-02-23T09:31:47.762+0000] {processor.py:829} INFO - Processing file /opt/airflow/dags/dag.py for tasks to queue
[2026-02-23T09:31:47.763+0000] {logging_mixin.py:151} INFO - [2026-02-23T09:31:47.763+0000] {dagbag.py:539} INFO - Filling up the DagBag from /opt/airflow/dags/dag.py
[2026-02-23T09:31:48.015+0000] {processor.py:839} INFO - DAG(s) dict_keys(['pagination_dag']) retrieved from /opt/airflow/dags/dag.py
[2026-02-23T09:31:48.040+0000] {logging_mixin.py:151} INFO - [2026-02-23T09:31:48.039+0000] {dag.py:2915} INFO - Sync 1 DAGs
[2026-02-23T09:31:48.051+0000] {logging_mixin.py:151} INFO - [2026-02-23T09:31:48.050+0000] {dag.py:3696} INFO - Setting next_dagrun for pagination_dag to None, run_after=None
[2026-02-23T09:31:48.069+0000] {processor.py:179} INFO - Processing /opt/airflow/dags/dag.py took 0.311 seconds
[2026-02-23T09:32:18.258+0000] {processor.py:157} INFO - Started process (PID=594) to work on /opt/airflow/dags/dag.py
[2026-02-23T09:32:18.259+0000] {processor.py:829} INFO - Processing file /opt/airflow/dags/dag.py for tasks to queue
[2026-02-23T09:32:18.260+0000] {logging_mixin.py:151} INFO - [2026-02-23T09:32:18.260+0000] {dagbag.py:539} INFO - Filling up the DagBag from /opt/airflow/dags/dag.py
[2026-02-23T09:32:18.497+0000] {processor.py:839} INFO - DAG(s) dict_keys(['pagination_dag']) retrieved from /opt/airflow/dags/dag.py
[2026-02-23T09:32:18.522+0000] {logging_mixin.py:151} INFO - [2026-02-23T09:32:18.521+0000] {dag.py:2915} INFO - Sync 1 DAGs
[2026-02-23T09:32:18.532+0000] {logging_mixin.py:151} INFO - [2026-02-23T09:32:18.532+0000] {dag.py:3696} INFO - Setting next_dagrun for pagination_dag to None, run_after=None
[2026-02-23T09:32:18.549+0000] {processor.py:179} INFO - Processing /opt/airflow/dags/dag.py took 0.295 seconds
[2026-02-23T09:32:48.740+0000] {processor.py:157} INFO - Started process (PID=600) to work on /opt/airflow/dags/dag.py
[2026-02-23T09:32:48.741+0000] {processor.py:829} INFO - Processing file /opt/airflow/dags/dag.py for tasks to queue
[2026-02-23T09:32:48.742+0000] {logging_mixin.py:151} INFO - [2026-02-23T09:32:48.742+0000] {dagbag.py:539} INFO - Filling up the DagBag from /opt/airflow/dags/dag.py
[2026-02-23T09:32:48.978+0000] {processor.py:839} INFO - DAG(s) dict_keys(['pagination_dag']) retrieved from /opt/airflow/dags/dag.py
[2026-02-23T09:32:49.002+0000] {logging_mixin.py:151} INFO - [2026-02-23T09:32:49.001+0000] {dag.py:2915} INFO - Sync 1 DAGs
[2026-02-23T09:32:49.012+0000] {logging_mixin.py:151} INFO - [2026-02-23T09:32:49.012+0000] {dag.py:3696} INFO - Setting next_dagrun for pagination_dag to None, run_after=None
[2026-02-23T09:32:49.032+0000] {processor.py:179} INFO - Processing /opt/airflow/dags/dag.py took 0.295 seconds
[2026-02-23T09:33:19.220+0000] {processor.py:157} INFO - Started process (PID=606) to work on /opt/airflow/dags/dag.py
[2026-02-23T09:33:19.221+0000] {processor.py:829} INFO - Processing file /opt/airflow/dags/dag.py for tasks to queue
[2026-02-23T09:33:19.222+0000] {logging_mixin.py:151} INFO - [2026-02-23T09:33:19.221+0000] {dagbag.py:539} INFO - Filling up the DagBag from /opt/airflow/dags/dag.py
[2026-02-23T09:33:19.456+0000] {processor.py:839} INFO - DAG(s) dict_keys(['pagination_dag']) retrieved from /opt/airflow/dags/dag.py
[2026-02-23T09:33:19.480+0000] {logging_mixin.py:151} INFO - [2026-02-23T09:33:19.480+0000] {dag.py:2915} INFO - Sync 1 DAGs
[2026-02-23T09:33:19.491+0000] {logging_mixin.py:151} INFO - [2026-02-23T09:33:19.491+0000] {dag.py:3696} INFO - Setting next_dagrun for pagination_dag to None, run_after=None
[2026-02-23T09:33:19.510+0000] {processor.py:179} INFO - Processing /opt/airflow/dags/dag.py took 0.293 seconds
[2026-02-23T09:33:49.696+0000] {processor.py:157} INFO - Started process (PID=612) to work on /opt/airflow/dags/dag.py
[2026-02-23T09:33:49.697+0000] {processor.py:829} INFO - Processing file /opt/airflow/dags/dag.py for tasks to queue
[2026-02-23T09:33:49.698+0000] {logging_mixin.py:151} INFO - [2026-02-23T09:33:49.698+0000] {dagbag.py:539} INFO - Filling up the DagBag from /opt/airflow/dags/dag.py
[2026-02-23T09:33:49.930+0000] {processor.py:839} INFO - DAG(s) dict_keys(['pagination_dag']) retrieved from /opt/airflow/dags/dag.py
[2026-02-23T09:33:49.956+0000] {logging_mixin.py:151} INFO - [2026-02-23T09:33:49.955+0000] {dag.py:2915} INFO - Sync 1 DAGs
[2026-02-23T09:33:49.971+0000] {logging_mixin.py:151} INFO - [2026-02-23T09:33:49.970+0000] {dag.py:3696} INFO - Setting next_dagrun for pagination_dag to None, run_after=None
[2026-02-23T09:33:49.991+0000] {processor.py:179} INFO - Processing /opt/airflow/dags/dag.py took 0.297 seconds
[2026-02-23T09:34:20.178+0000] {processor.py:157} INFO - Started process (PID=618) to work on /opt/airflow/dags/dag.py
[2026-02-23T09:34:20.179+0000] {processor.py:829} INFO - Processing file /opt/airflow/dags/dag.py for tasks to queue
[2026-02-23T09:34:20.180+0000] {logging_mixin.py:151} INFO - [2026-02-23T09:34:20.179+0000] {dagbag.py:539} INFO - Filling up the DagBag from /opt/airflow/dags/dag.py
[2026-02-23T09:34:20.413+0000] {processor.py:839} INFO - DAG(s) dict_keys(['pagination_dag']) retrieved from /opt/airflow/dags/dag.py
[2026-02-23T09:34:20.440+0000] {logging_mixin.py:151} INFO - [2026-02-23T09:34:20.439+0000] {dag.py:2915} INFO - Sync 1 DAGs
[2026-02-23T09:34:20.451+0000] {logging_mixin.py:151} INFO - [2026-02-23T09:34:20.451+0000] {dag.py:3696} INFO - Setting next_dagrun for pagination_dag to None, run_after=None
[2026-02-23T09:34:20.471+0000] {processor.py:179} INFO - Processing /opt/airflow/dags/dag.py took 0.296 seconds
[2026-02-23T09:34:50.667+0000] {processor.py:157} INFO - Started process (PID=624) to work on /opt/airflow/dags/dag.py
[2026-02-23T09:34:50.668+0000] {processor.py:829} INFO - Processing file /opt/airflow/dags/dag.py for tasks to queue
[2026-02-23T09:34:50.669+0000] {logging_mixin.py:151} INFO - [2026-02-23T09:34:50.668+0000] {dagbag.py:539} INFO - Filling up the DagBag from /opt/airflow/dags/dag.py
[2026-02-23T09:34:50.904+0000] {processor.py:839} INFO - DAG(s) dict_keys(['pagination_dag']) retrieved from /opt/airflow/dags/dag.py
[2026-02-23T09:34:50.929+0000] {logging_mixin.py:151} INFO - [2026-02-23T09:34:50.929+0000] {dag.py:2915} INFO - Sync 1 DAGs
[2026-02-23T09:34:50.941+0000] {logging_mixin.py:151} INFO - [2026-02-23T09:34:50.941+0000] {dag.py:3696} INFO - Setting next_dagrun for pagination_dag to None, run_after=None
[2026-02-23T09:34:50.968+0000] {processor.py:179} INFO - Processing /opt/airflow/dags/dag.py took 0.305 seconds
[2026-02-23T09:35:21.161+0000] {processor.py:157} INFO - Started process (PID=630) to work on /opt/airflow/dags/dag.py
[2026-02-23T09:35:21.162+0000] {processor.py:829} INFO - Processing file /opt/airflow/dags/dag.py for tasks to queue
[2026-02-23T09:35:21.163+0000] {logging_mixin.py:151} INFO - [2026-02-23T09:35:21.163+0000] {dagbag.py:539} INFO - Filling up the DagBag from /opt/airflow/dags/dag.py
[2026-02-23T09:35:21.399+0000] {processor.py:839} INFO - DAG(s) dict_keys(['pagination_dag']) retrieved from /opt/airflow/dags/dag.py
[2026-02-23T09:35:21.424+0000] {logging_mixin.py:151} INFO - [2026-02-23T09:35:21.423+0000] {dag.py:2915} INFO - Sync 1 DAGs
[2026-02-23T09:35:21.434+0000] {logging_mixin.py:151} INFO - [2026-02-23T09:35:21.433+0000] {dag.py:3696} INFO - Setting next_dagrun for pagination_dag to None, run_after=None
[2026-02-23T09:35:21.450+0000] {processor.py:179} INFO - Processing /opt/airflow/dags/dag.py took 0.292 seconds
[2026-02-23T09:35:51.637+0000] {processor.py:157} INFO - Started process (PID=636) to work on /opt/airflow/dags/dag.py
[2026-02-23T09:35:51.638+0000] {processor.py:829} INFO - Processing file /opt/airflow/dags/dag.py for tasks to queue
[2026-02-23T09:35:51.639+0000] {logging_mixin.py:151} INFO - [2026-02-23T09:35:51.638+0000] {dagbag.py:539} INFO - Filling up the DagBag from /opt/airflow/dags/dag.py
[2026-02-23T09:35:51.872+0000] {processor.py:839} INFO - DAG(s) dict_keys(['pagination_dag']) retrieved from /opt/airflow/dags/dag.py
[2026-02-23T09:35:51.898+0000] {logging_mixin.py:151} INFO - [2026-02-23T09:35:51.897+0000] {dag.py:2915} INFO - Sync 1 DAGs
[2026-02-23T09:35:51.909+0000] {logging_mixin.py:151} INFO - [2026-02-23T09:35:51.908+0000] {dag.py:3696} INFO - Setting next_dagrun for pagination_dag to None, run_after=None
[2026-02-23T09:35:51.931+0000] {processor.py:179} INFO - Processing /opt/airflow/dags/dag.py took 0.297 seconds
[2026-02-23T09:36:22.126+0000] {processor.py:157} INFO - Started process (PID=642) to work on /opt/airflow/dags/dag.py
[2026-02-23T09:36:22.127+0000] {processor.py:829} INFO - Processing file /opt/airflow/dags/dag.py for tasks to queue
[2026-02-23T09:36:22.128+0000] {logging_mixin.py:151} INFO - [2026-02-23T09:36:22.128+0000] {dagbag.py:539} INFO - Filling up the DagBag from /opt/airflow/dags/dag.py
[2026-02-23T09:36:22.362+0000] {processor.py:839} INFO - DAG(s) dict_keys(['pagination_dag']) retrieved from /opt/airflow/dags/dag.py
[2026-02-23T09:36:22.386+0000] {logging_mixin.py:151} INFO - [2026-02-23T09:36:22.385+0000] {dag.py:2915} INFO - Sync 1 DAGs
[2026-02-23T09:36:22.399+0000] {logging_mixin.py:151} INFO - [2026-02-23T09:36:22.399+0000] {dag.py:3696} INFO - Setting next_dagrun for pagination_dag to None, run_after=None
[2026-02-23T09:36:22.417+0000] {processor.py:179} INFO - Processing /opt/airflow/dags/dag.py took 0.294 seconds
[2026-02-23T09:36:52.619+0000] {processor.py:157} INFO - Started process (PID=648) to work on /opt/airflow/dags/dag.py
[2026-02-23T09:36:52.620+0000] {processor.py:829} INFO - Processing file /opt/airflow/dags/dag.py for tasks to queue
[2026-02-23T09:36:52.621+0000] {logging_mixin.py:151} INFO - [2026-02-23T09:36:52.620+0000] {dagbag.py:539} INFO - Filling up the DagBag from /opt/airflow/dags/dag.py
[2026-02-23T09:36:52.854+0000] {processor.py:839} INFO - DAG(s) dict_keys(['pagination_dag']) retrieved from /opt/airflow/dags/dag.py
[2026-02-23T09:36:52.878+0000] {logging_mixin.py:151} INFO - [2026-02-23T09:36:52.878+0000] {dag.py:2915} INFO - Sync 1 DAGs
[2026-02-23T09:36:52.889+0000] {logging_mixin.py:151} INFO - [2026-02-23T09:36:52.889+0000] {dag.py:3696} INFO - Setting next_dagrun for pagination_dag to None, run_after=None
[2026-02-23T09:36:52.906+0000] {processor.py:179} INFO - Processing /opt/airflow/dags/dag.py took 0.290 seconds
[2026-02-23T09:37:23.096+0000] {processor.py:157} INFO - Started process (PID=654) to work on /opt/airflow/dags/dag.py
[2026-02-23T09:37:23.097+0000] {processor.py:829} INFO - Processing file /opt/airflow/dags/dag.py for tasks to queue
[2026-02-23T09:37:23.098+0000] {logging_mixin.py:151} INFO - [2026-02-23T09:37:23.098+0000] {dagbag.py:539} INFO - Filling up the DagBag from /opt/airflow/dags/dag.py
[2026-02-23T09:37:23.333+0000] {processor.py:839} INFO - DAG(s) dict_keys(['pagination_dag']) retrieved from /opt/airflow/dags/dag.py
[2026-02-23T09:37:23.358+0000] {logging_mixin.py:151} INFO - [2026-02-23T09:37:23.357+0000] {dag.py:2915} INFO - Sync 1 DAGs
[2026-02-23T09:37:23.368+0000] {logging_mixin.py:151} INFO - [2026-02-23T09:37:23.368+0000] {dag.py:3696} INFO - Setting next_dagrun for pagination_dag to None, run_after=None
[2026-02-23T09:37:23.387+0000] {processor.py:179} INFO - Processing /opt/airflow/dags/dag.py took 0.294 seconds
[2026-02-23T09:37:53.566+0000] {processor.py:157} INFO - Started process (PID=660) to work on /opt/airflow/dags/dag.py
[2026-02-23T09:37:53.567+0000] {processor.py:829} INFO - Processing file /opt/airflow/dags/dag.py for tasks to queue
[2026-02-23T09:37:53.568+0000] {logging_mixin.py:151} INFO - [2026-02-23T09:37:53.568+0000] {dagbag.py:539} INFO - Filling up the DagBag from /opt/airflow/dags/dag.py
[2026-02-23T09:37:53.800+0000] {processor.py:839} INFO - DAG(s) dict_keys(['pagination_dag']) retrieved from /opt/airflow/dags/dag.py
[2026-02-23T09:37:53.824+0000] {logging_mixin.py:151} INFO - [2026-02-23T09:37:53.824+0000] {dag.py:2915} INFO - Sync 1 DAGs
[2026-02-23T09:37:53.835+0000] {logging_mixin.py:151} INFO - [2026-02-23T09:37:53.835+0000] {dag.py:3696} INFO - Setting next_dagrun for pagination_dag to None, run_after=None
[2026-02-23T09:37:53.854+0000] {processor.py:179} INFO - Processing /opt/airflow/dags/dag.py took 0.292 seconds
[2026-02-23T09:38:24.035+0000] {processor.py:157} INFO - Started process (PID=666) to work on /opt/airflow/dags/dag.py
[2026-02-23T09:38:24.036+0000] {processor.py:829} INFO - Processing file /opt/airflow/dags/dag.py for tasks to queue
[2026-02-23T09:38:24.037+0000] {logging_mixin.py:151} INFO - [2026-02-23T09:38:24.036+0000] {dagbag.py:539} INFO - Filling up the DagBag from /opt/airflow/dags/dag.py
[2026-02-23T09:38:24.267+0000] {processor.py:839} INFO - DAG(s) dict_keys(['pagination_dag']) retrieved from /opt/airflow/dags/dag.py
[2026-02-23T09:38:24.292+0000] {logging_mixin.py:151} INFO - [2026-02-23T09:38:24.292+0000] {dag.py:2915} INFO - Sync 1 DAGs
[2026-02-23T09:38:24.302+0000] {logging_mixin.py:151} INFO - [2026-02-23T09:38:24.302+0000] {dag.py:3696} INFO - Setting next_dagrun for pagination_dag to None, run_after=None
[2026-02-23T09:38:24.321+0000] {processor.py:179} INFO - Processing /opt/airflow/dags/dag.py took 0.290 seconds
[2026-02-23T09:38:54.504+0000] {processor.py:157} INFO - Started process (PID=672) to work on /opt/airflow/dags/dag.py
[2026-02-23T09:38:54.505+0000] {processor.py:829} INFO - Processing file /opt/airflow/dags/dag.py for tasks to queue
[2026-02-23T09:38:54.506+0000] {logging_mixin.py:151} INFO - [2026-02-23T09:38:54.505+0000] {dagbag.py:539} INFO - Filling up the DagBag from /opt/airflow/dags/dag.py
[2026-02-23T09:38:54.742+0000] {processor.py:839} INFO - DAG(s) dict_keys(['pagination_dag']) retrieved from /opt/airflow/dags/dag.py
[2026-02-23T09:38:54.766+0000] {logging_mixin.py:151} INFO - [2026-02-23T09:38:54.765+0000] {dag.py:2915} INFO - Sync 1 DAGs
[2026-02-23T09:38:54.777+0000] {logging_mixin.py:151} INFO - [2026-02-23T09:38:54.777+0000] {dag.py:3696} INFO - Setting next_dagrun for pagination_dag to None, run_after=None
[2026-02-23T09:38:54.795+0000] {processor.py:179} INFO - Processing /opt/airflow/dags/dag.py took 0.295 seconds
[2026-02-23T09:39:24.990+0000] {processor.py:157} INFO - Started process (PID=678) to work on /opt/airflow/dags/dag.py
[2026-02-23T09:39:24.992+0000] {processor.py:829} INFO - Processing file /opt/airflow/dags/dag.py for tasks to queue
[2026-02-23T09:39:24.993+0000] {logging_mixin.py:151} INFO - [2026-02-23T09:39:24.993+0000] {dagbag.py:539} INFO - Filling up the DagBag from /opt/airflow/dags/dag.py
[2026-02-23T09:39:25.267+0000] {processor.py:839} INFO - DAG(s) dict_keys(['pagination_dag']) retrieved from /opt/airflow/dags/dag.py
[2026-02-23T09:39:25.291+0000] {logging_mixin.py:151} INFO - [2026-02-23T09:39:25.290+0000] {dag.py:2915} INFO - Sync 1 DAGs
[2026-02-23T09:39:25.302+0000] {logging_mixin.py:151} INFO - [2026-02-23T09:39:25.302+0000] {dag.py:3696} INFO - Setting next_dagrun for pagination_dag to None, run_after=None
[2026-02-23T09:39:25.319+0000] {processor.py:179} INFO - Processing /opt/airflow/dags/dag.py took 0.333 seconds
[2026-02-23T09:39:55.513+0000] {processor.py:157} INFO - Started process (PID=684) to work on /opt/airflow/dags/dag.py
[2026-02-23T09:39:55.514+0000] {processor.py:829} INFO - Processing file /opt/airflow/dags/dag.py for tasks to queue
[2026-02-23T09:39:55.515+0000] {logging_mixin.py:151} INFO - [2026-02-23T09:39:55.514+0000] {dagbag.py:539} INFO - Filling up the DagBag from /opt/airflow/dags/dag.py
[2026-02-23T09:39:55.749+0000] {processor.py:839} INFO - DAG(s) dict_keys(['pagination_dag']) retrieved from /opt/airflow/dags/dag.py
[2026-02-23T09:39:55.775+0000] {logging_mixin.py:151} INFO - [2026-02-23T09:39:55.775+0000] {dag.py:2915} INFO - Sync 1 DAGs
[2026-02-23T09:39:55.786+0000] {logging_mixin.py:151} INFO - [2026-02-23T09:39:55.786+0000] {dag.py:3696} INFO - Setting next_dagrun for pagination_dag to None, run_after=None
[2026-02-23T09:39:55.805+0000] {processor.py:179} INFO - Processing /opt/airflow/dags/dag.py took 0.296 seconds
[2026-02-23T09:40:25.999+0000] {processor.py:157} INFO - Started process (PID=690) to work on /opt/airflow/dags/dag.py
[2026-02-23T09:40:26.000+0000] {processor.py:829} INFO - Processing file /opt/airflow/dags/dag.py for tasks to queue
[2026-02-23T09:40:26.001+0000] {logging_mixin.py:151} INFO - [2026-02-23T09:40:26.001+0000] {dagbag.py:539} INFO - Filling up the DagBag from /opt/airflow/dags/dag.py
[2026-02-23T09:40:26.238+0000] {processor.py:839} INFO - DAG(s) dict_keys(['pagination_dag']) retrieved from /opt/airflow/dags/dag.py
[2026-02-23T09:40:26.263+0000] {logging_mixin.py:151} INFO - [2026-02-23T09:40:26.263+0000] {dag.py:2915} INFO - Sync 1 DAGs
[2026-02-23T09:40:26.273+0000] {logging_mixin.py:151} INFO - [2026-02-23T09:40:26.273+0000] {dag.py:3696} INFO - Setting next_dagrun for pagination_dag to None, run_after=None
[2026-02-23T09:40:26.291+0000] {processor.py:179} INFO - Processing /opt/airflow/dags/dag.py took 0.295 seconds
[2026-02-23T09:40:56.476+0000] {processor.py:157} INFO - Started process (PID=696) to work on /opt/airflow/dags/dag.py
[2026-02-23T09:40:56.477+0000] {processor.py:829} INFO - Processing file /opt/airflow/dags/dag.py for tasks to queue
[2026-02-23T09:40:56.478+0000] {logging_mixin.py:151} INFO - [2026-02-23T09:40:56.478+0000] {dagbag.py:539} INFO - Filling up the DagBag from /opt/airflow/dags/dag.py
[2026-02-23T09:40:56.712+0000] {processor.py:839} INFO - DAG(s) dict_keys(['pagination_dag']) retrieved from /opt/airflow/dags/dag.py
[2026-02-23T09:40:56.735+0000] {logging_mixin.py:151} INFO - [2026-02-23T09:40:56.735+0000] {dag.py:2915} INFO - Sync 1 DAGs
[2026-02-23T09:40:56.745+0000] {logging_mixin.py:151} INFO - [2026-02-23T09:40:56.745+0000] {dag.py:3696} INFO - Setting next_dagrun for pagination_dag to None, run_after=None
[2026-02-23T09:40:56.763+0000] {processor.py:179} INFO - Processing /opt/airflow/dags/dag.py took 0.290 seconds
[2026-02-23T09:41:26.963+0000] {processor.py:157} INFO - Started process (PID=702) to work on /opt/airflow/dags/dag.py
[2026-02-23T09:41:26.964+0000] {processor.py:829} INFO - Processing file /opt/airflow/dags/dag.py for tasks to queue
[2026-02-23T09:41:26.965+0000] {logging_mixin.py:151} INFO - [2026-02-23T09:41:26.965+0000] {dagbag.py:539} INFO - Filling up the DagBag from /opt/airflow/dags/dag.py
[2026-02-23T09:41:27.225+0000] {processor.py:839} INFO - DAG(s) dict_keys(['pagination_dag']) retrieved from /opt/airflow/dags/dag.py
[2026-02-23T09:41:27.258+0000] {logging_mixin.py:151} INFO - [2026-02-23T09:41:27.257+0000] {dag.py:2915} INFO - Sync 1 DAGs
[2026-02-23T09:41:27.272+0000] {logging_mixin.py:151} INFO - [2026-02-23T09:41:27.272+0000] {dag.py:3696} INFO - Setting next_dagrun for pagination_dag to None, run_after=None
[2026-02-23T09:41:27.295+0000] {processor.py:179} INFO - Processing /opt/airflow/dags/dag.py took 0.337 seconds
[2026-02-23T09:41:57.493+0000] {processor.py:157} INFO - Started process (PID=708) to work on /opt/airflow/dags/dag.py
[2026-02-23T09:41:57.494+0000] {processor.py:829} INFO - Processing file /opt/airflow/dags/dag.py for tasks to queue
[2026-02-23T09:41:57.495+0000] {logging_mixin.py:151} INFO - [2026-02-23T09:41:57.494+0000] {dagbag.py:539} INFO - Filling up the DagBag from /opt/airflow/dags/dag.py
[2026-02-23T09:41:57.739+0000] {processor.py:839} INFO - DAG(s) dict_keys(['pagination_dag']) retrieved from /opt/airflow/dags/dag.py
[2026-02-23T09:41:57.764+0000] {logging_mixin.py:151} INFO - [2026-02-23T09:41:57.763+0000] {dag.py:2915} INFO - Sync 1 DAGs
[2026-02-23T09:41:57.775+0000] {logging_mixin.py:151} INFO - [2026-02-23T09:41:57.775+0000] {dag.py:3696} INFO - Setting next_dagrun for pagination_dag to None, run_after=None
[2026-02-23T09:41:57.794+0000] {processor.py:179} INFO - Processing /opt/airflow/dags/dag.py took 0.304 seconds
[2026-02-23T09:42:27.992+0000] {processor.py:157} INFO - Started process (PID=714) to work on /opt/airflow/dags/dag.py
[2026-02-23T09:42:27.993+0000] {processor.py:829} INFO - Processing file /opt/airflow/dags/dag.py for tasks to queue
[2026-02-23T09:42:27.994+0000] {logging_mixin.py:151} INFO - [2026-02-23T09:42:27.994+0000] {dagbag.py:539} INFO - Filling up the DagBag from /opt/airflow/dags/dag.py
[2026-02-23T09:42:28.231+0000] {processor.py:839} INFO - DAG(s) dict_keys(['pagination_dag']) retrieved from /opt/airflow/dags/dag.py
[2026-02-23T09:42:28.256+0000] {logging_mixin.py:151} INFO - [2026-02-23T09:42:28.255+0000] {dag.py:2915} INFO - Sync 1 DAGs
[2026-02-23T09:42:28.268+0000] {logging_mixin.py:151} INFO - [2026-02-23T09:42:28.268+0000] {dag.py:3696} INFO - Setting next_dagrun for pagination_dag to None, run_after=None
[2026-02-23T09:42:28.287+0000] {processor.py:179} INFO - Processing /opt/airflow/dags/dag.py took 0.298 seconds
[2026-02-23T09:42:58.476+0000] {processor.py:157} INFO - Started process (PID=720) to work on /opt/airflow/dags/dag.py
[2026-02-23T09:42:58.477+0000] {processor.py:829} INFO - Processing file /opt/airflow/dags/dag.py for tasks to queue
[2026-02-23T09:42:58.478+0000] {logging_mixin.py:151} INFO - [2026-02-23T09:42:58.478+0000] {dagbag.py:539} INFO - Filling up the DagBag from /opt/airflow/dags/dag.py
[2026-02-23T09:42:58.715+0000] {processor.py:839} INFO - DAG(s) dict_keys(['pagination_dag']) retrieved from /opt/airflow/dags/dag.py
[2026-02-23T09:42:58.739+0000] {logging_mixin.py:151} INFO - [2026-02-23T09:42:58.738+0000] {dag.py:2915} INFO - Sync 1 DAGs
[2026-02-23T09:42:58.749+0000] {logging_mixin.py:151} INFO - [2026-02-23T09:42:58.749+0000] {dag.py:3696} INFO - Setting next_dagrun for pagination_dag to None, run_after=None
[2026-02-23T09:42:58.767+0000] {processor.py:179} INFO - Processing /opt/airflow/dags/dag.py took 0.294 seconds
[2026-02-23T09:43:28.963+0000] {processor.py:157} INFO - Started process (PID=726) to work on /opt/airflow/dags/dag.py
[2026-02-23T09:43:28.965+0000] {processor.py:829} INFO - Processing file /opt/airflow/dags/dag.py for tasks to queue
[2026-02-23T09:43:28.966+0000] {logging_mixin.py:151} INFO - [2026-02-23T09:43:28.966+0000] {dagbag.py:539} INFO - Filling up the DagBag from /opt/airflow/dags/dag.py
[2026-02-23T09:43:29.207+0000] {processor.py:839} INFO - DAG(s) dict_keys(['pagination_dag']) retrieved from /opt/airflow/dags/dag.py
[2026-02-23T09:43:29.231+0000] {logging_mixin.py:151} INFO - [2026-02-23T09:43:29.230+0000] {dag.py:2915} INFO - Sync 1 DAGs
[2026-02-23T09:43:29.241+0000] {logging_mixin.py:151} INFO - [2026-02-23T09:43:29.241+0000] {dag.py:3696} INFO - Setting next_dagrun for pagination_dag to None, run_after=None
[2026-02-23T09:43:29.261+0000] {processor.py:179} INFO - Processing /opt/airflow/dags/dag.py took 0.302 seconds
[2026-02-23T09:43:59.454+0000] {processor.py:157} INFO - Started process (PID=732) to work on /opt/airflow/dags/dag.py
[2026-02-23T09:43:59.455+0000] {processor.py:829} INFO - Processing file /opt/airflow/dags/dag.py for tasks to queue
[2026-02-23T09:43:59.456+0000] {logging_mixin.py:151} INFO - [2026-02-23T09:43:59.456+0000] {dagbag.py:539} INFO - Filling up the DagBag from /opt/airflow/dags/dag.py
[2026-02-23T09:43:59.687+0000] {processor.py:839} INFO - DAG(s) dict_keys(['pagination_dag']) retrieved from /opt/airflow/dags/dag.py
[2026-02-23T09:43:59.712+0000] {logging_mixin.py:151} INFO - [2026-02-23T09:43:59.712+0000] {dag.py:2915} INFO - Sync 1 DAGs
[2026-02-23T09:43:59.723+0000] {logging_mixin.py:151} INFO - [2026-02-23T09:43:59.723+0000] {dag.py:3696} INFO - Setting next_dagrun for pagination_dag to None, run_after=None
[2026-02-23T09:43:59.744+0000] {processor.py:179} INFO - Processing /opt/airflow/dags/dag.py took 0.292 seconds
[2026-02-23T09:44:29.932+0000] {processor.py:157} INFO - Started process (PID=738) to work on /opt/airflow/dags/dag.py
[2026-02-23T09:44:29.933+0000] {processor.py:829} INFO - Processing file /opt/airflow/dags/dag.py for tasks to queue
[2026-02-23T09:44:29.934+0000] {logging_mixin.py:151} INFO - [2026-02-23T09:44:29.934+0000] {dagbag.py:539} INFO - Filling up the DagBag from /opt/airflow/dags/dag.py
[2026-02-23T09:44:30.177+0000] {processor.py:839} INFO - DAG(s) dict_keys(['pagination_dag']) retrieved from /opt/airflow/dags/dag.py
[2026-02-23T09:44:30.200+0000] {logging_mixin.py:151} INFO - [2026-02-23T09:44:30.200+0000] {dag.py:2915} INFO - Sync 1 DAGs
[2026-02-23T09:44:30.210+0000] {logging_mixin.py:151} INFO - [2026-02-23T09:44:30.210+0000] {dag.py:3696} INFO - Setting next_dagrun for pagination_dag to None, run_after=None
[2026-02-23T09:44:30.229+0000] {processor.py:179} INFO - Processing /opt/airflow/dags/dag.py took 0.300 seconds
[2026-02-23T09:45:00.417+0000] {processor.py:157} INFO - Started process (PID=744) to work on /opt/airflow/dags/dag.py
[2026-02-23T09:45:00.418+0000] {processor.py:829} INFO - Processing file /opt/airflow/dags/dag.py for tasks to queue
[2026-02-23T09:45:00.418+0000] {logging_mixin.py:151} INFO - [2026-02-23T09:45:00.418+0000] {dagbag.py:539} INFO - Filling up the DagBag from /opt/airflow/dags/dag.py
[2026-02-23T09:45:00.653+0000] {processor.py:839} INFO - DAG(s) dict_keys(['pagination_dag']) retrieved from /opt/airflow/dags/dag.py
[2026-02-23T09:45:00.679+0000] {logging_mixin.py:151} INFO - [2026-02-23T09:45:00.679+0000] {dag.py:2915} INFO - Sync 1 DAGs
[2026-02-23T09:45:00.693+0000] {logging_mixin.py:151} INFO - [2026-02-23T09:45:00.692+0000] {dag.py:3696} INFO - Setting next_dagrun for pagination_dag to None, run_after=None
[2026-02-23T09:45:00.711+0000] {processor.py:179} INFO - Processing /opt/airflow/dags/dag.py took 0.297 seconds
[2026-02-23T09:45:30.901+0000] {processor.py:157} INFO - Started process (PID=750) to work on /opt/airflow/dags/dag.py
[2026-02-23T09:45:30.902+0000] {processor.py:829} INFO - Processing file /opt/airflow/dags/dag.py for tasks to queue
[2026-02-23T09:45:30.903+0000] {logging_mixin.py:151} INFO - [2026-02-23T09:45:30.903+0000] {dagbag.py:539} INFO - Filling up the DagBag from /opt/airflow/dags/dag.py
[2026-02-23T09:45:31.148+0000] {processor.py:839} INFO - DAG(s) dict_keys(['pagination_dag']) retrieved from /opt/airflow/dags/dag.py
[2026-02-23T09:45:31.173+0000] {logging_mixin.py:151} INFO - [2026-02-23T09:45:31.172+0000] {dag.py:2915} INFO - Sync 1 DAGs
[2026-02-23T09:45:31.183+0000] {logging_mixin.py:151} INFO - [2026-02-23T09:45:31.183+0000] {dag.py:3696} INFO - Setting next_dagrun for pagination_dag to None, run_after=None
[2026-02-23T09:45:31.202+0000] {processor.py:179} INFO - Processing /opt/airflow/dags/dag.py took 0.304 seconds
[2026-02-23T09:46:01.397+0000] {processor.py:157} INFO - Started process (PID=756) to work on /opt/airflow/dags/dag.py
[2026-02-23T09:46:01.398+0000] {processor.py:829} INFO - Processing file /opt/airflow/dags/dag.py for tasks to queue
[2026-02-23T09:46:01.399+0000] {logging_mixin.py:151} INFO - [2026-02-23T09:46:01.399+0000] {dagbag.py:539} INFO - Filling up the DagBag from /opt/airflow/dags/dag.py
[2026-02-23T09:46:01.632+0000] {processor.py:839} INFO - DAG(s) dict_keys(['pagination_dag']) retrieved from /opt/airflow/dags/dag.py
[2026-02-23T09:46:01.657+0000] {logging_mixin.py:151} INFO - [2026-02-23T09:46:01.656+0000] {dag.py:2915} INFO - Sync 1 DAGs
[2026-02-23T09:46:01.667+0000] {logging_mixin.py:151} INFO - [2026-02-23T09:46:01.667+0000] {dag.py:3696} INFO - Setting next_dagrun for pagination_dag to None, run_after=None
[2026-02-23T09:46:01.684+0000] {processor.py:179} INFO - Processing /opt/airflow/dags/dag.py took 0.290 seconds
[2026-02-23T09:46:31.875+0000] {processor.py:157} INFO - Started process (PID=762) to work on /opt/airflow/dags/dag.py
[2026-02-23T09:46:31.876+0000] {processor.py:829} INFO - Processing file /opt/airflow/dags/dag.py for tasks to queue
[2026-02-23T09:46:31.877+0000] {logging_mixin.py:151} INFO - [2026-02-23T09:46:31.876+0000] {dagbag.py:539} INFO - Filling up the DagBag from /opt/airflow/dags/dag.py
[2026-02-23T09:46:32.123+0000] {processor.py:839} INFO - DAG(s) dict_keys(['pagination_dag']) retrieved from /opt/airflow/dags/dag.py
[2026-02-23T09:46:32.147+0000] {logging_mixin.py:151} INFO - [2026-02-23T09:46:32.146+0000] {dag.py:2915} INFO - Sync 1 DAGs
[2026-02-23T09:46:32.157+0000] {logging_mixin.py:151} INFO - [2026-02-23T09:46:32.157+0000] {dag.py:3696} INFO - Setting next_dagrun for pagination_dag to None, run_after=None
[2026-02-23T09:46:32.176+0000] {processor.py:179} INFO - Processing /opt/airflow/dags/dag.py took 0.304 seconds
[2026-02-23T09:47:02.382+0000] {processor.py:157} INFO - Started process (PID=768) to work on /opt/airflow/dags/dag.py
[2026-02-23T09:47:02.383+0000] {processor.py:829} INFO - Processing file /opt/airflow/dags/dag.py for tasks to queue
[2026-02-23T09:47:02.384+0000] {logging_mixin.py:151} INFO - [2026-02-23T09:47:02.384+0000] {dagbag.py:539} INFO - Filling up the DagBag from /opt/airflow/dags/dag.py
[2026-02-23T09:47:02.622+0000] {processor.py:839} INFO - DAG(s) dict_keys(['pagination_dag']) retrieved from /opt/airflow/dags/dag.py
[2026-02-23T09:47:02.647+0000] {logging_mixin.py:151} INFO - [2026-02-23T09:47:02.647+0000] {dag.py:2915} INFO - Sync 1 DAGs
[2026-02-23T09:47:02.657+0000] {logging_mixin.py:151} INFO - [2026-02-23T09:47:02.657+0000] {dag.py:3696} INFO - Setting next_dagrun for pagination_dag to None, run_after=None
[2026-02-23T09:47:02.678+0000] {processor.py:179} INFO - Processing /opt/airflow/dags/dag.py took 0.298 seconds
[2026-02-23T09:47:32.875+0000] {processor.py:157} INFO - Started process (PID=774) to work on /opt/airflow/dags/dag.py
[2026-02-23T09:47:32.876+0000] {processor.py:829} INFO - Processing file /opt/airflow/dags/dag.py for tasks to queue
[2026-02-23T09:47:32.876+0000] {logging_mixin.py:151} INFO - [2026-02-23T09:47:32.876+0000] {dagbag.py:539} INFO - Filling up the DagBag from /opt/airflow/dags/dag.py
[2026-02-23T09:47:33.124+0000] {processor.py:839} INFO - DAG(s) dict_keys(['pagination_dag']) retrieved from /opt/airflow/dags/dag.py
[2026-02-23T09:47:33.150+0000] {logging_mixin.py:151} INFO - [2026-02-23T09:47:33.149+0000] {dag.py:2915} INFO - Sync 1 DAGs
[2026-02-23T09:47:33.161+0000] {logging_mixin.py:151} INFO - [2026-02-23T09:47:33.161+0000] {dag.py:3696} INFO - Setting next_dagrun for pagination_dag to None, run_after=None
[2026-02-23T09:47:33.179+0000] {processor.py:179} INFO - Processing /opt/airflow/dags/dag.py took 0.307 seconds
[2026-02-23T09:48:03.371+0000] {processor.py:157} INFO - Started process (PID=780) to work on /opt/airflow/dags/dag.py
[2026-02-23T09:48:03.372+0000] {processor.py:829} INFO - Processing file /opt/airflow/dags/dag.py for tasks to queue
[2026-02-23T09:48:03.372+0000] {logging_mixin.py:151} INFO - [2026-02-23T09:48:03.372+0000] {dagbag.py:539} INFO - Filling up the DagBag from /opt/airflow/dags/dag.py
[2026-02-23T09:48:03.608+0000] {processor.py:839} INFO - DAG(s) dict_keys(['pagination_dag']) retrieved from /opt/airflow/dags/dag.py
[2026-02-23T09:48:03.632+0000] {logging_mixin.py:151} INFO - [2026-02-23T09:48:03.632+0000] {dag.py:2915} INFO - Sync 1 DAGs
[2026-02-23T09:48:03.644+0000] {logging_mixin.py:151} INFO - [2026-02-23T09:48:03.644+0000] {dag.py:3696} INFO - Setting next_dagrun for pagination_dag to None, run_after=None
[2026-02-23T09:48:03.665+0000] {processor.py:179} INFO - Processing /opt/airflow/dags/dag.py took 0.297 seconds
[2026-02-23T09:48:33.857+0000] {processor.py:157} INFO - Started process (PID=786) to work on /opt/airflow/dags/dag.py
[2026-02-23T09:48:33.858+0000] {processor.py:829} INFO - Processing file /opt/airflow/dags/dag.py for tasks to queue
[2026-02-23T09:48:33.859+0000] {logging_mixin.py:151} INFO - [2026-02-23T09:48:33.859+0000] {dagbag.py:539} INFO - Filling up the DagBag from /opt/airflow/dags/dag.py
[2026-02-23T09:48:34.108+0000] {processor.py:839} INFO - DAG(s) dict_keys(['pagination_dag']) retrieved from /opt/airflow/dags/dag.py
[2026-02-23T09:48:34.133+0000] {logging_mixin.py:151} INFO - [2026-02-23T09:48:34.132+0000] {dag.py:2915} INFO - Sync 1 DAGs
[2026-02-23T09:48:34.143+0000] {logging_mixin.py:151} INFO - [2026-02-23T09:48:34.143+0000] {dag.py:3696} INFO - Setting next_dagrun for pagination_dag to None, run_after=None
[2026-02-23T09:48:34.162+0000] {processor.py:179} INFO - Processing /opt/airflow/dags/dag.py took 0.308 seconds
[2026-02-23T09:49:04.354+0000] {processor.py:157} INFO - Started process (PID=792) to work on /opt/airflow/dags/dag.py
[2026-02-23T09:49:04.355+0000] {processor.py:829} INFO - Processing file /opt/airflow/dags/dag.py for tasks to queue
[2026-02-23T09:49:04.356+0000] {logging_mixin.py:151} INFO - [2026-02-23T09:49:04.356+0000] {dagbag.py:539} INFO - Filling up the DagBag from /opt/airflow/dags/dag.py
[2026-02-23T09:49:04.596+0000] {processor.py:839} INFO - DAG(s) dict_keys(['pagination_dag']) retrieved from /opt/airflow/dags/dag.py
[2026-02-23T09:49:04.624+0000] {logging_mixin.py:151} INFO - [2026-02-23T09:49:04.623+0000] {dag.py:2915} INFO - Sync 1 DAGs
[2026-02-23T09:49:04.634+0000] {logging_mixin.py:151} INFO - [2026-02-23T09:49:04.634+0000] {dag.py:3696} INFO - Setting next_dagrun for pagination_dag to None, run_after=None
[2026-02-23T09:49:04.652+0000] {processor.py:179} INFO - Processing /opt/airflow/dags/dag.py took 0.301 seconds
[2026-02-23T09:49:34.843+0000] {processor.py:157} INFO - Started process (PID=798) to work on /opt/airflow/dags/dag.py
[2026-02-23T09:49:34.845+0000] {processor.py:829} INFO - Processing file /opt/airflow/dags/dag.py for tasks to queue
[2026-02-23T09:49:34.846+0000] {logging_mixin.py:151} INFO - [2026-02-23T09:49:34.845+0000] {dagbag.py:539} INFO - Filling up the DagBag from /opt/airflow/dags/dag.py
[2026-02-23T09:49:35.087+0000] {processor.py:839} INFO - DAG(s) dict_keys(['pagination_dag']) retrieved from /opt/airflow/dags/dag.py
[2026-02-23T09:49:35.111+0000] {logging_mixin.py:151} INFO - [2026-02-23T09:49:35.111+0000] {dag.py:2915} INFO - Sync 1 DAGs
[2026-02-23T09:49:35.121+0000] {logging_mixin.py:151} INFO - [2026-02-23T09:49:35.121+0000] {dag.py:3696} INFO - Setting next_dagrun for pagination_dag to None, run_after=None
[2026-02-23T09:49:35.140+0000] {processor.py:179} INFO - Processing /opt/airflow/dags/dag.py took 0.299 seconds
[2026-02-23T09:50:05.339+0000] {processor.py:157} INFO - Started process (PID=804) to work on /opt/airflow/dags/dag.py
[2026-02-23T09:50:05.340+0000] {processor.py:829} INFO - Processing file /opt/airflow/dags/dag.py for tasks to queue
[2026-02-23T09:50:05.341+0000] {logging_mixin.py:151} INFO - [2026-02-23T09:50:05.340+0000] {dagbag.py:539} INFO - Filling up the DagBag from /opt/airflow/dags/dag.py
[2026-02-23T09:50:05.636+0000] {processor.py:839} INFO - DAG(s) dict_keys(['pagination_dag']) retrieved from /opt/airflow/dags/dag.py
[2026-02-23T09:50:05.659+0000] {logging_mixin.py:151} INFO - [2026-02-23T09:50:05.659+0000] {dag.py:2915} INFO - Sync 1 DAGs
[2026-02-23T09:50:05.670+0000] {logging_mixin.py:151} INFO - [2026-02-23T09:50:05.670+0000] {dag.py:3696} INFO - Setting next_dagrun for pagination_dag to None, run_after=None
[2026-02-23T09:50:05.690+0000] {processor.py:179} INFO - Processing /opt/airflow/dags/dag.py took 0.354 seconds
[2026-02-23T09:50:35.885+0000] {processor.py:157} INFO - Started process (PID=810) to work on /opt/airflow/dags/dag.py
[2026-02-23T09:50:35.886+0000] {processor.py:829} INFO - Processing file /opt/airflow/dags/dag.py for tasks to queue
[2026-02-23T09:50:35.887+0000] {logging_mixin.py:151} INFO - [2026-02-23T09:50:35.887+0000] {dagbag.py:539} INFO - Filling up the DagBag from /opt/airflow/dags/dag.py
[2026-02-23T09:50:36.132+0000] {processor.py:839} INFO - DAG(s) dict_keys(['pagination_dag']) retrieved from /opt/airflow/dags/dag.py
[2026-02-23T09:50:36.157+0000] {logging_mixin.py:151} INFO - [2026-02-23T09:50:36.156+0000] {dag.py:2915} INFO - Sync 1 DAGs
[2026-02-23T09:50:36.168+0000] {logging_mixin.py:151} INFO - [2026-02-23T09:50:36.167+0000] {dag.py:3696} INFO - Setting next_dagrun for pagination_dag to None, run_after=None
[2026-02-23T09:50:36.186+0000] {processor.py:179} INFO - Processing /opt/airflow/dags/dag.py took 0.304 seconds
[2026-02-23T09:51:06.385+0000] {processor.py:157} INFO - Started process (PID=816) to work on /opt/airflow/dags/dag.py
[2026-02-23T09:51:06.386+0000] {processor.py:829} INFO - Processing file /opt/airflow/dags/dag.py for tasks to queue
[2026-02-23T09:51:06.387+0000] {logging_mixin.py:151} INFO - [2026-02-23T09:51:06.386+0000] {dagbag.py:539} INFO - Filling up the DagBag from /opt/airflow/dags/dag.py
[2026-02-23T09:51:06.620+0000] {processor.py:839} INFO - DAG(s) dict_keys(['pagination_dag']) retrieved from /opt/airflow/dags/dag.py
[2026-02-23T09:51:06.644+0000] {logging_mixin.py:151} INFO - [2026-02-23T09:51:06.643+0000] {dag.py:2915} INFO - Sync 1 DAGs
[2026-02-23T09:51:06.655+0000] {logging_mixin.py:151} INFO - [2026-02-23T09:51:06.655+0000] {dag.py:3696} INFO - Setting next_dagrun for pagination_dag to None, run_after=None
[2026-02-23T09:51:06.674+0000] {processor.py:179} INFO - Processing /opt/airflow/dags/dag.py took 0.292 seconds
[2026-02-23T09:51:36.868+0000] {processor.py:157} INFO - Started process (PID=822) to work on /opt/airflow/dags/dag.py
[2026-02-23T09:51:36.869+0000] {processor.py:829} INFO - Processing file /opt/airflow/dags/dag.py for tasks to queue
[2026-02-23T09:51:36.870+0000] {logging_mixin.py:151} INFO - [2026-02-23T09:51:36.869+0000] {dagbag.py:539} INFO - Filling up the DagBag from /opt/airflow/dags/dag.py
[2026-02-23T09:51:37.108+0000] {processor.py:839} INFO - DAG(s) dict_keys(['pagination_dag']) retrieved from /opt/airflow/dags/dag.py
[2026-02-23T09:51:37.133+0000] {logging_mixin.py:151} INFO - [2026-02-23T09:51:37.133+0000] {dag.py:2915} INFO - Sync 1 DAGs
[2026-02-23T09:51:37.143+0000] {logging_mixin.py:151} INFO - [2026-02-23T09:51:37.143+0000] {dag.py:3696} INFO - Setting next_dagrun for pagination_dag to None, run_after=None
[2026-02-23T09:51:37.161+0000] {processor.py:179} INFO - Processing /opt/airflow/dags/dag.py took 0.296 seconds
[2026-02-23T09:52:07.353+0000] {processor.py:157} INFO - Started process (PID=828) to work on /opt/airflow/dags/dag.py
[2026-02-23T09:52:07.354+0000] {processor.py:829} INFO - Processing file /opt/airflow/dags/dag.py for tasks to queue
[2026-02-23T09:52:07.355+0000] {logging_mixin.py:151} INFO - [2026-02-23T09:52:07.354+0000] {dagbag.py:539} INFO - Filling up the DagBag from /opt/airflow/dags/dag.py
[2026-02-23T09:52:07.588+0000] {processor.py:839} INFO - DAG(s) dict_keys(['pagination_dag']) retrieved from /opt/airflow/dags/dag.py
[2026-02-23T09:52:07.614+0000] {logging_mixin.py:151} INFO - [2026-02-23T09:52:07.614+0000] {dag.py:2915} INFO - Sync 1 DAGs
[2026-02-23T09:52:07.625+0000] {logging_mixin.py:151} INFO - [2026-02-23T09:52:07.625+0000] {dag.py:3696} INFO - Setting next_dagrun for pagination_dag to None, run_after=None
[2026-02-23T09:52:07.645+0000] {processor.py:179} INFO - Processing /opt/airflow/dags/dag.py took 0.295 seconds
[2026-02-23T09:52:37.837+0000] {processor.py:157} INFO - Started process (PID=834) to work on /opt/airflow/dags/dag.py
[2026-02-23T09:52:37.838+0000] {processor.py:829} INFO - Processing file /opt/airflow/dags/dag.py for tasks to queue
[2026-02-23T09:52:37.839+0000] {logging_mixin.py:151} INFO - [2026-02-23T09:52:37.839+0000] {dagbag.py:539} INFO - Filling up the DagBag from /opt/airflow/dags/dag.py
[2026-02-23T09:52:38.075+0000] {processor.py:839} INFO - DAG(s) dict_keys(['pagination_dag']) retrieved from /opt/airflow/dags/dag.py
[2026-02-23T09:52:38.098+0000] {logging_mixin.py:151} INFO - [2026-02-23T09:52:38.098+0000] {dag.py:2915} INFO - Sync 1 DAGs
[2026-02-23T09:52:38.108+0000] {logging_mixin.py:151} INFO - [2026-02-23T09:52:38.108+0000] {dag.py:3696} INFO - Setting next_dagrun for pagination_dag to None, run_after=None
[2026-02-23T09:52:38.126+0000] {processor.py:179} INFO - Processing /opt/airflow/dags/dag.py took 0.292 seconds
[2026-02-23T09:53:08.326+0000] {processor.py:157} INFO - Started process (PID=840) to work on /opt/airflow/dags/dag.py
[2026-02-23T09:53:08.327+0000] {processor.py:829} INFO - Processing file /opt/airflow/dags/dag.py for tasks to queue
[2026-02-23T09:53:08.328+0000] {logging_mixin.py:151} INFO - [2026-02-23T09:53:08.328+0000] {dagbag.py:539} INFO - Filling up the DagBag from /opt/airflow/dags/dag.py
[2026-02-23T09:53:08.554+0000] {processor.py:839} INFO - DAG(s) dict_keys(['pagination_dag']) retrieved from /opt/airflow/dags/dag.py
[2026-02-23T09:53:08.577+0000] {logging_mixin.py:151} INFO - [2026-02-23T09:53:08.576+0000] {dag.py:2915} INFO - Sync 1 DAGs
[2026-02-23T09:53:08.587+0000] {logging_mixin.py:151} INFO - [2026-02-23T09:53:08.587+0000] {dag.py:3696} INFO - Setting next_dagrun for pagination_dag to None, run_after=None
[2026-02-23T09:53:08.606+0000] {processor.py:179} INFO - Processing /opt/airflow/dags/dag.py took 0.283 seconds
[2026-02-23T09:53:38.797+0000] {processor.py:157} INFO - Started process (PID=846) to work on /opt/airflow/dags/dag.py
[2026-02-23T09:53:38.798+0000] {processor.py:829} INFO - Processing file /opt/airflow/dags/dag.py for tasks to queue
[2026-02-23T09:53:38.799+0000] {logging_mixin.py:151} INFO - [2026-02-23T09:53:38.798+0000] {dagbag.py:539} INFO - Filling up the DagBag from /opt/airflow/dags/dag.py
[2026-02-23T09:53:39.042+0000] {processor.py:839} INFO - DAG(s) dict_keys(['pagination_dag']) retrieved from /opt/airflow/dags/dag.py
[2026-02-23T09:53:39.067+0000] {logging_mixin.py:151} INFO - [2026-02-23T09:53:39.067+0000] {dag.py:2915} INFO - Sync 1 DAGs
[2026-02-23T09:53:39.079+0000] {logging_mixin.py:151} INFO - [2026-02-23T09:53:39.078+0000] {dag.py:3696} INFO - Setting next_dagrun for pagination_dag to None, run_after=None
[2026-02-23T09:53:39.097+0000] {processor.py:179} INFO - Processing /opt/airflow/dags/dag.py took 0.303 seconds
[2026-02-23T09:54:09.294+0000] {processor.py:157} INFO - Started process (PID=852) to work on /opt/airflow/dags/dag.py
[2026-02-23T09:54:09.295+0000] {processor.py:829} INFO - Processing file /opt/airflow/dags/dag.py for tasks to queue
[2026-02-23T09:54:09.296+0000] {logging_mixin.py:151} INFO - [2026-02-23T09:54:09.296+0000] {dagbag.py:539} INFO - Filling up the DagBag from /opt/airflow/dags/dag.py
[2026-02-23T09:54:09.525+0000] {processor.py:839} INFO - DAG(s) dict_keys(['pagination_dag']) retrieved from /opt/airflow/dags/dag.py
[2026-02-23T09:54:09.549+0000] {logging_mixin.py:151} INFO - [2026-02-23T09:54:09.549+0000] {dag.py:2915} INFO - Sync 1 DAGs
[2026-02-23T09:54:09.560+0000] {logging_mixin.py:151} INFO - [2026-02-23T09:54:09.560+0000] {dag.py:3696} INFO - Setting next_dagrun for pagination_dag to None, run_after=None
[2026-02-23T09:54:09.579+0000] {processor.py:179} INFO - Processing /opt/airflow/dags/dag.py took 0.289 seconds
[2026-02-23T09:54:39.769+0000] {processor.py:157} INFO - Started process (PID=858) to work on /opt/airflow/dags/dag.py
[2026-02-23T09:54:39.770+0000] {processor.py:829} INFO - Processing file /opt/airflow/dags/dag.py for tasks to queue
[2026-02-23T09:54:39.771+0000] {logging_mixin.py:151} INFO - [2026-02-23T09:54:39.770+0000] {dagbag.py:539} INFO - Filling up the DagBag from /opt/airflow/dags/dag.py
[2026-02-23T09:54:40.034+0000] {processor.py:839} INFO - DAG(s) dict_keys(['pagination_dag']) retrieved from /opt/airflow/dags/dag.py
[2026-02-23T09:54:40.066+0000] {logging_mixin.py:151} INFO - [2026-02-23T09:54:40.065+0000] {dag.py:2915} INFO - Sync 1 DAGs
[2026-02-23T09:54:40.079+0000] {logging_mixin.py:151} INFO - [2026-02-23T09:54:40.079+0000] {dag.py:3696} INFO - Setting next_dagrun for pagination_dag to None, run_after=None
[2026-02-23T09:54:40.098+0000] {processor.py:179} INFO - Processing /opt/airflow/dags/dag.py took 0.333 seconds
[2026-02-23T09:55:10.299+0000] {processor.py:157} INFO - Started process (PID=864) to work on /opt/airflow/dags/dag.py
[2026-02-23T09:55:10.300+0000] {processor.py:829} INFO - Processing file /opt/airflow/dags/dag.py for tasks to queue
[2026-02-23T09:55:10.300+0000] {logging_mixin.py:151} INFO - [2026-02-23T09:55:10.300+0000] {dagbag.py:539} INFO - Filling up the DagBag from /opt/airflow/dags/dag.py
[2026-02-23T09:55:10.535+0000] {processor.py:839} INFO - DAG(s) dict_keys(['pagination_dag']) retrieved from /opt/airflow/dags/dag.py
[2026-02-23T09:55:10.559+0000] {logging_mixin.py:151} INFO - [2026-02-23T09:55:10.558+0000] {dag.py:2915} INFO - Sync 1 DAGs
[2026-02-23T09:55:10.570+0000] {logging_mixin.py:151} INFO - [2026-02-23T09:55:10.569+0000] {dag.py:3696} INFO - Setting next_dagrun for pagination_dag to None, run_after=None
[2026-02-23T09:55:10.589+0000] {processor.py:179} INFO - Processing /opt/airflow/dags/dag.py took 0.294 seconds
[2026-02-23T09:55:40.779+0000] {processor.py:157} INFO - Started process (PID=870) to work on /opt/airflow/dags/dag.py
[2026-02-23T09:55:40.780+0000] {processor.py:829} INFO - Processing file /opt/airflow/dags/dag.py for tasks to queue
[2026-02-23T09:55:40.781+0000] {logging_mixin.py:151} INFO - [2026-02-23T09:55:40.781+0000] {dagbag.py:539} INFO - Filling up the DagBag from /opt/airflow/dags/dag.py
[2026-02-23T09:55:41.023+0000] {processor.py:839} INFO - DAG(s) dict_keys(['pagination_dag']) retrieved from /opt/airflow/dags/dag.py
[2026-02-23T09:55:41.048+0000] {logging_mixin.py:151} INFO - [2026-02-23T09:55:41.047+0000] {dag.py:2915} INFO - Sync 1 DAGs
[2026-02-23T09:55:41.058+0000] {logging_mixin.py:151} INFO - [2026-02-23T09:55:41.058+0000] {dag.py:3696} INFO - Setting next_dagrun for pagination_dag to None, run_after=None
[2026-02-23T09:55:41.074+0000] {processor.py:179} INFO - Processing /opt/airflow/dags/dag.py took 0.298 seconds
[2026-02-23T09:56:11.267+0000] {processor.py:157} INFO - Started process (PID=876) to work on /opt/airflow/dags/dag.py
[2026-02-23T09:56:11.268+0000] {processor.py:829} INFO - Processing file /opt/airflow/dags/dag.py for tasks to queue
[2026-02-23T09:56:11.269+0000] {logging_mixin.py:151} INFO - [2026-02-23T09:56:11.269+0000] {dagbag.py:539} INFO - Filling up the DagBag from /opt/airflow/dags/dag.py
[2026-02-23T09:56:11.542+0000] {processor.py:839} INFO - DAG(s) dict_keys(['pagination_dag']) retrieved from /opt/airflow/dags/dag.py
[2026-02-23T09:56:11.569+0000] {logging_mixin.py:151} INFO - [2026-02-23T09:56:11.568+0000] {dag.py:2915} INFO - Sync 1 DAGs
[2026-02-23T09:56:11.582+0000] {logging_mixin.py:151} INFO - [2026-02-23T09:56:11.581+0000] {dag.py:3696} INFO - Setting next_dagrun for pagination_dag to None, run_after=None
[2026-02-23T09:56:11.606+0000] {processor.py:179} INFO - Processing /opt/airflow/dags/dag.py took 0.342 seconds
[2026-02-23T09:56:41.803+0000] {processor.py:157} INFO - Started process (PID=882) to work on /opt/airflow/dags/dag.py
[2026-02-23T09:56:41.804+0000] {processor.py:829} INFO - Processing file /opt/airflow/dags/dag.py for tasks to queue
[2026-02-23T09:56:41.805+0000] {logging_mixin.py:151} INFO - [2026-02-23T09:56:41.805+0000] {dagbag.py:539} INFO - Filling up the DagBag from /opt/airflow/dags/dag.py
[2026-02-23T09:56:42.044+0000] {processor.py:839} INFO - DAG(s) dict_keys(['pagination_dag']) retrieved from /opt/airflow/dags/dag.py
[2026-02-23T09:56:42.072+0000] {logging_mixin.py:151} INFO - [2026-02-23T09:56:42.071+0000] {dag.py:2915} INFO - Sync 1 DAGs
[2026-02-23T09:56:42.084+0000] {logging_mixin.py:151} INFO - [2026-02-23T09:56:42.084+0000] {dag.py:3696} INFO - Setting next_dagrun for pagination_dag to None, run_after=None
[2026-02-23T09:56:42.103+0000] {processor.py:179} INFO - Processing /opt/airflow/dags/dag.py took 0.303 seconds
[2026-02-23T09:57:12.318+0000] {processor.py:157} INFO - Started process (PID=888) to work on /opt/airflow/dags/dag.py
[2026-02-23T09:57:12.319+0000] {processor.py:829} INFO - Processing file /opt/airflow/dags/dag.py for tasks to queue
[2026-02-23T09:57:12.320+0000] {logging_mixin.py:151} INFO - [2026-02-23T09:57:12.320+0000] {dagbag.py:539} INFO - Filling up the DagBag from /opt/airflow/dags/dag.py
[2026-02-23T09:57:12.551+0000] {processor.py:839} INFO - DAG(s) dict_keys(['pagination_dag']) retrieved from /opt/airflow/dags/dag.py
[2026-02-23T09:57:12.577+0000] {logging_mixin.py:151} INFO - [2026-02-23T09:57:12.577+0000] {dag.py:2915} INFO - Sync 1 DAGs
[2026-02-23T09:57:12.588+0000] {logging_mixin.py:151} INFO - [2026-02-23T09:57:12.588+0000] {dag.py:3696} INFO - Setting next_dagrun for pagination_dag to None, run_after=None
[2026-02-23T09:57:12.605+0000] {processor.py:179} INFO - Processing /opt/airflow/dags/dag.py took 0.290 seconds
[2026-02-23T09:57:42.799+0000] {processor.py:157} INFO - Started process (PID=894) to work on /opt/airflow/dags/dag.py
[2026-02-23T09:57:42.800+0000] {processor.py:829} INFO - Processing file /opt/airflow/dags/dag.py for tasks to queue
[2026-02-23T09:57:42.801+0000] {logging_mixin.py:151} INFO - [2026-02-23T09:57:42.801+0000] {dagbag.py:539} INFO - Filling up the DagBag from /opt/airflow/dags/dag.py
[2026-02-23T09:57:43.047+0000] {processor.py:839} INFO - DAG(s) dict_keys(['pagination_dag']) retrieved from /opt/airflow/dags/dag.py
[2026-02-23T09:57:43.071+0000] {logging_mixin.py:151} INFO - [2026-02-23T09:57:43.071+0000] {dag.py:2915} INFO - Sync 1 DAGs
[2026-02-23T09:57:43.082+0000] {logging_mixin.py:151} INFO - [2026-02-23T09:57:43.082+0000] {dag.py:3696} INFO - Setting next_dagrun for pagination_dag to None, run_after=None
[2026-02-23T09:57:43.100+0000] {processor.py:179} INFO - Processing /opt/airflow/dags/dag.py took 0.304 seconds
[2026-02-23T09:58:13.297+0000] {processor.py:157} INFO - Started process (PID=900) to work on /opt/airflow/dags/dag.py
[2026-02-23T09:58:13.298+0000] {processor.py:829} INFO - Processing file /opt/airflow/dags/dag.py for tasks to queue
[2026-02-23T09:58:13.299+0000] {logging_mixin.py:151} INFO - [2026-02-23T09:58:13.299+0000] {dagbag.py:539} INFO - Filling up the DagBag from /opt/airflow/dags/dag.py
[2026-02-23T09:58:13.539+0000] {processor.py:839} INFO - DAG(s) dict_keys(['pagination_dag']) retrieved from /opt/airflow/dags/dag.py
[2026-02-23T09:58:13.564+0000] {logging_mixin.py:151} INFO - [2026-02-23T09:58:13.563+0000] {dag.py:2915} INFO - Sync 1 DAGs
[2026-02-23T09:58:13.574+0000] {logging_mixin.py:151} INFO - [2026-02-23T09:58:13.574+0000] {dag.py:3696} INFO - Setting next_dagrun for pagination_dag to None, run_after=None
[2026-02-23T09:58:13.592+0000] {processor.py:179} INFO - Processing /opt/airflow/dags/dag.py took 0.298 seconds
[2026-02-23T09:58:43.782+0000] {processor.py:157} INFO - Started process (PID=906) to work on /opt/airflow/dags/dag.py
[2026-02-23T09:58:43.783+0000] {processor.py:829} INFO - Processing file /opt/airflow/dags/dag.py for tasks to queue
[2026-02-23T09:58:43.783+0000] {logging_mixin.py:151} INFO - [2026-02-23T09:58:43.783+0000] {dagbag.py:539} INFO - Filling up the DagBag from /opt/airflow/dags/dag.py
[2026-02-23T09:58:44.020+0000] {processor.py:839} INFO - DAG(s) dict_keys(['pagination_dag']) retrieved from /opt/airflow/dags/dag.py
[2026-02-23T09:58:44.045+0000] {logging_mixin.py:151} INFO - [2026-02-23T09:58:44.045+0000] {dag.py:2915} INFO - Sync 1 DAGs
[2026-02-23T09:58:44.056+0000] {logging_mixin.py:151} INFO - [2026-02-23T09:58:44.056+0000] {dag.py:3696} INFO - Setting next_dagrun for pagination_dag to None, run_after=None
[2026-02-23T09:58:44.076+0000] {processor.py:179} INFO - Processing /opt/airflow/dags/dag.py took 0.298 seconds
[2026-02-23T09:59:14.274+0000] {processor.py:157} INFO - Started process (PID=912) to work on /opt/airflow/dags/dag.py
[2026-02-23T09:59:14.275+0000] {processor.py:829} INFO - Processing file /opt/airflow/dags/dag.py for tasks to queue
[2026-02-23T09:59:14.276+0000] {logging_mixin.py:151} INFO - [2026-02-23T09:59:14.276+0000] {dagbag.py:539} INFO - Filling up the DagBag from /opt/airflow/dags/dag.py
[2026-02-23T09:59:14.512+0000] {processor.py:839} INFO - DAG(s) dict_keys(['pagination_dag']) retrieved from /opt/airflow/dags/dag.py
[2026-02-23T09:59:14.536+0000] {logging_mixin.py:151} INFO - [2026-02-23T09:59:14.536+0000] {dag.py:2915} INFO - Sync 1 DAGs
[2026-02-23T09:59:14.548+0000] {logging_mixin.py:151} INFO - [2026-02-23T09:59:14.548+0000] {dag.py:3696} INFO - Setting next_dagrun for pagination_dag to None, run_after=None
[2026-02-23T09:59:14.567+0000] {processor.py:179} INFO - Processing /opt/airflow/dags/dag.py took 0.296 seconds
[2026-02-23T09:59:44.742+0000] {processor.py:157} INFO - Started process (PID=918) to work on /opt/airflow/dags/dag.py
[2026-02-23T09:59:44.743+0000] {processor.py:829} INFO - Processing file /opt/airflow/dags/dag.py for tasks to queue
[2026-02-23T09:59:44.744+0000] {logging_mixin.py:151} INFO - [2026-02-23T09:59:44.744+0000] {dagbag.py:539} INFO - Filling up the DagBag from /opt/airflow/dags/dag.py
[2026-02-23T09:59:45.020+0000] {processor.py:839} INFO - DAG(s) dict_keys(['pagination_dag']) retrieved from /opt/airflow/dags/dag.py
[2026-02-23T09:59:45.047+0000] {logging_mixin.py:151} INFO - [2026-02-23T09:59:45.047+0000] {dag.py:2915} INFO - Sync 1 DAGs
[2026-02-23T09:59:45.059+0000] {logging_mixin.py:151} INFO - [2026-02-23T09:59:45.059+0000] {dag.py:3696} INFO - Setting next_dagrun for pagination_dag to None, run_after=None
[2026-02-23T09:59:45.083+0000] {processor.py:179} INFO - Processing /opt/airflow/dags/dag.py took 0.343 seconds
[2026-02-23T10:00:15.276+0000] {processor.py:157} INFO - Started process (PID=924) to work on /opt/airflow/dags/dag.py
[2026-02-23T10:00:15.277+0000] {processor.py:829} INFO - Processing file /opt/airflow/dags/dag.py for tasks to queue
[2026-02-23T10:00:15.278+0000] {logging_mixin.py:151} INFO - [2026-02-23T10:00:15.278+0000] {dagbag.py:539} INFO - Filling up the DagBag from /opt/airflow/dags/dag.py
[2026-02-23T10:00:15.513+0000] {processor.py:839} INFO - DAG(s) dict_keys(['pagination_dag']) retrieved from /opt/airflow/dags/dag.py
[2026-02-23T10:00:15.538+0000] {logging_mixin.py:151} INFO - [2026-02-23T10:00:15.538+0000] {dag.py:2915} INFO - Sync 1 DAGs
[2026-02-23T10:00:15.549+0000] {logging_mixin.py:151} INFO - [2026-02-23T10:00:15.549+0000] {dag.py:3696} INFO - Setting next_dagrun for pagination_dag to None, run_after=None
[2026-02-23T10:00:15.569+0000] {processor.py:179} INFO - Processing /opt/airflow/dags/dag.py took 0.295 seconds
[2026-02-23T10:00:45.764+0000] {processor.py:157} INFO - Started process (PID=930) to work on /opt/airflow/dags/dag.py
[2026-02-23T10:00:45.765+0000] {processor.py:829} INFO - Processing file /opt/airflow/dags/dag.py for tasks to queue
[2026-02-23T10:00:45.766+0000] {logging_mixin.py:151} INFO - [2026-02-23T10:00:45.766+0000] {dagbag.py:539} INFO - Filling up the DagBag from /opt/airflow/dags/dag.py
[2026-02-23T10:00:46.066+0000] {processor.py:839} INFO - DAG(s) dict_keys(['pagination_dag']) retrieved from /opt/airflow/dags/dag.py
[2026-02-23T10:00:46.090+0000] {logging_mixin.py:151} INFO - [2026-02-23T10:00:46.090+0000] {dag.py:2915} INFO - Sync 1 DAGs
[2026-02-23T10:00:46.100+0000] {logging_mixin.py:151} INFO - [2026-02-23T10:00:46.100+0000] {dag.py:3696} INFO - Setting next_dagrun for pagination_dag to None, run_after=None
[2026-02-23T10:00:46.119+0000] {processor.py:179} INFO - Processing /opt/airflow/dags/dag.py took 0.358 seconds
[2026-02-23T10:01:16.316+0000] {processor.py:157} INFO - Started process (PID=936) to work on /opt/airflow/dags/dag.py
[2026-02-23T10:01:16.317+0000] {processor.py:829} INFO - Processing file /opt/airflow/dags/dag.py for tasks to queue
[2026-02-23T10:01:16.317+0000] {logging_mixin.py:151} INFO - [2026-02-23T10:01:16.317+0000] {dagbag.py:539} INFO - Filling up the DagBag from /opt/airflow/dags/dag.py
[2026-02-23T10:01:16.553+0000] {processor.py:839} INFO - DAG(s) dict_keys(['pagination_dag']) retrieved from /opt/airflow/dags/dag.py
[2026-02-23T10:01:16.576+0000] {logging_mixin.py:151} INFO - [2026-02-23T10:01:16.576+0000] {dag.py:2915} INFO - Sync 1 DAGs
[2026-02-23T10:01:16.587+0000] {logging_mixin.py:151} INFO - [2026-02-23T10:01:16.586+0000] {dag.py:3696} INFO - Setting next_dagrun for pagination_dag to None, run_after=None
[2026-02-23T10:01:16.609+0000] {processor.py:179} INFO - Processing /opt/airflow/dags/dag.py took 0.296 seconds
[2026-02-23T10:01:46.803+0000] {processor.py:157} INFO - Started process (PID=942) to work on /opt/airflow/dags/dag.py
[2026-02-23T10:01:46.804+0000] {processor.py:829} INFO - Processing file /opt/airflow/dags/dag.py for tasks to queue
[2026-02-23T10:01:46.805+0000] {logging_mixin.py:151} INFO - [2026-02-23T10:01:46.805+0000] {dagbag.py:539} INFO - Filling up the DagBag from /opt/airflow/dags/dag.py
[2026-02-23T10:01:47.046+0000] {processor.py:839} INFO - DAG(s) dict_keys(['pagination_dag']) retrieved from /opt/airflow/dags/dag.py
[2026-02-23T10:01:47.070+0000] {logging_mixin.py:151} INFO - [2026-02-23T10:01:47.070+0000] {dag.py:2915} INFO - Sync 1 DAGs
[2026-02-23T10:01:47.080+0000] {logging_mixin.py:151} INFO - [2026-02-23T10:01:47.080+0000] {dag.py:3696} INFO - Setting next_dagrun for pagination_dag to None, run_after=None
[2026-02-23T10:01:47.101+0000] {processor.py:179} INFO - Processing /opt/airflow/dags/dag.py took 0.301 seconds
[2026-02-23T10:02:17.294+0000] {processor.py:157} INFO - Started process (PID=948) to work on /opt/airflow/dags/dag.py
[2026-02-23T10:02:17.295+0000] {processor.py:829} INFO - Processing file /opt/airflow/dags/dag.py for tasks to queue
[2026-02-23T10:02:17.296+0000] {logging_mixin.py:151} INFO - [2026-02-23T10:02:17.296+0000] {dagbag.py:539} INFO - Filling up the DagBag from /opt/airflow/dags/dag.py
[2026-02-23T10:02:17.530+0000] {processor.py:839} INFO - DAG(s) dict_keys(['pagination_dag']) retrieved from /opt/airflow/dags/dag.py
[2026-02-23T10:02:17.553+0000] {logging_mixin.py:151} INFO - [2026-02-23T10:02:17.553+0000] {dag.py:2915} INFO - Sync 1 DAGs
[2026-02-23T10:02:17.565+0000] {logging_mixin.py:151} INFO - [2026-02-23T10:02:17.565+0000] {dag.py:3696} INFO - Setting next_dagrun for pagination_dag to None, run_after=None
[2026-02-23T10:02:17.583+0000] {processor.py:179} INFO - Processing /opt/airflow/dags/dag.py took 0.292 seconds
[2026-02-23T10:02:47.772+0000] {processor.py:157} INFO - Started process (PID=954) to work on /opt/airflow/dags/dag.py
[2026-02-23T10:02:47.773+0000] {processor.py:829} INFO - Processing file /opt/airflow/dags/dag.py for tasks to queue
[2026-02-23T10:02:47.774+0000] {logging_mixin.py:151} INFO - [2026-02-23T10:02:47.774+0000] {dagbag.py:539} INFO - Filling up the DagBag from /opt/airflow/dags/dag.py
[2026-02-23T10:02:48.020+0000] {processor.py:839} INFO - DAG(s) dict_keys(['pagination_dag']) retrieved from /opt/airflow/dags/dag.py
[2026-02-23T10:02:48.044+0000] {logging_mixin.py:151} INFO - [2026-02-23T10:02:48.043+0000] {dag.py:2915} INFO - Sync 1 DAGs
[2026-02-23T10:02:48.055+0000] {logging_mixin.py:151} INFO - [2026-02-23T10:02:48.055+0000] {dag.py:3696} INFO - Setting next_dagrun for pagination_dag to None, run_after=None
[2026-02-23T10:02:48.073+0000] {processor.py:179} INFO - Processing /opt/airflow/dags/dag.py took 0.304 seconds
[2026-02-23T10:03:18.261+0000] {processor.py:157} INFO - Started process (PID=960) to work on /opt/airflow/dags/dag.py
[2026-02-23T10:03:18.262+0000] {processor.py:829} INFO - Processing file /opt/airflow/dags/dag.py for tasks to queue
[2026-02-23T10:03:18.263+0000] {logging_mixin.py:151} INFO - [2026-02-23T10:03:18.262+0000] {dagbag.py:539} INFO - Filling up the DagBag from /opt/airflow/dags/dag.py
[2026-02-23T10:03:18.496+0000] {processor.py:839} INFO - DAG(s) dict_keys(['pagination_dag']) retrieved from /opt/airflow/dags/dag.py
[2026-02-23T10:03:18.521+0000] {logging_mixin.py:151} INFO - [2026-02-23T10:03:18.520+0000] {dag.py:2915} INFO - Sync 1 DAGs
[2026-02-23T10:03:18.531+0000] {logging_mixin.py:151} INFO - [2026-02-23T10:03:18.531+0000] {dag.py:3696} INFO - Setting next_dagrun for pagination_dag to None, run_after=None
[2026-02-23T10:03:18.550+0000] {processor.py:179} INFO - Processing /opt/airflow/dags/dag.py took 0.292 seconds
[2026-02-23T10:03:48.741+0000] {processor.py:157} INFO - Started process (PID=966) to work on /opt/airflow/dags/dag.py
[2026-02-23T10:03:48.742+0000] {processor.py:829} INFO - Processing file /opt/airflow/dags/dag.py for tasks to queue
[2026-02-23T10:03:48.743+0000] {logging_mixin.py:151} INFO - [2026-02-23T10:03:48.742+0000] {dagbag.py:539} INFO - Filling up the DagBag from /opt/airflow/dags/dag.py
[2026-02-23T10:03:48.984+0000] {processor.py:839} INFO - DAG(s) dict_keys(['pagination_dag']) retrieved from /opt/airflow/dags/dag.py
[2026-02-23T10:03:49.009+0000] {logging_mixin.py:151} INFO - [2026-02-23T10:03:49.008+0000] {dag.py:2915} INFO - Sync 1 DAGs
[2026-02-23T10:03:49.019+0000] {logging_mixin.py:151} INFO - [2026-02-23T10:03:49.019+0000] {dag.py:3696} INFO - Setting next_dagrun for pagination_dag to None, run_after=None
[2026-02-23T10:03:49.040+0000] {processor.py:179} INFO - Processing /opt/airflow/dags/dag.py took 0.302 seconds
[2026-02-23T10:04:19.228+0000] {processor.py:157} INFO - Started process (PID=972) to work on /opt/airflow/dags/dag.py
[2026-02-23T10:04:19.229+0000] {processor.py:829} INFO - Processing file /opt/airflow/dags/dag.py for tasks to queue
[2026-02-23T10:04:19.230+0000] {logging_mixin.py:151} INFO - [2026-02-23T10:04:19.230+0000] {dagbag.py:539} INFO - Filling up the DagBag from /opt/airflow/dags/dag.py
[2026-02-23T10:04:19.462+0000] {processor.py:839} INFO - DAG(s) dict_keys(['pagination_dag']) retrieved from /opt/airflow/dags/dag.py
[2026-02-23T10:04:19.485+0000] {logging_mixin.py:151} INFO - [2026-02-23T10:04:19.485+0000] {dag.py:2915} INFO - Sync 1 DAGs
[2026-02-23T10:04:19.495+0000] {logging_mixin.py:151} INFO - [2026-02-23T10:04:19.495+0000] {dag.py:3696} INFO - Setting next_dagrun for pagination_dag to None, run_after=None
[2026-02-23T10:04:19.513+0000] {processor.py:179} INFO - Processing /opt/airflow/dags/dag.py took 0.288 seconds
[2026-02-23T10:04:49.703+0000] {processor.py:157} INFO - Started process (PID=978) to work on /opt/airflow/dags/dag.py
[2026-02-23T10:04:49.704+0000] {processor.py:829} INFO - Processing file /opt/airflow/dags/dag.py for tasks to queue
[2026-02-23T10:04:49.705+0000] {logging_mixin.py:151} INFO - [2026-02-23T10:04:49.705+0000] {dagbag.py:539} INFO - Filling up the DagBag from /opt/airflow/dags/dag.py
[2026-02-23T10:04:49.938+0000] {processor.py:839} INFO - DAG(s) dict_keys(['pagination_dag']) retrieved from /opt/airflow/dags/dag.py
[2026-02-23T10:04:49.967+0000] {logging_mixin.py:151} INFO - [2026-02-23T10:04:49.966+0000] {dag.py:2915} INFO - Sync 1 DAGs
[2026-02-23T10:04:49.982+0000] {logging_mixin.py:151} INFO - [2026-02-23T10:04:49.981+0000] {dag.py:3696} INFO - Setting next_dagrun for pagination_dag to None, run_after=None
[2026-02-23T10:04:50.003+0000] {processor.py:179} INFO - Processing /opt/airflow/dags/dag.py took 0.304 seconds
[2026-02-23T10:05:20.196+0000] {processor.py:157} INFO - Started process (PID=984) to work on /opt/airflow/dags/dag.py
[2026-02-23T10:05:20.197+0000] {processor.py:829} INFO - Processing file /opt/airflow/dags/dag.py for tasks to queue
[2026-02-23T10:05:20.198+0000] {logging_mixin.py:151} INFO - [2026-02-23T10:05:20.198+0000] {dagbag.py:539} INFO - Filling up the DagBag from /opt/airflow/dags/dag.py
[2026-02-23T10:05:20.425+0000] {processor.py:839} INFO - DAG(s) dict_keys(['pagination_dag']) retrieved from /opt/airflow/dags/dag.py
[2026-02-23T10:05:20.447+0000] {logging_mixin.py:151} INFO - [2026-02-23T10:05:20.447+0000] {dag.py:2915} INFO - Sync 1 DAGs
[2026-02-23T10:05:20.458+0000] {logging_mixin.py:151} INFO - [2026-02-23T10:05:20.458+0000] {dag.py:3696} INFO - Setting next_dagrun for pagination_dag to None, run_after=None
[2026-02-23T10:05:20.477+0000] {processor.py:179} INFO - Processing /opt/airflow/dags/dag.py took 0.284 seconds
[2026-02-23T10:05:50.672+0000] {processor.py:157} INFO - Started process (PID=990) to work on /opt/airflow/dags/dag.py
[2026-02-23T10:05:50.673+0000] {processor.py:829} INFO - Processing file /opt/airflow/dags/dag.py for tasks to queue
[2026-02-23T10:05:50.674+0000] {logging_mixin.py:151} INFO - [2026-02-23T10:05:50.674+0000] {dagbag.py:539} INFO - Filling up the DagBag from /opt/airflow/dags/dag.py
[2026-02-23T10:05:50.913+0000] {processor.py:839} INFO - DAG(s) dict_keys(['pagination_dag']) retrieved from /opt/airflow/dags/dag.py
[2026-02-23T10:05:50.941+0000] {logging_mixin.py:151} INFO - [2026-02-23T10:05:50.941+0000] {dag.py:2915} INFO - Sync 1 DAGs
[2026-02-23T10:05:50.952+0000] {logging_mixin.py:151} INFO - [2026-02-23T10:05:50.952+0000] {dag.py:3696} INFO - Setting next_dagrun for pagination_dag to None, run_after=None
[2026-02-23T10:05:50.980+0000] {processor.py:179} INFO - Processing /opt/airflow/dags/dag.py took 0.311 seconds
[2026-02-23T10:06:21.179+0000] {processor.py:157} INFO - Started process (PID=996) to work on /opt/airflow/dags/dag.py
[2026-02-23T10:06:21.180+0000] {processor.py:829} INFO - Processing file /opt/airflow/dags/dag.py for tasks to queue
[2026-02-23T10:06:21.180+0000] {logging_mixin.py:151} INFO - [2026-02-23T10:06:21.180+0000] {dagbag.py:539} INFO - Filling up the DagBag from /opt/airflow/dags/dag.py
[2026-02-23T10:06:21.413+0000] {processor.py:839} INFO - DAG(s) dict_keys(['pagination_dag']) retrieved from /opt/airflow/dags/dag.py
[2026-02-23T10:06:21.436+0000] {logging_mixin.py:151} INFO - [2026-02-23T10:06:21.435+0000] {dag.py:2915} INFO - Sync 1 DAGs
[2026-02-23T10:06:21.446+0000] {logging_mixin.py:151} INFO - [2026-02-23T10:06:21.446+0000] {dag.py:3696} INFO - Setting next_dagrun for pagination_dag to None, run_after=None
[2026-02-23T10:06:21.463+0000] {processor.py:179} INFO - Processing /opt/airflow/dags/dag.py took 0.287 seconds
[2026-02-23T10:06:51.676+0000] {processor.py:157} INFO - Started process (PID=1002) to work on /opt/airflow/dags/dag.py
[2026-02-23T10:06:51.677+0000] {processor.py:829} INFO - Processing file /opt/airflow/dags/dag.py for tasks to queue
[2026-02-23T10:06:51.678+0000] {logging_mixin.py:151} INFO - [2026-02-23T10:06:51.678+0000] {dagbag.py:539} INFO - Filling up the DagBag from /opt/airflow/dags/dag.py
[2026-02-23T10:06:51.911+0000] {processor.py:839} INFO - DAG(s) dict_keys(['pagination_dag']) retrieved from /opt/airflow/dags/dag.py
[2026-02-23T10:06:51.935+0000] {logging_mixin.py:151} INFO - [2026-02-23T10:06:51.934+0000] {dag.py:2915} INFO - Sync 1 DAGs
[2026-02-23T10:06:51.945+0000] {logging_mixin.py:151} INFO - [2026-02-23T10:06:51.945+0000] {dag.py:3696} INFO - Setting next_dagrun for pagination_dag to None, run_after=None
[2026-02-23T10:06:51.968+0000] {processor.py:179} INFO - Processing /opt/airflow/dags/dag.py took 0.295 seconds
[2026-02-23T10:07:22.164+0000] {processor.py:157} INFO - Started process (PID=1008) to work on /opt/airflow/dags/dag.py
[2026-02-23T10:07:22.165+0000] {processor.py:829} INFO - Processing file /opt/airflow/dags/dag.py for tasks to queue
[2026-02-23T10:07:22.166+0000] {logging_mixin.py:151} INFO - [2026-02-23T10:07:22.166+0000] {dagbag.py:539} INFO - Filling up the DagBag from /opt/airflow/dags/dag.py
[2026-02-23T10:07:22.393+0000] {processor.py:839} INFO - DAG(s) dict_keys(['pagination_dag']) retrieved from /opt/airflow/dags/dag.py
[2026-02-23T10:07:22.416+0000] {logging_mixin.py:151} INFO - [2026-02-23T10:07:22.416+0000] {dag.py:2915} INFO - Sync 1 DAGs
[2026-02-23T10:07:22.426+0000] {logging_mixin.py:151} INFO - [2026-02-23T10:07:22.426+0000] {dag.py:3696} INFO - Setting next_dagrun for pagination_dag to None, run_after=None
[2026-02-23T10:07:22.443+0000] {processor.py:179} INFO - Processing /opt/airflow/dags/dag.py took 0.282 seconds
[2026-02-23T10:07:52.635+0000] {processor.py:157} INFO - Started process (PID=1014) to work on /opt/airflow/dags/dag.py
[2026-02-23T10:07:52.636+0000] {processor.py:829} INFO - Processing file /opt/airflow/dags/dag.py for tasks to queue
[2026-02-23T10:07:52.637+0000] {logging_mixin.py:151} INFO - [2026-02-23T10:07:52.637+0000] {dagbag.py:539} INFO - Filling up the DagBag from /opt/airflow/dags/dag.py
[2026-02-23T10:07:52.870+0000] {processor.py:839} INFO - DAG(s) dict_keys(['pagination_dag']) retrieved from /opt/airflow/dags/dag.py
[2026-02-23T10:07:52.894+0000] {logging_mixin.py:151} INFO - [2026-02-23T10:07:52.894+0000] {dag.py:2915} INFO - Sync 1 DAGs
[2026-02-23T10:07:52.905+0000] {logging_mixin.py:151} INFO - [2026-02-23T10:07:52.904+0000] {dag.py:3696} INFO - Setting next_dagrun for pagination_dag to None, run_after=None
[2026-02-23T10:07:52.923+0000] {processor.py:179} INFO - Processing /opt/airflow/dags/dag.py took 0.291 seconds
[2026-02-23T10:08:23.118+0000] {processor.py:157} INFO - Started process (PID=1020) to work on /opt/airflow/dags/dag.py
[2026-02-23T10:08:23.119+0000] {processor.py:829} INFO - Processing file /opt/airflow/dags/dag.py for tasks to queue
[2026-02-23T10:08:23.120+0000] {logging_mixin.py:151} INFO - [2026-02-23T10:08:23.119+0000] {dagbag.py:539} INFO - Filling up the DagBag from /opt/airflow/dags/dag.py
[2026-02-23T10:08:23.351+0000] {processor.py:839} INFO - DAG(s) dict_keys(['pagination_dag']) retrieved from /opt/airflow/dags/dag.py
[2026-02-23T10:08:23.375+0000] {logging_mixin.py:151} INFO - [2026-02-23T10:08:23.374+0000] {dag.py:2915} INFO - Sync 1 DAGs
[2026-02-23T10:08:23.386+0000] {logging_mixin.py:151} INFO - [2026-02-23T10:08:23.385+0000] {dag.py:3696} INFO - Setting next_dagrun for pagination_dag to None, run_after=None
[2026-02-23T10:08:23.405+0000] {processor.py:179} INFO - Processing /opt/airflow/dags/dag.py took 0.290 seconds
[2026-02-23T10:08:53.597+0000] {processor.py:157} INFO - Started process (PID=1026) to work on /opt/airflow/dags/dag.py
[2026-02-23T10:08:53.598+0000] {processor.py:829} INFO - Processing file /opt/airflow/dags/dag.py for tasks to queue
[2026-02-23T10:08:53.599+0000] {logging_mixin.py:151} INFO - [2026-02-23T10:08:53.599+0000] {dagbag.py:539} INFO - Filling up the DagBag from /opt/airflow/dags/dag.py
[2026-02-23T10:08:53.835+0000] {processor.py:839} INFO - DAG(s) dict_keys(['pagination_dag']) retrieved from /opt/airflow/dags/dag.py
[2026-02-23T10:08:53.861+0000] {logging_mixin.py:151} INFO - [2026-02-23T10:08:53.861+0000] {dag.py:2915} INFO - Sync 1 DAGs
[2026-02-23T10:08:53.872+0000] {logging_mixin.py:151} INFO - [2026-02-23T10:08:53.872+0000] {dag.py:3696} INFO - Setting next_dagrun for pagination_dag to None, run_after=None
[2026-02-23T10:08:53.891+0000] {processor.py:179} INFO - Processing /opt/airflow/dags/dag.py took 0.298 seconds
[2026-02-23T10:09:24.084+0000] {processor.py:157} INFO - Started process (PID=1032) to work on /opt/airflow/dags/dag.py
[2026-02-23T10:09:24.085+0000] {processor.py:829} INFO - Processing file /opt/airflow/dags/dag.py for tasks to queue
[2026-02-23T10:09:24.086+0000] {logging_mixin.py:151} INFO - [2026-02-23T10:09:24.086+0000] {dagbag.py:539} INFO - Filling up the DagBag from /opt/airflow/dags/dag.py
[2026-02-23T10:09:24.316+0000] {processor.py:839} INFO - DAG(s) dict_keys(['pagination_dag']) retrieved from /opt/airflow/dags/dag.py
[2026-02-23T10:09:24.340+0000] {logging_mixin.py:151} INFO - [2026-02-23T10:09:24.340+0000] {dag.py:2915} INFO - Sync 1 DAGs
[2026-02-23T10:09:24.351+0000] {logging_mixin.py:151} INFO - [2026-02-23T10:09:24.351+0000] {dag.py:3696} INFO - Setting next_dagrun for pagination_dag to None, run_after=None
[2026-02-23T10:09:24.368+0000] {processor.py:179} INFO - Processing /opt/airflow/dags/dag.py took 0.287 seconds
[2026-02-23T10:09:54.552+0000] {processor.py:157} INFO - Started process (PID=1038) to work on /opt/airflow/dags/dag.py
[2026-02-23T10:09:54.553+0000] {processor.py:829} INFO - Processing file /opt/airflow/dags/dag.py for tasks to queue
[2026-02-23T10:09:54.554+0000] {logging_mixin.py:151} INFO - [2026-02-23T10:09:54.554+0000] {dagbag.py:539} INFO - Filling up the DagBag from /opt/airflow/dags/dag.py
[2026-02-23T10:09:54.788+0000] {processor.py:839} INFO - DAG(s) dict_keys(['pagination_dag']) retrieved from /opt/airflow/dags/dag.py
[2026-02-23T10:09:54.812+0000] {logging_mixin.py:151} INFO - [2026-02-23T10:09:54.811+0000] {dag.py:2915} INFO - Sync 1 DAGs
[2026-02-23T10:09:54.822+0000] {logging_mixin.py:151} INFO - [2026-02-23T10:09:54.822+0000] {dag.py:3696} INFO - Setting next_dagrun for pagination_dag to None, run_after=None
[2026-02-23T10:09:54.839+0000] {processor.py:179} INFO - Processing /opt/airflow/dags/dag.py took 0.289 seconds
[2026-02-23T10:10:25.033+0000] {processor.py:157} INFO - Started process (PID=1044) to work on /opt/airflow/dags/dag.py
[2026-02-23T10:10:25.034+0000] {processor.py:829} INFO - Processing file /opt/airflow/dags/dag.py for tasks to queue
[2026-02-23T10:10:25.034+0000] {logging_mixin.py:151} INFO - [2026-02-23T10:10:25.034+0000] {dagbag.py:539} INFO - Filling up the DagBag from /opt/airflow/dags/dag.py
[2026-02-23T10:10:25.265+0000] {processor.py:839} INFO - DAG(s) dict_keys(['pagination_dag']) retrieved from /opt/airflow/dags/dag.py
[2026-02-23T10:10:25.290+0000] {logging_mixin.py:151} INFO - [2026-02-23T10:10:25.289+0000] {dag.py:2915} INFO - Sync 1 DAGs
[2026-02-23T10:10:25.300+0000] {logging_mixin.py:151} INFO - [2026-02-23T10:10:25.300+0000] {dag.py:3696} INFO - Setting next_dagrun for pagination_dag to None, run_after=None
[2026-02-23T10:10:25.320+0000] {processor.py:179} INFO - Processing /opt/airflow/dags/dag.py took 0.291 seconds
[2026-02-23T10:10:55.511+0000] {processor.py:157} INFO - Started process (PID=1050) to work on /opt/airflow/dags/dag.py
[2026-02-23T10:10:55.512+0000] {processor.py:829} INFO - Processing file /opt/airflow/dags/dag.py for tasks to queue
[2026-02-23T10:10:55.513+0000] {logging_mixin.py:151} INFO - [2026-02-23T10:10:55.512+0000] {dagbag.py:539} INFO - Filling up the DagBag from /opt/airflow/dags/dag.py
[2026-02-23T10:10:55.760+0000] {processor.py:839} INFO - DAG(s) dict_keys(['pagination_dag']) retrieved from /opt/airflow/dags/dag.py
[2026-02-23T10:10:55.784+0000] {logging_mixin.py:151} INFO - [2026-02-23T10:10:55.784+0000] {dag.py:2915} INFO - Sync 1 DAGs
[2026-02-23T10:10:55.796+0000] {logging_mixin.py:151} INFO - [2026-02-23T10:10:55.796+0000] {dag.py:3696} INFO - Setting next_dagrun for pagination_dag to None, run_after=None
[2026-02-23T10:10:55.817+0000] {processor.py:179} INFO - Processing /opt/airflow/dags/dag.py took 0.309 seconds
[2026-02-23T10:11:26.008+0000] {processor.py:157} INFO - Started process (PID=1056) to work on /opt/airflow/dags/dag.py
[2026-02-23T10:11:26.009+0000] {processor.py:829} INFO - Processing file /opt/airflow/dags/dag.py for tasks to queue
[2026-02-23T10:11:26.009+0000] {logging_mixin.py:151} INFO - [2026-02-23T10:11:26.009+0000] {dagbag.py:539} INFO - Filling up the DagBag from /opt/airflow/dags/dag.py
[2026-02-23T10:11:26.243+0000] {processor.py:839} INFO - DAG(s) dict_keys(['pagination_dag']) retrieved from /opt/airflow/dags/dag.py
[2026-02-23T10:11:26.268+0000] {logging_mixin.py:151} INFO - [2026-02-23T10:11:26.268+0000] {dag.py:2915} INFO - Sync 1 DAGs
[2026-02-23T10:11:26.280+0000] {logging_mixin.py:151} INFO - [2026-02-23T10:11:26.280+0000] {dag.py:3696} INFO - Setting next_dagrun for pagination_dag to None, run_after=None
[2026-02-23T10:11:26.299+0000] {processor.py:179} INFO - Processing /opt/airflow/dags/dag.py took 0.295 seconds
[2026-02-23T10:11:56.485+0000] {processor.py:157} INFO - Started process (PID=1062) to work on /opt/airflow/dags/dag.py
[2026-02-23T10:11:56.486+0000] {processor.py:829} INFO - Processing file /opt/airflow/dags/dag.py for tasks to queue
[2026-02-23T10:11:56.487+0000] {logging_mixin.py:151} INFO - [2026-02-23T10:11:56.487+0000] {dagbag.py:539} INFO - Filling up the DagBag from /opt/airflow/dags/dag.py
[2026-02-23T10:11:56.754+0000] {processor.py:839} INFO - DAG(s) dict_keys(['pagination_dag']) retrieved from /opt/airflow/dags/dag.py
[2026-02-23T10:11:56.780+0000] {logging_mixin.py:151} INFO - [2026-02-23T10:11:56.780+0000] {dag.py:2915} INFO - Sync 1 DAGs
[2026-02-23T10:11:56.791+0000] {logging_mixin.py:151} INFO - [2026-02-23T10:11:56.791+0000] {dag.py:3696} INFO - Setting next_dagrun for pagination_dag to None, run_after=None
[2026-02-23T10:11:56.812+0000] {processor.py:179} INFO - Processing /opt/airflow/dags/dag.py took 0.330 seconds
[2026-02-23T10:12:27.005+0000] {processor.py:157} INFO - Started process (PID=1068) to work on /opt/airflow/dags/dag.py
[2026-02-23T10:12:27.007+0000] {processor.py:829} INFO - Processing file /opt/airflow/dags/dag.py for tasks to queue
[2026-02-23T10:12:27.008+0000] {logging_mixin.py:151} INFO - [2026-02-23T10:12:27.008+0000] {dagbag.py:539} INFO - Filling up the DagBag from /opt/airflow/dags/dag.py
[2026-02-23T10:12:27.248+0000] {processor.py:839} INFO - DAG(s) dict_keys(['pagination_dag']) retrieved from /opt/airflow/dags/dag.py
[2026-02-23T10:12:27.272+0000] {logging_mixin.py:151} INFO - [2026-02-23T10:12:27.271+0000] {dag.py:2915} INFO - Sync 1 DAGs
[2026-02-23T10:12:27.282+0000] {logging_mixin.py:151} INFO - [2026-02-23T10:12:27.282+0000] {dag.py:3696} INFO - Setting next_dagrun for pagination_dag to None, run_after=None
[2026-02-23T10:12:27.299+0000] {processor.py:179} INFO - Processing /opt/airflow/dags/dag.py took 0.297 seconds
[2026-02-23T10:12:57.490+0000] {processor.py:157} INFO - Started process (PID=1074) to work on /opt/airflow/dags/dag.py
[2026-02-23T10:12:57.491+0000] {processor.py:829} INFO - Processing file /opt/airflow/dags/dag.py for tasks to queue
[2026-02-23T10:12:57.492+0000] {logging_mixin.py:151} INFO - [2026-02-23T10:12:57.492+0000] {dagbag.py:539} INFO - Filling up the DagBag from /opt/airflow/dags/dag.py
[2026-02-23T10:12:57.729+0000] {processor.py:839} INFO - DAG(s) dict_keys(['pagination_dag']) retrieved from /opt/airflow/dags/dag.py
[2026-02-23T10:12:57.753+0000] {logging_mixin.py:151} INFO - [2026-02-23T10:12:57.753+0000] {dag.py:2915} INFO - Sync 1 DAGs
[2026-02-23T10:12:57.764+0000] {logging_mixin.py:151} INFO - [2026-02-23T10:12:57.764+0000] {dag.py:3696} INFO - Setting next_dagrun for pagination_dag to None, run_after=None
[2026-02-23T10:12:57.785+0000] {processor.py:179} INFO - Processing /opt/airflow/dags/dag.py took 0.297 seconds
[2026-02-23T10:13:27.978+0000] {processor.py:157} INFO - Started process (PID=1080) to work on /opt/airflow/dags/dag.py
[2026-02-23T10:13:27.979+0000] {processor.py:829} INFO - Processing file /opt/airflow/dags/dag.py for tasks to queue
[2026-02-23T10:13:27.980+0000] {logging_mixin.py:151} INFO - [2026-02-23T10:13:27.979+0000] {dagbag.py:539} INFO - Filling up the DagBag from /opt/airflow/dags/dag.py
[2026-02-23T10:13:28.218+0000] {processor.py:839} INFO - DAG(s) dict_keys(['pagination_dag']) retrieved from /opt/airflow/dags/dag.py
[2026-02-23T10:13:28.241+0000] {logging_mixin.py:151} INFO - [2026-02-23T10:13:28.241+0000] {dag.py:2915} INFO - Sync 1 DAGs
[2026-02-23T10:13:28.252+0000] {logging_mixin.py:151} INFO - [2026-02-23T10:13:28.252+0000] {dag.py:3696} INFO - Setting next_dagrun for pagination_dag to None, run_after=None
[2026-02-23T10:13:28.271+0000] {processor.py:179} INFO - Processing /opt/airflow/dags/dag.py took 0.296 seconds
[2026-02-23T10:13:58.457+0000] {processor.py:157} INFO - Started process (PID=1086) to work on /opt/airflow/dags/dag.py
[2026-02-23T10:13:58.458+0000] {processor.py:829} INFO - Processing file /opt/airflow/dags/dag.py for tasks to queue
[2026-02-23T10:13:58.459+0000] {logging_mixin.py:151} INFO - [2026-02-23T10:13:58.459+0000] {dagbag.py:539} INFO - Filling up the DagBag from /opt/airflow/dags/dag.py
[2026-02-23T10:13:58.686+0000] {processor.py:839} INFO - DAG(s) dict_keys(['pagination_dag']) retrieved from /opt/airflow/dags/dag.py
[2026-02-23T10:13:58.709+0000] {logging_mixin.py:151} INFO - [2026-02-23T10:13:58.709+0000] {dag.py:2915} INFO - Sync 1 DAGs
[2026-02-23T10:13:58.720+0000] {logging_mixin.py:151} INFO - [2026-02-23T10:13:58.720+0000] {dag.py:3696} INFO - Setting next_dagrun for pagination_dag to None, run_after=None
[2026-02-23T10:13:58.745+0000] {processor.py:179} INFO - Processing /opt/airflow/dags/dag.py took 0.291 seconds
[2026-02-23T10:14:28.936+0000] {processor.py:157} INFO - Started process (PID=1092) to work on /opt/airflow/dags/dag.py
[2026-02-23T10:14:28.937+0000] {processor.py:829} INFO - Processing file /opt/airflow/dags/dag.py for tasks to queue
[2026-02-23T10:14:28.938+0000] {logging_mixin.py:151} INFO - [2026-02-23T10:14:28.938+0000] {dagbag.py:539} INFO - Filling up the DagBag from /opt/airflow/dags/dag.py
[2026-02-23T10:14:29.180+0000] {processor.py:839} INFO - DAG(s) dict_keys(['pagination_dag']) retrieved from /opt/airflow/dags/dag.py
[2026-02-23T10:14:29.205+0000] {logging_mixin.py:151} INFO - [2026-02-23T10:14:29.205+0000] {dag.py:2915} INFO - Sync 1 DAGs
[2026-02-23T10:14:29.216+0000] {logging_mixin.py:151} INFO - [2026-02-23T10:14:29.215+0000] {dag.py:3696} INFO - Setting next_dagrun for pagination_dag to None, run_after=None
[2026-02-23T10:14:29.234+0000] {processor.py:179} INFO - Processing /opt/airflow/dags/dag.py took 0.300 seconds
[2026-02-23T10:14:59.421+0000] {processor.py:157} INFO - Started process (PID=1098) to work on /opt/airflow/dags/dag.py
[2026-02-23T10:14:59.422+0000] {processor.py:829} INFO - Processing file /opt/airflow/dags/dag.py for tasks to queue
[2026-02-23T10:14:59.422+0000] {logging_mixin.py:151} INFO - [2026-02-23T10:14:59.422+0000] {dagbag.py:539} INFO - Filling up the DagBag from /opt/airflow/dags/dag.py
[2026-02-23T10:14:59.660+0000] {processor.py:839} INFO - DAG(s) dict_keys(['pagination_dag']) retrieved from /opt/airflow/dags/dag.py
[2026-02-23T10:14:59.684+0000] {logging_mixin.py:151} INFO - [2026-02-23T10:14:59.684+0000] {dag.py:2915} INFO - Sync 1 DAGs
[2026-02-23T10:14:59.694+0000] {logging_mixin.py:151} INFO - [2026-02-23T10:14:59.694+0000] {dag.py:3696} INFO - Setting next_dagrun for pagination_dag to None, run_after=None
[2026-02-23T10:14:59.712+0000] {processor.py:179} INFO - Processing /opt/airflow/dags/dag.py took 0.294 seconds
[2026-02-23T10:15:29.895+0000] {processor.py:157} INFO - Started process (PID=1104) to work on /opt/airflow/dags/dag.py
[2026-02-23T10:15:29.896+0000] {processor.py:829} INFO - Processing file /opt/airflow/dags/dag.py for tasks to queue
[2026-02-23T10:15:29.897+0000] {logging_mixin.py:151} INFO - [2026-02-23T10:15:29.897+0000] {dagbag.py:539} INFO - Filling up the DagBag from /opt/airflow/dags/dag.py
[2026-02-23T10:15:30.134+0000] {processor.py:839} INFO - DAG(s) dict_keys(['pagination_dag']) retrieved from /opt/airflow/dags/dag.py
[2026-02-23T10:15:30.158+0000] {logging_mixin.py:151} INFO - [2026-02-23T10:15:30.158+0000] {dag.py:2915} INFO - Sync 1 DAGs
[2026-02-23T10:15:30.168+0000] {logging_mixin.py:151} INFO - [2026-02-23T10:15:30.168+0000] {dag.py:3696} INFO - Setting next_dagrun for pagination_dag to None, run_after=None
[2026-02-23T10:15:30.185+0000] {processor.py:179} INFO - Processing /opt/airflow/dags/dag.py took 0.294 seconds
[2026-02-23T10:16:00.374+0000] {processor.py:157} INFO - Started process (PID=1110) to work on /opt/airflow/dags/dag.py
[2026-02-23T10:16:00.375+0000] {processor.py:829} INFO - Processing file /opt/airflow/dags/dag.py for tasks to queue
[2026-02-23T10:16:00.376+0000] {logging_mixin.py:151} INFO - [2026-02-23T10:16:00.376+0000] {dagbag.py:539} INFO - Filling up the DagBag from /opt/airflow/dags/dag.py
[2026-02-23T10:16:00.616+0000] {processor.py:839} INFO - DAG(s) dict_keys(['pagination_dag']) retrieved from /opt/airflow/dags/dag.py
[2026-02-23T10:16:00.641+0000] {logging_mixin.py:151} INFO - [2026-02-23T10:16:00.641+0000] {dag.py:2915} INFO - Sync 1 DAGs
[2026-02-23T10:16:00.651+0000] {logging_mixin.py:151} INFO - [2026-02-23T10:16:00.651+0000] {dag.py:3696} INFO - Setting next_dagrun for pagination_dag to None, run_after=None
[2026-02-23T10:16:00.670+0000] {processor.py:179} INFO - Processing /opt/airflow/dags/dag.py took 0.299 seconds
[2026-02-23T10:16:30.861+0000] {processor.py:157} INFO - Started process (PID=1116) to work on /opt/airflow/dags/dag.py
[2026-02-23T10:16:30.862+0000] {processor.py:829} INFO - Processing file /opt/airflow/dags/dag.py for tasks to queue
[2026-02-23T10:16:30.863+0000] {logging_mixin.py:151} INFO - [2026-02-23T10:16:30.863+0000] {dagbag.py:539} INFO - Filling up the DagBag from /opt/airflow/dags/dag.py
[2026-02-23T10:16:31.101+0000] {processor.py:839} INFO - DAG(s) dict_keys(['pagination_dag']) retrieved from /opt/airflow/dags/dag.py
[2026-02-23T10:16:31.127+0000] {logging_mixin.py:151} INFO - [2026-02-23T10:16:31.127+0000] {dag.py:2915} INFO - Sync 1 DAGs
[2026-02-23T10:16:31.138+0000] {logging_mixin.py:151} INFO - [2026-02-23T10:16:31.138+0000] {dag.py:3696} INFO - Setting next_dagrun for pagination_dag to None, run_after=None
[2026-02-23T10:16:31.157+0000] {processor.py:179} INFO - Processing /opt/airflow/dags/dag.py took 0.299 seconds
[2026-02-23T10:17:01.362+0000] {processor.py:157} INFO - Started process (PID=1122) to work on /opt/airflow/dags/dag.py
[2026-02-23T10:17:01.363+0000] {processor.py:829} INFO - Processing file /opt/airflow/dags/dag.py for tasks to queue
[2026-02-23T10:17:01.364+0000] {logging_mixin.py:151} INFO - [2026-02-23T10:17:01.364+0000] {dagbag.py:539} INFO - Filling up the DagBag from /opt/airflow/dags/dag.py
[2026-02-23T10:17:01.594+0000] {processor.py:839} INFO - DAG(s) dict_keys(['pagination_dag']) retrieved from /opt/airflow/dags/dag.py
[2026-02-23T10:17:01.618+0000] {logging_mixin.py:151} INFO - [2026-02-23T10:17:01.618+0000] {dag.py:2915} INFO - Sync 1 DAGs
[2026-02-23T10:17:01.629+0000] {logging_mixin.py:151} INFO - [2026-02-23T10:17:01.629+0000] {dag.py:3696} INFO - Setting next_dagrun for pagination_dag to None, run_after=None
[2026-02-23T10:17:01.649+0000] {processor.py:179} INFO - Processing /opt/airflow/dags/dag.py took 0.290 seconds
[2026-02-23T10:17:31.842+0000] {processor.py:157} INFO - Started process (PID=1128) to work on /opt/airflow/dags/dag.py
[2026-02-23T10:17:31.843+0000] {processor.py:829} INFO - Processing file /opt/airflow/dags/dag.py for tasks to queue
[2026-02-23T10:17:31.843+0000] {logging_mixin.py:151} INFO - [2026-02-23T10:17:31.843+0000] {dagbag.py:539} INFO - Filling up the DagBag from /opt/airflow/dags/dag.py
[2026-02-23T10:17:32.080+0000] {processor.py:839} INFO - DAG(s) dict_keys(['pagination_dag']) retrieved from /opt/airflow/dags/dag.py
[2026-02-23T10:17:32.104+0000] {logging_mixin.py:151} INFO - [2026-02-23T10:17:32.104+0000] {dag.py:2915} INFO - Sync 1 DAGs
[2026-02-23T10:17:32.115+0000] {logging_mixin.py:151} INFO - [2026-02-23T10:17:32.114+0000] {dag.py:3696} INFO - Setting next_dagrun for pagination_dag to None, run_after=None
[2026-02-23T10:17:32.133+0000] {processor.py:179} INFO - Processing /opt/airflow/dags/dag.py took 0.295 seconds
[2026-02-23T10:18:02.327+0000] {processor.py:157} INFO - Started process (PID=1134) to work on /opt/airflow/dags/dag.py
[2026-02-23T10:18:02.328+0000] {processor.py:829} INFO - Processing file /opt/airflow/dags/dag.py for tasks to queue
[2026-02-23T10:18:02.329+0000] {logging_mixin.py:151} INFO - [2026-02-23T10:18:02.329+0000] {dagbag.py:539} INFO - Filling up the DagBag from /opt/airflow/dags/dag.py
[2026-02-23T10:18:02.559+0000] {processor.py:839} INFO - DAG(s) dict_keys(['pagination_dag']) retrieved from /opt/airflow/dags/dag.py
[2026-02-23T10:18:02.584+0000] {logging_mixin.py:151} INFO - [2026-02-23T10:18:02.584+0000] {dag.py:2915} INFO - Sync 1 DAGs
[2026-02-23T10:18:02.595+0000] {logging_mixin.py:151} INFO - [2026-02-23T10:18:02.594+0000] {dag.py:3696} INFO - Setting next_dagrun for pagination_dag to None, run_after=None
[2026-02-23T10:18:02.614+0000] {processor.py:179} INFO - Processing /opt/airflow/dags/dag.py took 0.290 seconds
[2026-02-23T10:18:32.807+0000] {processor.py:157} INFO - Started process (PID=1140) to work on /opt/airflow/dags/dag.py
[2026-02-23T10:18:32.808+0000] {processor.py:829} INFO - Processing file /opt/airflow/dags/dag.py for tasks to queue
[2026-02-23T10:18:32.810+0000] {logging_mixin.py:151} INFO - [2026-02-23T10:18:32.809+0000] {dagbag.py:539} INFO - Filling up the DagBag from /opt/airflow/dags/dag.py
[2026-02-23T10:18:33.049+0000] {processor.py:839} INFO - DAG(s) dict_keys(['pagination_dag']) retrieved from /opt/airflow/dags/dag.py
[2026-02-23T10:18:33.073+0000] {logging_mixin.py:151} INFO - [2026-02-23T10:18:33.072+0000] {dag.py:2915} INFO - Sync 1 DAGs
[2026-02-23T10:18:33.083+0000] {logging_mixin.py:151} INFO - [2026-02-23T10:18:33.083+0000] {dag.py:3696} INFO - Setting next_dagrun for pagination_dag to None, run_after=None
[2026-02-23T10:18:33.100+0000] {processor.py:179} INFO - Processing /opt/airflow/dags/dag.py took 0.296 seconds
[2026-02-23T10:19:03.293+0000] {processor.py:157} INFO - Started process (PID=1146) to work on /opt/airflow/dags/dag.py
[2026-02-23T10:19:03.294+0000] {processor.py:829} INFO - Processing file /opt/airflow/dags/dag.py for tasks to queue
[2026-02-23T10:19:03.295+0000] {logging_mixin.py:151} INFO - [2026-02-23T10:19:03.295+0000] {dagbag.py:539} INFO - Filling up the DagBag from /opt/airflow/dags/dag.py
[2026-02-23T10:19:03.529+0000] {processor.py:839} INFO - DAG(s) dict_keys(['pagination_dag']) retrieved from /opt/airflow/dags/dag.py
[2026-02-23T10:19:03.553+0000] {logging_mixin.py:151} INFO - [2026-02-23T10:19:03.553+0000] {dag.py:2915} INFO - Sync 1 DAGs
[2026-02-23T10:19:03.563+0000] {logging_mixin.py:151} INFO - [2026-02-23T10:19:03.563+0000] {dag.py:3696} INFO - Setting next_dagrun for pagination_dag to None, run_after=None
[2026-02-23T10:19:03.584+0000] {processor.py:179} INFO - Processing /opt/airflow/dags/dag.py took 0.295 seconds
[2026-02-23T10:19:33.782+0000] {processor.py:157} INFO - Started process (PID=1152) to work on /opt/airflow/dags/dag.py
[2026-02-23T10:19:33.783+0000] {processor.py:829} INFO - Processing file /opt/airflow/dags/dag.py for tasks to queue
[2026-02-23T10:19:33.783+0000] {logging_mixin.py:151} INFO - [2026-02-23T10:19:33.783+0000] {dagbag.py:539} INFO - Filling up the DagBag from /opt/airflow/dags/dag.py
[2026-02-23T10:19:34.024+0000] {processor.py:839} INFO - DAG(s) dict_keys(['pagination_dag']) retrieved from /opt/airflow/dags/dag.py
[2026-02-23T10:19:34.047+0000] {logging_mixin.py:151} INFO - [2026-02-23T10:19:34.047+0000] {dag.py:2915} INFO - Sync 1 DAGs
[2026-02-23T10:19:34.059+0000] {logging_mixin.py:151} INFO - [2026-02-23T10:19:34.058+0000] {dag.py:3696} INFO - Setting next_dagrun for pagination_dag to None, run_after=None
[2026-02-23T10:19:34.077+0000] {processor.py:179} INFO - Processing /opt/airflow/dags/dag.py took 0.298 seconds
[2026-02-23T10:20:04.272+0000] {processor.py:157} INFO - Started process (PID=1158) to work on /opt/airflow/dags/dag.py
[2026-02-23T10:20:04.273+0000] {processor.py:829} INFO - Processing file /opt/airflow/dags/dag.py for tasks to queue
[2026-02-23T10:20:04.274+0000] {logging_mixin.py:151} INFO - [2026-02-23T10:20:04.274+0000] {dagbag.py:539} INFO - Filling up the DagBag from /opt/airflow/dags/dag.py
[2026-02-23T10:20:04.511+0000] {processor.py:839} INFO - DAG(s) dict_keys(['pagination_dag']) retrieved from /opt/airflow/dags/dag.py
[2026-02-23T10:20:04.536+0000] {logging_mixin.py:151} INFO - [2026-02-23T10:20:04.535+0000] {dag.py:2915} INFO - Sync 1 DAGs
[2026-02-23T10:20:04.547+0000] {logging_mixin.py:151} INFO - [2026-02-23T10:20:04.547+0000] {dag.py:3696} INFO - Setting next_dagrun for pagination_dag to None, run_after=None
[2026-02-23T10:20:04.565+0000] {processor.py:179} INFO - Processing /opt/airflow/dags/dag.py took 0.296 seconds
[2026-02-23T10:20:34.753+0000] {processor.py:157} INFO - Started process (PID=1164) to work on /opt/airflow/dags/dag.py
[2026-02-23T10:20:34.754+0000] {processor.py:829} INFO - Processing file /opt/airflow/dags/dag.py for tasks to queue
[2026-02-23T10:20:34.755+0000] {logging_mixin.py:151} INFO - [2026-02-23T10:20:34.754+0000] {dagbag.py:539} INFO - Filling up the DagBag from /opt/airflow/dags/dag.py
[2026-02-23T10:20:35.000+0000] {processor.py:839} INFO - DAG(s) dict_keys(['pagination_dag']) retrieved from /opt/airflow/dags/dag.py
[2026-02-23T10:20:35.027+0000] {logging_mixin.py:151} INFO - [2026-02-23T10:20:35.027+0000] {dag.py:2915} INFO - Sync 1 DAGs
[2026-02-23T10:20:35.038+0000] {logging_mixin.py:151} INFO - [2026-02-23T10:20:35.038+0000] {dag.py:3696} INFO - Setting next_dagrun for pagination_dag to None, run_after=None
[2026-02-23T10:20:35.058+0000] {processor.py:179} INFO - Processing /opt/airflow/dags/dag.py took 0.309 seconds
[2026-02-23T10:21:05.247+0000] {processor.py:157} INFO - Started process (PID=1170) to work on /opt/airflow/dags/dag.py
[2026-02-23T10:21:05.248+0000] {processor.py:829} INFO - Processing file /opt/airflow/dags/dag.py for tasks to queue
[2026-02-23T10:21:05.248+0000] {logging_mixin.py:151} INFO - [2026-02-23T10:21:05.248+0000] {dagbag.py:539} INFO - Filling up the DagBag from /opt/airflow/dags/dag.py
[2026-02-23T10:21:05.486+0000] {processor.py:839} INFO - DAG(s) dict_keys(['pagination_dag']) retrieved from /opt/airflow/dags/dag.py
[2026-02-23T10:21:05.510+0000] {logging_mixin.py:151} INFO - [2026-02-23T10:21:05.510+0000] {dag.py:2915} INFO - Sync 1 DAGs
[2026-02-23T10:21:05.520+0000] {logging_mixin.py:151} INFO - [2026-02-23T10:21:05.520+0000] {dag.py:3696} INFO - Setting next_dagrun for pagination_dag to None, run_after=None
[2026-02-23T10:21:05.539+0000] {processor.py:179} INFO - Processing /opt/airflow/dags/dag.py took 0.296 seconds
[2026-02-23T10:21:35.726+0000] {processor.py:157} INFO - Started process (PID=1176) to work on /opt/airflow/dags/dag.py
[2026-02-23T10:21:35.727+0000] {processor.py:829} INFO - Processing file /opt/airflow/dags/dag.py for tasks to queue
[2026-02-23T10:21:35.727+0000] {logging_mixin.py:151} INFO - [2026-02-23T10:21:35.727+0000] {dagbag.py:539} INFO - Filling up the DagBag from /opt/airflow/dags/dag.py
[2026-02-23T10:21:35.966+0000] {processor.py:839} INFO - DAG(s) dict_keys(['pagination_dag']) retrieved from /opt/airflow/dags/dag.py
[2026-02-23T10:21:36.001+0000] {logging_mixin.py:151} INFO - [2026-02-23T10:21:36.000+0000] {dag.py:2915} INFO - Sync 1 DAGs
[2026-02-23T10:21:36.012+0000] {logging_mixin.py:151} INFO - [2026-02-23T10:21:36.012+0000] {dag.py:3696} INFO - Setting next_dagrun for pagination_dag to None, run_after=None
[2026-02-23T10:21:36.031+0000] {processor.py:179} INFO - Processing /opt/airflow/dags/dag.py took 0.309 seconds
[2026-02-23T10:22:06.221+0000] {processor.py:157} INFO - Started process (PID=1182) to work on /opt/airflow/dags/dag.py
[2026-02-23T10:22:06.222+0000] {processor.py:829} INFO - Processing file /opt/airflow/dags/dag.py for tasks to queue
[2026-02-23T10:22:06.223+0000] {logging_mixin.py:151} INFO - [2026-02-23T10:22:06.223+0000] {dagbag.py:539} INFO - Filling up the DagBag from /opt/airflow/dags/dag.py
[2026-02-23T10:22:06.456+0000] {processor.py:839} INFO - DAG(s) dict_keys(['pagination_dag']) retrieved from /opt/airflow/dags/dag.py
[2026-02-23T10:22:06.481+0000] {logging_mixin.py:151} INFO - [2026-02-23T10:22:06.481+0000] {dag.py:2915} INFO - Sync 1 DAGs
[2026-02-23T10:22:06.492+0000] {logging_mixin.py:151} INFO - [2026-02-23T10:22:06.492+0000] {dag.py:3696} INFO - Setting next_dagrun for pagination_dag to None, run_after=None
[2026-02-23T10:22:06.511+0000] {processor.py:179} INFO - Processing /opt/airflow/dags/dag.py took 0.293 seconds
[2026-02-23T10:22:36.696+0000] {processor.py:157} INFO - Started process (PID=1188) to work on /opt/airflow/dags/dag.py
[2026-02-23T10:22:36.697+0000] {processor.py:829} INFO - Processing file /opt/airflow/dags/dag.py for tasks to queue
[2026-02-23T10:22:36.698+0000] {logging_mixin.py:151} INFO - [2026-02-23T10:22:36.698+0000] {dagbag.py:539} INFO - Filling up the DagBag from /opt/airflow/dags/dag.py
[2026-02-23T10:22:36.933+0000] {processor.py:839} INFO - DAG(s) dict_keys(['pagination_dag']) retrieved from /opt/airflow/dags/dag.py
[2026-02-23T10:22:36.960+0000] {logging_mixin.py:151} INFO - [2026-02-23T10:22:36.960+0000] {dag.py:2915} INFO - Sync 1 DAGs
[2026-02-23T10:22:36.976+0000] {logging_mixin.py:151} INFO - [2026-02-23T10:22:36.976+0000] {dag.py:3696} INFO - Setting next_dagrun for pagination_dag to None, run_after=None
[2026-02-23T10:22:36.998+0000] {processor.py:179} INFO - Processing /opt/airflow/dags/dag.py took 0.306 seconds
[2026-02-23T10:23:07.182+0000] {processor.py:157} INFO - Started process (PID=1194) to work on /opt/airflow/dags/dag.py
[2026-02-23T10:23:07.183+0000] {processor.py:829} INFO - Processing file /opt/airflow/dags/dag.py for tasks to queue
[2026-02-23T10:23:07.184+0000] {logging_mixin.py:151} INFO - [2026-02-23T10:23:07.184+0000] {dagbag.py:539} INFO - Filling up the DagBag from /opt/airflow/dags/dag.py
[2026-02-23T10:23:07.423+0000] {processor.py:839} INFO - DAG(s) dict_keys(['pagination_dag']) retrieved from /opt/airflow/dags/dag.py
[2026-02-23T10:23:07.447+0000] {logging_mixin.py:151} INFO - [2026-02-23T10:23:07.446+0000] {dag.py:2915} INFO - Sync 1 DAGs
[2026-02-23T10:23:07.458+0000] {logging_mixin.py:151} INFO - [2026-02-23T10:23:07.458+0000] {dag.py:3696} INFO - Setting next_dagrun for pagination_dag to None, run_after=None
[2026-02-23T10:23:07.478+0000] {processor.py:179} INFO - Processing /opt/airflow/dags/dag.py took 0.299 seconds
[2026-02-23T10:23:37.670+0000] {processor.py:157} INFO - Started process (PID=1200) to work on /opt/airflow/dags/dag.py
[2026-02-23T10:23:37.671+0000] {processor.py:829} INFO - Processing file /opt/airflow/dags/dag.py for tasks to queue
[2026-02-23T10:23:37.672+0000] {logging_mixin.py:151} INFO - [2026-02-23T10:23:37.671+0000] {dagbag.py:539} INFO - Filling up the DagBag from /opt/airflow/dags/dag.py
[2026-02-23T10:23:37.901+0000] {processor.py:839} INFO - DAG(s) dict_keys(['pagination_dag']) retrieved from /opt/airflow/dags/dag.py
[2026-02-23T10:23:37.926+0000] {logging_mixin.py:151} INFO - [2026-02-23T10:23:37.925+0000] {dag.py:2915} INFO - Sync 1 DAGs
[2026-02-23T10:23:37.936+0000] {logging_mixin.py:151} INFO - [2026-02-23T10:23:37.936+0000] {dag.py:3696} INFO - Setting next_dagrun for pagination_dag to None, run_after=None
[2026-02-23T10:23:37.955+0000] {processor.py:179} INFO - Processing /opt/airflow/dags/dag.py took 0.289 seconds
[2026-02-23T10:24:08.151+0000] {processor.py:157} INFO - Started process (PID=1206) to work on /opt/airflow/dags/dag.py
[2026-02-23T10:24:08.152+0000] {processor.py:829} INFO - Processing file /opt/airflow/dags/dag.py for tasks to queue
[2026-02-23T10:24:08.153+0000] {logging_mixin.py:151} INFO - [2026-02-23T10:24:08.153+0000] {dagbag.py:539} INFO - Filling up the DagBag from /opt/airflow/dags/dag.py
[2026-02-23T10:24:08.390+0000] {processor.py:839} INFO - DAG(s) dict_keys(['pagination_dag']) retrieved from /opt/airflow/dags/dag.py
[2026-02-23T10:24:08.416+0000] {logging_mixin.py:151} INFO - [2026-02-23T10:24:08.416+0000] {dag.py:2915} INFO - Sync 1 DAGs
[2026-02-23T10:24:08.427+0000] {logging_mixin.py:151} INFO - [2026-02-23T10:24:08.427+0000] {dag.py:3696} INFO - Setting next_dagrun for pagination_dag to None, run_after=None
[2026-02-23T10:24:08.446+0000] {processor.py:179} INFO - Processing /opt/airflow/dags/dag.py took 0.298 seconds
[2026-02-23T10:24:38.633+0000] {processor.py:157} INFO - Started process (PID=1212) to work on /opt/airflow/dags/dag.py
[2026-02-23T10:24:38.634+0000] {processor.py:829} INFO - Processing file /opt/airflow/dags/dag.py for tasks to queue
[2026-02-23T10:24:38.635+0000] {logging_mixin.py:151} INFO - [2026-02-23T10:24:38.635+0000] {dagbag.py:539} INFO - Filling up the DagBag from /opt/airflow/dags/dag.py
[2026-02-23T10:24:38.866+0000] {processor.py:839} INFO - DAG(s) dict_keys(['pagination_dag']) retrieved from /opt/airflow/dags/dag.py
[2026-02-23T10:24:38.890+0000] {logging_mixin.py:151} INFO - [2026-02-23T10:24:38.890+0000] {dag.py:2915} INFO - Sync 1 DAGs
[2026-02-23T10:24:38.901+0000] {logging_mixin.py:151} INFO - [2026-02-23T10:24:38.901+0000] {dag.py:3696} INFO - Setting next_dagrun for pagination_dag to None, run_after=None
[2026-02-23T10:24:38.919+0000] {processor.py:179} INFO - Processing /opt/airflow/dags/dag.py took 0.289 seconds
[2026-02-23T10:25:09.116+0000] {processor.py:157} INFO - Started process (PID=1218) to work on /opt/airflow/dags/dag.py
[2026-02-23T10:25:09.117+0000] {processor.py:829} INFO - Processing file /opt/airflow/dags/dag.py for tasks to queue
[2026-02-23T10:25:09.118+0000] {logging_mixin.py:151} INFO - [2026-02-23T10:25:09.117+0000] {dagbag.py:539} INFO - Filling up the DagBag from /opt/airflow/dags/dag.py
[2026-02-23T10:25:09.369+0000] {processor.py:839} INFO - DAG(s) dict_keys(['pagination_dag']) retrieved from /opt/airflow/dags/dag.py
[2026-02-23T10:25:09.395+0000] {logging_mixin.py:151} INFO - [2026-02-23T10:25:09.394+0000] {dag.py:2915} INFO - Sync 1 DAGs
[2026-02-23T10:25:09.405+0000] {logging_mixin.py:151} INFO - [2026-02-23T10:25:09.405+0000] {dag.py:3696} INFO - Setting next_dagrun for pagination_dag to None, run_after=None
[2026-02-23T10:25:09.424+0000] {processor.py:179} INFO - Processing /opt/airflow/dags/dag.py took 0.312 seconds
[2026-02-23T10:25:39.622+0000] {processor.py:157} INFO - Started process (PID=1224) to work on /opt/airflow/dags/dag.py
[2026-02-23T10:25:39.623+0000] {processor.py:829} INFO - Processing file /opt/airflow/dags/dag.py for tasks to queue
[2026-02-23T10:25:39.624+0000] {logging_mixin.py:151} INFO - [2026-02-23T10:25:39.624+0000] {dagbag.py:539} INFO - Filling up the DagBag from /opt/airflow/dags/dag.py
[2026-02-23T10:25:39.856+0000] {processor.py:839} INFO - DAG(s) dict_keys(['pagination_dag']) retrieved from /opt/airflow/dags/dag.py
[2026-02-23T10:25:39.881+0000] {logging_mixin.py:151} INFO - [2026-02-23T10:25:39.880+0000] {dag.py:2915} INFO - Sync 1 DAGs
[2026-02-23T10:25:39.892+0000] {logging_mixin.py:151} INFO - [2026-02-23T10:25:39.892+0000] {dag.py:3696} INFO - Setting next_dagrun for pagination_dag to None, run_after=None
[2026-02-23T10:25:39.912+0000] {processor.py:179} INFO - Processing /opt/airflow/dags/dag.py took 0.293 seconds
[2026-02-23T10:26:10.111+0000] {processor.py:157} INFO - Started process (PID=1230) to work on /opt/airflow/dags/dag.py
[2026-02-23T10:26:10.112+0000] {processor.py:829} INFO - Processing file /opt/airflow/dags/dag.py for tasks to queue
[2026-02-23T10:26:10.113+0000] {logging_mixin.py:151} INFO - [2026-02-23T10:26:10.113+0000] {dagbag.py:539} INFO - Filling up the DagBag from /opt/airflow/dags/dag.py
[2026-02-23T10:26:10.378+0000] {processor.py:839} INFO - DAG(s) dict_keys(['pagination_dag']) retrieved from /opt/airflow/dags/dag.py
[2026-02-23T10:26:10.403+0000] {logging_mixin.py:151} INFO - [2026-02-23T10:26:10.403+0000] {dag.py:2915} INFO - Sync 1 DAGs
[2026-02-23T10:26:10.413+0000] {logging_mixin.py:151} INFO - [2026-02-23T10:26:10.413+0000] {dag.py:3696} INFO - Setting next_dagrun for pagination_dag to None, run_after=None
[2026-02-23T10:26:10.432+0000] {processor.py:179} INFO - Processing /opt/airflow/dags/dag.py took 0.324 seconds
[2026-02-23T10:26:40.627+0000] {processor.py:157} INFO - Started process (PID=1236) to work on /opt/airflow/dags/dag.py
[2026-02-23T10:26:40.629+0000] {processor.py:829} INFO - Processing file /opt/airflow/dags/dag.py for tasks to queue
[2026-02-23T10:26:40.630+0000] {logging_mixin.py:151} INFO - [2026-02-23T10:26:40.629+0000] {dagbag.py:539} INFO - Filling up the DagBag from /opt/airflow/dags/dag.py
[2026-02-23T10:26:40.863+0000] {processor.py:839} INFO - DAG(s) dict_keys(['pagination_dag']) retrieved from /opt/airflow/dags/dag.py
[2026-02-23T10:26:40.888+0000] {logging_mixin.py:151} INFO - [2026-02-23T10:26:40.888+0000] {dag.py:2915} INFO - Sync 1 DAGs
[2026-02-23T10:26:40.900+0000] {logging_mixin.py:151} INFO - [2026-02-23T10:26:40.899+0000] {dag.py:3696} INFO - Setting next_dagrun for pagination_dag to None, run_after=None
[2026-02-23T10:26:40.920+0000] {processor.py:179} INFO - Processing /opt/airflow/dags/dag.py took 0.296 seconds
[2026-02-23T10:27:11.132+0000] {processor.py:157} INFO - Started process (PID=1242) to work on /opt/airflow/dags/dag.py
[2026-02-23T10:27:11.133+0000] {processor.py:829} INFO - Processing file /opt/airflow/dags/dag.py for tasks to queue
[2026-02-23T10:27:11.133+0000] {logging_mixin.py:151} INFO - [2026-02-23T10:27:11.133+0000] {dagbag.py:539} INFO - Filling up the DagBag from /opt/airflow/dags/dag.py
[2026-02-23T10:27:11.362+0000] {processor.py:839} INFO - DAG(s) dict_keys(['pagination_dag']) retrieved from /opt/airflow/dags/dag.py
[2026-02-23T10:27:11.385+0000] {logging_mixin.py:151} INFO - [2026-02-23T10:27:11.385+0000] {dag.py:2915} INFO - Sync 1 DAGs
[2026-02-23T10:27:11.395+0000] {logging_mixin.py:151} INFO - [2026-02-23T10:27:11.395+0000] {dag.py:3696} INFO - Setting next_dagrun for pagination_dag to None, run_after=None
[2026-02-23T10:27:11.412+0000] {processor.py:179} INFO - Processing /opt/airflow/dags/dag.py took 0.284 seconds
[2026-02-23T10:27:41.600+0000] {processor.py:157} INFO - Started process (PID=1248) to work on /opt/airflow/dags/dag.py
[2026-02-23T10:27:41.601+0000] {processor.py:829} INFO - Processing file /opt/airflow/dags/dag.py for tasks to queue
[2026-02-23T10:27:41.602+0000] {logging_mixin.py:151} INFO - [2026-02-23T10:27:41.602+0000] {dagbag.py:539} INFO - Filling up the DagBag from /opt/airflow/dags/dag.py
[2026-02-23T10:27:41.833+0000] {processor.py:839} INFO - DAG(s) dict_keys(['pagination_dag']) retrieved from /opt/airflow/dags/dag.py
[2026-02-23T10:27:41.857+0000] {logging_mixin.py:151} INFO - [2026-02-23T10:27:41.856+0000] {dag.py:2915} INFO - Sync 1 DAGs
[2026-02-23T10:27:41.867+0000] {logging_mixin.py:151} INFO - [2026-02-23T10:27:41.867+0000] {dag.py:3696} INFO - Setting next_dagrun for pagination_dag to None, run_after=None
[2026-02-23T10:27:41.885+0000] {processor.py:179} INFO - Processing /opt/airflow/dags/dag.py took 0.288 seconds
[2026-02-23T10:28:12.078+0000] {processor.py:157} INFO - Started process (PID=1254) to work on /opt/airflow/dags/dag.py
[2026-02-23T10:28:12.079+0000] {processor.py:829} INFO - Processing file /opt/airflow/dags/dag.py for tasks to queue
[2026-02-23T10:28:12.080+0000] {logging_mixin.py:151} INFO - [2026-02-23T10:28:12.080+0000] {dagbag.py:539} INFO - Filling up the DagBag from /opt/airflow/dags/dag.py
[2026-02-23T10:28:12.313+0000] {processor.py:839} INFO - DAG(s) dict_keys(['pagination_dag']) retrieved from /opt/airflow/dags/dag.py
[2026-02-23T10:28:12.338+0000] {logging_mixin.py:151} INFO - [2026-02-23T10:28:12.337+0000] {dag.py:2915} INFO - Sync 1 DAGs
[2026-02-23T10:28:12.348+0000] {logging_mixin.py:151} INFO - [2026-02-23T10:28:12.348+0000] {dag.py:3696} INFO - Setting next_dagrun for pagination_dag to None, run_after=None
[2026-02-23T10:28:12.368+0000] {processor.py:179} INFO - Processing /opt/airflow/dags/dag.py took 0.293 seconds
[2026-02-23T10:28:42.560+0000] {processor.py:157} INFO - Started process (PID=1260) to work on /opt/airflow/dags/dag.py
[2026-02-23T10:28:42.561+0000] {processor.py:829} INFO - Processing file /opt/airflow/dags/dag.py for tasks to queue
[2026-02-23T10:28:42.562+0000] {logging_mixin.py:151} INFO - [2026-02-23T10:28:42.562+0000] {dagbag.py:539} INFO - Filling up the DagBag from /opt/airflow/dags/dag.py
[2026-02-23T10:28:42.793+0000] {processor.py:839} INFO - DAG(s) dict_keys(['pagination_dag']) retrieved from /opt/airflow/dags/dag.py
[2026-02-23T10:28:42.818+0000] {logging_mixin.py:151} INFO - [2026-02-23T10:28:42.818+0000] {dag.py:2915} INFO - Sync 1 DAGs
[2026-02-23T10:28:42.829+0000] {logging_mixin.py:151} INFO - [2026-02-23T10:28:42.829+0000] {dag.py:3696} INFO - Setting next_dagrun for pagination_dag to None, run_after=None
[2026-02-23T10:28:42.847+0000] {processor.py:179} INFO - Processing /opt/airflow/dags/dag.py took 0.290 seconds
[2026-02-23T10:29:13.044+0000] {processor.py:157} INFO - Started process (PID=1266) to work on /opt/airflow/dags/dag.py
[2026-02-23T10:29:13.045+0000] {processor.py:829} INFO - Processing file /opt/airflow/dags/dag.py for tasks to queue
[2026-02-23T10:29:13.046+0000] {logging_mixin.py:151} INFO - [2026-02-23T10:29:13.046+0000] {dagbag.py:539} INFO - Filling up the DagBag from /opt/airflow/dags/dag.py
[2026-02-23T10:29:13.273+0000] {processor.py:839} INFO - DAG(s) dict_keys(['pagination_dag']) retrieved from /opt/airflow/dags/dag.py
[2026-02-23T10:29:13.298+0000] {logging_mixin.py:151} INFO - [2026-02-23T10:29:13.298+0000] {dag.py:2915} INFO - Sync 1 DAGs
[2026-02-23T10:29:13.309+0000] {logging_mixin.py:151} INFO - [2026-02-23T10:29:13.308+0000] {dag.py:3696} INFO - Setting next_dagrun for pagination_dag to None, run_after=None
[2026-02-23T10:29:13.326+0000] {processor.py:179} INFO - Processing /opt/airflow/dags/dag.py took 0.285 seconds
[2026-02-23T10:29:43.512+0000] {processor.py:157} INFO - Started process (PID=1272) to work on /opt/airflow/dags/dag.py
[2026-02-23T10:29:43.513+0000] {processor.py:829} INFO - Processing file /opt/airflow/dags/dag.py for tasks to queue
[2026-02-23T10:29:43.514+0000] {logging_mixin.py:151} INFO - [2026-02-23T10:29:43.514+0000] {dagbag.py:539} INFO - Filling up the DagBag from /opt/airflow/dags/dag.py
[2026-02-23T10:29:43.745+0000] {processor.py:839} INFO - DAG(s) dict_keys(['pagination_dag']) retrieved from /opt/airflow/dags/dag.py
[2026-02-23T10:29:43.770+0000] {logging_mixin.py:151} INFO - [2026-02-23T10:29:43.769+0000] {dag.py:2915} INFO - Sync 1 DAGs
[2026-02-23T10:29:43.780+0000] {logging_mixin.py:151} INFO - [2026-02-23T10:29:43.780+0000] {dag.py:3696} INFO - Setting next_dagrun for pagination_dag to None, run_after=None
[2026-02-23T10:29:43.800+0000] {processor.py:179} INFO - Processing /opt/airflow/dags/dag.py took 0.291 seconds
[2026-02-23T10:30:13.998+0000] {processor.py:157} INFO - Started process (PID=1278) to work on /opt/airflow/dags/dag.py
[2026-02-23T10:30:13.999+0000] {processor.py:829} INFO - Processing file /opt/airflow/dags/dag.py for tasks to queue
[2026-02-23T10:30:14.000+0000] {logging_mixin.py:151} INFO - [2026-02-23T10:30:13.999+0000] {dagbag.py:539} INFO - Filling up the DagBag from /opt/airflow/dags/dag.py
[2026-02-23T10:30:14.233+0000] {processor.py:839} INFO - DAG(s) dict_keys(['pagination_dag']) retrieved from /opt/airflow/dags/dag.py
[2026-02-23T10:30:14.260+0000] {logging_mixin.py:151} INFO - [2026-02-23T10:30:14.259+0000] {dag.py:2915} INFO - Sync 1 DAGs
[2026-02-23T10:30:14.271+0000] {logging_mixin.py:151} INFO - [2026-02-23T10:30:14.271+0000] {dag.py:3696} INFO - Setting next_dagrun for pagination_dag to None, run_after=None
[2026-02-23T10:30:14.291+0000] {processor.py:179} INFO - Processing /opt/airflow/dags/dag.py took 0.297 seconds
[2026-02-23T10:30:44.487+0000] {processor.py:157} INFO - Started process (PID=1284) to work on /opt/airflow/dags/dag.py
[2026-02-23T10:30:44.488+0000] {processor.py:829} INFO - Processing file /opt/airflow/dags/dag.py for tasks to queue
[2026-02-23T10:30:44.489+0000] {logging_mixin.py:151} INFO - [2026-02-23T10:30:44.489+0000] {dagbag.py:539} INFO - Filling up the DagBag from /opt/airflow/dags/dag.py
[2026-02-23T10:30:44.727+0000] {processor.py:839} INFO - DAG(s) dict_keys(['pagination_dag']) retrieved from /opt/airflow/dags/dag.py
[2026-02-23T10:30:44.750+0000] {logging_mixin.py:151} INFO - [2026-02-23T10:30:44.750+0000] {dag.py:2915} INFO - Sync 1 DAGs
[2026-02-23T10:30:44.761+0000] {logging_mixin.py:151} INFO - [2026-02-23T10:30:44.761+0000] {dag.py:3696} INFO - Setting next_dagrun for pagination_dag to None, run_after=None
[2026-02-23T10:30:44.780+0000] {processor.py:179} INFO - Processing /opt/airflow/dags/dag.py took 0.296 seconds
[2026-02-23T10:31:14.974+0000] {processor.py:157} INFO - Started process (PID=1290) to work on /opt/airflow/dags/dag.py
[2026-02-23T10:31:14.976+0000] {processor.py:829} INFO - Processing file /opt/airflow/dags/dag.py for tasks to queue
[2026-02-23T10:31:14.977+0000] {logging_mixin.py:151} INFO - [2026-02-23T10:31:14.977+0000] {dagbag.py:539} INFO - Filling up the DagBag from /opt/airflow/dags/dag.py
[2026-02-23T10:31:15.220+0000] {processor.py:839} INFO - DAG(s) dict_keys(['pagination_dag']) retrieved from /opt/airflow/dags/dag.py
[2026-02-23T10:31:15.246+0000] {logging_mixin.py:151} INFO - [2026-02-23T10:31:15.245+0000] {dag.py:2915} INFO - Sync 1 DAGs
[2026-02-23T10:31:15.258+0000] {logging_mixin.py:151} INFO - [2026-02-23T10:31:15.257+0000] {dag.py:3696} INFO - Setting next_dagrun for pagination_dag to None, run_after=None
[2026-02-23T10:31:15.276+0000] {processor.py:179} INFO - Processing /opt/airflow/dags/dag.py took 0.305 seconds
[2026-02-23T10:31:45.466+0000] {processor.py:157} INFO - Started process (PID=1296) to work on /opt/airflow/dags/dag.py
[2026-02-23T10:31:45.468+0000] {processor.py:829} INFO - Processing file /opt/airflow/dags/dag.py for tasks to queue
[2026-02-23T10:31:45.469+0000] {logging_mixin.py:151} INFO - [2026-02-23T10:31:45.468+0000] {dagbag.py:539} INFO - Filling up the DagBag from /opt/airflow/dags/dag.py
[2026-02-23T10:31:45.718+0000] {processor.py:839} INFO - DAG(s) dict_keys(['pagination_dag']) retrieved from /opt/airflow/dags/dag.py
[2026-02-23T10:31:45.744+0000] {logging_mixin.py:151} INFO - [2026-02-23T10:31:45.743+0000] {dag.py:2915} INFO - Sync 1 DAGs
[2026-02-23T10:31:45.756+0000] {logging_mixin.py:151} INFO - [2026-02-23T10:31:45.756+0000] {dag.py:3696} INFO - Setting next_dagrun for pagination_dag to None, run_after=None
[2026-02-23T10:31:45.778+0000] {processor.py:179} INFO - Processing /opt/airflow/dags/dag.py took 0.315 seconds
[2026-02-23T10:32:15.975+0000] {processor.py:157} INFO - Started process (PID=1302) to work on /opt/airflow/dags/dag.py
[2026-02-23T10:32:15.976+0000] {processor.py:829} INFO - Processing file /opt/airflow/dags/dag.py for tasks to queue
[2026-02-23T10:32:15.977+0000] {logging_mixin.py:151} INFO - [2026-02-23T10:32:15.977+0000] {dagbag.py:539} INFO - Filling up the DagBag from /opt/airflow/dags/dag.py
[2026-02-23T10:32:16.222+0000] {processor.py:839} INFO - DAG(s) dict_keys(['pagination_dag']) retrieved from /opt/airflow/dags/dag.py
[2026-02-23T10:32:16.247+0000] {logging_mixin.py:151} INFO - [2026-02-23T10:32:16.246+0000] {dag.py:2915} INFO - Sync 1 DAGs
[2026-02-23T10:32:16.257+0000] {logging_mixin.py:151} INFO - [2026-02-23T10:32:16.257+0000] {dag.py:3696} INFO - Setting next_dagrun for pagination_dag to None, run_after=None
[2026-02-23T10:32:16.276+0000] {processor.py:179} INFO - Processing /opt/airflow/dags/dag.py took 0.306 seconds
[2026-02-23T10:32:46.490+0000] {processor.py:157} INFO - Started process (PID=1308) to work on /opt/airflow/dags/dag.py
[2026-02-23T10:32:46.492+0000] {processor.py:829} INFO - Processing file /opt/airflow/dags/dag.py for tasks to queue
[2026-02-23T10:32:46.493+0000] {logging_mixin.py:151} INFO - [2026-02-23T10:32:46.493+0000] {dagbag.py:539} INFO - Filling up the DagBag from /opt/airflow/dags/dag.py
[2026-02-23T10:32:46.799+0000] {processor.py:839} INFO - DAG(s) dict_keys(['pagination_dag']) retrieved from /opt/airflow/dags/dag.py
[2026-02-23T10:32:46.827+0000] {logging_mixin.py:151} INFO - [2026-02-23T10:32:46.827+0000] {dag.py:2915} INFO - Sync 1 DAGs
[2026-02-23T10:32:46.841+0000] {logging_mixin.py:151} INFO - [2026-02-23T10:32:46.841+0000] {dag.py:3696} INFO - Setting next_dagrun for pagination_dag to None, run_after=None
[2026-02-23T10:32:46.866+0000] {processor.py:179} INFO - Processing /opt/airflow/dags/dag.py took 0.380 seconds
[2026-02-23T10:33:17.030+0000] {processor.py:157} INFO - Started process (PID=1314) to work on /opt/airflow/dags/dag.py
[2026-02-23T10:33:17.031+0000] {processor.py:829} INFO - Processing file /opt/airflow/dags/dag.py for tasks to queue
[2026-02-23T10:33:17.033+0000] {logging_mixin.py:151} INFO - [2026-02-23T10:33:17.033+0000] {dagbag.py:539} INFO - Filling up the DagBag from /opt/airflow/dags/dag.py
[2026-02-23T10:33:17.375+0000] {processor.py:839} INFO - DAG(s) dict_keys(['pagination_dag']) retrieved from /opt/airflow/dags/dag.py
[2026-02-23T10:33:17.411+0000] {logging_mixin.py:151} INFO - [2026-02-23T10:33:17.411+0000] {dag.py:2915} INFO - Sync 1 DAGs
[2026-02-23T10:33:17.427+0000] {logging_mixin.py:151} INFO - [2026-02-23T10:33:17.426+0000] {dag.py:3696} INFO - Setting next_dagrun for pagination_dag to None, run_after=None
[2026-02-23T10:33:17.453+0000] {processor.py:179} INFO - Processing /opt/airflow/dags/dag.py took 0.428 seconds
[2026-02-23T10:33:47.666+0000] {processor.py:157} INFO - Started process (PID=1320) to work on /opt/airflow/dags/dag.py
[2026-02-23T10:33:47.667+0000] {processor.py:829} INFO - Processing file /opt/airflow/dags/dag.py for tasks to queue
[2026-02-23T10:33:47.668+0000] {logging_mixin.py:151} INFO - [2026-02-23T10:33:47.668+0000] {dagbag.py:539} INFO - Filling up the DagBag from /opt/airflow/dags/dag.py
[2026-02-23T10:33:47.910+0000] {processor.py:839} INFO - DAG(s) dict_keys(['pagination_dag']) retrieved from /opt/airflow/dags/dag.py
[2026-02-23T10:33:47.934+0000] {logging_mixin.py:151} INFO - [2026-02-23T10:33:47.934+0000] {dag.py:2915} INFO - Sync 1 DAGs
[2026-02-23T10:33:47.945+0000] {logging_mixin.py:151} INFO - [2026-02-23T10:33:47.945+0000] {dag.py:3696} INFO - Setting next_dagrun for pagination_dag to None, run_after=None
[2026-02-23T10:33:47.967+0000] {processor.py:179} INFO - Processing /opt/airflow/dags/dag.py took 0.304 seconds
[2026-02-23T10:34:18.167+0000] {processor.py:157} INFO - Started process (PID=1326) to work on /opt/airflow/dags/dag.py
[2026-02-23T10:34:18.169+0000] {processor.py:829} INFO - Processing file /opt/airflow/dags/dag.py for tasks to queue
[2026-02-23T10:34:18.170+0000] {logging_mixin.py:151} INFO - [2026-02-23T10:34:18.170+0000] {dagbag.py:539} INFO - Filling up the DagBag from /opt/airflow/dags/dag.py
[2026-02-23T10:34:18.601+0000] {processor.py:839} INFO - DAG(s) dict_keys(['pagination_dag']) retrieved from /opt/airflow/dags/dag.py
[2026-02-23T10:34:18.638+0000] {logging_mixin.py:151} INFO - [2026-02-23T10:34:18.637+0000] {dag.py:2915} INFO - Sync 1 DAGs
[2026-02-23T10:34:18.651+0000] {logging_mixin.py:151} INFO - [2026-02-23T10:34:18.651+0000] {dag.py:3696} INFO - Setting next_dagrun for pagination_dag to None, run_after=None
[2026-02-23T10:34:18.673+0000] {processor.py:179} INFO - Processing /opt/airflow/dags/dag.py took 0.510 seconds
[2026-02-23T10:34:48.879+0000] {processor.py:157} INFO - Started process (PID=1332) to work on /opt/airflow/dags/dag.py
[2026-02-23T10:34:48.880+0000] {processor.py:829} INFO - Processing file /opt/airflow/dags/dag.py for tasks to queue
[2026-02-23T10:34:48.881+0000] {logging_mixin.py:151} INFO - [2026-02-23T10:34:48.881+0000] {dagbag.py:539} INFO - Filling up the DagBag from /opt/airflow/dags/dag.py
[2026-02-23T10:34:49.127+0000] {processor.py:839} INFO - DAG(s) dict_keys(['pagination_dag']) retrieved from /opt/airflow/dags/dag.py
[2026-02-23T10:34:49.154+0000] {logging_mixin.py:151} INFO - [2026-02-23T10:34:49.153+0000] {dag.py:2915} INFO - Sync 1 DAGs
[2026-02-23T10:34:49.165+0000] {logging_mixin.py:151} INFO - [2026-02-23T10:34:49.165+0000] {dag.py:3696} INFO - Setting next_dagrun for pagination_dag to None, run_after=None
[2026-02-23T10:34:49.185+0000] {processor.py:179} INFO - Processing /opt/airflow/dags/dag.py took 0.309 seconds
[2026-02-23T10:35:19.378+0000] {processor.py:157} INFO - Started process (PID=1338) to work on /opt/airflow/dags/dag.py
[2026-02-23T10:35:19.379+0000] {processor.py:829} INFO - Processing file /opt/airflow/dags/dag.py for tasks to queue
[2026-02-23T10:35:19.380+0000] {logging_mixin.py:151} INFO - [2026-02-23T10:35:19.380+0000] {dagbag.py:539} INFO - Filling up the DagBag from /opt/airflow/dags/dag.py
[2026-02-23T10:35:19.645+0000] {processor.py:839} INFO - DAG(s) dict_keys(['pagination_dag']) retrieved from /opt/airflow/dags/dag.py
[2026-02-23T10:35:19.673+0000] {logging_mixin.py:151} INFO - [2026-02-23T10:35:19.672+0000] {dag.py:2915} INFO - Sync 1 DAGs
[2026-02-23T10:35:19.685+0000] {logging_mixin.py:151} INFO - [2026-02-23T10:35:19.685+0000] {dag.py:3696} INFO - Setting next_dagrun for pagination_dag to None, run_after=None
[2026-02-23T10:35:19.707+0000] {processor.py:179} INFO - Processing /opt/airflow/dags/dag.py took 0.333 seconds
[2026-02-23T10:35:49.930+0000] {processor.py:157} INFO - Started process (PID=1344) to work on /opt/airflow/dags/dag.py
[2026-02-23T10:35:49.931+0000] {processor.py:829} INFO - Processing file /opt/airflow/dags/dag.py for tasks to queue
[2026-02-23T10:35:49.932+0000] {logging_mixin.py:151} INFO - [2026-02-23T10:35:49.932+0000] {dagbag.py:539} INFO - Filling up the DagBag from /opt/airflow/dags/dag.py
[2026-02-23T10:35:50.171+0000] {processor.py:839} INFO - DAG(s) dict_keys(['pagination_dag']) retrieved from /opt/airflow/dags/dag.py
[2026-02-23T10:35:50.201+0000] {logging_mixin.py:151} INFO - [2026-02-23T10:35:50.200+0000] {dag.py:2915} INFO - Sync 1 DAGs
[2026-02-23T10:35:50.212+0000] {logging_mixin.py:151} INFO - [2026-02-23T10:35:50.212+0000] {dag.py:3696} INFO - Setting next_dagrun for pagination_dag to None, run_after=None
[2026-02-23T10:35:50.231+0000] {processor.py:179} INFO - Processing /opt/airflow/dags/dag.py took 0.305 seconds
[2026-02-23T10:36:20.428+0000] {processor.py:157} INFO - Started process (PID=1350) to work on /opt/airflow/dags/dag.py
[2026-02-23T10:36:20.429+0000] {processor.py:829} INFO - Processing file /opt/airflow/dags/dag.py for tasks to queue
[2026-02-23T10:36:20.430+0000] {logging_mixin.py:151} INFO - [2026-02-23T10:36:20.430+0000] {dagbag.py:539} INFO - Filling up the DagBag from /opt/airflow/dags/dag.py
[2026-02-23T10:36:20.705+0000] {processor.py:839} INFO - DAG(s) dict_keys(['pagination_dag']) retrieved from /opt/airflow/dags/dag.py
[2026-02-23T10:36:20.732+0000] {logging_mixin.py:151} INFO - [2026-02-23T10:36:20.732+0000] {dag.py:2915} INFO - Sync 1 DAGs
[2026-02-23T10:36:20.745+0000] {logging_mixin.py:151} INFO - [2026-02-23T10:36:20.745+0000] {dag.py:3696} INFO - Setting next_dagrun for pagination_dag to None, run_after=None
[2026-02-23T10:36:20.766+0000] {processor.py:179} INFO - Processing /opt/airflow/dags/dag.py took 0.341 seconds
[2026-02-23T10:36:50.964+0000] {processor.py:157} INFO - Started process (PID=1356) to work on /opt/airflow/dags/dag.py
[2026-02-23T10:36:50.965+0000] {processor.py:829} INFO - Processing file /opt/airflow/dags/dag.py for tasks to queue
[2026-02-23T10:36:50.966+0000] {logging_mixin.py:151} INFO - [2026-02-23T10:36:50.965+0000] {dagbag.py:539} INFO - Filling up the DagBag from /opt/airflow/dags/dag.py
[2026-02-23T10:36:51.192+0000] {processor.py:839} INFO - DAG(s) dict_keys(['pagination_dag']) retrieved from /opt/airflow/dags/dag.py
[2026-02-23T10:36:51.219+0000] {logging_mixin.py:151} INFO - [2026-02-23T10:36:51.218+0000] {dag.py:2915} INFO - Sync 1 DAGs
[2026-02-23T10:36:51.230+0000] {logging_mixin.py:151} INFO - [2026-02-23T10:36:51.230+0000] {dag.py:3696} INFO - Setting next_dagrun for pagination_dag to None, run_after=None
[2026-02-23T10:36:51.250+0000] {processor.py:179} INFO - Processing /opt/airflow/dags/dag.py took 0.289 seconds
[2026-02-23T10:37:21.434+0000] {processor.py:157} INFO - Started process (PID=1362) to work on /opt/airflow/dags/dag.py
[2026-02-23T10:37:21.435+0000] {processor.py:829} INFO - Processing file /opt/airflow/dags/dag.py for tasks to queue
[2026-02-23T10:37:21.436+0000] {logging_mixin.py:151} INFO - [2026-02-23T10:37:21.436+0000] {dagbag.py:539} INFO - Filling up the DagBag from /opt/airflow/dags/dag.py
[2026-02-23T10:37:21.713+0000] {processor.py:839} INFO - DAG(s) dict_keys(['pagination_dag']) retrieved from /opt/airflow/dags/dag.py
[2026-02-23T10:37:21.740+0000] {logging_mixin.py:151} INFO - [2026-02-23T10:37:21.740+0000] {dag.py:2915} INFO - Sync 1 DAGs
[2026-02-23T10:37:21.753+0000] {logging_mixin.py:151} INFO - [2026-02-23T10:37:21.753+0000] {dag.py:3696} INFO - Setting next_dagrun for pagination_dag to None, run_after=None
[2026-02-23T10:37:21.774+0000] {processor.py:179} INFO - Processing /opt/airflow/dags/dag.py took 0.343 seconds
[2026-02-23T10:37:51.959+0000] {processor.py:157} INFO - Started process (PID=1368) to work on /opt/airflow/dags/dag.py
[2026-02-23T10:37:51.960+0000] {processor.py:829} INFO - Processing file /opt/airflow/dags/dag.py for tasks to queue
[2026-02-23T10:37:51.961+0000] {logging_mixin.py:151} INFO - [2026-02-23T10:37:51.961+0000] {dagbag.py:539} INFO - Filling up the DagBag from /opt/airflow/dags/dag.py
[2026-02-23T10:37:52.351+0000] {processor.py:839} INFO - DAG(s) dict_keys(['pagination_dag']) retrieved from /opt/airflow/dags/dag.py
[2026-02-23T10:37:52.383+0000] {logging_mixin.py:151} INFO - [2026-02-23T10:37:52.383+0000] {dag.py:2915} INFO - Sync 1 DAGs
[2026-02-23T10:37:52.394+0000] {logging_mixin.py:151} INFO - [2026-02-23T10:37:52.394+0000] {dag.py:3696} INFO - Setting next_dagrun for pagination_dag to None, run_after=None
[2026-02-23T10:37:52.415+0000] {processor.py:179} INFO - Processing /opt/airflow/dags/dag.py took 0.458 seconds
[2026-02-23T10:38:22.615+0000] {processor.py:157} INFO - Started process (PID=1374) to work on /opt/airflow/dags/dag.py
[2026-02-23T10:38:22.616+0000] {processor.py:829} INFO - Processing file /opt/airflow/dags/dag.py for tasks to queue
[2026-02-23T10:38:22.617+0000] {logging_mixin.py:151} INFO - [2026-02-23T10:38:22.616+0000] {dagbag.py:539} INFO - Filling up the DagBag from /opt/airflow/dags/dag.py
[2026-02-23T10:38:22.875+0000] {processor.py:839} INFO - DAG(s) dict_keys(['pagination_dag']) retrieved from /opt/airflow/dags/dag.py
[2026-02-23T10:38:22.904+0000] {logging_mixin.py:151} INFO - [2026-02-23T10:38:22.904+0000] {dag.py:2915} INFO - Sync 1 DAGs
[2026-02-23T10:38:22.916+0000] {logging_mixin.py:151} INFO - [2026-02-23T10:38:22.916+0000] {dag.py:3696} INFO - Setting next_dagrun for pagination_dag to None, run_after=None
[2026-02-23T10:38:22.937+0000] {processor.py:179} INFO - Processing /opt/airflow/dags/dag.py took 0.326 seconds
[2026-02-23T10:38:53.125+0000] {processor.py:157} INFO - Started process (PID=1380) to work on /opt/airflow/dags/dag.py
[2026-02-23T10:38:53.126+0000] {processor.py:829} INFO - Processing file /opt/airflow/dags/dag.py for tasks to queue
[2026-02-23T10:38:53.127+0000] {logging_mixin.py:151} INFO - [2026-02-23T10:38:53.127+0000] {dagbag.py:539} INFO - Filling up the DagBag from /opt/airflow/dags/dag.py
[2026-02-23T10:38:53.363+0000] {processor.py:839} INFO - DAG(s) dict_keys(['pagination_dag']) retrieved from /opt/airflow/dags/dag.py
[2026-02-23T10:38:53.388+0000] {logging_mixin.py:151} INFO - [2026-02-23T10:38:53.388+0000] {dag.py:2915} INFO - Sync 1 DAGs
[2026-02-23T10:38:53.399+0000] {logging_mixin.py:151} INFO - [2026-02-23T10:38:53.399+0000] {dag.py:3696} INFO - Setting next_dagrun for pagination_dag to None, run_after=None
[2026-02-23T10:38:53.418+0000] {processor.py:179} INFO - Processing /opt/airflow/dags/dag.py took 0.296 seconds
[2026-02-23T10:39:23.597+0000] {processor.py:157} INFO - Started process (PID=1386) to work on /opt/airflow/dags/dag.py
[2026-02-23T10:39:23.598+0000] {processor.py:829} INFO - Processing file /opt/airflow/dags/dag.py for tasks to queue
[2026-02-23T10:39:23.598+0000] {logging_mixin.py:151} INFO - [2026-02-23T10:39:23.598+0000] {dagbag.py:539} INFO - Filling up the DagBag from /opt/airflow/dags/dag.py
[2026-02-23T10:39:23.838+0000] {processor.py:839} INFO - DAG(s) dict_keys(['pagination_dag']) retrieved from /opt/airflow/dags/dag.py
[2026-02-23T10:39:23.865+0000] {logging_mixin.py:151} INFO - [2026-02-23T10:39:23.864+0000] {dag.py:2915} INFO - Sync 1 DAGs
[2026-02-23T10:39:23.877+0000] {logging_mixin.py:151} INFO - [2026-02-23T10:39:23.876+0000] {dag.py:3696} INFO - Setting next_dagrun for pagination_dag to None, run_after=None
[2026-02-23T10:39:23.902+0000] {processor.py:179} INFO - Processing /opt/airflow/dags/dag.py took 0.308 seconds
[2026-02-23T10:39:54.094+0000] {processor.py:157} INFO - Started process (PID=1392) to work on /opt/airflow/dags/dag.py
[2026-02-23T10:39:54.096+0000] {processor.py:829} INFO - Processing file /opt/airflow/dags/dag.py for tasks to queue
[2026-02-23T10:39:54.097+0000] {logging_mixin.py:151} INFO - [2026-02-23T10:39:54.097+0000] {dagbag.py:539} INFO - Filling up the DagBag from /opt/airflow/dags/dag.py
[2026-02-23T10:39:54.333+0000] {processor.py:839} INFO - DAG(s) dict_keys(['pagination_dag']) retrieved from /opt/airflow/dags/dag.py
[2026-02-23T10:39:54.357+0000] {logging_mixin.py:151} INFO - [2026-02-23T10:39:54.357+0000] {dag.py:2915} INFO - Sync 1 DAGs
[2026-02-23T10:39:54.369+0000] {logging_mixin.py:151} INFO - [2026-02-23T10:39:54.368+0000] {dag.py:3696} INFO - Setting next_dagrun for pagination_dag to None, run_after=None
[2026-02-23T10:39:54.389+0000] {processor.py:179} INFO - Processing /opt/airflow/dags/dag.py took 0.298 seconds
[2026-02-23T10:40:24.577+0000] {processor.py:157} INFO - Started process (PID=1398) to work on /opt/airflow/dags/dag.py
[2026-02-23T10:40:24.578+0000] {processor.py:829} INFO - Processing file /opt/airflow/dags/dag.py for tasks to queue
[2026-02-23T10:40:24.579+0000] {logging_mixin.py:151} INFO - [2026-02-23T10:40:24.578+0000] {dagbag.py:539} INFO - Filling up the DagBag from /opt/airflow/dags/dag.py
[2026-02-23T10:40:24.819+0000] {processor.py:839} INFO - DAG(s) dict_keys(['pagination_dag']) retrieved from /opt/airflow/dags/dag.py
[2026-02-23T10:40:24.846+0000] {logging_mixin.py:151} INFO - [2026-02-23T10:40:24.845+0000] {dag.py:2915} INFO - Sync 1 DAGs
[2026-02-23T10:40:24.857+0000] {logging_mixin.py:151} INFO - [2026-02-23T10:40:24.857+0000] {dag.py:3696} INFO - Setting next_dagrun for pagination_dag to None, run_after=None
[2026-02-23T10:40:24.877+0000] {processor.py:179} INFO - Processing /opt/airflow/dags/dag.py took 0.303 seconds
[2026-02-23T10:40:55.058+0000] {processor.py:157} INFO - Started process (PID=1404) to work on /opt/airflow/dags/dag.py
[2026-02-23T10:40:55.059+0000] {processor.py:829} INFO - Processing file /opt/airflow/dags/dag.py for tasks to queue
[2026-02-23T10:40:55.060+0000] {logging_mixin.py:151} INFO - [2026-02-23T10:40:55.059+0000] {dagbag.py:539} INFO - Filling up the DagBag from /opt/airflow/dags/dag.py
[2026-02-23T10:40:55.291+0000] {processor.py:839} INFO - DAG(s) dict_keys(['pagination_dag']) retrieved from /opt/airflow/dags/dag.py
[2026-02-23T10:40:55.315+0000] {logging_mixin.py:151} INFO - [2026-02-23T10:40:55.315+0000] {dag.py:2915} INFO - Sync 1 DAGs
[2026-02-23T10:40:55.326+0000] {logging_mixin.py:151} INFO - [2026-02-23T10:40:55.325+0000] {dag.py:3696} INFO - Setting next_dagrun for pagination_dag to None, run_after=None
[2026-02-23T10:40:55.345+0000] {processor.py:179} INFO - Processing /opt/airflow/dags/dag.py took 0.292 seconds
[2026-02-23T10:41:25.527+0000] {processor.py:157} INFO - Started process (PID=1410) to work on /opt/airflow/dags/dag.py
[2026-02-23T10:41:25.528+0000] {processor.py:829} INFO - Processing file /opt/airflow/dags/dag.py for tasks to queue
[2026-02-23T10:41:25.529+0000] {logging_mixin.py:151} INFO - [2026-02-23T10:41:25.529+0000] {dagbag.py:539} INFO - Filling up the DagBag from /opt/airflow/dags/dag.py
[2026-02-23T10:41:25.768+0000] {processor.py:839} INFO - DAG(s) dict_keys(['pagination_dag']) retrieved from /opt/airflow/dags/dag.py
[2026-02-23T10:41:25.793+0000] {logging_mixin.py:151} INFO - [2026-02-23T10:41:25.793+0000] {dag.py:2915} INFO - Sync 1 DAGs
[2026-02-23T10:41:25.804+0000] {logging_mixin.py:151} INFO - [2026-02-23T10:41:25.804+0000] {dag.py:3696} INFO - Setting next_dagrun for pagination_dag to None, run_after=None
[2026-02-23T10:41:25.824+0000] {processor.py:179} INFO - Processing /opt/airflow/dags/dag.py took 0.300 seconds
[2026-02-23T10:41:56.018+0000] {processor.py:157} INFO - Started process (PID=1416) to work on /opt/airflow/dags/dag.py
[2026-02-23T10:41:56.019+0000] {processor.py:829} INFO - Processing file /opt/airflow/dags/dag.py for tasks to queue
[2026-02-23T10:41:56.020+0000] {logging_mixin.py:151} INFO - [2026-02-23T10:41:56.020+0000] {dagbag.py:539} INFO - Filling up the DagBag from /opt/airflow/dags/dag.py
[2026-02-23T10:41:56.251+0000] {processor.py:839} INFO - DAG(s) dict_keys(['pagination_dag']) retrieved from /opt/airflow/dags/dag.py
[2026-02-23T10:41:56.275+0000] {logging_mixin.py:151} INFO - [2026-02-23T10:41:56.274+0000] {dag.py:2915} INFO - Sync 1 DAGs
[2026-02-23T10:41:56.285+0000] {logging_mixin.py:151} INFO - [2026-02-23T10:41:56.285+0000] {dag.py:3696} INFO - Setting next_dagrun for pagination_dag to None, run_after=None
[2026-02-23T10:41:56.304+0000] {processor.py:179} INFO - Processing /opt/airflow/dags/dag.py took 0.289 seconds
[2026-02-23T10:42:26.501+0000] {processor.py:157} INFO - Started process (PID=1422) to work on /opt/airflow/dags/dag.py
[2026-02-23T10:42:26.502+0000] {processor.py:829} INFO - Processing file /opt/airflow/dags/dag.py for tasks to queue
[2026-02-23T10:42:26.503+0000] {logging_mixin.py:151} INFO - [2026-02-23T10:42:26.503+0000] {dagbag.py:539} INFO - Filling up the DagBag from /opt/airflow/dags/dag.py
[2026-02-23T10:42:26.733+0000] {processor.py:839} INFO - DAG(s) dict_keys(['pagination_dag']) retrieved from /opt/airflow/dags/dag.py
[2026-02-23T10:42:26.757+0000] {logging_mixin.py:151} INFO - [2026-02-23T10:42:26.756+0000] {dag.py:2915} INFO - Sync 1 DAGs
[2026-02-23T10:42:26.767+0000] {logging_mixin.py:151} INFO - [2026-02-23T10:42:26.767+0000] {dag.py:3696} INFO - Setting next_dagrun for pagination_dag to None, run_after=None
[2026-02-23T10:42:26.789+0000] {processor.py:179} INFO - Processing /opt/airflow/dags/dag.py took 0.290 seconds
[2026-02-23T10:42:56.981+0000] {processor.py:157} INFO - Started process (PID=1428) to work on /opt/airflow/dags/dag.py
[2026-02-23T10:42:56.982+0000] {processor.py:829} INFO - Processing file /opt/airflow/dags/dag.py for tasks to queue
[2026-02-23T10:42:56.983+0000] {logging_mixin.py:151} INFO - [2026-02-23T10:42:56.983+0000] {dagbag.py:539} INFO - Filling up the DagBag from /opt/airflow/dags/dag.py
[2026-02-23T10:42:57.215+0000] {processor.py:839} INFO - DAG(s) dict_keys(['pagination_dag']) retrieved from /opt/airflow/dags/dag.py
[2026-02-23T10:42:57.240+0000] {logging_mixin.py:151} INFO - [2026-02-23T10:42:57.240+0000] {dag.py:2915} INFO - Sync 1 DAGs
[2026-02-23T10:42:57.252+0000] {logging_mixin.py:151} INFO - [2026-02-23T10:42:57.252+0000] {dag.py:3696} INFO - Setting next_dagrun for pagination_dag to None, run_after=None
[2026-02-23T10:42:57.271+0000] {processor.py:179} INFO - Processing /opt/airflow/dags/dag.py took 0.293 seconds
[2026-02-23T10:43:27.475+0000] {processor.py:157} INFO - Started process (PID=1434) to work on /opt/airflow/dags/dag.py
[2026-02-23T10:43:27.476+0000] {processor.py:829} INFO - Processing file /opt/airflow/dags/dag.py for tasks to queue
[2026-02-23T10:43:27.477+0000] {logging_mixin.py:151} INFO - [2026-02-23T10:43:27.477+0000] {dagbag.py:539} INFO - Filling up the DagBag from /opt/airflow/dags/dag.py
[2026-02-23T10:43:27.707+0000] {processor.py:839} INFO - DAG(s) dict_keys(['pagination_dag']) retrieved from /opt/airflow/dags/dag.py
[2026-02-23T10:43:27.734+0000] {logging_mixin.py:151} INFO - [2026-02-23T10:43:27.733+0000] {dag.py:2915} INFO - Sync 1 DAGs
[2026-02-23T10:43:27.745+0000] {logging_mixin.py:151} INFO - [2026-02-23T10:43:27.745+0000] {dag.py:3696} INFO - Setting next_dagrun for pagination_dag to None, run_after=None
[2026-02-23T10:43:27.765+0000] {processor.py:179} INFO - Processing /opt/airflow/dags/dag.py took 0.293 seconds
[2026-02-23T10:43:57.958+0000] {processor.py:157} INFO - Started process (PID=1440) to work on /opt/airflow/dags/dag.py
[2026-02-23T10:43:57.959+0000] {processor.py:829} INFO - Processing file /opt/airflow/dags/dag.py for tasks to queue
[2026-02-23T10:43:57.960+0000] {logging_mixin.py:151} INFO - [2026-02-23T10:43:57.959+0000] {dagbag.py:539} INFO - Filling up the DagBag from /opt/airflow/dags/dag.py
[2026-02-23T10:43:58.241+0000] {processor.py:839} INFO - DAG(s) dict_keys(['pagination_dag']) retrieved from /opt/airflow/dags/dag.py
[2026-02-23T10:43:58.267+0000] {logging_mixin.py:151} INFO - [2026-02-23T10:43:58.266+0000] {dag.py:2915} INFO - Sync 1 DAGs
[2026-02-23T10:43:58.277+0000] {logging_mixin.py:151} INFO - [2026-02-23T10:43:58.277+0000] {dag.py:3696} INFO - Setting next_dagrun for pagination_dag to None, run_after=None
[2026-02-23T10:43:58.295+0000] {processor.py:179} INFO - Processing /opt/airflow/dags/dag.py took 0.341 seconds
[2026-02-23T10:44:28.495+0000] {processor.py:157} INFO - Started process (PID=1446) to work on /opt/airflow/dags/dag.py
[2026-02-23T10:44:28.496+0000] {processor.py:829} INFO - Processing file /opt/airflow/dags/dag.py for tasks to queue
[2026-02-23T10:44:28.497+0000] {logging_mixin.py:151} INFO - [2026-02-23T10:44:28.496+0000] {dagbag.py:539} INFO - Filling up the DagBag from /opt/airflow/dags/dag.py
[2026-02-23T10:44:28.734+0000] {processor.py:839} INFO - DAG(s) dict_keys(['pagination_dag']) retrieved from /opt/airflow/dags/dag.py
[2026-02-23T10:44:28.758+0000] {logging_mixin.py:151} INFO - [2026-02-23T10:44:28.758+0000] {dag.py:2915} INFO - Sync 1 DAGs
[2026-02-23T10:44:28.769+0000] {logging_mixin.py:151} INFO - [2026-02-23T10:44:28.768+0000] {dag.py:3696} INFO - Setting next_dagrun for pagination_dag to None, run_after=None
[2026-02-23T10:44:28.786+0000] {processor.py:179} INFO - Processing /opt/airflow/dags/dag.py took 0.295 seconds
[2026-02-23T10:44:58.980+0000] {processor.py:157} INFO - Started process (PID=1452) to work on /opt/airflow/dags/dag.py
[2026-02-23T10:44:58.981+0000] {processor.py:829} INFO - Processing file /opt/airflow/dags/dag.py for tasks to queue
[2026-02-23T10:44:58.982+0000] {logging_mixin.py:151} INFO - [2026-02-23T10:44:58.982+0000] {dagbag.py:539} INFO - Filling up the DagBag from /opt/airflow/dags/dag.py
[2026-02-23T10:44:59.219+0000] {processor.py:839} INFO - DAG(s) dict_keys(['pagination_dag']) retrieved from /opt/airflow/dags/dag.py
[2026-02-23T10:44:59.244+0000] {logging_mixin.py:151} INFO - [2026-02-23T10:44:59.243+0000] {dag.py:2915} INFO - Sync 1 DAGs
[2026-02-23T10:44:59.254+0000] {logging_mixin.py:151} INFO - [2026-02-23T10:44:59.254+0000] {dag.py:3696} INFO - Setting next_dagrun for pagination_dag to None, run_after=None
[2026-02-23T10:44:59.273+0000] {processor.py:179} INFO - Processing /opt/airflow/dags/dag.py took 0.296 seconds
[2026-02-23T10:45:29.466+0000] {processor.py:157} INFO - Started process (PID=1458) to work on /opt/airflow/dags/dag.py
[2026-02-23T10:45:29.467+0000] {processor.py:829} INFO - Processing file /opt/airflow/dags/dag.py for tasks to queue
[2026-02-23T10:45:29.468+0000] {logging_mixin.py:151} INFO - [2026-02-23T10:45:29.467+0000] {dagbag.py:539} INFO - Filling up the DagBag from /opt/airflow/dags/dag.py
[2026-02-23T10:45:29.703+0000] {processor.py:839} INFO - DAG(s) dict_keys(['pagination_dag']) retrieved from /opt/airflow/dags/dag.py
[2026-02-23T10:45:29.729+0000] {logging_mixin.py:151} INFO - [2026-02-23T10:45:29.728+0000] {dag.py:2915} INFO - Sync 1 DAGs
[2026-02-23T10:45:29.739+0000] {logging_mixin.py:151} INFO - [2026-02-23T10:45:29.739+0000] {dag.py:3696} INFO - Setting next_dagrun for pagination_dag to None, run_after=None
[2026-02-23T10:45:29.761+0000] {processor.py:179} INFO - Processing /opt/airflow/dags/dag.py took 0.299 seconds
[2026-02-23T10:45:59.955+0000] {processor.py:157} INFO - Started process (PID=1464) to work on /opt/airflow/dags/dag.py
[2026-02-23T10:45:59.956+0000] {processor.py:829} INFO - Processing file /opt/airflow/dags/dag.py for tasks to queue
[2026-02-23T10:45:59.957+0000] {logging_mixin.py:151} INFO - [2026-02-23T10:45:59.957+0000] {dagbag.py:539} INFO - Filling up the DagBag from /opt/airflow/dags/dag.py
[2026-02-23T10:46:00.196+0000] {processor.py:839} INFO - DAG(s) dict_keys(['pagination_dag']) retrieved from /opt/airflow/dags/dag.py
[2026-02-23T10:46:00.221+0000] {logging_mixin.py:151} INFO - [2026-02-23T10:46:00.221+0000] {dag.py:2915} INFO - Sync 1 DAGs
[2026-02-23T10:46:00.233+0000] {logging_mixin.py:151} INFO - [2026-02-23T10:46:00.233+0000] {dag.py:3696} INFO - Setting next_dagrun for pagination_dag to None, run_after=None
[2026-02-23T10:46:00.250+0000] {processor.py:179} INFO - Processing /opt/airflow/dags/dag.py took 0.299 seconds
[2026-02-23T10:46:30.436+0000] {processor.py:157} INFO - Started process (PID=1470) to work on /opt/airflow/dags/dag.py
[2026-02-23T10:46:30.437+0000] {processor.py:829} INFO - Processing file /opt/airflow/dags/dag.py for tasks to queue
[2026-02-23T10:46:30.438+0000] {logging_mixin.py:151} INFO - [2026-02-23T10:46:30.438+0000] {dagbag.py:539} INFO - Filling up the DagBag from /opt/airflow/dags/dag.py
[2026-02-23T10:46:30.671+0000] {processor.py:839} INFO - DAG(s) dict_keys(['pagination_dag']) retrieved from /opt/airflow/dags/dag.py
[2026-02-23T10:46:30.696+0000] {logging_mixin.py:151} INFO - [2026-02-23T10:46:30.695+0000] {dag.py:2915} INFO - Sync 1 DAGs
[2026-02-23T10:46:30.707+0000] {logging_mixin.py:151} INFO - [2026-02-23T10:46:30.706+0000] {dag.py:3696} INFO - Setting next_dagrun for pagination_dag to None, run_after=None
[2026-02-23T10:46:30.726+0000] {processor.py:179} INFO - Processing /opt/airflow/dags/dag.py took 0.294 seconds
[2026-02-23T10:47:00.938+0000] {processor.py:157} INFO - Started process (PID=1476) to work on /opt/airflow/dags/dag.py
[2026-02-23T10:47:00.939+0000] {processor.py:829} INFO - Processing file /opt/airflow/dags/dag.py for tasks to queue
[2026-02-23T10:47:00.940+0000] {logging_mixin.py:151} INFO - [2026-02-23T10:47:00.940+0000] {dagbag.py:539} INFO - Filling up the DagBag from /opt/airflow/dags/dag.py
[2026-02-23T10:47:01.176+0000] {processor.py:839} INFO - DAG(s) dict_keys(['pagination_dag']) retrieved from /opt/airflow/dags/dag.py
[2026-02-23T10:47:01.200+0000] {logging_mixin.py:151} INFO - [2026-02-23T10:47:01.200+0000] {dag.py:2915} INFO - Sync 1 DAGs
[2026-02-23T10:47:01.210+0000] {logging_mixin.py:151} INFO - [2026-02-23T10:47:01.210+0000] {dag.py:3696} INFO - Setting next_dagrun for pagination_dag to None, run_after=None
[2026-02-23T10:47:01.229+0000] {processor.py:179} INFO - Processing /opt/airflow/dags/dag.py took 0.295 seconds
[2026-02-23T10:47:31.417+0000] {processor.py:157} INFO - Started process (PID=1482) to work on /opt/airflow/dags/dag.py
[2026-02-23T10:47:31.419+0000] {processor.py:829} INFO - Processing file /opt/airflow/dags/dag.py for tasks to queue
[2026-02-23T10:47:31.420+0000] {logging_mixin.py:151} INFO - [2026-02-23T10:47:31.419+0000] {dagbag.py:539} INFO - Filling up the DagBag from /opt/airflow/dags/dag.py
[2026-02-23T10:47:31.657+0000] {processor.py:839} INFO - DAG(s) dict_keys(['pagination_dag']) retrieved from /opt/airflow/dags/dag.py
[2026-02-23T10:47:31.682+0000] {logging_mixin.py:151} INFO - [2026-02-23T10:47:31.682+0000] {dag.py:2915} INFO - Sync 1 DAGs
[2026-02-23T10:47:31.693+0000] {logging_mixin.py:151} INFO - [2026-02-23T10:47:31.693+0000] {dag.py:3696} INFO - Setting next_dagrun for pagination_dag to None, run_after=None
[2026-02-23T10:47:31.713+0000] {processor.py:179} INFO - Processing /opt/airflow/dags/dag.py took 0.298 seconds
[2026-02-23T10:48:01.897+0000] {processor.py:157} INFO - Started process (PID=1488) to work on /opt/airflow/dags/dag.py
[2026-02-23T10:48:01.898+0000] {processor.py:829} INFO - Processing file /opt/airflow/dags/dag.py for tasks to queue
[2026-02-23T10:48:01.899+0000] {logging_mixin.py:151} INFO - [2026-02-23T10:48:01.899+0000] {dagbag.py:539} INFO - Filling up the DagBag from /opt/airflow/dags/dag.py
[2026-02-23T10:48:02.136+0000] {processor.py:839} INFO - DAG(s) dict_keys(['pagination_dag']) retrieved from /opt/airflow/dags/dag.py
[2026-02-23T10:48:02.161+0000] {logging_mixin.py:151} INFO - [2026-02-23T10:48:02.160+0000] {dag.py:2915} INFO - Sync 1 DAGs
[2026-02-23T10:48:02.171+0000] {logging_mixin.py:151} INFO - [2026-02-23T10:48:02.171+0000] {dag.py:3696} INFO - Setting next_dagrun for pagination_dag to None, run_after=None
[2026-02-23T10:48:02.190+0000] {processor.py:179} INFO - Processing /opt/airflow/dags/dag.py took 0.296 seconds
[2026-02-23T10:48:32.376+0000] {processor.py:157} INFO - Started process (PID=1494) to work on /opt/airflow/dags/dag.py
[2026-02-23T10:48:32.377+0000] {processor.py:829} INFO - Processing file /opt/airflow/dags/dag.py for tasks to queue
[2026-02-23T10:48:32.378+0000] {logging_mixin.py:151} INFO - [2026-02-23T10:48:32.378+0000] {dagbag.py:539} INFO - Filling up the DagBag from /opt/airflow/dags/dag.py
[2026-02-23T10:48:32.611+0000] {processor.py:839} INFO - DAG(s) dict_keys(['pagination_dag']) retrieved from /opt/airflow/dags/dag.py
[2026-02-23T10:48:32.636+0000] {logging_mixin.py:151} INFO - [2026-02-23T10:48:32.636+0000] {dag.py:2915} INFO - Sync 1 DAGs
[2026-02-23T10:48:32.648+0000] {logging_mixin.py:151} INFO - [2026-02-23T10:48:32.648+0000] {dag.py:3696} INFO - Setting next_dagrun for pagination_dag to None, run_after=None
[2026-02-23T10:48:32.665+0000] {processor.py:179} INFO - Processing /opt/airflow/dags/dag.py took 0.292 seconds
[2026-02-23T10:49:02.854+0000] {processor.py:157} INFO - Started process (PID=1500) to work on /opt/airflow/dags/dag.py
[2026-02-23T10:49:02.855+0000] {processor.py:829} INFO - Processing file /opt/airflow/dags/dag.py for tasks to queue
[2026-02-23T10:49:02.856+0000] {logging_mixin.py:151} INFO - [2026-02-23T10:49:02.856+0000] {dagbag.py:539} INFO - Filling up the DagBag from /opt/airflow/dags/dag.py
[2026-02-23T10:49:03.092+0000] {processor.py:839} INFO - DAG(s) dict_keys(['pagination_dag']) retrieved from /opt/airflow/dags/dag.py
[2026-02-23T10:49:03.117+0000] {logging_mixin.py:151} INFO - [2026-02-23T10:49:03.117+0000] {dag.py:2915} INFO - Sync 1 DAGs
[2026-02-23T10:49:03.128+0000] {logging_mixin.py:151} INFO - [2026-02-23T10:49:03.128+0000] {dag.py:3696} INFO - Setting next_dagrun for pagination_dag to None, run_after=None
[2026-02-23T10:49:03.150+0000] {processor.py:179} INFO - Processing /opt/airflow/dags/dag.py took 0.299 seconds
[2026-02-23T10:49:33.345+0000] {processor.py:157} INFO - Started process (PID=1506) to work on /opt/airflow/dags/dag.py
[2026-02-23T10:49:33.346+0000] {processor.py:829} INFO - Processing file /opt/airflow/dags/dag.py for tasks to queue
[2026-02-23T10:49:33.347+0000] {logging_mixin.py:151} INFO - [2026-02-23T10:49:33.347+0000] {dagbag.py:539} INFO - Filling up the DagBag from /opt/airflow/dags/dag.py
[2026-02-23T10:49:33.583+0000] {processor.py:839} INFO - DAG(s) dict_keys(['pagination_dag']) retrieved from /opt/airflow/dags/dag.py
[2026-02-23T10:49:33.608+0000] {logging_mixin.py:151} INFO - [2026-02-23T10:49:33.607+0000] {dag.py:2915} INFO - Sync 1 DAGs
[2026-02-23T10:49:33.618+0000] {logging_mixin.py:151} INFO - [2026-02-23T10:49:33.618+0000] {dag.py:3696} INFO - Setting next_dagrun for pagination_dag to None, run_after=None
[2026-02-23T10:49:33.635+0000] {processor.py:179} INFO - Processing /opt/airflow/dags/dag.py took 0.293 seconds
[2026-02-23T10:50:03.826+0000] {processor.py:157} INFO - Started process (PID=1512) to work on /opt/airflow/dags/dag.py
[2026-02-23T10:50:03.827+0000] {processor.py:829} INFO - Processing file /opt/airflow/dags/dag.py for tasks to queue
[2026-02-23T10:50:03.828+0000] {logging_mixin.py:151} INFO - [2026-02-23T10:50:03.828+0000] {dagbag.py:539} INFO - Filling up the DagBag from /opt/airflow/dags/dag.py
[2026-02-23T10:50:04.060+0000] {processor.py:839} INFO - DAG(s) dict_keys(['pagination_dag']) retrieved from /opt/airflow/dags/dag.py
[2026-02-23T10:50:04.084+0000] {logging_mixin.py:151} INFO - [2026-02-23T10:50:04.083+0000] {dag.py:2915} INFO - Sync 1 DAGs
[2026-02-23T10:50:04.094+0000] {logging_mixin.py:151} INFO - [2026-02-23T10:50:04.094+0000] {dag.py:3696} INFO - Setting next_dagrun for pagination_dag to None, run_after=None
[2026-02-23T10:50:04.113+0000] {processor.py:179} INFO - Processing /opt/airflow/dags/dag.py took 0.291 seconds
[2026-02-23T10:50:34.304+0000] {processor.py:157} INFO - Started process (PID=1518) to work on /opt/airflow/dags/dag.py
[2026-02-23T10:50:34.305+0000] {processor.py:829} INFO - Processing file /opt/airflow/dags/dag.py for tasks to queue
[2026-02-23T10:50:34.306+0000] {logging_mixin.py:151} INFO - [2026-02-23T10:50:34.305+0000] {dagbag.py:539} INFO - Filling up the DagBag from /opt/airflow/dags/dag.py
[2026-02-23T10:50:34.544+0000] {processor.py:839} INFO - DAG(s) dict_keys(['pagination_dag']) retrieved from /opt/airflow/dags/dag.py
[2026-02-23T10:50:34.568+0000] {logging_mixin.py:151} INFO - [2026-02-23T10:50:34.567+0000] {dag.py:2915} INFO - Sync 1 DAGs
[2026-02-23T10:50:34.578+0000] {logging_mixin.py:151} INFO - [2026-02-23T10:50:34.578+0000] {dag.py:3696} INFO - Setting next_dagrun for pagination_dag to None, run_after=None
[2026-02-23T10:50:34.597+0000] {processor.py:179} INFO - Processing /opt/airflow/dags/dag.py took 0.296 seconds
[2026-02-23T10:51:04.782+0000] {processor.py:157} INFO - Started process (PID=1524) to work on /opt/airflow/dags/dag.py
[2026-02-23T10:51:04.783+0000] {processor.py:829} INFO - Processing file /opt/airflow/dags/dag.py for tasks to queue
[2026-02-23T10:51:04.784+0000] {logging_mixin.py:151} INFO - [2026-02-23T10:51:04.784+0000] {dagbag.py:539} INFO - Filling up the DagBag from /opt/airflow/dags/dag.py
[2026-02-23T10:51:05.027+0000] {processor.py:839} INFO - DAG(s) dict_keys(['pagination_dag']) retrieved from /opt/airflow/dags/dag.py
[2026-02-23T10:51:05.053+0000] {logging_mixin.py:151} INFO - [2026-02-23T10:51:05.053+0000] {dag.py:2915} INFO - Sync 1 DAGs
[2026-02-23T10:51:05.065+0000] {logging_mixin.py:151} INFO - [2026-02-23T10:51:05.065+0000] {dag.py:3696} INFO - Setting next_dagrun for pagination_dag to None, run_after=None
[2026-02-23T10:51:05.088+0000] {processor.py:179} INFO - Processing /opt/airflow/dags/dag.py took 0.308 seconds
[2026-02-23T10:51:35.283+0000] {processor.py:157} INFO - Started process (PID=1530) to work on /opt/airflow/dags/dag.py
[2026-02-23T10:51:35.284+0000] {processor.py:829} INFO - Processing file /opt/airflow/dags/dag.py for tasks to queue
[2026-02-23T10:51:35.286+0000] {logging_mixin.py:151} INFO - [2026-02-23T10:51:35.285+0000] {dagbag.py:539} INFO - Filling up the DagBag from /opt/airflow/dags/dag.py
[2026-02-23T10:51:35.538+0000] {processor.py:839} INFO - DAG(s) dict_keys(['pagination_dag']) retrieved from /opt/airflow/dags/dag.py
[2026-02-23T10:51:35.562+0000] {logging_mixin.py:151} INFO - [2026-02-23T10:51:35.562+0000] {dag.py:2915} INFO - Sync 1 DAGs
[2026-02-23T10:51:35.574+0000] {logging_mixin.py:151} INFO - [2026-02-23T10:51:35.573+0000] {dag.py:3696} INFO - Setting next_dagrun for pagination_dag to None, run_after=None
[2026-02-23T10:51:35.591+0000] {processor.py:179} INFO - Processing /opt/airflow/dags/dag.py took 0.312 seconds
[2026-02-23T10:52:05.782+0000] {processor.py:157} INFO - Started process (PID=1536) to work on /opt/airflow/dags/dag.py
[2026-02-23T10:52:05.783+0000] {processor.py:829} INFO - Processing file /opt/airflow/dags/dag.py for tasks to queue
[2026-02-23T10:52:05.784+0000] {logging_mixin.py:151} INFO - [2026-02-23T10:52:05.784+0000] {dagbag.py:539} INFO - Filling up the DagBag from /opt/airflow/dags/dag.py
[2026-02-23T10:52:06.025+0000] {processor.py:839} INFO - DAG(s) dict_keys(['pagination_dag']) retrieved from /opt/airflow/dags/dag.py
[2026-02-23T10:52:06.048+0000] {logging_mixin.py:151} INFO - [2026-02-23T10:52:06.048+0000] {dag.py:2915} INFO - Sync 1 DAGs
[2026-02-23T10:52:06.059+0000] {logging_mixin.py:151} INFO - [2026-02-23T10:52:06.059+0000] {dag.py:3696} INFO - Setting next_dagrun for pagination_dag to None, run_after=None
[2026-02-23T10:52:06.078+0000] {processor.py:179} INFO - Processing /opt/airflow/dags/dag.py took 0.300 seconds
[2026-02-23T10:52:36.268+0000] {processor.py:157} INFO - Started process (PID=1542) to work on /opt/airflow/dags/dag.py
[2026-02-23T10:52:36.269+0000] {processor.py:829} INFO - Processing file /opt/airflow/dags/dag.py for tasks to queue
[2026-02-23T10:52:36.270+0000] {logging_mixin.py:151} INFO - [2026-02-23T10:52:36.270+0000] {dagbag.py:539} INFO - Filling up the DagBag from /opt/airflow/dags/dag.py
[2026-02-23T10:52:36.546+0000] {processor.py:839} INFO - DAG(s) dict_keys(['pagination_dag']) retrieved from /opt/airflow/dags/dag.py
[2026-02-23T10:52:36.574+0000] {logging_mixin.py:151} INFO - [2026-02-23T10:52:36.574+0000] {dag.py:2915} INFO - Sync 1 DAGs
[2026-02-23T10:52:36.586+0000] {logging_mixin.py:151} INFO - [2026-02-23T10:52:36.586+0000] {dag.py:3696} INFO - Setting next_dagrun for pagination_dag to None, run_after=None
[2026-02-23T10:52:36.604+0000] {processor.py:179} INFO - Processing /opt/airflow/dags/dag.py took 0.340 seconds
[2026-02-23T10:53:06.798+0000] {processor.py:157} INFO - Started process (PID=1548) to work on /opt/airflow/dags/dag.py
[2026-02-23T10:53:06.799+0000] {processor.py:829} INFO - Processing file /opt/airflow/dags/dag.py for tasks to queue
[2026-02-23T10:53:06.800+0000] {logging_mixin.py:151} INFO - [2026-02-23T10:53:06.800+0000] {dagbag.py:539} INFO - Filling up the DagBag from /opt/airflow/dags/dag.py
[2026-02-23T10:53:07.068+0000] {processor.py:839} INFO - DAG(s) dict_keys(['pagination_dag']) retrieved from /opt/airflow/dags/dag.py
[2026-02-23T10:53:07.094+0000] {logging_mixin.py:151} INFO - [2026-02-23T10:53:07.093+0000] {dag.py:2915} INFO - Sync 1 DAGs
[2026-02-23T10:53:07.105+0000] {logging_mixin.py:151} INFO - [2026-02-23T10:53:07.105+0000] {dag.py:3696} INFO - Setting next_dagrun for pagination_dag to None, run_after=None
[2026-02-23T10:53:07.128+0000] {processor.py:179} INFO - Processing /opt/airflow/dags/dag.py took 0.334 seconds
[2026-02-23T10:53:24.923+0000] {processor.py:157} INFO - Started process (PID=1554) to work on /opt/airflow/dags/dag.py
[2026-02-23T10:53:24.925+0000] {processor.py:829} INFO - Processing file /opt/airflow/dags/dag.py for tasks to queue
[2026-02-23T10:53:24.926+0000] {logging_mixin.py:151} INFO - [2026-02-23T10:53:24.926+0000] {dagbag.py:539} INFO - Filling up the DagBag from /opt/airflow/dags/dag.py
[2026-02-23T10:53:25.204+0000] {processor.py:839} INFO - DAG(s) dict_keys(['pagination_dag']) retrieved from /opt/airflow/dags/dag.py
[2026-02-23T10:53:25.231+0000] {logging_mixin.py:151} INFO - [2026-02-23T10:53:25.230+0000] {dag.py:2915} INFO - Sync 1 DAGs
[2026-02-23T10:53:25.243+0000] {logging_mixin.py:151} INFO - [2026-02-23T10:53:25.242+0000] {dag.py:3696} INFO - Setting next_dagrun for pagination_dag to None, run_after=None
[2026-02-23T10:53:25.265+0000] {processor.py:179} INFO - Processing /opt/airflow/dags/dag.py took 0.348 seconds
[2026-02-23T10:53:55.436+0000] {processor.py:157} INFO - Started process (PID=1563) to work on /opt/airflow/dags/dag.py
[2026-02-23T10:53:55.437+0000] {processor.py:829} INFO - Processing file /opt/airflow/dags/dag.py for tasks to queue
[2026-02-23T10:53:55.438+0000] {logging_mixin.py:151} INFO - [2026-02-23T10:53:55.438+0000] {dagbag.py:539} INFO - Filling up the DagBag from /opt/airflow/dags/dag.py
[2026-02-23T10:53:55.683+0000] {processor.py:839} INFO - DAG(s) dict_keys(['pagination_dag']) retrieved from /opt/airflow/dags/dag.py
[2026-02-23T10:53:55.708+0000] {logging_mixin.py:151} INFO - [2026-02-23T10:53:55.707+0000] {dag.py:2915} INFO - Sync 1 DAGs
[2026-02-23T10:53:55.719+0000] {logging_mixin.py:151} INFO - [2026-02-23T10:53:55.718+0000] {dag.py:3696} INFO - Setting next_dagrun for pagination_dag to None, run_after=None
[2026-02-23T10:53:55.738+0000] {processor.py:179} INFO - Processing /opt/airflow/dags/dag.py took 0.304 seconds
[2026-02-23T10:54:25.930+0000] {processor.py:157} INFO - Started process (PID=1569) to work on /opt/airflow/dags/dag.py
[2026-02-23T10:54:25.931+0000] {processor.py:829} INFO - Processing file /opt/airflow/dags/dag.py for tasks to queue
[2026-02-23T10:54:25.932+0000] {logging_mixin.py:151} INFO - [2026-02-23T10:54:25.932+0000] {dagbag.py:539} INFO - Filling up the DagBag from /opt/airflow/dags/dag.py
[2026-02-23T10:54:26.374+0000] {processor.py:839} INFO - DAG(s) dict_keys(['pagination_dag']) retrieved from /opt/airflow/dags/dag.py
[2026-02-23T10:54:26.413+0000] {logging_mixin.py:151} INFO - [2026-02-23T10:54:26.412+0000] {dag.py:2915} INFO - Sync 1 DAGs
[2026-02-23T10:54:26.427+0000] {logging_mixin.py:151} INFO - [2026-02-23T10:54:26.426+0000] {dag.py:3696} INFO - Setting next_dagrun for pagination_dag to None, run_after=None
[2026-02-23T10:54:26.447+0000] {processor.py:179} INFO - Processing /opt/airflow/dags/dag.py took 0.521 seconds
[2026-02-23T10:54:56.660+0000] {processor.py:157} INFO - Started process (PID=1578) to work on /opt/airflow/dags/dag.py
[2026-02-23T10:54:56.661+0000] {processor.py:829} INFO - Processing file /opt/airflow/dags/dag.py for tasks to queue
[2026-02-23T10:54:56.662+0000] {logging_mixin.py:151} INFO - [2026-02-23T10:54:56.662+0000] {dagbag.py:539} INFO - Filling up the DagBag from /opt/airflow/dags/dag.py
[2026-02-23T10:54:56.917+0000] {processor.py:839} INFO - DAG(s) dict_keys(['pagination_dag']) retrieved from /opt/airflow/dags/dag.py
[2026-02-23T10:54:56.941+0000] {logging_mixin.py:151} INFO - [2026-02-23T10:54:56.941+0000] {dag.py:2915} INFO - Sync 1 DAGs
[2026-02-23T10:54:56.953+0000] {logging_mixin.py:151} INFO - [2026-02-23T10:54:56.953+0000] {dag.py:3696} INFO - Setting next_dagrun for pagination_dag to None, run_after=None
[2026-02-23T10:54:56.973+0000] {processor.py:179} INFO - Processing /opt/airflow/dags/dag.py took 0.318 seconds
[2026-02-23T10:55:27.168+0000] {processor.py:157} INFO - Started process (PID=1584) to work on /opt/airflow/dags/dag.py
[2026-02-23T10:55:27.169+0000] {processor.py:829} INFO - Processing file /opt/airflow/dags/dag.py for tasks to queue
[2026-02-23T10:55:27.170+0000] {logging_mixin.py:151} INFO - [2026-02-23T10:55:27.170+0000] {dagbag.py:539} INFO - Filling up the DagBag from /opt/airflow/dags/dag.py
[2026-02-23T10:55:27.426+0000] {processor.py:839} INFO - DAG(s) dict_keys(['pagination_dag']) retrieved from /opt/airflow/dags/dag.py
[2026-02-23T10:55:27.452+0000] {logging_mixin.py:151} INFO - [2026-02-23T10:55:27.452+0000] {dag.py:2915} INFO - Sync 1 DAGs
[2026-02-23T10:55:27.464+0000] {logging_mixin.py:151} INFO - [2026-02-23T10:55:27.464+0000] {dag.py:3696} INFO - Setting next_dagrun for pagination_dag to None, run_after=None
[2026-02-23T10:55:27.484+0000] {processor.py:179} INFO - Processing /opt/airflow/dags/dag.py took 0.319 seconds
[2026-02-23T10:55:57.707+0000] {processor.py:157} INFO - Started process (PID=1590) to work on /opt/airflow/dags/dag.py
[2026-02-23T10:55:57.708+0000] {processor.py:829} INFO - Processing file /opt/airflow/dags/dag.py for tasks to queue
[2026-02-23T10:55:57.710+0000] {logging_mixin.py:151} INFO - [2026-02-23T10:55:57.709+0000] {dagbag.py:539} INFO - Filling up the DagBag from /opt/airflow/dags/dag.py
[2026-02-23T10:55:57.952+0000] {processor.py:839} INFO - DAG(s) dict_keys(['pagination_dag']) retrieved from /opt/airflow/dags/dag.py
[2026-02-23T10:55:57.978+0000] {logging_mixin.py:151} INFO - [2026-02-23T10:55:57.978+0000] {dag.py:2915} INFO - Sync 1 DAGs
[2026-02-23T10:55:57.994+0000] {logging_mixin.py:151} INFO - [2026-02-23T10:55:57.993+0000] {dag.py:3696} INFO - Setting next_dagrun for pagination_dag to None, run_after=None
[2026-02-23T10:55:58.011+0000] {processor.py:179} INFO - Processing /opt/airflow/dags/dag.py took 0.308 seconds
[2026-02-23T10:56:28.213+0000] {processor.py:157} INFO - Started process (PID=1596) to work on /opt/airflow/dags/dag.py
[2026-02-23T10:56:28.214+0000] {processor.py:829} INFO - Processing file /opt/airflow/dags/dag.py for tasks to queue
[2026-02-23T10:56:28.215+0000] {logging_mixin.py:151} INFO - [2026-02-23T10:56:28.214+0000] {dagbag.py:539} INFO - Filling up the DagBag from /opt/airflow/dags/dag.py
[2026-02-23T10:56:28.449+0000] {processor.py:839} INFO - DAG(s) dict_keys(['pagination_dag']) retrieved from /opt/airflow/dags/dag.py
[2026-02-23T10:56:28.476+0000] {logging_mixin.py:151} INFO - [2026-02-23T10:56:28.475+0000] {dag.py:2915} INFO - Sync 1 DAGs
[2026-02-23T10:56:28.486+0000] {logging_mixin.py:151} INFO - [2026-02-23T10:56:28.486+0000] {dag.py:3696} INFO - Setting next_dagrun for pagination_dag to None, run_after=None
[2026-02-23T10:56:28.505+0000] {processor.py:179} INFO - Processing /opt/airflow/dags/dag.py took 0.295 seconds
[2026-02-23T10:56:58.765+0000] {processor.py:157} INFO - Started process (PID=1602) to work on /opt/airflow/dags/dag.py
[2026-02-23T10:56:58.769+0000] {processor.py:829} INFO - Processing file /opt/airflow/dags/dag.py for tasks to queue
[2026-02-23T10:56:58.772+0000] {logging_mixin.py:151} INFO - [2026-02-23T10:56:58.772+0000] {dagbag.py:539} INFO - Filling up the DagBag from /opt/airflow/dags/dag.py
[2026-02-23T10:56:59.419+0000] {processor.py:839} INFO - DAG(s) dict_keys(['pagination_dag']) retrieved from /opt/airflow/dags/dag.py
[2026-02-23T10:56:59.485+0000] {logging_mixin.py:151} INFO - [2026-02-23T10:56:59.483+0000] {dag.py:2915} INFO - Sync 1 DAGs
[2026-02-23T10:56:59.513+0000] {logging_mixin.py:151} INFO - [2026-02-23T10:56:59.512+0000] {dag.py:3696} INFO - Setting next_dagrun for pagination_dag to None, run_after=None
[2026-02-23T10:56:59.564+0000] {processor.py:179} INFO - Processing /opt/airflow/dags/dag.py took 0.804 seconds
[2026-02-23T10:57:29.765+0000] {processor.py:157} INFO - Started process (PID=1608) to work on /opt/airflow/dags/dag.py
[2026-02-23T10:57:29.767+0000] {processor.py:829} INFO - Processing file /opt/airflow/dags/dag.py for tasks to queue
[2026-02-23T10:57:29.768+0000] {logging_mixin.py:151} INFO - [2026-02-23T10:57:29.767+0000] {dagbag.py:539} INFO - Filling up the DagBag from /opt/airflow/dags/dag.py
[2026-02-23T10:57:30.008+0000] {processor.py:839} INFO - DAG(s) dict_keys(['pagination_dag']) retrieved from /opt/airflow/dags/dag.py
[2026-02-23T10:57:30.034+0000] {logging_mixin.py:151} INFO - [2026-02-23T10:57:30.033+0000] {dag.py:2915} INFO - Sync 1 DAGs
[2026-02-23T10:57:30.046+0000] {logging_mixin.py:151} INFO - [2026-02-23T10:57:30.046+0000] {dag.py:3696} INFO - Setting next_dagrun for pagination_dag to None, run_after=None
[2026-02-23T10:57:30.063+0000] {processor.py:179} INFO - Processing /opt/airflow/dags/dag.py took 0.301 seconds
[2026-02-23T10:58:00.246+0000] {processor.py:157} INFO - Started process (PID=1614) to work on /opt/airflow/dags/dag.py
[2026-02-23T10:58:00.248+0000] {processor.py:829} INFO - Processing file /opt/airflow/dags/dag.py for tasks to queue
[2026-02-23T10:58:00.249+0000] {logging_mixin.py:151} INFO - [2026-02-23T10:58:00.248+0000] {dagbag.py:539} INFO - Filling up the DagBag from /opt/airflow/dags/dag.py
[2026-02-23T10:58:00.640+0000] {processor.py:839} INFO - DAG(s) dict_keys(['pagination_dag']) retrieved from /opt/airflow/dags/dag.py
[2026-02-23T10:58:00.671+0000] {logging_mixin.py:151} INFO - [2026-02-23T10:58:00.671+0000] {dag.py:2915} INFO - Sync 1 DAGs
[2026-02-23T10:58:00.682+0000] {logging_mixin.py:151} INFO - [2026-02-23T10:58:00.682+0000] {dag.py:3696} INFO - Setting next_dagrun for pagination_dag to None, run_after=None
[2026-02-23T10:58:00.699+0000] {processor.py:179} INFO - Processing /opt/airflow/dags/dag.py took 0.456 seconds
[2026-02-23T10:58:30.900+0000] {processor.py:157} INFO - Started process (PID=1620) to work on /opt/airflow/dags/dag.py
[2026-02-23T10:58:30.901+0000] {processor.py:829} INFO - Processing file /opt/airflow/dags/dag.py for tasks to queue
[2026-02-23T10:58:30.902+0000] {logging_mixin.py:151} INFO - [2026-02-23T10:58:30.902+0000] {dagbag.py:539} INFO - Filling up the DagBag from /opt/airflow/dags/dag.py
[2026-02-23T10:58:31.140+0000] {processor.py:839} INFO - DAG(s) dict_keys(['pagination_dag']) retrieved from /opt/airflow/dags/dag.py
[2026-02-23T10:58:31.165+0000] {logging_mixin.py:151} INFO - [2026-02-23T10:58:31.164+0000] {dag.py:2915} INFO - Sync 1 DAGs
[2026-02-23T10:58:31.176+0000] {logging_mixin.py:151} INFO - [2026-02-23T10:58:31.176+0000] {dag.py:3696} INFO - Setting next_dagrun for pagination_dag to None, run_after=None
[2026-02-23T10:58:31.194+0000] {processor.py:179} INFO - Processing /opt/airflow/dags/dag.py took 0.298 seconds
[2026-02-23T10:59:01.384+0000] {processor.py:157} INFO - Started process (PID=1626) to work on /opt/airflow/dags/dag.py
[2026-02-23T10:59:01.385+0000] {processor.py:829} INFO - Processing file /opt/airflow/dags/dag.py for tasks to queue
[2026-02-23T10:59:01.386+0000] {logging_mixin.py:151} INFO - [2026-02-23T10:59:01.386+0000] {dagbag.py:539} INFO - Filling up the DagBag from /opt/airflow/dags/dag.py
[2026-02-23T10:59:01.626+0000] {processor.py:839} INFO - DAG(s) dict_keys(['pagination_dag']) retrieved from /opt/airflow/dags/dag.py
[2026-02-23T10:59:01.653+0000] {logging_mixin.py:151} INFO - [2026-02-23T10:59:01.653+0000] {dag.py:2915} INFO - Sync 1 DAGs
[2026-02-23T10:59:01.664+0000] {logging_mixin.py:151} INFO - [2026-02-23T10:59:01.664+0000] {dag.py:3696} INFO - Setting next_dagrun for pagination_dag to None, run_after=None
[2026-02-23T10:59:01.684+0000] {processor.py:179} INFO - Processing /opt/airflow/dags/dag.py took 0.303 seconds
[2026-02-23T10:59:31.863+0000] {processor.py:157} INFO - Started process (PID=1632) to work on /opt/airflow/dags/dag.py
[2026-02-23T10:59:31.864+0000] {processor.py:829} INFO - Processing file /opt/airflow/dags/dag.py for tasks to queue
[2026-02-23T10:59:31.864+0000] {logging_mixin.py:151} INFO - [2026-02-23T10:59:31.864+0000] {dagbag.py:539} INFO - Filling up the DagBag from /opt/airflow/dags/dag.py
[2026-02-23T10:59:32.098+0000] {processor.py:839} INFO - DAG(s) dict_keys(['pagination_dag']) retrieved from /opt/airflow/dags/dag.py
[2026-02-23T10:59:32.123+0000] {logging_mixin.py:151} INFO - [2026-02-23T10:59:32.123+0000] {dag.py:2915} INFO - Sync 1 DAGs
[2026-02-23T10:59:32.134+0000] {logging_mixin.py:151} INFO - [2026-02-23T10:59:32.134+0000] {dag.py:3696} INFO - Setting next_dagrun for pagination_dag to None, run_after=None
[2026-02-23T10:59:32.153+0000] {processor.py:179} INFO - Processing /opt/airflow/dags/dag.py took 0.294 seconds
[2026-02-23T11:00:02.346+0000] {processor.py:157} INFO - Started process (PID=1638) to work on /opt/airflow/dags/dag.py
[2026-02-23T11:00:02.347+0000] {processor.py:829} INFO - Processing file /opt/airflow/dags/dag.py for tasks to queue
[2026-02-23T11:00:02.348+0000] {logging_mixin.py:151} INFO - [2026-02-23T11:00:02.347+0000] {dagbag.py:539} INFO - Filling up the DagBag from /opt/airflow/dags/dag.py
[2026-02-23T11:00:02.587+0000] {processor.py:839} INFO - DAG(s) dict_keys(['pagination_dag']) retrieved from /opt/airflow/dags/dag.py
[2026-02-23T11:00:02.612+0000] {logging_mixin.py:151} INFO - [2026-02-23T11:00:02.611+0000] {dag.py:2915} INFO - Sync 1 DAGs
[2026-02-23T11:00:02.623+0000] {logging_mixin.py:151} INFO - [2026-02-23T11:00:02.623+0000] {dag.py:3696} INFO - Setting next_dagrun for pagination_dag to None, run_after=None
[2026-02-23T11:00:02.643+0000] {processor.py:179} INFO - Processing /opt/airflow/dags/dag.py took 0.301 seconds
[2026-02-23T11:00:32.831+0000] {processor.py:157} INFO - Started process (PID=1644) to work on /opt/airflow/dags/dag.py
[2026-02-23T11:00:32.832+0000] {processor.py:829} INFO - Processing file /opt/airflow/dags/dag.py for tasks to queue
[2026-02-23T11:00:32.833+0000] {logging_mixin.py:151} INFO - [2026-02-23T11:00:32.833+0000] {dagbag.py:539} INFO - Filling up the DagBag from /opt/airflow/dags/dag.py
[2026-02-23T11:00:33.070+0000] {processor.py:839} INFO - DAG(s) dict_keys(['pagination_dag']) retrieved from /opt/airflow/dags/dag.py
[2026-02-23T11:00:33.095+0000] {logging_mixin.py:151} INFO - [2026-02-23T11:00:33.095+0000] {dag.py:2915} INFO - Sync 1 DAGs
[2026-02-23T11:00:33.107+0000] {logging_mixin.py:151} INFO - [2026-02-23T11:00:33.107+0000] {dag.py:3696} INFO - Setting next_dagrun for pagination_dag to None, run_after=None
[2026-02-23T11:00:33.127+0000] {processor.py:179} INFO - Processing /opt/airflow/dags/dag.py took 0.300 seconds
[2026-02-23T11:01:03.318+0000] {processor.py:157} INFO - Started process (PID=1650) to work on /opt/airflow/dags/dag.py
[2026-02-23T11:01:03.320+0000] {processor.py:829} INFO - Processing file /opt/airflow/dags/dag.py for tasks to queue
[2026-02-23T11:01:03.321+0000] {logging_mixin.py:151} INFO - [2026-02-23T11:01:03.320+0000] {dagbag.py:539} INFO - Filling up the DagBag from /opt/airflow/dags/dag.py
[2026-02-23T11:01:03.563+0000] {processor.py:839} INFO - DAG(s) dict_keys(['pagination_dag']) retrieved from /opt/airflow/dags/dag.py
[2026-02-23T11:01:03.589+0000] {logging_mixin.py:151} INFO - [2026-02-23T11:01:03.589+0000] {dag.py:2915} INFO - Sync 1 DAGs
[2026-02-23T11:01:03.600+0000] {logging_mixin.py:151} INFO - [2026-02-23T11:01:03.600+0000] {dag.py:3696} INFO - Setting next_dagrun for pagination_dag to None, run_after=None
[2026-02-23T11:01:03.618+0000] {processor.py:179} INFO - Processing /opt/airflow/dags/dag.py took 0.304 seconds
[2026-02-23T11:01:33.798+0000] {processor.py:157} INFO - Started process (PID=1656) to work on /opt/airflow/dags/dag.py
[2026-02-23T11:01:33.799+0000] {processor.py:829} INFO - Processing file /opt/airflow/dags/dag.py for tasks to queue
[2026-02-23T11:01:33.800+0000] {logging_mixin.py:151} INFO - [2026-02-23T11:01:33.800+0000] {dagbag.py:539} INFO - Filling up the DagBag from /opt/airflow/dags/dag.py
[2026-02-23T11:01:34.030+0000] {processor.py:839} INFO - DAG(s) dict_keys(['pagination_dag']) retrieved from /opt/airflow/dags/dag.py
[2026-02-23T11:01:34.055+0000] {logging_mixin.py:151} INFO - [2026-02-23T11:01:34.055+0000] {dag.py:2915} INFO - Sync 1 DAGs
[2026-02-23T11:01:34.065+0000] {logging_mixin.py:151} INFO - [2026-02-23T11:01:34.065+0000] {dag.py:3696} INFO - Setting next_dagrun for pagination_dag to None, run_after=None
[2026-02-23T11:01:34.083+0000] {processor.py:179} INFO - Processing /opt/airflow/dags/dag.py took 0.288 seconds
[2026-02-23T11:02:04.268+0000] {processor.py:157} INFO - Started process (PID=1662) to work on /opt/airflow/dags/dag.py
[2026-02-23T11:02:04.269+0000] {processor.py:829} INFO - Processing file /opt/airflow/dags/dag.py for tasks to queue
[2026-02-23T11:02:04.270+0000] {logging_mixin.py:151} INFO - [2026-02-23T11:02:04.269+0000] {dagbag.py:539} INFO - Filling up the DagBag from /opt/airflow/dags/dag.py
[2026-02-23T11:02:04.510+0000] {processor.py:839} INFO - DAG(s) dict_keys(['pagination_dag']) retrieved from /opt/airflow/dags/dag.py
[2026-02-23T11:02:04.535+0000] {logging_mixin.py:151} INFO - [2026-02-23T11:02:04.535+0000] {dag.py:2915} INFO - Sync 1 DAGs
[2026-02-23T11:02:04.545+0000] {logging_mixin.py:151} INFO - [2026-02-23T11:02:04.545+0000] {dag.py:3696} INFO - Setting next_dagrun for pagination_dag to None, run_after=None
[2026-02-23T11:02:04.562+0000] {processor.py:179} INFO - Processing /opt/airflow/dags/dag.py took 0.297 seconds
[2026-02-23T11:02:34.760+0000] {processor.py:157} INFO - Started process (PID=1668) to work on /opt/airflow/dags/dag.py
[2026-02-23T11:02:34.761+0000] {processor.py:829} INFO - Processing file /opt/airflow/dags/dag.py for tasks to queue
[2026-02-23T11:02:34.762+0000] {logging_mixin.py:151} INFO - [2026-02-23T11:02:34.762+0000] {dagbag.py:539} INFO - Filling up the DagBag from /opt/airflow/dags/dag.py
[2026-02-23T11:02:35.325+0000] {processor.py:839} INFO - DAG(s) dict_keys(['pagination_dag']) retrieved from /opt/airflow/dags/dag.py
[2026-02-23T11:02:35.358+0000] {logging_mixin.py:151} INFO - [2026-02-23T11:02:35.358+0000] {dag.py:2915} INFO - Sync 1 DAGs
[2026-02-23T11:02:35.370+0000] {logging_mixin.py:151} INFO - [2026-02-23T11:02:35.370+0000] {dag.py:3696} INFO - Setting next_dagrun for pagination_dag to None, run_after=None
[2026-02-23T11:02:35.395+0000] {processor.py:179} INFO - Processing /opt/airflow/dags/dag.py took 0.638 seconds
[2026-02-23T11:03:05.603+0000] {processor.py:157} INFO - Started process (PID=1674) to work on /opt/airflow/dags/dag.py
[2026-02-23T11:03:05.604+0000] {processor.py:829} INFO - Processing file /opt/airflow/dags/dag.py for tasks to queue
[2026-02-23T11:03:05.605+0000] {logging_mixin.py:151} INFO - [2026-02-23T11:03:05.605+0000] {dagbag.py:539} INFO - Filling up the DagBag from /opt/airflow/dags/dag.py
[2026-02-23T11:03:05.843+0000] {processor.py:839} INFO - DAG(s) dict_keys(['pagination_dag']) retrieved from /opt/airflow/dags/dag.py
[2026-02-23T11:03:05.871+0000] {logging_mixin.py:151} INFO - [2026-02-23T11:03:05.870+0000] {dag.py:2915} INFO - Sync 1 DAGs
[2026-02-23T11:03:05.883+0000] {logging_mixin.py:151} INFO - [2026-02-23T11:03:05.882+0000] {dag.py:3696} INFO - Setting next_dagrun for pagination_dag to None, run_after=None
[2026-02-23T11:03:05.904+0000] {processor.py:179} INFO - Processing /opt/airflow/dags/dag.py took 0.305 seconds
[2026-02-23T11:03:36.100+0000] {processor.py:157} INFO - Started process (PID=1680) to work on /opt/airflow/dags/dag.py
[2026-02-23T11:03:36.101+0000] {processor.py:829} INFO - Processing file /opt/airflow/dags/dag.py for tasks to queue
[2026-02-23T11:03:36.102+0000] {logging_mixin.py:151} INFO - [2026-02-23T11:03:36.102+0000] {dagbag.py:539} INFO - Filling up the DagBag from /opt/airflow/dags/dag.py
[2026-02-23T11:03:36.387+0000] {processor.py:839} INFO - DAG(s) dict_keys(['pagination_dag']) retrieved from /opt/airflow/dags/dag.py
[2026-02-23T11:03:36.417+0000] {logging_mixin.py:151} INFO - [2026-02-23T11:03:36.417+0000] {dag.py:2915} INFO - Sync 1 DAGs
[2026-02-23T11:03:36.430+0000] {logging_mixin.py:151} INFO - [2026-02-23T11:03:36.430+0000] {dag.py:3696} INFO - Setting next_dagrun for pagination_dag to None, run_after=None
[2026-02-23T11:03:36.449+0000] {processor.py:179} INFO - Processing /opt/airflow/dags/dag.py took 0.351 seconds
[2026-02-23T11:04:06.651+0000] {processor.py:157} INFO - Started process (PID=1686) to work on /opt/airflow/dags/dag.py
[2026-02-23T11:04:06.652+0000] {processor.py:829} INFO - Processing file /opt/airflow/dags/dag.py for tasks to queue
[2026-02-23T11:04:06.653+0000] {logging_mixin.py:151} INFO - [2026-02-23T11:04:06.653+0000] {dagbag.py:539} INFO - Filling up the DagBag from /opt/airflow/dags/dag.py
[2026-02-23T11:04:06.890+0000] {processor.py:839} INFO - DAG(s) dict_keys(['pagination_dag']) retrieved from /opt/airflow/dags/dag.py
[2026-02-23T11:04:06.916+0000] {logging_mixin.py:151} INFO - [2026-02-23T11:04:06.915+0000] {dag.py:2915} INFO - Sync 1 DAGs
[2026-02-23T11:04:06.926+0000] {logging_mixin.py:151} INFO - [2026-02-23T11:04:06.926+0000] {dag.py:3696} INFO - Setting next_dagrun for pagination_dag to None, run_after=None
[2026-02-23T11:04:06.943+0000] {processor.py:179} INFO - Processing /opt/airflow/dags/dag.py took 0.296 seconds
[2026-02-23T11:04:37.125+0000] {processor.py:157} INFO - Started process (PID=1692) to work on /opt/airflow/dags/dag.py
[2026-02-23T11:04:37.126+0000] {processor.py:829} INFO - Processing file /opt/airflow/dags/dag.py for tasks to queue
[2026-02-23T11:04:37.127+0000] {logging_mixin.py:151} INFO - [2026-02-23T11:04:37.127+0000] {dagbag.py:539} INFO - Filling up the DagBag from /opt/airflow/dags/dag.py
[2026-02-23T11:04:37.358+0000] {processor.py:839} INFO - DAG(s) dict_keys(['pagination_dag']) retrieved from /opt/airflow/dags/dag.py
[2026-02-23T11:04:37.383+0000] {logging_mixin.py:151} INFO - [2026-02-23T11:04:37.383+0000] {dag.py:2915} INFO - Sync 1 DAGs
[2026-02-23T11:04:37.394+0000] {logging_mixin.py:151} INFO - [2026-02-23T11:04:37.394+0000] {dag.py:3696} INFO - Setting next_dagrun for pagination_dag to None, run_after=None
[2026-02-23T11:04:37.418+0000] {processor.py:179} INFO - Processing /opt/airflow/dags/dag.py took 0.296 seconds
[2026-02-23T11:05:07.615+0000] {processor.py:157} INFO - Started process (PID=1698) to work on /opt/airflow/dags/dag.py
[2026-02-23T11:05:07.616+0000] {processor.py:829} INFO - Processing file /opt/airflow/dags/dag.py for tasks to queue
[2026-02-23T11:05:07.617+0000] {logging_mixin.py:151} INFO - [2026-02-23T11:05:07.616+0000] {dagbag.py:539} INFO - Filling up the DagBag from /opt/airflow/dags/dag.py
[2026-02-23T11:05:07.870+0000] {processor.py:839} INFO - DAG(s) dict_keys(['pagination_dag']) retrieved from /opt/airflow/dags/dag.py
[2026-02-23T11:05:07.901+0000] {logging_mixin.py:151} INFO - [2026-02-23T11:05:07.901+0000] {dag.py:2915} INFO - Sync 1 DAGs
[2026-02-23T11:05:07.913+0000] {logging_mixin.py:151} INFO - [2026-02-23T11:05:07.912+0000] {dag.py:3696} INFO - Setting next_dagrun for pagination_dag to None, run_after=None
[2026-02-23T11:05:07.933+0000] {processor.py:179} INFO - Processing /opt/airflow/dags/dag.py took 0.321 seconds
[2026-02-23T11:05:38.163+0000] {processor.py:157} INFO - Started process (PID=1704) to work on /opt/airflow/dags/dag.py
[2026-02-23T11:05:38.165+0000] {processor.py:829} INFO - Processing file /opt/airflow/dags/dag.py for tasks to queue
[2026-02-23T11:05:38.167+0000] {logging_mixin.py:151} INFO - [2026-02-23T11:05:38.166+0000] {dagbag.py:539} INFO - Filling up the DagBag from /opt/airflow/dags/dag.py
[2026-02-23T11:05:38.498+0000] {processor.py:839} INFO - DAG(s) dict_keys(['pagination_dag']) retrieved from /opt/airflow/dags/dag.py
[2026-02-23T11:05:38.540+0000] {logging_mixin.py:151} INFO - [2026-02-23T11:05:38.539+0000] {dag.py:2915} INFO - Sync 1 DAGs
[2026-02-23T11:05:38.560+0000] {logging_mixin.py:151} INFO - [2026-02-23T11:05:38.560+0000] {dag.py:3696} INFO - Setting next_dagrun for pagination_dag to None, run_after=None
[2026-02-23T11:05:38.598+0000] {processor.py:179} INFO - Processing /opt/airflow/dags/dag.py took 0.443 seconds
[2026-02-23T11:06:09.077+0000] {processor.py:157} INFO - Started process (PID=1710) to work on /opt/airflow/dags/dag.py
[2026-02-23T11:06:09.078+0000] {processor.py:829} INFO - Processing file /opt/airflow/dags/dag.py for tasks to queue
[2026-02-23T11:06:09.079+0000] {logging_mixin.py:151} INFO - [2026-02-23T11:06:09.079+0000] {dagbag.py:539} INFO - Filling up the DagBag from /opt/airflow/dags/dag.py
[2026-02-23T11:06:09.427+0000] {processor.py:839} INFO - DAG(s) dict_keys(['pagination_dag']) retrieved from /opt/airflow/dags/dag.py
[2026-02-23T11:06:09.453+0000] {logging_mixin.py:151} INFO - [2026-02-23T11:06:09.452+0000] {dag.py:2915} INFO - Sync 1 DAGs
[2026-02-23T11:06:09.465+0000] {logging_mixin.py:151} INFO - [2026-02-23T11:06:09.465+0000] {dag.py:3696} INFO - Setting next_dagrun for pagination_dag to None, run_after=None
[2026-02-23T11:06:09.483+0000] {processor.py:179} INFO - Processing /opt/airflow/dags/dag.py took 0.411 seconds
[2026-02-23T11:06:39.695+0000] {processor.py:157} INFO - Started process (PID=1716) to work on /opt/airflow/dags/dag.py
[2026-02-23T11:06:39.696+0000] {processor.py:829} INFO - Processing file /opt/airflow/dags/dag.py for tasks to queue
[2026-02-23T11:06:39.697+0000] {logging_mixin.py:151} INFO - [2026-02-23T11:06:39.697+0000] {dagbag.py:539} INFO - Filling up the DagBag from /opt/airflow/dags/dag.py
[2026-02-23T11:06:39.932+0000] {processor.py:839} INFO - DAG(s) dict_keys(['pagination_dag']) retrieved from /opt/airflow/dags/dag.py
[2026-02-23T11:06:39.960+0000] {logging_mixin.py:151} INFO - [2026-02-23T11:06:39.959+0000] {dag.py:2915} INFO - Sync 1 DAGs
[2026-02-23T11:06:39.973+0000] {logging_mixin.py:151} INFO - [2026-02-23T11:06:39.973+0000] {dag.py:3696} INFO - Setting next_dagrun for pagination_dag to None, run_after=None
[2026-02-23T11:06:39.992+0000] {processor.py:179} INFO - Processing /opt/airflow/dags/dag.py took 0.301 seconds
[2026-02-23T11:07:10.237+0000] {processor.py:157} INFO - Started process (PID=1722) to work on /opt/airflow/dags/dag.py
[2026-02-23T11:07:10.238+0000] {processor.py:829} INFO - Processing file /opt/airflow/dags/dag.py for tasks to queue
[2026-02-23T11:07:10.239+0000] {logging_mixin.py:151} INFO - [2026-02-23T11:07:10.239+0000] {dagbag.py:539} INFO - Filling up the DagBag from /opt/airflow/dags/dag.py
[2026-02-23T11:07:10.672+0000] {processor.py:839} INFO - DAG(s) dict_keys(['pagination_dag']) retrieved from /opt/airflow/dags/dag.py
[2026-02-23T11:07:10.717+0000] {logging_mixin.py:151} INFO - [2026-02-23T11:07:10.717+0000] {dag.py:2915} INFO - Sync 1 DAGs
[2026-02-23T11:07:10.730+0000] {logging_mixin.py:151} INFO - [2026-02-23T11:07:10.730+0000] {dag.py:3696} INFO - Setting next_dagrun for pagination_dag to None, run_after=None
[2026-02-23T11:07:10.752+0000] {processor.py:179} INFO - Processing /opt/airflow/dags/dag.py took 0.518 seconds
[2026-02-23T11:07:12.272+0000] {processor.py:157} INFO - Started process (PID=1728) to work on /opt/airflow/dags/dag.py
[2026-02-23T11:07:12.274+0000] {processor.py:829} INFO - Processing file /opt/airflow/dags/dag.py for tasks to queue
[2026-02-23T11:07:12.281+0000] {logging_mixin.py:151} INFO - [2026-02-23T11:07:12.280+0000] {dagbag.py:539} INFO - Filling up the DagBag from /opt/airflow/dags/dag.py
[2026-02-23T11:07:12.590+0000] {processor.py:839} INFO - DAG(s) dict_keys(['pagination_dag']) retrieved from /opt/airflow/dags/dag.py
[2026-02-23T11:07:12.618+0000] {logging_mixin.py:151} INFO - [2026-02-23T11:07:12.618+0000] {dag.py:2915} INFO - Sync 1 DAGs
[2026-02-23T11:07:12.630+0000] {logging_mixin.py:151} INFO - [2026-02-23T11:07:12.630+0000] {dag.py:3696} INFO - Setting next_dagrun for pagination_dag to None, run_after=None
[2026-02-23T11:07:12.654+0000] {processor.py:179} INFO - Processing /opt/airflow/dags/dag.py took 0.388 seconds
[2026-02-23T11:09:18.994+0000] {processor.py:157} INFO - Started process (PID=171) to work on /opt/airflow/dags/dag.py
[2026-02-23T11:09:18.995+0000] {processor.py:829} INFO - Processing file /opt/airflow/dags/dag.py for tasks to queue
[2026-02-23T11:09:18.996+0000] {logging_mixin.py:151} INFO - [2026-02-23T11:09:18.996+0000] {dagbag.py:539} INFO - Filling up the DagBag from /opt/airflow/dags/dag.py
[2026-02-23T11:09:20.253+0000] {processor.py:839} INFO - DAG(s) dict_keys(['pagination_dag']) retrieved from /opt/airflow/dags/dag.py
[2026-02-23T11:09:20.421+0000] {logging_mixin.py:151} INFO - [2026-02-23T11:09:20.421+0000] {manager.py:499} INFO - Created Permission View: %s
[2026-02-23T11:09:20.433+0000] {logging_mixin.py:151} INFO - [2026-02-23T11:09:20.433+0000] {manager.py:499} INFO - Created Permission View: %s
[2026-02-23T11:09:20.441+0000] {logging_mixin.py:151} INFO - [2026-02-23T11:09:20.441+0000] {manager.py:499} INFO - Created Permission View: %s
[2026-02-23T11:09:20.442+0000] {logging_mixin.py:151} INFO - [2026-02-23T11:09:20.442+0000] {security.py:708} INFO - Not syncing DAG-level permissions for DAG 'DAG:pagination_dag' as access control is unset.
[2026-02-23T11:09:20.443+0000] {logging_mixin.py:151} INFO - [2026-02-23T11:09:20.443+0000] {dag.py:2915} INFO - Sync 1 DAGs
[2026-02-23T11:09:20.453+0000] {logging_mixin.py:151} INFO - [2026-02-23T11:09:20.452+0000] {dag.py:2937} INFO - Creating ORM DAG for pagination_dag
[2026-02-23T11:09:20.454+0000] {logging_mixin.py:151} INFO - [2026-02-23T11:09:20.454+0000] {dag.py:3696} INFO - Setting next_dagrun for pagination_dag to None, run_after=None
[2026-02-23T11:09:20.472+0000] {processor.py:179} INFO - Processing /opt/airflow/dags/dag.py took 1.481 seconds
[2026-02-23T11:09:50.668+0000] {processor.py:157} INFO - Started process (PID=177) to work on /opt/airflow/dags/dag.py
[2026-02-23T11:09:50.669+0000] {processor.py:829} INFO - Processing file /opt/airflow/dags/dag.py for tasks to queue
[2026-02-23T11:09:50.670+0000] {logging_mixin.py:151} INFO - [2026-02-23T11:09:50.669+0000] {dagbag.py:539} INFO - Filling up the DagBag from /opt/airflow/dags/dag.py
[2026-02-23T11:09:51.293+0000] {processor.py:839} INFO - DAG(s) dict_keys(['pagination_dag']) retrieved from /opt/airflow/dags/dag.py
[2026-02-23T11:09:51.335+0000] {logging_mixin.py:151} INFO - [2026-02-23T11:09:51.334+0000] {dag.py:2915} INFO - Sync 1 DAGs
[2026-02-23T11:09:51.348+0000] {logging_mixin.py:151} INFO - [2026-02-23T11:09:51.348+0000] {dag.py:3696} INFO - Setting next_dagrun for pagination_dag to None, run_after=None
[2026-02-23T11:09:51.377+0000] {processor.py:179} INFO - Processing /opt/airflow/dags/dag.py took 0.714 seconds
[2026-02-23T11:10:21.435+0000] {processor.py:157} INFO - Started process (PID=183) to work on /opt/airflow/dags/dag.py
[2026-02-23T11:10:21.436+0000] {processor.py:829} INFO - Processing file /opt/airflow/dags/dag.py for tasks to queue
[2026-02-23T11:10:21.438+0000] {logging_mixin.py:151} INFO - [2026-02-23T11:10:21.437+0000] {dagbag.py:539} INFO - Filling up the DagBag from /opt/airflow/dags/dag.py
[2026-02-23T11:10:21.900+0000] {processor.py:839} INFO - DAG(s) dict_keys(['pagination_dag']) retrieved from /opt/airflow/dags/dag.py
[2026-02-23T11:10:21.968+0000] {logging_mixin.py:151} INFO - [2026-02-23T11:10:21.967+0000] {dag.py:2915} INFO - Sync 1 DAGs
[2026-02-23T11:10:21.993+0000] {logging_mixin.py:151} INFO - [2026-02-23T11:10:21.992+0000] {dag.py:3696} INFO - Setting next_dagrun for pagination_dag to None, run_after=None
[2026-02-23T11:10:22.053+0000] {processor.py:179} INFO - Processing /opt/airflow/dags/dag.py took 0.623 seconds
[2026-02-23T11:10:52.272+0000] {processor.py:157} INFO - Started process (PID=189) to work on /opt/airflow/dags/dag.py
[2026-02-23T11:10:52.273+0000] {processor.py:829} INFO - Processing file /opt/airflow/dags/dag.py for tasks to queue
[2026-02-23T11:10:52.274+0000] {logging_mixin.py:151} INFO - [2026-02-23T11:10:52.274+0000] {dagbag.py:539} INFO - Filling up the DagBag from /opt/airflow/dags/dag.py
[2026-02-23T11:10:52.622+0000] {processor.py:839} INFO - DAG(s) dict_keys(['pagination_dag']) retrieved from /opt/airflow/dags/dag.py
[2026-02-23T11:10:52.646+0000] {logging_mixin.py:151} INFO - [2026-02-23T11:10:52.645+0000] {dag.py:2915} INFO - Sync 1 DAGs
[2026-02-23T11:10:52.656+0000] {logging_mixin.py:151} INFO - [2026-02-23T11:10:52.655+0000] {dag.py:3696} INFO - Setting next_dagrun for pagination_dag to None, run_after=None
[2026-02-23T11:10:52.676+0000] {processor.py:179} INFO - Processing /opt/airflow/dags/dag.py took 0.408 seconds
[2026-02-23T11:11:22.867+0000] {processor.py:157} INFO - Started process (PID=195) to work on /opt/airflow/dags/dag.py
[2026-02-23T11:11:22.869+0000] {processor.py:829} INFO - Processing file /opt/airflow/dags/dag.py for tasks to queue
[2026-02-23T11:11:22.869+0000] {logging_mixin.py:151} INFO - [2026-02-23T11:11:22.869+0000] {dagbag.py:539} INFO - Filling up the DagBag from /opt/airflow/dags/dag.py
[2026-02-23T11:11:23.217+0000] {processor.py:839} INFO - DAG(s) dict_keys(['pagination_dag']) retrieved from /opt/airflow/dags/dag.py
[2026-02-23T11:11:23.238+0000] {logging_mixin.py:151} INFO - [2026-02-23T11:11:23.238+0000] {dag.py:2915} INFO - Sync 1 DAGs
[2026-02-23T11:11:23.248+0000] {logging_mixin.py:151} INFO - [2026-02-23T11:11:23.248+0000] {dag.py:3696} INFO - Setting next_dagrun for pagination_dag to None, run_after=None
[2026-02-23T11:11:23.269+0000] {processor.py:179} INFO - Processing /opt/airflow/dags/dag.py took 0.405 seconds
[2026-02-23T11:11:53.452+0000] {processor.py:157} INFO - Started process (PID=204) to work on /opt/airflow/dags/dag.py
[2026-02-23T11:11:53.453+0000] {processor.py:829} INFO - Processing file /opt/airflow/dags/dag.py for tasks to queue
[2026-02-23T11:11:53.454+0000] {logging_mixin.py:151} INFO - [2026-02-23T11:11:53.454+0000] {dagbag.py:539} INFO - Filling up the DagBag from /opt/airflow/dags/dag.py
[2026-02-23T11:11:53.775+0000] {processor.py:839} INFO - DAG(s) dict_keys(['pagination_dag']) retrieved from /opt/airflow/dags/dag.py
[2026-02-23T11:11:53.796+0000] {logging_mixin.py:151} INFO - [2026-02-23T11:11:53.795+0000] {dag.py:2915} INFO - Sync 1 DAGs
[2026-02-23T11:11:53.804+0000] {logging_mixin.py:151} INFO - [2026-02-23T11:11:53.804+0000] {dag.py:3696} INFO - Setting next_dagrun for pagination_dag to None, run_after=None
[2026-02-23T11:11:53.822+0000] {processor.py:179} INFO - Processing /opt/airflow/dags/dag.py took 0.373 seconds
[2026-02-23T11:12:24.128+0000] {processor.py:157} INFO - Started process (PID=210) to work on /opt/airflow/dags/dag.py
[2026-02-23T11:12:24.129+0000] {processor.py:829} INFO - Processing file /opt/airflow/dags/dag.py for tasks to queue
[2026-02-23T11:12:24.130+0000] {logging_mixin.py:151} INFO - [2026-02-23T11:12:24.130+0000] {dagbag.py:539} INFO - Filling up the DagBag from /opt/airflow/dags/dag.py
[2026-02-23T11:12:24.379+0000] {processor.py:839} INFO - DAG(s) dict_keys(['pagination_dag']) retrieved from /opt/airflow/dags/dag.py
[2026-02-23T11:12:24.408+0000] {logging_mixin.py:151} INFO - [2026-02-23T11:12:24.408+0000] {dag.py:2915} INFO - Sync 1 DAGs
[2026-02-23T11:12:24.421+0000] {logging_mixin.py:151} INFO - [2026-02-23T11:12:24.420+0000] {dag.py:3696} INFO - Setting next_dagrun for pagination_dag to None, run_after=None
[2026-02-23T11:12:24.442+0000] {processor.py:179} INFO - Processing /opt/airflow/dags/dag.py took 0.318 seconds
[2026-02-23T11:12:54.632+0000] {processor.py:157} INFO - Started process (PID=216) to work on /opt/airflow/dags/dag.py
[2026-02-23T11:12:54.633+0000] {processor.py:829} INFO - Processing file /opt/airflow/dags/dag.py for tasks to queue
[2026-02-23T11:12:54.634+0000] {logging_mixin.py:151} INFO - [2026-02-23T11:12:54.634+0000] {dagbag.py:539} INFO - Filling up the DagBag from /opt/airflow/dags/dag.py
[2026-02-23T11:12:54.897+0000] {processor.py:839} INFO - DAG(s) dict_keys(['pagination_dag']) retrieved from /opt/airflow/dags/dag.py
[2026-02-23T11:12:54.923+0000] {logging_mixin.py:151} INFO - [2026-02-23T11:12:54.922+0000] {dag.py:2915} INFO - Sync 1 DAGs
[2026-02-23T11:12:54.934+0000] {logging_mixin.py:151} INFO - [2026-02-23T11:12:54.934+0000] {dag.py:3696} INFO - Setting next_dagrun for pagination_dag to None, run_after=None
[2026-02-23T11:12:54.952+0000] {processor.py:179} INFO - Processing /opt/airflow/dags/dag.py took 0.323 seconds
[2026-02-23T11:13:25.137+0000] {processor.py:157} INFO - Started process (PID=222) to work on /opt/airflow/dags/dag.py
[2026-02-23T11:13:25.139+0000] {processor.py:829} INFO - Processing file /opt/airflow/dags/dag.py for tasks to queue
[2026-02-23T11:13:25.140+0000] {logging_mixin.py:151} INFO - [2026-02-23T11:13:25.139+0000] {dagbag.py:539} INFO - Filling up the DagBag from /opt/airflow/dags/dag.py
[2026-02-23T11:13:25.385+0000] {processor.py:839} INFO - DAG(s) dict_keys(['pagination_dag']) retrieved from /opt/airflow/dags/dag.py
[2026-02-23T11:13:25.410+0000] {logging_mixin.py:151} INFO - [2026-02-23T11:13:25.409+0000] {dag.py:2915} INFO - Sync 1 DAGs
[2026-02-23T11:13:25.421+0000] {logging_mixin.py:151} INFO - [2026-02-23T11:13:25.421+0000] {dag.py:3696} INFO - Setting next_dagrun for pagination_dag to None, run_after=None
[2026-02-23T11:13:25.439+0000] {processor.py:179} INFO - Processing /opt/airflow/dags/dag.py took 0.306 seconds
[2026-02-23T11:13:55.625+0000] {processor.py:157} INFO - Started process (PID=228) to work on /opt/airflow/dags/dag.py
[2026-02-23T11:13:55.627+0000] {processor.py:829} INFO - Processing file /opt/airflow/dags/dag.py for tasks to queue
[2026-02-23T11:13:55.628+0000] {logging_mixin.py:151} INFO - [2026-02-23T11:13:55.627+0000] {dagbag.py:539} INFO - Filling up the DagBag from /opt/airflow/dags/dag.py
[2026-02-23T11:13:55.863+0000] {processor.py:839} INFO - DAG(s) dict_keys(['pagination_dag']) retrieved from /opt/airflow/dags/dag.py
[2026-02-23T11:13:55.889+0000] {logging_mixin.py:151} INFO - [2026-02-23T11:13:55.888+0000] {dag.py:2915} INFO - Sync 1 DAGs
[2026-02-23T11:13:55.899+0000] {logging_mixin.py:151} INFO - [2026-02-23T11:13:55.899+0000] {dag.py:3696} INFO - Setting next_dagrun for pagination_dag to None, run_after=None
[2026-02-23T11:13:55.918+0000] {processor.py:179} INFO - Processing /opt/airflow/dags/dag.py took 0.297 seconds
[2026-02-23T11:14:26.121+0000] {processor.py:157} INFO - Started process (PID=234) to work on /opt/airflow/dags/dag.py
[2026-02-23T11:14:26.122+0000] {processor.py:829} INFO - Processing file /opt/airflow/dags/dag.py for tasks to queue
[2026-02-23T11:14:26.123+0000] {logging_mixin.py:151} INFO - [2026-02-23T11:14:26.122+0000] {dagbag.py:539} INFO - Filling up the DagBag from /opt/airflow/dags/dag.py
[2026-02-23T11:14:26.405+0000] {processor.py:839} INFO - DAG(s) dict_keys(['pagination_dag']) retrieved from /opt/airflow/dags/dag.py
[2026-02-23T11:14:26.428+0000] {logging_mixin.py:151} INFO - [2026-02-23T11:14:26.428+0000] {dag.py:2915} INFO - Sync 1 DAGs
[2026-02-23T11:14:26.439+0000] {logging_mixin.py:151} INFO - [2026-02-23T11:14:26.439+0000] {dag.py:3696} INFO - Setting next_dagrun for pagination_dag to None, run_after=None
[2026-02-23T11:14:26.458+0000] {processor.py:179} INFO - Processing /opt/airflow/dags/dag.py took 0.340 seconds
[2026-02-23T11:14:56.642+0000] {processor.py:157} INFO - Started process (PID=240) to work on /opt/airflow/dags/dag.py
[2026-02-23T11:14:56.643+0000] {processor.py:829} INFO - Processing file /opt/airflow/dags/dag.py for tasks to queue
[2026-02-23T11:14:56.644+0000] {logging_mixin.py:151} INFO - [2026-02-23T11:14:56.644+0000] {dagbag.py:539} INFO - Filling up the DagBag from /opt/airflow/dags/dag.py
[2026-02-23T11:14:56.927+0000] {processor.py:839} INFO - DAG(s) dict_keys(['pagination_dag']) retrieved from /opt/airflow/dags/dag.py
[2026-02-23T11:14:56.953+0000] {logging_mixin.py:151} INFO - [2026-02-23T11:14:56.953+0000] {dag.py:2915} INFO - Sync 1 DAGs
[2026-02-23T11:14:56.964+0000] {logging_mixin.py:151} INFO - [2026-02-23T11:14:56.964+0000] {dag.py:3696} INFO - Setting next_dagrun for pagination_dag to None, run_after=None
[2026-02-23T11:14:56.985+0000] {processor.py:179} INFO - Processing /opt/airflow/dags/dag.py took 0.347 seconds
[2026-02-23T11:15:27.185+0000] {processor.py:157} INFO - Started process (PID=246) to work on /opt/airflow/dags/dag.py
[2026-02-23T11:15:27.186+0000] {processor.py:829} INFO - Processing file /opt/airflow/dags/dag.py for tasks to queue
[2026-02-23T11:15:27.187+0000] {logging_mixin.py:151} INFO - [2026-02-23T11:15:27.187+0000] {dagbag.py:539} INFO - Filling up the DagBag from /opt/airflow/dags/dag.py
[2026-02-23T11:15:27.441+0000] {processor.py:839} INFO - DAG(s) dict_keys(['pagination_dag']) retrieved from /opt/airflow/dags/dag.py
[2026-02-23T11:15:27.465+0000] {logging_mixin.py:151} INFO - [2026-02-23T11:15:27.465+0000] {dag.py:2915} INFO - Sync 1 DAGs
[2026-02-23T11:15:27.475+0000] {logging_mixin.py:151} INFO - [2026-02-23T11:15:27.475+0000] {dag.py:3696} INFO - Setting next_dagrun for pagination_dag to None, run_after=None
[2026-02-23T11:15:27.496+0000] {processor.py:179} INFO - Processing /opt/airflow/dags/dag.py took 0.314 seconds
[2026-02-23T11:15:57.693+0000] {processor.py:157} INFO - Started process (PID=252) to work on /opt/airflow/dags/dag.py
[2026-02-23T11:15:57.694+0000] {processor.py:829} INFO - Processing file /opt/airflow/dags/dag.py for tasks to queue
[2026-02-23T11:15:57.695+0000] {logging_mixin.py:151} INFO - [2026-02-23T11:15:57.695+0000] {dagbag.py:539} INFO - Filling up the DagBag from /opt/airflow/dags/dag.py
[2026-02-23T11:15:58.005+0000] {processor.py:839} INFO - DAG(s) dict_keys(['pagination_dag']) retrieved from /opt/airflow/dags/dag.py
[2026-02-23T11:15:58.035+0000] {logging_mixin.py:151} INFO - [2026-02-23T11:15:58.034+0000] {dag.py:2915} INFO - Sync 1 DAGs
[2026-02-23T11:15:58.048+0000] {logging_mixin.py:151} INFO - [2026-02-23T11:15:58.047+0000] {dag.py:3696} INFO - Setting next_dagrun for pagination_dag to None, run_after=None
[2026-02-23T11:15:58.085+0000] {processor.py:179} INFO - Processing /opt/airflow/dags/dag.py took 0.397 seconds
[2026-02-23T11:16:28.284+0000] {processor.py:157} INFO - Started process (PID=258) to work on /opt/airflow/dags/dag.py
[2026-02-23T11:16:28.285+0000] {processor.py:829} INFO - Processing file /opt/airflow/dags/dag.py for tasks to queue
[2026-02-23T11:16:28.287+0000] {logging_mixin.py:151} INFO - [2026-02-23T11:16:28.286+0000] {dagbag.py:539} INFO - Filling up the DagBag from /opt/airflow/dags/dag.py
[2026-02-23T11:16:28.552+0000] {processor.py:839} INFO - DAG(s) dict_keys(['pagination_dag']) retrieved from /opt/airflow/dags/dag.py
[2026-02-23T11:16:28.581+0000] {logging_mixin.py:151} INFO - [2026-02-23T11:16:28.580+0000] {dag.py:2915} INFO - Sync 1 DAGs
[2026-02-23T11:16:28.594+0000] {logging_mixin.py:151} INFO - [2026-02-23T11:16:28.593+0000] {dag.py:3696} INFO - Setting next_dagrun for pagination_dag to None, run_after=None
[2026-02-23T11:16:28.612+0000] {processor.py:179} INFO - Processing /opt/airflow/dags/dag.py took 0.331 seconds
[2026-02-23T11:16:58.801+0000] {processor.py:157} INFO - Started process (PID=264) to work on /opt/airflow/dags/dag.py
[2026-02-23T11:16:58.802+0000] {processor.py:829} INFO - Processing file /opt/airflow/dags/dag.py for tasks to queue
[2026-02-23T11:16:58.803+0000] {logging_mixin.py:151} INFO - [2026-02-23T11:16:58.803+0000] {dagbag.py:539} INFO - Filling up the DagBag from /opt/airflow/dags/dag.py
[2026-02-23T11:16:59.050+0000] {processor.py:839} INFO - DAG(s) dict_keys(['pagination_dag']) retrieved from /opt/airflow/dags/dag.py
[2026-02-23T11:16:59.076+0000] {logging_mixin.py:151} INFO - [2026-02-23T11:16:59.075+0000] {dag.py:2915} INFO - Sync 1 DAGs
[2026-02-23T11:16:59.086+0000] {logging_mixin.py:151} INFO - [2026-02-23T11:16:59.086+0000] {dag.py:3696} INFO - Setting next_dagrun for pagination_dag to None, run_after=None
[2026-02-23T11:16:59.105+0000] {processor.py:179} INFO - Processing /opt/airflow/dags/dag.py took 0.308 seconds
[2026-02-23T11:17:29.306+0000] {processor.py:157} INFO - Started process (PID=270) to work on /opt/airflow/dags/dag.py
[2026-02-23T11:17:29.307+0000] {processor.py:829} INFO - Processing file /opt/airflow/dags/dag.py for tasks to queue
[2026-02-23T11:17:29.308+0000] {logging_mixin.py:151} INFO - [2026-02-23T11:17:29.307+0000] {dagbag.py:539} INFO - Filling up the DagBag from /opt/airflow/dags/dag.py
[2026-02-23T11:17:29.545+0000] {processor.py:839} INFO - DAG(s) dict_keys(['pagination_dag']) retrieved from /opt/airflow/dags/dag.py
[2026-02-23T11:17:29.569+0000] {logging_mixin.py:151} INFO - [2026-02-23T11:17:29.569+0000] {dag.py:2915} INFO - Sync 1 DAGs
[2026-02-23T11:17:29.580+0000] {logging_mixin.py:151} INFO - [2026-02-23T11:17:29.579+0000] {dag.py:3696} INFO - Setting next_dagrun for pagination_dag to None, run_after=None
[2026-02-23T11:17:29.598+0000] {processor.py:179} INFO - Processing /opt/airflow/dags/dag.py took 0.296 seconds
[2026-02-23T11:17:59.779+0000] {processor.py:157} INFO - Started process (PID=276) to work on /opt/airflow/dags/dag.py
[2026-02-23T11:17:59.781+0000] {processor.py:829} INFO - Processing file /opt/airflow/dags/dag.py for tasks to queue
[2026-02-23T11:17:59.782+0000] {logging_mixin.py:151} INFO - [2026-02-23T11:17:59.782+0000] {dagbag.py:539} INFO - Filling up the DagBag from /opt/airflow/dags/dag.py
[2026-02-23T11:18:00.019+0000] {processor.py:839} INFO - DAG(s) dict_keys(['pagination_dag']) retrieved from /opt/airflow/dags/dag.py
[2026-02-23T11:18:00.044+0000] {logging_mixin.py:151} INFO - [2026-02-23T11:18:00.044+0000] {dag.py:2915} INFO - Sync 1 DAGs
[2026-02-23T11:18:00.055+0000] {logging_mixin.py:151} INFO - [2026-02-23T11:18:00.055+0000] {dag.py:3696} INFO - Setting next_dagrun for pagination_dag to None, run_after=None
[2026-02-23T11:18:00.073+0000] {processor.py:179} INFO - Processing /opt/airflow/dags/dag.py took 0.297 seconds
[2026-02-23T11:18:30.253+0000] {processor.py:157} INFO - Started process (PID=282) to work on /opt/airflow/dags/dag.py
[2026-02-23T11:18:30.254+0000] {processor.py:829} INFO - Processing file /opt/airflow/dags/dag.py for tasks to queue
[2026-02-23T11:18:30.255+0000] {logging_mixin.py:151} INFO - [2026-02-23T11:18:30.255+0000] {dagbag.py:539} INFO - Filling up the DagBag from /opt/airflow/dags/dag.py
[2026-02-23T11:18:30.494+0000] {processor.py:839} INFO - DAG(s) dict_keys(['pagination_dag']) retrieved from /opt/airflow/dags/dag.py
[2026-02-23T11:18:30.519+0000] {logging_mixin.py:151} INFO - [2026-02-23T11:18:30.519+0000] {dag.py:2915} INFO - Sync 1 DAGs
[2026-02-23T11:18:30.530+0000] {logging_mixin.py:151} INFO - [2026-02-23T11:18:30.530+0000] {dag.py:3696} INFO - Setting next_dagrun for pagination_dag to None, run_after=None
[2026-02-23T11:18:30.549+0000] {processor.py:179} INFO - Processing /opt/airflow/dags/dag.py took 0.299 seconds
[2026-02-23T11:19:00.741+0000] {processor.py:157} INFO - Started process (PID=288) to work on /opt/airflow/dags/dag.py
[2026-02-23T11:19:00.742+0000] {processor.py:829} INFO - Processing file /opt/airflow/dags/dag.py for tasks to queue
[2026-02-23T11:19:00.743+0000] {logging_mixin.py:151} INFO - [2026-02-23T11:19:00.742+0000] {dagbag.py:539} INFO - Filling up the DagBag from /opt/airflow/dags/dag.py
[2026-02-23T11:19:00.979+0000] {processor.py:839} INFO - DAG(s) dict_keys(['pagination_dag']) retrieved from /opt/airflow/dags/dag.py
[2026-02-23T11:19:01.003+0000] {logging_mixin.py:151} INFO - [2026-02-23T11:19:01.003+0000] {dag.py:2915} INFO - Sync 1 DAGs
[2026-02-23T11:19:01.014+0000] {logging_mixin.py:151} INFO - [2026-02-23T11:19:01.014+0000] {dag.py:3696} INFO - Setting next_dagrun for pagination_dag to None, run_after=None
[2026-02-23T11:19:01.032+0000] {processor.py:179} INFO - Processing /opt/airflow/dags/dag.py took 0.295 seconds
[2026-02-23T11:19:31.242+0000] {processor.py:157} INFO - Started process (PID=294) to work on /opt/airflow/dags/dag.py
[2026-02-23T11:19:31.243+0000] {processor.py:829} INFO - Processing file /opt/airflow/dags/dag.py for tasks to queue
[2026-02-23T11:19:31.244+0000] {logging_mixin.py:151} INFO - [2026-02-23T11:19:31.244+0000] {dagbag.py:539} INFO - Filling up the DagBag from /opt/airflow/dags/dag.py
[2026-02-23T11:19:31.484+0000] {processor.py:839} INFO - DAG(s) dict_keys(['pagination_dag']) retrieved from /opt/airflow/dags/dag.py
[2026-02-23T11:19:31.509+0000] {logging_mixin.py:151} INFO - [2026-02-23T11:19:31.509+0000] {dag.py:2915} INFO - Sync 1 DAGs
[2026-02-23T11:19:31.519+0000] {logging_mixin.py:151} INFO - [2026-02-23T11:19:31.519+0000] {dag.py:3696} INFO - Setting next_dagrun for pagination_dag to None, run_after=None
[2026-02-23T11:19:31.539+0000] {processor.py:179} INFO - Processing /opt/airflow/dags/dag.py took 0.300 seconds
[2026-02-23T11:20:01.730+0000] {processor.py:157} INFO - Started process (PID=300) to work on /opt/airflow/dags/dag.py
[2026-02-23T11:20:01.731+0000] {processor.py:829} INFO - Processing file /opt/airflow/dags/dag.py for tasks to queue
[2026-02-23T11:20:01.732+0000] {logging_mixin.py:151} INFO - [2026-02-23T11:20:01.732+0000] {dagbag.py:539} INFO - Filling up the DagBag from /opt/airflow/dags/dag.py
[2026-02-23T11:20:01.970+0000] {processor.py:839} INFO - DAG(s) dict_keys(['pagination_dag']) retrieved from /opt/airflow/dags/dag.py
[2026-02-23T11:20:01.994+0000] {logging_mixin.py:151} INFO - [2026-02-23T11:20:01.994+0000] {dag.py:2915} INFO - Sync 1 DAGs
[2026-02-23T11:20:02.005+0000] {logging_mixin.py:151} INFO - [2026-02-23T11:20:02.005+0000] {dag.py:3696} INFO - Setting next_dagrun for pagination_dag to None, run_after=None
[2026-02-23T11:20:02.024+0000] {processor.py:179} INFO - Processing /opt/airflow/dags/dag.py took 0.298 seconds
[2026-02-23T11:20:32.205+0000] {processor.py:157} INFO - Started process (PID=306) to work on /opt/airflow/dags/dag.py
[2026-02-23T11:20:32.206+0000] {processor.py:829} INFO - Processing file /opt/airflow/dags/dag.py for tasks to queue
[2026-02-23T11:20:32.207+0000] {logging_mixin.py:151} INFO - [2026-02-23T11:20:32.207+0000] {dagbag.py:539} INFO - Filling up the DagBag from /opt/airflow/dags/dag.py
[2026-02-23T11:20:32.446+0000] {processor.py:839} INFO - DAG(s) dict_keys(['pagination_dag']) retrieved from /opt/airflow/dags/dag.py
[2026-02-23T11:20:32.470+0000] {logging_mixin.py:151} INFO - [2026-02-23T11:20:32.470+0000] {dag.py:2915} INFO - Sync 1 DAGs
[2026-02-23T11:20:32.481+0000] {logging_mixin.py:151} INFO - [2026-02-23T11:20:32.480+0000] {dag.py:3696} INFO - Setting next_dagrun for pagination_dag to None, run_after=None
[2026-02-23T11:20:32.498+0000] {processor.py:179} INFO - Processing /opt/airflow/dags/dag.py took 0.297 seconds
[2026-02-23T11:21:02.688+0000] {processor.py:157} INFO - Started process (PID=312) to work on /opt/airflow/dags/dag.py
[2026-02-23T11:21:02.689+0000] {processor.py:829} INFO - Processing file /opt/airflow/dags/dag.py for tasks to queue
[2026-02-23T11:21:02.690+0000] {logging_mixin.py:151} INFO - [2026-02-23T11:21:02.690+0000] {dagbag.py:539} INFO - Filling up the DagBag from /opt/airflow/dags/dag.py
[2026-02-23T11:21:02.923+0000] {processor.py:839} INFO - DAG(s) dict_keys(['pagination_dag']) retrieved from /opt/airflow/dags/dag.py
[2026-02-23T11:21:02.948+0000] {logging_mixin.py:151} INFO - [2026-02-23T11:21:02.947+0000] {dag.py:2915} INFO - Sync 1 DAGs
[2026-02-23T11:21:02.959+0000] {logging_mixin.py:151} INFO - [2026-02-23T11:21:02.959+0000] {dag.py:3696} INFO - Setting next_dagrun for pagination_dag to None, run_after=None
[2026-02-23T11:21:02.978+0000] {processor.py:179} INFO - Processing /opt/airflow/dags/dag.py took 0.293 seconds
[2026-02-23T11:21:33.173+0000] {processor.py:157} INFO - Started process (PID=318) to work on /opt/airflow/dags/dag.py
[2026-02-23T11:21:33.175+0000] {processor.py:829} INFO - Processing file /opt/airflow/dags/dag.py for tasks to queue
[2026-02-23T11:21:33.176+0000] {logging_mixin.py:151} INFO - [2026-02-23T11:21:33.175+0000] {dagbag.py:539} INFO - Filling up the DagBag from /opt/airflow/dags/dag.py
[2026-02-23T11:21:33.566+0000] {processor.py:839} INFO - DAG(s) dict_keys(['pagination_dag']) retrieved from /opt/airflow/dags/dag.py
[2026-02-23T11:21:33.600+0000] {logging_mixin.py:151} INFO - [2026-02-23T11:21:33.599+0000] {dag.py:2915} INFO - Sync 1 DAGs
[2026-02-23T11:21:33.612+0000] {logging_mixin.py:151} INFO - [2026-02-23T11:21:33.612+0000] {dag.py:3696} INFO - Setting next_dagrun for pagination_dag to None, run_after=None
[2026-02-23T11:21:33.633+0000] {processor.py:179} INFO - Processing /opt/airflow/dags/dag.py took 0.463 seconds
[2026-02-23T11:22:03.825+0000] {processor.py:157} INFO - Started process (PID=324) to work on /opt/airflow/dags/dag.py
[2026-02-23T11:22:03.826+0000] {processor.py:829} INFO - Processing file /opt/airflow/dags/dag.py for tasks to queue
[2026-02-23T11:22:03.827+0000] {logging_mixin.py:151} INFO - [2026-02-23T11:22:03.827+0000] {dagbag.py:539} INFO - Filling up the DagBag from /opt/airflow/dags/dag.py
[2026-02-23T11:22:04.060+0000] {processor.py:839} INFO - DAG(s) dict_keys(['pagination_dag']) retrieved from /opt/airflow/dags/dag.py
[2026-02-23T11:22:04.086+0000] {logging_mixin.py:151} INFO - [2026-02-23T11:22:04.086+0000] {dag.py:2915} INFO - Sync 1 DAGs
[2026-02-23T11:22:04.099+0000] {logging_mixin.py:151} INFO - [2026-02-23T11:22:04.099+0000] {dag.py:3696} INFO - Setting next_dagrun for pagination_dag to None, run_after=None
[2026-02-23T11:22:04.119+0000] {processor.py:179} INFO - Processing /opt/airflow/dags/dag.py took 0.297 seconds
[2026-02-23T11:22:34.312+0000] {processor.py:157} INFO - Started process (PID=330) to work on /opt/airflow/dags/dag.py
[2026-02-23T11:22:34.313+0000] {processor.py:829} INFO - Processing file /opt/airflow/dags/dag.py for tasks to queue
[2026-02-23T11:22:34.314+0000] {logging_mixin.py:151} INFO - [2026-02-23T11:22:34.314+0000] {dagbag.py:539} INFO - Filling up the DagBag from /opt/airflow/dags/dag.py
[2026-02-23T11:22:34.544+0000] {processor.py:839} INFO - DAG(s) dict_keys(['pagination_dag']) retrieved from /opt/airflow/dags/dag.py
[2026-02-23T11:22:34.569+0000] {logging_mixin.py:151} INFO - [2026-02-23T11:22:34.568+0000] {dag.py:2915} INFO - Sync 1 DAGs
[2026-02-23T11:22:34.579+0000] {logging_mixin.py:151} INFO - [2026-02-23T11:22:34.579+0000] {dag.py:3696} INFO - Setting next_dagrun for pagination_dag to None, run_after=None
[2026-02-23T11:22:34.598+0000] {processor.py:179} INFO - Processing /opt/airflow/dags/dag.py took 0.289 seconds
[2026-02-23T11:23:04.791+0000] {processor.py:157} INFO - Started process (PID=336) to work on /opt/airflow/dags/dag.py
[2026-02-23T11:23:04.792+0000] {processor.py:829} INFO - Processing file /opt/airflow/dags/dag.py for tasks to queue
[2026-02-23T11:23:04.794+0000] {logging_mixin.py:151} INFO - [2026-02-23T11:23:04.793+0000] {dagbag.py:539} INFO - Filling up the DagBag from /opt/airflow/dags/dag.py
[2026-02-23T11:23:05.049+0000] {processor.py:839} INFO - DAG(s) dict_keys(['pagination_dag']) retrieved from /opt/airflow/dags/dag.py
[2026-02-23T11:23:05.078+0000] {logging_mixin.py:151} INFO - [2026-02-23T11:23:05.077+0000] {dag.py:2915} INFO - Sync 1 DAGs
[2026-02-23T11:23:05.090+0000] {logging_mixin.py:151} INFO - [2026-02-23T11:23:05.089+0000] {dag.py:3696} INFO - Setting next_dagrun for pagination_dag to None, run_after=None
[2026-02-23T11:23:05.114+0000] {processor.py:179} INFO - Processing /opt/airflow/dags/dag.py took 0.326 seconds
[2026-02-23T11:23:35.303+0000] {processor.py:157} INFO - Started process (PID=342) to work on /opt/airflow/dags/dag.py
[2026-02-23T11:23:35.304+0000] {processor.py:829} INFO - Processing file /opt/airflow/dags/dag.py for tasks to queue
[2026-02-23T11:23:35.305+0000] {logging_mixin.py:151} INFO - [2026-02-23T11:23:35.305+0000] {dagbag.py:539} INFO - Filling up the DagBag from /opt/airflow/dags/dag.py
[2026-02-23T11:23:35.538+0000] {processor.py:839} INFO - DAG(s) dict_keys(['pagination_dag']) retrieved from /opt/airflow/dags/dag.py
[2026-02-23T11:23:35.564+0000] {logging_mixin.py:151} INFO - [2026-02-23T11:23:35.564+0000] {dag.py:2915} INFO - Sync 1 DAGs
[2026-02-23T11:23:35.575+0000] {logging_mixin.py:151} INFO - [2026-02-23T11:23:35.575+0000] {dag.py:3696} INFO - Setting next_dagrun for pagination_dag to None, run_after=None
[2026-02-23T11:23:35.596+0000] {processor.py:179} INFO - Processing /opt/airflow/dags/dag.py took 0.297 seconds
[2026-02-23T11:24:05.791+0000] {processor.py:157} INFO - Started process (PID=348) to work on /opt/airflow/dags/dag.py
[2026-02-23T11:24:05.793+0000] {processor.py:829} INFO - Processing file /opt/airflow/dags/dag.py for tasks to queue
[2026-02-23T11:24:05.795+0000] {logging_mixin.py:151} INFO - [2026-02-23T11:24:05.795+0000] {dagbag.py:539} INFO - Filling up the DagBag from /opt/airflow/dags/dag.py
[2026-02-23T11:24:06.025+0000] {processor.py:839} INFO - DAG(s) dict_keys(['pagination_dag']) retrieved from /opt/airflow/dags/dag.py
[2026-02-23T11:24:06.049+0000] {logging_mixin.py:151} INFO - [2026-02-23T11:24:06.049+0000] {dag.py:2915} INFO - Sync 1 DAGs
[2026-02-23T11:24:06.059+0000] {logging_mixin.py:151} INFO - [2026-02-23T11:24:06.059+0000] {dag.py:3696} INFO - Setting next_dagrun for pagination_dag to None, run_after=None
[2026-02-23T11:24:06.079+0000] {processor.py:179} INFO - Processing /opt/airflow/dags/dag.py took 0.292 seconds
[2026-02-23T11:24:36.283+0000] {processor.py:157} INFO - Started process (PID=354) to work on /opt/airflow/dags/dag.py
[2026-02-23T11:24:36.284+0000] {processor.py:829} INFO - Processing file /opt/airflow/dags/dag.py for tasks to queue
[2026-02-23T11:24:36.285+0000] {logging_mixin.py:151} INFO - [2026-02-23T11:24:36.285+0000] {dagbag.py:539} INFO - Filling up the DagBag from /opt/airflow/dags/dag.py
[2026-02-23T11:24:36.511+0000] {processor.py:839} INFO - DAG(s) dict_keys(['pagination_dag']) retrieved from /opt/airflow/dags/dag.py
[2026-02-23T11:24:36.534+0000] {logging_mixin.py:151} INFO - [2026-02-23T11:24:36.534+0000] {dag.py:2915} INFO - Sync 1 DAGs
[2026-02-23T11:24:36.546+0000] {logging_mixin.py:151} INFO - [2026-02-23T11:24:36.546+0000] {dag.py:3696} INFO - Setting next_dagrun for pagination_dag to None, run_after=None
[2026-02-23T11:24:36.564+0000] {processor.py:179} INFO - Processing /opt/airflow/dags/dag.py took 0.284 seconds
[2026-02-23T11:25:06.749+0000] {processor.py:157} INFO - Started process (PID=360) to work on /opt/airflow/dags/dag.py
[2026-02-23T11:25:06.750+0000] {processor.py:829} INFO - Processing file /opt/airflow/dags/dag.py for tasks to queue
[2026-02-23T11:25:06.751+0000] {logging_mixin.py:151} INFO - [2026-02-23T11:25:06.751+0000] {dagbag.py:539} INFO - Filling up the DagBag from /opt/airflow/dags/dag.py
[2026-02-23T11:25:07.013+0000] {processor.py:839} INFO - DAG(s) dict_keys(['pagination_dag']) retrieved from /opt/airflow/dags/dag.py
[2026-02-23T11:25:07.038+0000] {logging_mixin.py:151} INFO - [2026-02-23T11:25:07.038+0000] {dag.py:2915} INFO - Sync 1 DAGs
[2026-02-23T11:25:07.049+0000] {logging_mixin.py:151} INFO - [2026-02-23T11:25:07.048+0000] {dag.py:3696} INFO - Setting next_dagrun for pagination_dag to None, run_after=None
[2026-02-23T11:25:07.066+0000] {processor.py:179} INFO - Processing /opt/airflow/dags/dag.py took 0.321 seconds
[2026-02-23T11:25:37.252+0000] {processor.py:157} INFO - Started process (PID=366) to work on /opt/airflow/dags/dag.py
[2026-02-23T11:25:37.253+0000] {processor.py:829} INFO - Processing file /opt/airflow/dags/dag.py for tasks to queue
[2026-02-23T11:25:37.254+0000] {logging_mixin.py:151} INFO - [2026-02-23T11:25:37.254+0000] {dagbag.py:539} INFO - Filling up the DagBag from /opt/airflow/dags/dag.py
[2026-02-23T11:25:37.485+0000] {processor.py:839} INFO - DAG(s) dict_keys(['pagination_dag']) retrieved from /opt/airflow/dags/dag.py
[2026-02-23T11:25:37.511+0000] {logging_mixin.py:151} INFO - [2026-02-23T11:25:37.511+0000] {dag.py:2915} INFO - Sync 1 DAGs
[2026-02-23T11:25:37.522+0000] {logging_mixin.py:151} INFO - [2026-02-23T11:25:37.522+0000] {dag.py:3696} INFO - Setting next_dagrun for pagination_dag to None, run_after=None
[2026-02-23T11:25:37.542+0000] {processor.py:179} INFO - Processing /opt/airflow/dags/dag.py took 0.293 seconds
[2026-02-23T11:26:07.724+0000] {processor.py:157} INFO - Started process (PID=372) to work on /opt/airflow/dags/dag.py
[2026-02-23T11:26:07.726+0000] {processor.py:829} INFO - Processing file /opt/airflow/dags/dag.py for tasks to queue
[2026-02-23T11:26:07.727+0000] {logging_mixin.py:151} INFO - [2026-02-23T11:26:07.726+0000] {dagbag.py:539} INFO - Filling up the DagBag from /opt/airflow/dags/dag.py
[2026-02-23T11:26:07.965+0000] {processor.py:839} INFO - DAG(s) dict_keys(['pagination_dag']) retrieved from /opt/airflow/dags/dag.py
[2026-02-23T11:26:07.992+0000] {logging_mixin.py:151} INFO - [2026-02-23T11:26:07.991+0000] {dag.py:2915} INFO - Sync 1 DAGs
[2026-02-23T11:26:08.003+0000] {logging_mixin.py:151} INFO - [2026-02-23T11:26:08.003+0000] {dag.py:3696} INFO - Setting next_dagrun for pagination_dag to None, run_after=None
[2026-02-23T11:26:08.023+0000] {processor.py:179} INFO - Processing /opt/airflow/dags/dag.py took 0.301 seconds
[2026-02-23T11:26:38.212+0000] {processor.py:157} INFO - Started process (PID=378) to work on /opt/airflow/dags/dag.py
[2026-02-23T11:26:38.213+0000] {processor.py:829} INFO - Processing file /opt/airflow/dags/dag.py for tasks to queue
[2026-02-23T11:26:38.214+0000] {logging_mixin.py:151} INFO - [2026-02-23T11:26:38.214+0000] {dagbag.py:539} INFO - Filling up the DagBag from /opt/airflow/dags/dag.py
[2026-02-23T11:26:38.441+0000] {processor.py:839} INFO - DAG(s) dict_keys(['pagination_dag']) retrieved from /opt/airflow/dags/dag.py
[2026-02-23T11:26:38.466+0000] {logging_mixin.py:151} INFO - [2026-02-23T11:26:38.465+0000] {dag.py:2915} INFO - Sync 1 DAGs
[2026-02-23T11:26:38.477+0000] {logging_mixin.py:151} INFO - [2026-02-23T11:26:38.477+0000] {dag.py:3696} INFO - Setting next_dagrun for pagination_dag to None, run_after=None
[2026-02-23T11:26:38.497+0000] {processor.py:179} INFO - Processing /opt/airflow/dags/dag.py took 0.288 seconds
[2026-02-23T11:27:08.688+0000] {processor.py:157} INFO - Started process (PID=384) to work on /opt/airflow/dags/dag.py
[2026-02-23T11:27:08.689+0000] {processor.py:829} INFO - Processing file /opt/airflow/dags/dag.py for tasks to queue
[2026-02-23T11:27:08.690+0000] {logging_mixin.py:151} INFO - [2026-02-23T11:27:08.690+0000] {dagbag.py:539} INFO - Filling up the DagBag from /opt/airflow/dags/dag.py
[2026-02-23T11:27:08.928+0000] {processor.py:839} INFO - DAG(s) dict_keys(['pagination_dag']) retrieved from /opt/airflow/dags/dag.py
[2026-02-23T11:27:08.964+0000] {logging_mixin.py:151} INFO - [2026-02-23T11:27:08.963+0000] {dag.py:2915} INFO - Sync 1 DAGs
[2026-02-23T11:27:08.979+0000] {logging_mixin.py:151} INFO - [2026-02-23T11:27:08.979+0000] {dag.py:3696} INFO - Setting next_dagrun for pagination_dag to None, run_after=None
[2026-02-23T11:27:09.005+0000] {processor.py:179} INFO - Processing /opt/airflow/dags/dag.py took 0.319 seconds
[2026-02-23T11:27:39.196+0000] {processor.py:157} INFO - Started process (PID=390) to work on /opt/airflow/dags/dag.py
[2026-02-23T11:27:39.197+0000] {processor.py:829} INFO - Processing file /opt/airflow/dags/dag.py for tasks to queue
[2026-02-23T11:27:39.198+0000] {logging_mixin.py:151} INFO - [2026-02-23T11:27:39.198+0000] {dagbag.py:539} INFO - Filling up the DagBag from /opt/airflow/dags/dag.py
[2026-02-23T11:27:39.437+0000] {processor.py:839} INFO - DAG(s) dict_keys(['pagination_dag']) retrieved from /opt/airflow/dags/dag.py
[2026-02-23T11:27:39.462+0000] {logging_mixin.py:151} INFO - [2026-02-23T11:27:39.461+0000] {dag.py:2915} INFO - Sync 1 DAGs
[2026-02-23T11:27:39.473+0000] {logging_mixin.py:151} INFO - [2026-02-23T11:27:39.473+0000] {dag.py:3696} INFO - Setting next_dagrun for pagination_dag to None, run_after=None
[2026-02-23T11:27:39.491+0000] {processor.py:179} INFO - Processing /opt/airflow/dags/dag.py took 0.298 seconds
[2026-02-23T11:28:09.675+0000] {processor.py:157} INFO - Started process (PID=396) to work on /opt/airflow/dags/dag.py
[2026-02-23T11:28:09.676+0000] {processor.py:829} INFO - Processing file /opt/airflow/dags/dag.py for tasks to queue
[2026-02-23T11:28:09.677+0000] {logging_mixin.py:151} INFO - [2026-02-23T11:28:09.676+0000] {dagbag.py:539} INFO - Filling up the DagBag from /opt/airflow/dags/dag.py
[2026-02-23T11:28:09.909+0000] {processor.py:839} INFO - DAG(s) dict_keys(['pagination_dag']) retrieved from /opt/airflow/dags/dag.py
[2026-02-23T11:28:09.936+0000] {logging_mixin.py:151} INFO - [2026-02-23T11:28:09.936+0000] {dag.py:2915} INFO - Sync 1 DAGs
[2026-02-23T11:28:09.947+0000] {logging_mixin.py:151} INFO - [2026-02-23T11:28:09.947+0000] {dag.py:3696} INFO - Setting next_dagrun for pagination_dag to None, run_after=None
[2026-02-23T11:28:09.966+0000] {processor.py:179} INFO - Processing /opt/airflow/dags/dag.py took 0.295 seconds
[2026-02-23T11:28:40.157+0000] {processor.py:157} INFO - Started process (PID=402) to work on /opt/airflow/dags/dag.py
[2026-02-23T11:28:40.158+0000] {processor.py:829} INFO - Processing file /opt/airflow/dags/dag.py for tasks to queue
[2026-02-23T11:28:40.159+0000] {logging_mixin.py:151} INFO - [2026-02-23T11:28:40.159+0000] {dagbag.py:539} INFO - Filling up the DagBag from /opt/airflow/dags/dag.py
[2026-02-23T11:28:40.387+0000] {processor.py:839} INFO - DAG(s) dict_keys(['pagination_dag']) retrieved from /opt/airflow/dags/dag.py
[2026-02-23T11:28:40.411+0000] {logging_mixin.py:151} INFO - [2026-02-23T11:28:40.411+0000] {dag.py:2915} INFO - Sync 1 DAGs
[2026-02-23T11:28:40.422+0000] {logging_mixin.py:151} INFO - [2026-02-23T11:28:40.422+0000] {dag.py:3696} INFO - Setting next_dagrun for pagination_dag to None, run_after=None
[2026-02-23T11:28:40.440+0000] {processor.py:179} INFO - Processing /opt/airflow/dags/dag.py took 0.286 seconds
[2026-02-23T11:29:10.627+0000] {processor.py:157} INFO - Started process (PID=408) to work on /opt/airflow/dags/dag.py
[2026-02-23T11:29:10.628+0000] {processor.py:829} INFO - Processing file /opt/airflow/dags/dag.py for tasks to queue
[2026-02-23T11:29:10.629+0000] {logging_mixin.py:151} INFO - [2026-02-23T11:29:10.629+0000] {dagbag.py:539} INFO - Filling up the DagBag from /opt/airflow/dags/dag.py
[2026-02-23T11:29:10.862+0000] {processor.py:839} INFO - DAG(s) dict_keys(['pagination_dag']) retrieved from /opt/airflow/dags/dag.py
[2026-02-23T11:29:10.887+0000] {logging_mixin.py:151} INFO - [2026-02-23T11:29:10.887+0000] {dag.py:2915} INFO - Sync 1 DAGs
[2026-02-23T11:29:10.898+0000] {logging_mixin.py:151} INFO - [2026-02-23T11:29:10.898+0000] {dag.py:3696} INFO - Setting next_dagrun for pagination_dag to None, run_after=None
[2026-02-23T11:29:10.917+0000] {processor.py:179} INFO - Processing /opt/airflow/dags/dag.py took 0.294 seconds
[2026-02-23T11:29:41.096+0000] {processor.py:157} INFO - Started process (PID=414) to work on /opt/airflow/dags/dag.py
[2026-02-23T11:29:41.097+0000] {processor.py:829} INFO - Processing file /opt/airflow/dags/dag.py for tasks to queue
[2026-02-23T11:29:41.098+0000] {logging_mixin.py:151} INFO - [2026-02-23T11:29:41.098+0000] {dagbag.py:539} INFO - Filling up the DagBag from /opt/airflow/dags/dag.py
[2026-02-23T11:29:41.325+0000] {processor.py:839} INFO - DAG(s) dict_keys(['pagination_dag']) retrieved from /opt/airflow/dags/dag.py
[2026-02-23T11:29:41.349+0000] {logging_mixin.py:151} INFO - [2026-02-23T11:29:41.348+0000] {dag.py:2915} INFO - Sync 1 DAGs
[2026-02-23T11:29:41.360+0000] {logging_mixin.py:151} INFO - [2026-02-23T11:29:41.360+0000] {dag.py:3696} INFO - Setting next_dagrun for pagination_dag to None, run_after=None
[2026-02-23T11:29:41.380+0000] {processor.py:179} INFO - Processing /opt/airflow/dags/dag.py took 0.287 seconds
[2026-02-23T11:30:11.567+0000] {processor.py:157} INFO - Started process (PID=420) to work on /opt/airflow/dags/dag.py
[2026-02-23T11:30:11.569+0000] {processor.py:829} INFO - Processing file /opt/airflow/dags/dag.py for tasks to queue
[2026-02-23T11:30:11.570+0000] {logging_mixin.py:151} INFO - [2026-02-23T11:30:11.569+0000] {dagbag.py:539} INFO - Filling up the DagBag from /opt/airflow/dags/dag.py
[2026-02-23T11:30:11.803+0000] {processor.py:839} INFO - DAG(s) dict_keys(['pagination_dag']) retrieved from /opt/airflow/dags/dag.py
[2026-02-23T11:30:11.828+0000] {logging_mixin.py:151} INFO - [2026-02-23T11:30:11.828+0000] {dag.py:2915} INFO - Sync 1 DAGs
[2026-02-23T11:30:11.840+0000] {logging_mixin.py:151} INFO - [2026-02-23T11:30:11.839+0000] {dag.py:3696} INFO - Setting next_dagrun for pagination_dag to None, run_after=None
[2026-02-23T11:30:11.859+0000] {processor.py:179} INFO - Processing /opt/airflow/dags/dag.py took 0.295 seconds
[2026-02-23T11:30:42.044+0000] {processor.py:157} INFO - Started process (PID=426) to work on /opt/airflow/dags/dag.py
[2026-02-23T11:30:42.046+0000] {processor.py:829} INFO - Processing file /opt/airflow/dags/dag.py for tasks to queue
[2026-02-23T11:30:42.047+0000] {logging_mixin.py:151} INFO - [2026-02-23T11:30:42.046+0000] {dagbag.py:539} INFO - Filling up the DagBag from /opt/airflow/dags/dag.py
[2026-02-23T11:30:42.279+0000] {processor.py:839} INFO - DAG(s) dict_keys(['pagination_dag']) retrieved from /opt/airflow/dags/dag.py
[2026-02-23T11:30:42.305+0000] {logging_mixin.py:151} INFO - [2026-02-23T11:30:42.304+0000] {dag.py:2915} INFO - Sync 1 DAGs
[2026-02-23T11:30:42.316+0000] {logging_mixin.py:151} INFO - [2026-02-23T11:30:42.316+0000] {dag.py:3696} INFO - Setting next_dagrun for pagination_dag to None, run_after=None
[2026-02-23T11:30:42.337+0000] {processor.py:179} INFO - Processing /opt/airflow/dags/dag.py took 0.296 seconds
[2026-02-23T11:31:12.519+0000] {processor.py:157} INFO - Started process (PID=432) to work on /opt/airflow/dags/dag.py
[2026-02-23T11:31:12.520+0000] {processor.py:829} INFO - Processing file /opt/airflow/dags/dag.py for tasks to queue
[2026-02-23T11:31:12.521+0000] {logging_mixin.py:151} INFO - [2026-02-23T11:31:12.521+0000] {dagbag.py:539} INFO - Filling up the DagBag from /opt/airflow/dags/dag.py
[2026-02-23T11:31:12.754+0000] {processor.py:839} INFO - DAG(s) dict_keys(['pagination_dag']) retrieved from /opt/airflow/dags/dag.py
[2026-02-23T11:31:12.778+0000] {logging_mixin.py:151} INFO - [2026-02-23T11:31:12.778+0000] {dag.py:2915} INFO - Sync 1 DAGs
[2026-02-23T11:31:12.788+0000] {logging_mixin.py:151} INFO - [2026-02-23T11:31:12.788+0000] {dag.py:3696} INFO - Setting next_dagrun for pagination_dag to None, run_after=None
[2026-02-23T11:31:12.806+0000] {processor.py:179} INFO - Processing /opt/airflow/dags/dag.py took 0.290 seconds
[2026-02-23T11:31:42.987+0000] {processor.py:157} INFO - Started process (PID=438) to work on /opt/airflow/dags/dag.py
[2026-02-23T11:31:42.988+0000] {processor.py:829} INFO - Processing file /opt/airflow/dags/dag.py for tasks to queue
[2026-02-23T11:31:42.988+0000] {logging_mixin.py:151} INFO - [2026-02-23T11:31:42.988+0000] {dagbag.py:539} INFO - Filling up the DagBag from /opt/airflow/dags/dag.py
[2026-02-23T11:31:43.228+0000] {processor.py:839} INFO - DAG(s) dict_keys(['pagination_dag']) retrieved from /opt/airflow/dags/dag.py
[2026-02-23T11:31:43.253+0000] {logging_mixin.py:151} INFO - [2026-02-23T11:31:43.252+0000] {dag.py:2915} INFO - Sync 1 DAGs
[2026-02-23T11:31:43.263+0000] {logging_mixin.py:151} INFO - [2026-02-23T11:31:43.263+0000] {dag.py:3696} INFO - Setting next_dagrun for pagination_dag to None, run_after=None
[2026-02-23T11:31:43.282+0000] {processor.py:179} INFO - Processing /opt/airflow/dags/dag.py took 0.298 seconds
[2026-02-23T11:32:13.462+0000] {processor.py:157} INFO - Started process (PID=444) to work on /opt/airflow/dags/dag.py
[2026-02-23T11:32:13.463+0000] {processor.py:829} INFO - Processing file /opt/airflow/dags/dag.py for tasks to queue
[2026-02-23T11:32:13.464+0000] {logging_mixin.py:151} INFO - [2026-02-23T11:32:13.463+0000] {dagbag.py:539} INFO - Filling up the DagBag from /opt/airflow/dags/dag.py
[2026-02-23T11:32:13.697+0000] {processor.py:839} INFO - DAG(s) dict_keys(['pagination_dag']) retrieved from /opt/airflow/dags/dag.py
[2026-02-23T11:32:13.722+0000] {logging_mixin.py:151} INFO - [2026-02-23T11:32:13.721+0000] {dag.py:2915} INFO - Sync 1 DAGs
[2026-02-23T11:32:13.732+0000] {logging_mixin.py:151} INFO - [2026-02-23T11:32:13.732+0000] {dag.py:3696} INFO - Setting next_dagrun for pagination_dag to None, run_after=None
[2026-02-23T11:32:13.754+0000] {processor.py:179} INFO - Processing /opt/airflow/dags/dag.py took 0.295 seconds
[2026-02-23T11:32:43.942+0000] {processor.py:157} INFO - Started process (PID=450) to work on /opt/airflow/dags/dag.py
[2026-02-23T11:32:43.943+0000] {processor.py:829} INFO - Processing file /opt/airflow/dags/dag.py for tasks to queue
[2026-02-23T11:32:43.944+0000] {logging_mixin.py:151} INFO - [2026-02-23T11:32:43.944+0000] {dagbag.py:539} INFO - Filling up the DagBag from /opt/airflow/dags/dag.py
[2026-02-23T11:32:44.177+0000] {processor.py:839} INFO - DAG(s) dict_keys(['pagination_dag']) retrieved from /opt/airflow/dags/dag.py
[2026-02-23T11:32:44.203+0000] {logging_mixin.py:151} INFO - [2026-02-23T11:32:44.203+0000] {dag.py:2915} INFO - Sync 1 DAGs
[2026-02-23T11:32:44.214+0000] {logging_mixin.py:151} INFO - [2026-02-23T11:32:44.214+0000] {dag.py:3696} INFO - Setting next_dagrun for pagination_dag to None, run_after=None
[2026-02-23T11:32:44.231+0000] {processor.py:179} INFO - Processing /opt/airflow/dags/dag.py took 0.292 seconds
[2026-02-23T11:33:14.419+0000] {processor.py:157} INFO - Started process (PID=456) to work on /opt/airflow/dags/dag.py
[2026-02-23T11:33:14.420+0000] {processor.py:829} INFO - Processing file /opt/airflow/dags/dag.py for tasks to queue
[2026-02-23T11:33:14.421+0000] {logging_mixin.py:151} INFO - [2026-02-23T11:33:14.420+0000] {dagbag.py:539} INFO - Filling up the DagBag from /opt/airflow/dags/dag.py
[2026-02-23T11:33:14.660+0000] {processor.py:839} INFO - DAG(s) dict_keys(['pagination_dag']) retrieved from /opt/airflow/dags/dag.py
[2026-02-23T11:33:14.686+0000] {logging_mixin.py:151} INFO - [2026-02-23T11:33:14.685+0000] {dag.py:2915} INFO - Sync 1 DAGs
[2026-02-23T11:33:14.697+0000] {logging_mixin.py:151} INFO - [2026-02-23T11:33:14.697+0000] {dag.py:3696} INFO - Setting next_dagrun for pagination_dag to None, run_after=None
[2026-02-23T11:33:14.717+0000] {processor.py:179} INFO - Processing /opt/airflow/dags/dag.py took 0.301 seconds
[2026-02-23T11:33:44.898+0000] {processor.py:157} INFO - Started process (PID=462) to work on /opt/airflow/dags/dag.py
[2026-02-23T11:33:44.900+0000] {processor.py:829} INFO - Processing file /opt/airflow/dags/dag.py for tasks to queue
[2026-02-23T11:33:44.900+0000] {logging_mixin.py:151} INFO - [2026-02-23T11:33:44.900+0000] {dagbag.py:539} INFO - Filling up the DagBag from /opt/airflow/dags/dag.py
[2026-02-23T11:33:45.132+0000] {processor.py:839} INFO - DAG(s) dict_keys(['pagination_dag']) retrieved from /opt/airflow/dags/dag.py
[2026-02-23T11:33:45.156+0000] {logging_mixin.py:151} INFO - [2026-02-23T11:33:45.156+0000] {dag.py:2915} INFO - Sync 1 DAGs
[2026-02-23T11:33:45.166+0000] {logging_mixin.py:151} INFO - [2026-02-23T11:33:45.166+0000] {dag.py:3696} INFO - Setting next_dagrun for pagination_dag to None, run_after=None
[2026-02-23T11:33:45.184+0000] {processor.py:179} INFO - Processing /opt/airflow/dags/dag.py took 0.289 seconds
[2026-02-23T11:34:15.364+0000] {processor.py:157} INFO - Started process (PID=468) to work on /opt/airflow/dags/dag.py
[2026-02-23T11:34:15.365+0000] {processor.py:829} INFO - Processing file /opt/airflow/dags/dag.py for tasks to queue
[2026-02-23T11:34:15.367+0000] {logging_mixin.py:151} INFO - [2026-02-23T11:34:15.366+0000] {dagbag.py:539} INFO - Filling up the DagBag from /opt/airflow/dags/dag.py
[2026-02-23T11:34:15.600+0000] {processor.py:839} INFO - DAG(s) dict_keys(['pagination_dag']) retrieved from /opt/airflow/dags/dag.py
[2026-02-23T11:34:15.628+0000] {logging_mixin.py:151} INFO - [2026-02-23T11:34:15.628+0000] {dag.py:2915} INFO - Sync 1 DAGs
[2026-02-23T11:34:15.639+0000] {logging_mixin.py:151} INFO - [2026-02-23T11:34:15.639+0000] {dag.py:3696} INFO - Setting next_dagrun for pagination_dag to None, run_after=None
[2026-02-23T11:34:15.657+0000] {processor.py:179} INFO - Processing /opt/airflow/dags/dag.py took 0.296 seconds
[2026-02-23T11:34:45.863+0000] {processor.py:157} INFO - Started process (PID=474) to work on /opt/airflow/dags/dag.py
[2026-02-23T11:34:45.864+0000] {processor.py:829} INFO - Processing file /opt/airflow/dags/dag.py for tasks to queue
[2026-02-23T11:34:45.865+0000] {logging_mixin.py:151} INFO - [2026-02-23T11:34:45.865+0000] {dagbag.py:539} INFO - Filling up the DagBag from /opt/airflow/dags/dag.py
[2026-02-23T11:34:46.101+0000] {processor.py:839} INFO - DAG(s) dict_keys(['pagination_dag']) retrieved from /opt/airflow/dags/dag.py
[2026-02-23T11:34:46.126+0000] {logging_mixin.py:151} INFO - [2026-02-23T11:34:46.126+0000] {dag.py:2915} INFO - Sync 1 DAGs
[2026-02-23T11:34:46.137+0000] {logging_mixin.py:151} INFO - [2026-02-23T11:34:46.136+0000] {dag.py:3696} INFO - Setting next_dagrun for pagination_dag to None, run_after=None
[2026-02-23T11:34:46.156+0000] {processor.py:179} INFO - Processing /opt/airflow/dags/dag.py took 0.296 seconds
[2026-02-23T11:35:16.344+0000] {processor.py:157} INFO - Started process (PID=480) to work on /opt/airflow/dags/dag.py
[2026-02-23T11:35:16.345+0000] {processor.py:829} INFO - Processing file /opt/airflow/dags/dag.py for tasks to queue
[2026-02-23T11:35:16.346+0000] {logging_mixin.py:151} INFO - [2026-02-23T11:35:16.345+0000] {dagbag.py:539} INFO - Filling up the DagBag from /opt/airflow/dags/dag.py
[2026-02-23T11:35:16.579+0000] {processor.py:839} INFO - DAG(s) dict_keys(['pagination_dag']) retrieved from /opt/airflow/dags/dag.py
[2026-02-23T11:35:16.604+0000] {logging_mixin.py:151} INFO - [2026-02-23T11:35:16.604+0000] {dag.py:2915} INFO - Sync 1 DAGs
[2026-02-23T11:35:16.616+0000] {logging_mixin.py:151} INFO - [2026-02-23T11:35:16.615+0000] {dag.py:3696} INFO - Setting next_dagrun for pagination_dag to None, run_after=None
[2026-02-23T11:35:16.634+0000] {processor.py:179} INFO - Processing /opt/airflow/dags/dag.py took 0.293 seconds
[2026-02-23T11:35:46.817+0000] {processor.py:157} INFO - Started process (PID=486) to work on /opt/airflow/dags/dag.py
[2026-02-23T11:35:46.818+0000] {processor.py:829} INFO - Processing file /opt/airflow/dags/dag.py for tasks to queue
[2026-02-23T11:35:46.819+0000] {logging_mixin.py:151} INFO - [2026-02-23T11:35:46.819+0000] {dagbag.py:539} INFO - Filling up the DagBag from /opt/airflow/dags/dag.py
[2026-02-23T11:35:47.056+0000] {processor.py:839} INFO - DAG(s) dict_keys(['pagination_dag']) retrieved from /opt/airflow/dags/dag.py
[2026-02-23T11:35:47.078+0000] {logging_mixin.py:151} INFO - [2026-02-23T11:35:47.078+0000] {dag.py:2915} INFO - Sync 1 DAGs
[2026-02-23T11:35:47.090+0000] {logging_mixin.py:151} INFO - [2026-02-23T11:35:47.089+0000] {dag.py:3696} INFO - Setting next_dagrun for pagination_dag to None, run_after=None
[2026-02-23T11:35:47.107+0000] {processor.py:179} INFO - Processing /opt/airflow/dags/dag.py took 0.293 seconds
[2026-02-23T11:36:17.299+0000] {processor.py:157} INFO - Started process (PID=492) to work on /opt/airflow/dags/dag.py
[2026-02-23T11:36:17.301+0000] {processor.py:829} INFO - Processing file /opt/airflow/dags/dag.py for tasks to queue
[2026-02-23T11:36:17.302+0000] {logging_mixin.py:151} INFO - [2026-02-23T11:36:17.301+0000] {dagbag.py:539} INFO - Filling up the DagBag from /opt/airflow/dags/dag.py
[2026-02-23T11:36:17.565+0000] {processor.py:839} INFO - DAG(s) dict_keys(['pagination_dag']) retrieved from /opt/airflow/dags/dag.py
[2026-02-23T11:36:17.590+0000] {logging_mixin.py:151} INFO - [2026-02-23T11:36:17.589+0000] {dag.py:2915} INFO - Sync 1 DAGs
[2026-02-23T11:36:17.600+0000] {logging_mixin.py:151} INFO - [2026-02-23T11:36:17.600+0000] {dag.py:3696} INFO - Setting next_dagrun for pagination_dag to None, run_after=None
[2026-02-23T11:36:17.622+0000] {processor.py:179} INFO - Processing /opt/airflow/dags/dag.py took 0.326 seconds
[2026-02-23T11:36:47.813+0000] {processor.py:157} INFO - Started process (PID=498) to work on /opt/airflow/dags/dag.py
[2026-02-23T11:36:47.814+0000] {processor.py:829} INFO - Processing file /opt/airflow/dags/dag.py for tasks to queue
[2026-02-23T11:36:47.815+0000] {logging_mixin.py:151} INFO - [2026-02-23T11:36:47.814+0000] {dagbag.py:539} INFO - Filling up the DagBag from /opt/airflow/dags/dag.py
[2026-02-23T11:36:48.048+0000] {processor.py:839} INFO - DAG(s) dict_keys(['pagination_dag']) retrieved from /opt/airflow/dags/dag.py
[2026-02-23T11:36:48.073+0000] {logging_mixin.py:151} INFO - [2026-02-23T11:36:48.072+0000] {dag.py:2915} INFO - Sync 1 DAGs
[2026-02-23T11:36:48.083+0000] {logging_mixin.py:151} INFO - [2026-02-23T11:36:48.083+0000] {dag.py:3696} INFO - Setting next_dagrun for pagination_dag to None, run_after=None
[2026-02-23T11:36:48.103+0000] {processor.py:179} INFO - Processing /opt/airflow/dags/dag.py took 0.293 seconds
[2026-02-23T11:37:18.294+0000] {processor.py:157} INFO - Started process (PID=504) to work on /opt/airflow/dags/dag.py
[2026-02-23T11:37:18.295+0000] {processor.py:829} INFO - Processing file /opt/airflow/dags/dag.py for tasks to queue
[2026-02-23T11:37:18.296+0000] {logging_mixin.py:151} INFO - [2026-02-23T11:37:18.296+0000] {dagbag.py:539} INFO - Filling up the DagBag from /opt/airflow/dags/dag.py
[2026-02-23T11:37:18.537+0000] {processor.py:839} INFO - DAG(s) dict_keys(['pagination_dag']) retrieved from /opt/airflow/dags/dag.py
[2026-02-23T11:37:18.561+0000] {logging_mixin.py:151} INFO - [2026-02-23T11:37:18.561+0000] {dag.py:2915} INFO - Sync 1 DAGs
[2026-02-23T11:37:18.572+0000] {logging_mixin.py:151} INFO - [2026-02-23T11:37:18.571+0000] {dag.py:3696} INFO - Setting next_dagrun for pagination_dag to None, run_after=None
[2026-02-23T11:37:18.589+0000] {processor.py:179} INFO - Processing /opt/airflow/dags/dag.py took 0.298 seconds
[2026-02-23T11:37:48.778+0000] {processor.py:157} INFO - Started process (PID=510) to work on /opt/airflow/dags/dag.py
[2026-02-23T11:37:48.779+0000] {processor.py:829} INFO - Processing file /opt/airflow/dags/dag.py for tasks to queue
[2026-02-23T11:37:48.780+0000] {logging_mixin.py:151} INFO - [2026-02-23T11:37:48.779+0000] {dagbag.py:539} INFO - Filling up the DagBag from /opt/airflow/dags/dag.py
[2026-02-23T11:37:49.014+0000] {processor.py:839} INFO - DAG(s) dict_keys(['pagination_dag']) retrieved from /opt/airflow/dags/dag.py
[2026-02-23T11:37:49.040+0000] {logging_mixin.py:151} INFO - [2026-02-23T11:37:49.040+0000] {dag.py:2915} INFO - Sync 1 DAGs
[2026-02-23T11:37:49.051+0000] {logging_mixin.py:151} INFO - [2026-02-23T11:37:49.051+0000] {dag.py:3696} INFO - Setting next_dagrun for pagination_dag to None, run_after=None
[2026-02-23T11:37:49.072+0000] {processor.py:179} INFO - Processing /opt/airflow/dags/dag.py took 0.298 seconds
[2026-02-23T11:38:19.265+0000] {processor.py:157} INFO - Started process (PID=516) to work on /opt/airflow/dags/dag.py
[2026-02-23T11:38:19.266+0000] {processor.py:829} INFO - Processing file /opt/airflow/dags/dag.py for tasks to queue
[2026-02-23T11:38:19.267+0000] {logging_mixin.py:151} INFO - [2026-02-23T11:38:19.267+0000] {dagbag.py:539} INFO - Filling up the DagBag from /opt/airflow/dags/dag.py
[2026-02-23T11:38:19.522+0000] {processor.py:839} INFO - DAG(s) dict_keys(['pagination_dag']) retrieved from /opt/airflow/dags/dag.py
[2026-02-23T11:38:19.547+0000] {logging_mixin.py:151} INFO - [2026-02-23T11:38:19.547+0000] {dag.py:2915} INFO - Sync 1 DAGs
[2026-02-23T11:38:19.559+0000] {logging_mixin.py:151} INFO - [2026-02-23T11:38:19.559+0000] {dag.py:3696} INFO - Setting next_dagrun for pagination_dag to None, run_after=None
[2026-02-23T11:38:19.580+0000] {processor.py:179} INFO - Processing /opt/airflow/dags/dag.py took 0.318 seconds
[2026-02-23T11:38:49.765+0000] {processor.py:157} INFO - Started process (PID=522) to work on /opt/airflow/dags/dag.py
[2026-02-23T11:38:49.766+0000] {processor.py:829} INFO - Processing file /opt/airflow/dags/dag.py for tasks to queue
[2026-02-23T11:38:49.767+0000] {logging_mixin.py:151} INFO - [2026-02-23T11:38:49.767+0000] {dagbag.py:539} INFO - Filling up the DagBag from /opt/airflow/dags/dag.py
[2026-02-23T11:38:49.999+0000] {processor.py:839} INFO - DAG(s) dict_keys(['pagination_dag']) retrieved from /opt/airflow/dags/dag.py
[2026-02-23T11:38:50.024+0000] {logging_mixin.py:151} INFO - [2026-02-23T11:38:50.024+0000] {dag.py:2915} INFO - Sync 1 DAGs
[2026-02-23T11:38:50.035+0000] {logging_mixin.py:151} INFO - [2026-02-23T11:38:50.035+0000] {dag.py:3696} INFO - Setting next_dagrun for pagination_dag to None, run_after=None
[2026-02-23T11:38:50.053+0000] {processor.py:179} INFO - Processing /opt/airflow/dags/dag.py took 0.291 seconds
[2026-02-23T11:39:20.247+0000] {processor.py:157} INFO - Started process (PID=528) to work on /opt/airflow/dags/dag.py
[2026-02-23T11:39:20.248+0000] {processor.py:829} INFO - Processing file /opt/airflow/dags/dag.py for tasks to queue
[2026-02-23T11:39:20.249+0000] {logging_mixin.py:151} INFO - [2026-02-23T11:39:20.249+0000] {dagbag.py:539} INFO - Filling up the DagBag from /opt/airflow/dags/dag.py
[2026-02-23T11:39:20.478+0000] {processor.py:839} INFO - DAG(s) dict_keys(['pagination_dag']) retrieved from /opt/airflow/dags/dag.py
[2026-02-23T11:39:20.501+0000] {logging_mixin.py:151} INFO - [2026-02-23T11:39:20.501+0000] {dag.py:2915} INFO - Sync 1 DAGs
[2026-02-23T11:39:20.511+0000] {logging_mixin.py:151} INFO - [2026-02-23T11:39:20.511+0000] {dag.py:3696} INFO - Setting next_dagrun for pagination_dag to None, run_after=None
[2026-02-23T11:39:20.530+0000] {processor.py:179} INFO - Processing /opt/airflow/dags/dag.py took 0.286 seconds
[2026-02-23T11:39:50.715+0000] {processor.py:157} INFO - Started process (PID=534) to work on /opt/airflow/dags/dag.py
[2026-02-23T11:39:50.717+0000] {processor.py:829} INFO - Processing file /opt/airflow/dags/dag.py for tasks to queue
[2026-02-23T11:39:50.718+0000] {logging_mixin.py:151} INFO - [2026-02-23T11:39:50.717+0000] {dagbag.py:539} INFO - Filling up the DagBag from /opt/airflow/dags/dag.py
[2026-02-23T11:39:50.954+0000] {processor.py:839} INFO - DAG(s) dict_keys(['pagination_dag']) retrieved from /opt/airflow/dags/dag.py
[2026-02-23T11:39:50.979+0000] {logging_mixin.py:151} INFO - [2026-02-23T11:39:50.978+0000] {dag.py:2915} INFO - Sync 1 DAGs
[2026-02-23T11:39:50.989+0000] {logging_mixin.py:151} INFO - [2026-02-23T11:39:50.989+0000] {dag.py:3696} INFO - Setting next_dagrun for pagination_dag to None, run_after=None
[2026-02-23T11:39:51.006+0000] {processor.py:179} INFO - Processing /opt/airflow/dags/dag.py took 0.294 seconds
[2026-02-23T11:40:21.196+0000] {processor.py:157} INFO - Started process (PID=540) to work on /opt/airflow/dags/dag.py
[2026-02-23T11:40:21.197+0000] {processor.py:829} INFO - Processing file /opt/airflow/dags/dag.py for tasks to queue
[2026-02-23T11:40:21.198+0000] {logging_mixin.py:151} INFO - [2026-02-23T11:40:21.198+0000] {dagbag.py:539} INFO - Filling up the DagBag from /opt/airflow/dags/dag.py
[2026-02-23T11:40:21.432+0000] {processor.py:839} INFO - DAG(s) dict_keys(['pagination_dag']) retrieved from /opt/airflow/dags/dag.py
[2026-02-23T11:40:21.460+0000] {logging_mixin.py:151} INFO - [2026-02-23T11:40:21.459+0000] {dag.py:2915} INFO - Sync 1 DAGs
[2026-02-23T11:40:21.472+0000] {logging_mixin.py:151} INFO - [2026-02-23T11:40:21.472+0000] {dag.py:3696} INFO - Setting next_dagrun for pagination_dag to None, run_after=None
[2026-02-23T11:40:21.490+0000] {processor.py:179} INFO - Processing /opt/airflow/dags/dag.py took 0.297 seconds
[2026-02-23T11:40:51.677+0000] {processor.py:157} INFO - Started process (PID=546) to work on /opt/airflow/dags/dag.py
[2026-02-23T11:40:51.678+0000] {processor.py:829} INFO - Processing file /opt/airflow/dags/dag.py for tasks to queue
[2026-02-23T11:40:51.679+0000] {logging_mixin.py:151} INFO - [2026-02-23T11:40:51.678+0000] {dagbag.py:539} INFO - Filling up the DagBag from /opt/airflow/dags/dag.py
[2026-02-23T11:40:51.911+0000] {processor.py:839} INFO - DAG(s) dict_keys(['pagination_dag']) retrieved from /opt/airflow/dags/dag.py
[2026-02-23T11:40:51.936+0000] {logging_mixin.py:151} INFO - [2026-02-23T11:40:51.936+0000] {dag.py:2915} INFO - Sync 1 DAGs
[2026-02-23T11:40:51.947+0000] {logging_mixin.py:151} INFO - [2026-02-23T11:40:51.947+0000] {dag.py:3696} INFO - Setting next_dagrun for pagination_dag to None, run_after=None
[2026-02-23T11:40:51.966+0000] {processor.py:179} INFO - Processing /opt/airflow/dags/dag.py took 0.292 seconds
[2026-02-23T11:41:22.155+0000] {processor.py:157} INFO - Started process (PID=552) to work on /opt/airflow/dags/dag.py
[2026-02-23T11:41:22.156+0000] {processor.py:829} INFO - Processing file /opt/airflow/dags/dag.py for tasks to queue
[2026-02-23T11:41:22.157+0000] {logging_mixin.py:151} INFO - [2026-02-23T11:41:22.157+0000] {dagbag.py:539} INFO - Filling up the DagBag from /opt/airflow/dags/dag.py
[2026-02-23T11:41:22.388+0000] {processor.py:839} INFO - DAG(s) dict_keys(['pagination_dag']) retrieved from /opt/airflow/dags/dag.py
[2026-02-23T11:41:22.410+0000] {logging_mixin.py:151} INFO - [2026-02-23T11:41:22.410+0000] {dag.py:2915} INFO - Sync 1 DAGs
[2026-02-23T11:41:22.421+0000] {logging_mixin.py:151} INFO - [2026-02-23T11:41:22.421+0000] {dag.py:3696} INFO - Setting next_dagrun for pagination_dag to None, run_after=None
[2026-02-23T11:41:22.440+0000] {processor.py:179} INFO - Processing /opt/airflow/dags/dag.py took 0.288 seconds
[2026-02-23T11:41:52.625+0000] {processor.py:157} INFO - Started process (PID=558) to work on /opt/airflow/dags/dag.py
[2026-02-23T11:41:52.626+0000] {processor.py:829} INFO - Processing file /opt/airflow/dags/dag.py for tasks to queue
[2026-02-23T11:41:52.627+0000] {logging_mixin.py:151} INFO - [2026-02-23T11:41:52.627+0000] {dagbag.py:539} INFO - Filling up the DagBag from /opt/airflow/dags/dag.py
[2026-02-23T11:41:52.860+0000] {processor.py:839} INFO - DAG(s) dict_keys(['pagination_dag']) retrieved from /opt/airflow/dags/dag.py
[2026-02-23T11:41:52.888+0000] {logging_mixin.py:151} INFO - [2026-02-23T11:41:52.888+0000] {dag.py:2915} INFO - Sync 1 DAGs
[2026-02-23T11:41:52.900+0000] {logging_mixin.py:151} INFO - [2026-02-23T11:41:52.900+0000] {dag.py:3696} INFO - Setting next_dagrun for pagination_dag to None, run_after=None
[2026-02-23T11:41:52.921+0000] {processor.py:179} INFO - Processing /opt/airflow/dags/dag.py took 0.298 seconds
[2026-02-23T11:42:23.112+0000] {processor.py:157} INFO - Started process (PID=564) to work on /opt/airflow/dags/dag.py
[2026-02-23T11:42:23.113+0000] {processor.py:829} INFO - Processing file /opt/airflow/dags/dag.py for tasks to queue
[2026-02-23T11:42:23.114+0000] {logging_mixin.py:151} INFO - [2026-02-23T11:42:23.113+0000] {dagbag.py:539} INFO - Filling up the DagBag from /opt/airflow/dags/dag.py
[2026-02-23T11:42:23.346+0000] {processor.py:839} INFO - DAG(s) dict_keys(['pagination_dag']) retrieved from /opt/airflow/dags/dag.py
[2026-02-23T11:42:23.371+0000] {logging_mixin.py:151} INFO - [2026-02-23T11:42:23.370+0000] {dag.py:2915} INFO - Sync 1 DAGs
[2026-02-23T11:42:23.381+0000] {logging_mixin.py:151} INFO - [2026-02-23T11:42:23.381+0000] {dag.py:3696} INFO - Setting next_dagrun for pagination_dag to None, run_after=None
[2026-02-23T11:42:23.402+0000] {processor.py:179} INFO - Processing /opt/airflow/dags/dag.py took 0.293 seconds
[2026-02-23T11:42:53.588+0000] {processor.py:157} INFO - Started process (PID=570) to work on /opt/airflow/dags/dag.py
[2026-02-23T11:42:53.589+0000] {processor.py:829} INFO - Processing file /opt/airflow/dags/dag.py for tasks to queue
[2026-02-23T11:42:53.590+0000] {logging_mixin.py:151} INFO - [2026-02-23T11:42:53.590+0000] {dagbag.py:539} INFO - Filling up the DagBag from /opt/airflow/dags/dag.py
[2026-02-23T11:42:53.823+0000] {processor.py:839} INFO - DAG(s) dict_keys(['pagination_dag']) retrieved from /opt/airflow/dags/dag.py
[2026-02-23T11:42:53.849+0000] {logging_mixin.py:151} INFO - [2026-02-23T11:42:53.848+0000] {dag.py:2915} INFO - Sync 1 DAGs
[2026-02-23T11:42:53.859+0000] {logging_mixin.py:151} INFO - [2026-02-23T11:42:53.859+0000] {dag.py:3696} INFO - Setting next_dagrun for pagination_dag to None, run_after=None
[2026-02-23T11:42:53.884+0000] {processor.py:179} INFO - Processing /opt/airflow/dags/dag.py took 0.299 seconds
[2026-02-23T11:43:24.080+0000] {processor.py:157} INFO - Started process (PID=576) to work on /opt/airflow/dags/dag.py
[2026-02-23T11:43:24.081+0000] {processor.py:829} INFO - Processing file /opt/airflow/dags/dag.py for tasks to queue
[2026-02-23T11:43:24.082+0000] {logging_mixin.py:151} INFO - [2026-02-23T11:43:24.081+0000] {dagbag.py:539} INFO - Filling up the DagBag from /opt/airflow/dags/dag.py
[2026-02-23T11:43:24.313+0000] {processor.py:839} INFO - DAG(s) dict_keys(['pagination_dag']) retrieved from /opt/airflow/dags/dag.py
[2026-02-23T11:43:24.337+0000] {logging_mixin.py:151} INFO - [2026-02-23T11:43:24.337+0000] {dag.py:2915} INFO - Sync 1 DAGs
[2026-02-23T11:43:24.348+0000] {logging_mixin.py:151} INFO - [2026-02-23T11:43:24.347+0000] {dag.py:3696} INFO - Setting next_dagrun for pagination_dag to None, run_after=None
[2026-02-23T11:43:24.366+0000] {processor.py:179} INFO - Processing /opt/airflow/dags/dag.py took 0.290 seconds
[2026-02-23T11:43:54.561+0000] {processor.py:157} INFO - Started process (PID=582) to work on /opt/airflow/dags/dag.py
[2026-02-23T11:43:54.562+0000] {processor.py:829} INFO - Processing file /opt/airflow/dags/dag.py for tasks to queue
[2026-02-23T11:43:54.563+0000] {logging_mixin.py:151} INFO - [2026-02-23T11:43:54.563+0000] {dagbag.py:539} INFO - Filling up the DagBag from /opt/airflow/dags/dag.py
[2026-02-23T11:43:54.805+0000] {processor.py:839} INFO - DAG(s) dict_keys(['pagination_dag']) retrieved from /opt/airflow/dags/dag.py
[2026-02-23T11:43:54.832+0000] {logging_mixin.py:151} INFO - [2026-02-23T11:43:54.832+0000] {dag.py:2915} INFO - Sync 1 DAGs
[2026-02-23T11:43:54.845+0000] {logging_mixin.py:151} INFO - [2026-02-23T11:43:54.845+0000] {dag.py:3696} INFO - Setting next_dagrun for pagination_dag to None, run_after=None
[2026-02-23T11:43:54.866+0000] {processor.py:179} INFO - Processing /opt/airflow/dags/dag.py took 0.309 seconds
[2026-02-23T11:44:25.075+0000] {processor.py:157} INFO - Started process (PID=588) to work on /opt/airflow/dags/dag.py
[2026-02-23T11:44:25.076+0000] {processor.py:829} INFO - Processing file /opt/airflow/dags/dag.py for tasks to queue
[2026-02-23T11:44:25.077+0000] {logging_mixin.py:151} INFO - [2026-02-23T11:44:25.077+0000] {dagbag.py:539} INFO - Filling up the DagBag from /opt/airflow/dags/dag.py
[2026-02-23T11:44:25.321+0000] {processor.py:839} INFO - DAG(s) dict_keys(['pagination_dag']) retrieved from /opt/airflow/dags/dag.py
[2026-02-23T11:44:25.346+0000] {logging_mixin.py:151} INFO - [2026-02-23T11:44:25.346+0000] {dag.py:2915} INFO - Sync 1 DAGs
[2026-02-23T11:44:25.357+0000] {logging_mixin.py:151} INFO - [2026-02-23T11:44:25.357+0000] {dag.py:3696} INFO - Setting next_dagrun for pagination_dag to None, run_after=None
[2026-02-23T11:44:25.376+0000] {processor.py:179} INFO - Processing /opt/airflow/dags/dag.py took 0.306 seconds
[2026-02-23T11:44:55.567+0000] {processor.py:157} INFO - Started process (PID=594) to work on /opt/airflow/dags/dag.py
[2026-02-23T11:44:55.568+0000] {processor.py:829} INFO - Processing file /opt/airflow/dags/dag.py for tasks to queue
[2026-02-23T11:44:55.568+0000] {logging_mixin.py:151} INFO - [2026-02-23T11:44:55.568+0000] {dagbag.py:539} INFO - Filling up the DagBag from /opt/airflow/dags/dag.py
[2026-02-23T11:44:55.814+0000] {processor.py:839} INFO - DAG(s) dict_keys(['pagination_dag']) retrieved from /opt/airflow/dags/dag.py
[2026-02-23T11:44:55.839+0000] {logging_mixin.py:151} INFO - [2026-02-23T11:44:55.838+0000] {dag.py:2915} INFO - Sync 1 DAGs
[2026-02-23T11:44:55.850+0000] {logging_mixin.py:151} INFO - [2026-02-23T11:44:55.849+0000] {dag.py:3696} INFO - Setting next_dagrun for pagination_dag to None, run_after=None
[2026-02-23T11:44:55.868+0000] {processor.py:179} INFO - Processing /opt/airflow/dags/dag.py took 0.304 seconds
[2026-02-23T11:45:26.052+0000] {processor.py:157} INFO - Started process (PID=600) to work on /opt/airflow/dags/dag.py
[2026-02-23T11:45:26.053+0000] {processor.py:829} INFO - Processing file /opt/airflow/dags/dag.py for tasks to queue
[2026-02-23T11:45:26.054+0000] {logging_mixin.py:151} INFO - [2026-02-23T11:45:26.054+0000] {dagbag.py:539} INFO - Filling up the DagBag from /opt/airflow/dags/dag.py
[2026-02-23T11:45:26.289+0000] {processor.py:839} INFO - DAG(s) dict_keys(['pagination_dag']) retrieved from /opt/airflow/dags/dag.py
[2026-02-23T11:45:26.315+0000] {logging_mixin.py:151} INFO - [2026-02-23T11:45:26.314+0000] {dag.py:2915} INFO - Sync 1 DAGs
[2026-02-23T11:45:26.326+0000] {logging_mixin.py:151} INFO - [2026-02-23T11:45:26.326+0000] {dag.py:3696} INFO - Setting next_dagrun for pagination_dag to None, run_after=None
[2026-02-23T11:45:26.343+0000] {processor.py:179} INFO - Processing /opt/airflow/dags/dag.py took 0.294 seconds
[2026-02-23T11:45:56.531+0000] {processor.py:157} INFO - Started process (PID=606) to work on /opt/airflow/dags/dag.py
[2026-02-23T11:45:56.532+0000] {processor.py:829} INFO - Processing file /opt/airflow/dags/dag.py for tasks to queue
[2026-02-23T11:45:56.533+0000] {logging_mixin.py:151} INFO - [2026-02-23T11:45:56.532+0000] {dagbag.py:539} INFO - Filling up the DagBag from /opt/airflow/dags/dag.py
[2026-02-23T11:45:56.767+0000] {processor.py:839} INFO - DAG(s) dict_keys(['pagination_dag']) retrieved from /opt/airflow/dags/dag.py
[2026-02-23T11:45:56.793+0000] {logging_mixin.py:151} INFO - [2026-02-23T11:45:56.793+0000] {dag.py:2915} INFO - Sync 1 DAGs
[2026-02-23T11:45:56.804+0000] {logging_mixin.py:151} INFO - [2026-02-23T11:45:56.804+0000] {dag.py:3696} INFO - Setting next_dagrun for pagination_dag to None, run_after=None
[2026-02-23T11:45:56.827+0000] {processor.py:179} INFO - Processing /opt/airflow/dags/dag.py took 0.299 seconds
[2026-02-23T11:46:27.017+0000] {processor.py:157} INFO - Started process (PID=612) to work on /opt/airflow/dags/dag.py
[2026-02-23T11:46:27.018+0000] {processor.py:829} INFO - Processing file /opt/airflow/dags/dag.py for tasks to queue
[2026-02-23T11:46:27.019+0000] {logging_mixin.py:151} INFO - [2026-02-23T11:46:27.019+0000] {dagbag.py:539} INFO - Filling up the DagBag from /opt/airflow/dags/dag.py
[2026-02-23T11:46:27.250+0000] {processor.py:839} INFO - DAG(s) dict_keys(['pagination_dag']) retrieved from /opt/airflow/dags/dag.py
[2026-02-23T11:46:27.277+0000] {logging_mixin.py:151} INFO - [2026-02-23T11:46:27.276+0000] {dag.py:2915} INFO - Sync 1 DAGs
[2026-02-23T11:46:27.289+0000] {logging_mixin.py:151} INFO - [2026-02-23T11:46:27.289+0000] {dag.py:3696} INFO - Setting next_dagrun for pagination_dag to None, run_after=None
[2026-02-23T11:46:27.310+0000] {processor.py:179} INFO - Processing /opt/airflow/dags/dag.py took 0.296 seconds
[2026-02-23T11:46:57.505+0000] {processor.py:157} INFO - Started process (PID=618) to work on /opt/airflow/dags/dag.py
[2026-02-23T11:46:57.506+0000] {processor.py:829} INFO - Processing file /opt/airflow/dags/dag.py for tasks to queue
[2026-02-23T11:46:57.506+0000] {logging_mixin.py:151} INFO - [2026-02-23T11:46:57.506+0000] {dagbag.py:539} INFO - Filling up the DagBag from /opt/airflow/dags/dag.py
[2026-02-23T11:46:57.737+0000] {processor.py:839} INFO - DAG(s) dict_keys(['pagination_dag']) retrieved from /opt/airflow/dags/dag.py
[2026-02-23T11:46:57.765+0000] {logging_mixin.py:151} INFO - [2026-02-23T11:46:57.764+0000] {dag.py:2915} INFO - Sync 1 DAGs
[2026-02-23T11:46:57.781+0000] {logging_mixin.py:151} INFO - [2026-02-23T11:46:57.780+0000] {dag.py:3696} INFO - Setting next_dagrun for pagination_dag to None, run_after=None
[2026-02-23T11:46:57.809+0000] {processor.py:179} INFO - Processing /opt/airflow/dags/dag.py took 0.308 seconds
[2026-02-23T11:47:27.993+0000] {processor.py:157} INFO - Started process (PID=624) to work on /opt/airflow/dags/dag.py
[2026-02-23T11:47:27.994+0000] {processor.py:829} INFO - Processing file /opt/airflow/dags/dag.py for tasks to queue
[2026-02-23T11:47:27.995+0000] {logging_mixin.py:151} INFO - [2026-02-23T11:47:27.995+0000] {dagbag.py:539} INFO - Filling up the DagBag from /opt/airflow/dags/dag.py
[2026-02-23T11:47:28.229+0000] {processor.py:839} INFO - DAG(s) dict_keys(['pagination_dag']) retrieved from /opt/airflow/dags/dag.py
[2026-02-23T11:47:28.255+0000] {logging_mixin.py:151} INFO - [2026-02-23T11:47:28.254+0000] {dag.py:2915} INFO - Sync 1 DAGs
[2026-02-23T11:47:28.265+0000] {logging_mixin.py:151} INFO - [2026-02-23T11:47:28.265+0000] {dag.py:3696} INFO - Setting next_dagrun for pagination_dag to None, run_after=None
[2026-02-23T11:47:28.285+0000] {processor.py:179} INFO - Processing /opt/airflow/dags/dag.py took 0.294 seconds
[2026-02-23T11:47:58.478+0000] {processor.py:157} INFO - Started process (PID=630) to work on /opt/airflow/dags/dag.py
[2026-02-23T11:47:58.479+0000] {processor.py:829} INFO - Processing file /opt/airflow/dags/dag.py for tasks to queue
[2026-02-23T11:47:58.480+0000] {logging_mixin.py:151} INFO - [2026-02-23T11:47:58.480+0000] {dagbag.py:539} INFO - Filling up the DagBag from /opt/airflow/dags/dag.py
[2026-02-23T11:47:58.710+0000] {processor.py:839} INFO - DAG(s) dict_keys(['pagination_dag']) retrieved from /opt/airflow/dags/dag.py
[2026-02-23T11:47:58.735+0000] {logging_mixin.py:151} INFO - [2026-02-23T11:47:58.735+0000] {dag.py:2915} INFO - Sync 1 DAGs
[2026-02-23T11:47:58.745+0000] {logging_mixin.py:151} INFO - [2026-02-23T11:47:58.745+0000] {dag.py:3696} INFO - Setting next_dagrun for pagination_dag to None, run_after=None
[2026-02-23T11:47:58.763+0000] {processor.py:179} INFO - Processing /opt/airflow/dags/dag.py took 0.288 seconds
[2026-02-23T11:48:28.947+0000] {processor.py:157} INFO - Started process (PID=636) to work on /opt/airflow/dags/dag.py
[2026-02-23T11:48:28.948+0000] {processor.py:829} INFO - Processing file /opt/airflow/dags/dag.py for tasks to queue
[2026-02-23T11:48:28.949+0000] {logging_mixin.py:151} INFO - [2026-02-23T11:48:28.949+0000] {dagbag.py:539} INFO - Filling up the DagBag from /opt/airflow/dags/dag.py
[2026-02-23T11:48:29.182+0000] {processor.py:839} INFO - DAG(s) dict_keys(['pagination_dag']) retrieved from /opt/airflow/dags/dag.py
[2026-02-23T11:48:29.207+0000] {logging_mixin.py:151} INFO - [2026-02-23T11:48:29.207+0000] {dag.py:2915} INFO - Sync 1 DAGs
[2026-02-23T11:48:29.217+0000] {logging_mixin.py:151} INFO - [2026-02-23T11:48:29.217+0000] {dag.py:3696} INFO - Setting next_dagrun for pagination_dag to None, run_after=None
[2026-02-23T11:48:29.236+0000] {processor.py:179} INFO - Processing /opt/airflow/dags/dag.py took 0.291 seconds
[2026-02-23T11:48:59.421+0000] {processor.py:157} INFO - Started process (PID=642) to work on /opt/airflow/dags/dag.py
[2026-02-23T11:48:59.422+0000] {processor.py:829} INFO - Processing file /opt/airflow/dags/dag.py for tasks to queue
[2026-02-23T11:48:59.423+0000] {logging_mixin.py:151} INFO - [2026-02-23T11:48:59.423+0000] {dagbag.py:539} INFO - Filling up the DagBag from /opt/airflow/dags/dag.py
[2026-02-23T11:48:59.662+0000] {processor.py:839} INFO - DAG(s) dict_keys(['pagination_dag']) retrieved from /opt/airflow/dags/dag.py
[2026-02-23T11:48:59.686+0000] {logging_mixin.py:151} INFO - [2026-02-23T11:48:59.685+0000] {dag.py:2915} INFO - Sync 1 DAGs
[2026-02-23T11:48:59.696+0000] {logging_mixin.py:151} INFO - [2026-02-23T11:48:59.696+0000] {dag.py:3696} INFO - Setting next_dagrun for pagination_dag to None, run_after=None
[2026-02-23T11:48:59.716+0000] {processor.py:179} INFO - Processing /opt/airflow/dags/dag.py took 0.297 seconds
[2026-02-23T11:49:29.895+0000] {processor.py:157} INFO - Started process (PID=648) to work on /opt/airflow/dags/dag.py
[2026-02-23T11:49:29.897+0000] {processor.py:829} INFO - Processing file /opt/airflow/dags/dag.py for tasks to queue
[2026-02-23T11:49:29.897+0000] {logging_mixin.py:151} INFO - [2026-02-23T11:49:29.897+0000] {dagbag.py:539} INFO - Filling up the DagBag from /opt/airflow/dags/dag.py
[2026-02-23T11:49:30.141+0000] {processor.py:839} INFO - DAG(s) dict_keys(['pagination_dag']) retrieved from /opt/airflow/dags/dag.py
[2026-02-23T11:49:30.164+0000] {logging_mixin.py:151} INFO - [2026-02-23T11:49:30.163+0000] {dag.py:2915} INFO - Sync 1 DAGs
[2026-02-23T11:49:30.175+0000] {logging_mixin.py:151} INFO - [2026-02-23T11:49:30.175+0000] {dag.py:3696} INFO - Setting next_dagrun for pagination_dag to None, run_after=None
[2026-02-23T11:49:30.193+0000] {processor.py:179} INFO - Processing /opt/airflow/dags/dag.py took 0.301 seconds
[2026-02-23T11:50:00.382+0000] {processor.py:157} INFO - Started process (PID=654) to work on /opt/airflow/dags/dag.py
[2026-02-23T11:50:00.383+0000] {processor.py:829} INFO - Processing file /opt/airflow/dags/dag.py for tasks to queue
[2026-02-23T11:50:00.384+0000] {logging_mixin.py:151} INFO - [2026-02-23T11:50:00.384+0000] {dagbag.py:539} INFO - Filling up the DagBag from /opt/airflow/dags/dag.py
[2026-02-23T11:50:00.621+0000] {processor.py:839} INFO - DAG(s) dict_keys(['pagination_dag']) retrieved from /opt/airflow/dags/dag.py
[2026-02-23T11:50:00.646+0000] {logging_mixin.py:151} INFO - [2026-02-23T11:50:00.646+0000] {dag.py:2915} INFO - Sync 1 DAGs
[2026-02-23T11:50:00.657+0000] {logging_mixin.py:151} INFO - [2026-02-23T11:50:00.656+0000] {dag.py:3696} INFO - Setting next_dagrun for pagination_dag to None, run_after=None
[2026-02-23T11:50:00.675+0000] {processor.py:179} INFO - Processing /opt/airflow/dags/dag.py took 0.296 seconds
[2026-02-23T11:50:30.863+0000] {processor.py:157} INFO - Started process (PID=660) to work on /opt/airflow/dags/dag.py
[2026-02-23T11:50:30.864+0000] {processor.py:829} INFO - Processing file /opt/airflow/dags/dag.py for tasks to queue
[2026-02-23T11:50:30.865+0000] {logging_mixin.py:151} INFO - [2026-02-23T11:50:30.865+0000] {dagbag.py:539} INFO - Filling up the DagBag from /opt/airflow/dags/dag.py
[2026-02-23T11:50:31.097+0000] {processor.py:839} INFO - DAG(s) dict_keys(['pagination_dag']) retrieved from /opt/airflow/dags/dag.py
[2026-02-23T11:50:31.122+0000] {logging_mixin.py:151} INFO - [2026-02-23T11:50:31.122+0000] {dag.py:2915} INFO - Sync 1 DAGs
[2026-02-23T11:50:31.134+0000] {logging_mixin.py:151} INFO - [2026-02-23T11:50:31.134+0000] {dag.py:3696} INFO - Setting next_dagrun for pagination_dag to None, run_after=None
[2026-02-23T11:50:31.156+0000] {processor.py:179} INFO - Processing /opt/airflow/dags/dag.py took 0.296 seconds
[2026-02-23T11:51:01.347+0000] {processor.py:157} INFO - Started process (PID=666) to work on /opt/airflow/dags/dag.py
[2026-02-23T11:51:01.348+0000] {processor.py:829} INFO - Processing file /opt/airflow/dags/dag.py for tasks to queue
[2026-02-23T11:51:01.349+0000] {logging_mixin.py:151} INFO - [2026-02-23T11:51:01.349+0000] {dagbag.py:539} INFO - Filling up the DagBag from /opt/airflow/dags/dag.py
[2026-02-23T11:51:01.584+0000] {processor.py:839} INFO - DAG(s) dict_keys(['pagination_dag']) retrieved from /opt/airflow/dags/dag.py
[2026-02-23T11:51:01.610+0000] {logging_mixin.py:151} INFO - [2026-02-23T11:51:01.609+0000] {dag.py:2915} INFO - Sync 1 DAGs
[2026-02-23T11:51:01.621+0000] {logging_mixin.py:151} INFO - [2026-02-23T11:51:01.621+0000] {dag.py:3696} INFO - Setting next_dagrun for pagination_dag to None, run_after=None
[2026-02-23T11:51:01.641+0000] {processor.py:179} INFO - Processing /opt/airflow/dags/dag.py took 0.297 seconds
[2026-02-23T11:51:31.828+0000] {processor.py:157} INFO - Started process (PID=672) to work on /opt/airflow/dags/dag.py
[2026-02-23T11:51:31.829+0000] {processor.py:829} INFO - Processing file /opt/airflow/dags/dag.py for tasks to queue
[2026-02-23T11:51:31.830+0000] {logging_mixin.py:151} INFO - [2026-02-23T11:51:31.830+0000] {dagbag.py:539} INFO - Filling up the DagBag from /opt/airflow/dags/dag.py
[2026-02-23T11:51:32.059+0000] {processor.py:839} INFO - DAG(s) dict_keys(['pagination_dag']) retrieved from /opt/airflow/dags/dag.py
[2026-02-23T11:51:32.081+0000] {logging_mixin.py:151} INFO - [2026-02-23T11:51:32.081+0000] {dag.py:2915} INFO - Sync 1 DAGs
[2026-02-23T11:51:32.092+0000] {logging_mixin.py:151} INFO - [2026-02-23T11:51:32.092+0000] {dag.py:3696} INFO - Setting next_dagrun for pagination_dag to None, run_after=None
[2026-02-23T11:51:32.112+0000] {processor.py:179} INFO - Processing /opt/airflow/dags/dag.py took 0.287 seconds
[2026-02-23T11:52:02.296+0000] {processor.py:157} INFO - Started process (PID=678) to work on /opt/airflow/dags/dag.py
[2026-02-23T11:52:02.297+0000] {processor.py:829} INFO - Processing file /opt/airflow/dags/dag.py for tasks to queue
[2026-02-23T11:52:02.298+0000] {logging_mixin.py:151} INFO - [2026-02-23T11:52:02.298+0000] {dagbag.py:539} INFO - Filling up the DagBag from /opt/airflow/dags/dag.py
[2026-02-23T11:52:02.541+0000] {processor.py:839} INFO - DAG(s) dict_keys(['pagination_dag']) retrieved from /opt/airflow/dags/dag.py
[2026-02-23T11:52:02.567+0000] {logging_mixin.py:151} INFO - [2026-02-23T11:52:02.566+0000] {dag.py:2915} INFO - Sync 1 DAGs
[2026-02-23T11:52:02.578+0000] {logging_mixin.py:151} INFO - [2026-02-23T11:52:02.578+0000] {dag.py:3696} INFO - Setting next_dagrun for pagination_dag to None, run_after=None
[2026-02-23T11:52:02.598+0000] {processor.py:179} INFO - Processing /opt/airflow/dags/dag.py took 0.305 seconds
[2026-02-23T11:52:32.792+0000] {processor.py:157} INFO - Started process (PID=684) to work on /opt/airflow/dags/dag.py
[2026-02-23T11:52:32.794+0000] {processor.py:829} INFO - Processing file /opt/airflow/dags/dag.py for tasks to queue
[2026-02-23T11:52:32.795+0000] {logging_mixin.py:151} INFO - [2026-02-23T11:52:32.794+0000] {dagbag.py:539} INFO - Filling up the DagBag from /opt/airflow/dags/dag.py
[2026-02-23T11:52:33.044+0000] {processor.py:839} INFO - DAG(s) dict_keys(['pagination_dag']) retrieved from /opt/airflow/dags/dag.py
[2026-02-23T11:52:33.070+0000] {logging_mixin.py:151} INFO - [2026-02-23T11:52:33.070+0000] {dag.py:2915} INFO - Sync 1 DAGs
[2026-02-23T11:52:33.082+0000] {logging_mixin.py:151} INFO - [2026-02-23T11:52:33.082+0000] {dag.py:3696} INFO - Setting next_dagrun for pagination_dag to None, run_after=None
[2026-02-23T11:52:33.103+0000] {processor.py:179} INFO - Processing /opt/airflow/dags/dag.py took 0.315 seconds
[2026-02-23T11:53:03.297+0000] {processor.py:157} INFO - Started process (PID=690) to work on /opt/airflow/dags/dag.py
[2026-02-23T11:53:03.298+0000] {processor.py:829} INFO - Processing file /opt/airflow/dags/dag.py for tasks to queue
[2026-02-23T11:53:03.299+0000] {logging_mixin.py:151} INFO - [2026-02-23T11:53:03.298+0000] {dagbag.py:539} INFO - Filling up the DagBag from /opt/airflow/dags/dag.py
[2026-02-23T11:53:03.555+0000] {processor.py:839} INFO - DAG(s) dict_keys(['pagination_dag']) retrieved from /opt/airflow/dags/dag.py
[2026-02-23T11:53:03.580+0000] {logging_mixin.py:151} INFO - [2026-02-23T11:53:03.580+0000] {dag.py:2915} INFO - Sync 1 DAGs
[2026-02-23T11:53:03.591+0000] {logging_mixin.py:151} INFO - [2026-02-23T11:53:03.591+0000] {dag.py:3696} INFO - Setting next_dagrun for pagination_dag to None, run_after=None
[2026-02-23T11:53:03.614+0000] {processor.py:179} INFO - Processing /opt/airflow/dags/dag.py took 0.320 seconds
[2026-02-23T11:53:33.819+0000] {processor.py:157} INFO - Started process (PID=696) to work on /opt/airflow/dags/dag.py
[2026-02-23T11:53:33.820+0000] {processor.py:829} INFO - Processing file /opt/airflow/dags/dag.py for tasks to queue
[2026-02-23T11:53:33.821+0000] {logging_mixin.py:151} INFO - [2026-02-23T11:53:33.821+0000] {dagbag.py:539} INFO - Filling up the DagBag from /opt/airflow/dags/dag.py
[2026-02-23T11:53:34.116+0000] {processor.py:839} INFO - DAG(s) dict_keys(['pagination_dag']) retrieved from /opt/airflow/dags/dag.py
[2026-02-23T11:53:34.142+0000] {logging_mixin.py:151} INFO - [2026-02-23T11:53:34.142+0000] {dag.py:2915} INFO - Sync 1 DAGs
[2026-02-23T11:53:34.158+0000] {logging_mixin.py:151} INFO - [2026-02-23T11:53:34.158+0000] {dag.py:3696} INFO - Setting next_dagrun for pagination_dag to None, run_after=None
[2026-02-23T11:53:34.203+0000] {processor.py:179} INFO - Processing /opt/airflow/dags/dag.py took 0.387 seconds
[2026-02-23T11:54:04.398+0000] {processor.py:157} INFO - Started process (PID=702) to work on /opt/airflow/dags/dag.py
[2026-02-23T11:54:04.399+0000] {processor.py:829} INFO - Processing file /opt/airflow/dags/dag.py for tasks to queue
[2026-02-23T11:54:04.400+0000] {logging_mixin.py:151} INFO - [2026-02-23T11:54:04.400+0000] {dagbag.py:539} INFO - Filling up the DagBag from /opt/airflow/dags/dag.py
[2026-02-23T11:54:04.633+0000] {processor.py:839} INFO - DAG(s) dict_keys(['pagination_dag']) retrieved from /opt/airflow/dags/dag.py
[2026-02-23T11:54:04.662+0000] {logging_mixin.py:151} INFO - [2026-02-23T11:54:04.662+0000] {dag.py:2915} INFO - Sync 1 DAGs
[2026-02-23T11:54:04.673+0000] {logging_mixin.py:151} INFO - [2026-02-23T11:54:04.672+0000] {dag.py:3696} INFO - Setting next_dagrun for pagination_dag to None, run_after=None
[2026-02-23T11:54:04.692+0000] {processor.py:179} INFO - Processing /opt/airflow/dags/dag.py took 0.297 seconds
[2026-02-23T11:54:34.906+0000] {processor.py:157} INFO - Started process (PID=708) to work on /opt/airflow/dags/dag.py
[2026-02-23T11:54:34.907+0000] {processor.py:829} INFO - Processing file /opt/airflow/dags/dag.py for tasks to queue
[2026-02-23T11:54:34.908+0000] {logging_mixin.py:151} INFO - [2026-02-23T11:54:34.907+0000] {dagbag.py:539} INFO - Filling up the DagBag from /opt/airflow/dags/dag.py
[2026-02-23T11:54:35.138+0000] {processor.py:839} INFO - DAG(s) dict_keys(['pagination_dag']) retrieved from /opt/airflow/dags/dag.py
[2026-02-23T11:54:35.163+0000] {logging_mixin.py:151} INFO - [2026-02-23T11:54:35.162+0000] {dag.py:2915} INFO - Sync 1 DAGs
[2026-02-23T11:54:35.179+0000] {logging_mixin.py:151} INFO - [2026-02-23T11:54:35.179+0000] {dag.py:3696} INFO - Setting next_dagrun for pagination_dag to None, run_after=None
[2026-02-23T11:54:35.200+0000] {processor.py:179} INFO - Processing /opt/airflow/dags/dag.py took 0.297 seconds
[2026-02-23T11:55:05.396+0000] {processor.py:157} INFO - Started process (PID=714) to work on /opt/airflow/dags/dag.py
[2026-02-23T11:55:05.397+0000] {processor.py:829} INFO - Processing file /opt/airflow/dags/dag.py for tasks to queue
[2026-02-23T11:55:05.398+0000] {logging_mixin.py:151} INFO - [2026-02-23T11:55:05.398+0000] {dagbag.py:539} INFO - Filling up the DagBag from /opt/airflow/dags/dag.py
[2026-02-23T11:55:05.648+0000] {processor.py:839} INFO - DAG(s) dict_keys(['pagination_dag']) retrieved from /opt/airflow/dags/dag.py
[2026-02-23T11:55:05.701+0000] {logging_mixin.py:151} INFO - [2026-02-23T11:55:05.700+0000] {dag.py:2915} INFO - Sync 1 DAGs
[2026-02-23T11:55:05.719+0000] {logging_mixin.py:151} INFO - [2026-02-23T11:55:05.719+0000] {dag.py:3696} INFO - Setting next_dagrun for pagination_dag to None, run_after=None
[2026-02-23T11:55:05.741+0000] {processor.py:179} INFO - Processing /opt/airflow/dags/dag.py took 0.348 seconds
[2026-02-23T11:55:35.940+0000] {processor.py:157} INFO - Started process (PID=720) to work on /opt/airflow/dags/dag.py
[2026-02-23T11:55:35.941+0000] {processor.py:829} INFO - Processing file /opt/airflow/dags/dag.py for tasks to queue
[2026-02-23T11:55:35.943+0000] {logging_mixin.py:151} INFO - [2026-02-23T11:55:35.942+0000] {dagbag.py:539} INFO - Filling up the DagBag from /opt/airflow/dags/dag.py
[2026-02-23T11:55:36.217+0000] {processor.py:839} INFO - DAG(s) dict_keys(['pagination_dag']) retrieved from /opt/airflow/dags/dag.py
[2026-02-23T11:55:36.249+0000] {logging_mixin.py:151} INFO - [2026-02-23T11:55:36.248+0000] {dag.py:2915} INFO - Sync 1 DAGs
[2026-02-23T11:55:36.262+0000] {logging_mixin.py:151} INFO - [2026-02-23T11:55:36.262+0000] {dag.py:3696} INFO - Setting next_dagrun for pagination_dag to None, run_after=None
[2026-02-23T11:55:36.288+0000] {processor.py:179} INFO - Processing /opt/airflow/dags/dag.py took 0.351 seconds
[2026-02-23T11:56:06.532+0000] {processor.py:157} INFO - Started process (PID=726) to work on /opt/airflow/dags/dag.py
[2026-02-23T11:56:06.535+0000] {processor.py:829} INFO - Processing file /opt/airflow/dags/dag.py for tasks to queue
[2026-02-23T11:56:06.538+0000] {logging_mixin.py:151} INFO - [2026-02-23T11:56:06.537+0000] {dagbag.py:539} INFO - Filling up the DagBag from /opt/airflow/dags/dag.py
[2026-02-23T11:56:06.885+0000] {processor.py:839} INFO - DAG(s) dict_keys(['pagination_dag']) retrieved from /opt/airflow/dags/dag.py
[2026-02-23T11:56:06.915+0000] {logging_mixin.py:151} INFO - [2026-02-23T11:56:06.915+0000] {dag.py:2915} INFO - Sync 1 DAGs
[2026-02-23T11:56:06.931+0000] {logging_mixin.py:151} INFO - [2026-02-23T11:56:06.931+0000] {dag.py:3696} INFO - Setting next_dagrun for pagination_dag to None, run_after=None
[2026-02-23T11:56:06.953+0000] {processor.py:179} INFO - Processing /opt/airflow/dags/dag.py took 0.428 seconds
[2026-02-23T11:56:37.150+0000] {processor.py:157} INFO - Started process (PID=732) to work on /opt/airflow/dags/dag.py
[2026-02-23T11:56:37.151+0000] {processor.py:829} INFO - Processing file /opt/airflow/dags/dag.py for tasks to queue
[2026-02-23T11:56:37.152+0000] {logging_mixin.py:151} INFO - [2026-02-23T11:56:37.152+0000] {dagbag.py:539} INFO - Filling up the DagBag from /opt/airflow/dags/dag.py
[2026-02-23T11:56:37.440+0000] {processor.py:839} INFO - DAG(s) dict_keys(['pagination_dag']) retrieved from /opt/airflow/dags/dag.py
[2026-02-23T11:56:37.465+0000] {logging_mixin.py:151} INFO - [2026-02-23T11:56:37.464+0000] {dag.py:2915} INFO - Sync 1 DAGs
[2026-02-23T11:56:37.476+0000] {logging_mixin.py:151} INFO - [2026-02-23T11:56:37.476+0000] {dag.py:3696} INFO - Setting next_dagrun for pagination_dag to None, run_after=None
[2026-02-23T11:56:37.497+0000] {processor.py:179} INFO - Processing /opt/airflow/dags/dag.py took 0.350 seconds
[2026-02-23T11:57:07.878+0000] {processor.py:157} INFO - Started process (PID=738) to work on /opt/airflow/dags/dag.py
[2026-02-23T11:57:07.882+0000] {processor.py:829} INFO - Processing file /opt/airflow/dags/dag.py for tasks to queue
[2026-02-23T11:57:07.886+0000] {logging_mixin.py:151} INFO - [2026-02-23T11:57:07.884+0000] {dagbag.py:539} INFO - Filling up the DagBag from /opt/airflow/dags/dag.py
[2026-02-23T11:57:08.631+0000] {processor.py:839} INFO - DAG(s) dict_keys(['pagination_dag']) retrieved from /opt/airflow/dags/dag.py
[2026-02-23T11:57:08.714+0000] {logging_mixin.py:151} INFO - [2026-02-23T11:57:08.713+0000] {dag.py:2915} INFO - Sync 1 DAGs
[2026-02-23T11:57:08.765+0000] {logging_mixin.py:151} INFO - [2026-02-23T11:57:08.765+0000] {dag.py:3696} INFO - Setting next_dagrun for pagination_dag to None, run_after=None
[2026-02-23T11:57:08.845+0000] {processor.py:179} INFO - Processing /opt/airflow/dags/dag.py took 0.990 seconds
[2026-02-23T11:57:23.204+0000] {processor.py:157} INFO - Started process (PID=744) to work on /opt/airflow/dags/dag.py
[2026-02-23T11:57:23.207+0000] {processor.py:829} INFO - Processing file /opt/airflow/dags/dag.py for tasks to queue
[2026-02-23T11:57:23.209+0000] {logging_mixin.py:151} INFO - [2026-02-23T11:57:23.208+0000] {dagbag.py:539} INFO - Filling up the DagBag from /opt/airflow/dags/dag.py
[2026-02-23T11:57:23.841+0000] {processor.py:839} INFO - DAG(s) dict_keys(['pagination_dag']) retrieved from /opt/airflow/dags/dag.py
[2026-02-23T11:57:23.912+0000] {logging_mixin.py:151} INFO - [2026-02-23T11:57:23.911+0000] {dag.py:2915} INFO - Sync 1 DAGs
[2026-02-23T11:57:23.945+0000] {logging_mixin.py:151} INFO - [2026-02-23T11:57:23.945+0000] {dag.py:3696} INFO - Setting next_dagrun for pagination_dag to None, run_after=None
[2026-02-23T11:57:23.990+0000] {processor.py:179} INFO - Processing /opt/airflow/dags/dag.py took 0.791 seconds
[2026-02-23T11:57:54.222+0000] {processor.py:157} INFO - Started process (PID=753) to work on /opt/airflow/dags/dag.py
[2026-02-23T11:57:54.223+0000] {processor.py:829} INFO - Processing file /opt/airflow/dags/dag.py for tasks to queue
[2026-02-23T11:57:54.224+0000] {logging_mixin.py:151} INFO - [2026-02-23T11:57:54.224+0000] {dagbag.py:539} INFO - Filling up the DagBag from /opt/airflow/dags/dag.py
[2026-02-23T11:57:54.466+0000] {processor.py:839} INFO - DAG(s) dict_keys(['pagination_dag']) retrieved from /opt/airflow/dags/dag.py
[2026-02-23T11:57:54.490+0000] {logging_mixin.py:151} INFO - [2026-02-23T11:57:54.490+0000] {dag.py:2915} INFO - Sync 1 DAGs
[2026-02-23T11:57:54.503+0000] {logging_mixin.py:151} INFO - [2026-02-23T11:57:54.503+0000] {dag.py:3696} INFO - Setting next_dagrun for pagination_dag to None, run_after=None
[2026-02-23T11:57:54.522+0000] {processor.py:179} INFO - Processing /opt/airflow/dags/dag.py took 0.304 seconds
[2026-02-23T11:58:24.641+0000] {processor.py:157} INFO - Started process (PID=759) to work on /opt/airflow/dags/dag.py
[2026-02-23T11:58:24.642+0000] {processor.py:829} INFO - Processing file /opt/airflow/dags/dag.py for tasks to queue
[2026-02-23T11:58:24.643+0000] {logging_mixin.py:151} INFO - [2026-02-23T11:58:24.643+0000] {dagbag.py:539} INFO - Filling up the DagBag from /opt/airflow/dags/dag.py
[2026-02-23T11:58:24.923+0000] {processor.py:839} INFO - DAG(s) dict_keys(['pagination_dag']) retrieved from /opt/airflow/dags/dag.py
[2026-02-23T11:58:24.950+0000] {logging_mixin.py:151} INFO - [2026-02-23T11:58:24.949+0000] {dag.py:2915} INFO - Sync 1 DAGs
[2026-02-23T11:58:24.962+0000] {logging_mixin.py:151} INFO - [2026-02-23T11:58:24.962+0000] {dag.py:3696} INFO - Setting next_dagrun for pagination_dag to None, run_after=None
[2026-02-23T11:58:24.987+0000] {processor.py:179} INFO - Processing /opt/airflow/dags/dag.py took 0.350 seconds
[2026-02-23T11:58:55.182+0000] {processor.py:157} INFO - Started process (PID=765) to work on /opt/airflow/dags/dag.py
[2026-02-23T11:58:55.184+0000] {processor.py:829} INFO - Processing file /opt/airflow/dags/dag.py for tasks to queue
[2026-02-23T11:58:55.186+0000] {logging_mixin.py:151} INFO - [2026-02-23T11:58:55.185+0000] {dagbag.py:539} INFO - Filling up the DagBag from /opt/airflow/dags/dag.py
[2026-02-23T11:58:55.592+0000] {processor.py:839} INFO - DAG(s) dict_keys(['pagination_dag']) retrieved from /opt/airflow/dags/dag.py
[2026-02-23T11:58:55.628+0000] {logging_mixin.py:151} INFO - [2026-02-23T11:58:55.627+0000] {dag.py:2915} INFO - Sync 1 DAGs
[2026-02-23T11:58:55.640+0000] {logging_mixin.py:151} INFO - [2026-02-23T11:58:55.640+0000] {dag.py:3696} INFO - Setting next_dagrun for pagination_dag to None, run_after=None
[2026-02-23T11:58:55.661+0000] {processor.py:179} INFO - Processing /opt/airflow/dags/dag.py took 0.485 seconds
[2026-02-23T11:59:25.916+0000] {processor.py:157} INFO - Started process (PID=771) to work on /opt/airflow/dags/dag.py
[2026-02-23T11:59:25.917+0000] {processor.py:829} INFO - Processing file /opt/airflow/dags/dag.py for tasks to queue
[2026-02-23T11:59:25.919+0000] {logging_mixin.py:151} INFO - [2026-02-23T11:59:25.918+0000] {dagbag.py:539} INFO - Filling up the DagBag from /opt/airflow/dags/dag.py
[2026-02-23T11:59:26.167+0000] {processor.py:839} INFO - DAG(s) dict_keys(['pagination_dag']) retrieved from /opt/airflow/dags/dag.py
[2026-02-23T11:59:26.194+0000] {logging_mixin.py:151} INFO - [2026-02-23T11:59:26.194+0000] {dag.py:2915} INFO - Sync 1 DAGs
[2026-02-23T11:59:26.205+0000] {logging_mixin.py:151} INFO - [2026-02-23T11:59:26.205+0000] {dag.py:3696} INFO - Setting next_dagrun for pagination_dag to None, run_after=None
[2026-02-23T11:59:26.225+0000] {processor.py:179} INFO - Processing /opt/airflow/dags/dag.py took 0.312 seconds
[2026-02-23T11:59:56.420+0000] {processor.py:157} INFO - Started process (PID=777) to work on /opt/airflow/dags/dag.py
[2026-02-23T11:59:56.421+0000] {processor.py:829} INFO - Processing file /opt/airflow/dags/dag.py for tasks to queue
[2026-02-23T11:59:56.422+0000] {logging_mixin.py:151} INFO - [2026-02-23T11:59:56.422+0000] {dagbag.py:539} INFO - Filling up the DagBag from /opt/airflow/dags/dag.py
[2026-02-23T11:59:56.646+0000] {processor.py:839} INFO - DAG(s) dict_keys(['pagination_dag']) retrieved from /opt/airflow/dags/dag.py
[2026-02-23T11:59:56.671+0000] {logging_mixin.py:151} INFO - [2026-02-23T11:59:56.670+0000] {dag.py:2915} INFO - Sync 1 DAGs
[2026-02-23T11:59:56.681+0000] {logging_mixin.py:151} INFO - [2026-02-23T11:59:56.681+0000] {dag.py:3696} INFO - Setting next_dagrun for pagination_dag to None, run_after=None
[2026-02-23T11:59:56.703+0000] {processor.py:179} INFO - Processing /opt/airflow/dags/dag.py took 0.286 seconds
[2026-02-23T12:00:26.898+0000] {processor.py:157} INFO - Started process (PID=783) to work on /opt/airflow/dags/dag.py
[2026-02-23T12:00:26.899+0000] {processor.py:829} INFO - Processing file /opt/airflow/dags/dag.py for tasks to queue
[2026-02-23T12:00:26.900+0000] {logging_mixin.py:151} INFO - [2026-02-23T12:00:26.900+0000] {dagbag.py:539} INFO - Filling up the DagBag from /opt/airflow/dags/dag.py
[2026-02-23T12:00:27.141+0000] {processor.py:839} INFO - DAG(s) dict_keys(['pagination_dag']) retrieved from /opt/airflow/dags/dag.py
[2026-02-23T12:00:27.166+0000] {logging_mixin.py:151} INFO - [2026-02-23T12:00:27.166+0000] {dag.py:2915} INFO - Sync 1 DAGs
[2026-02-23T12:00:27.178+0000] {logging_mixin.py:151} INFO - [2026-02-23T12:00:27.178+0000] {dag.py:3696} INFO - Setting next_dagrun for pagination_dag to None, run_after=None
[2026-02-23T12:00:27.198+0000] {processor.py:179} INFO - Processing /opt/airflow/dags/dag.py took 0.304 seconds
[2026-02-23T12:00:57.395+0000] {processor.py:157} INFO - Started process (PID=789) to work on /opt/airflow/dags/dag.py
[2026-02-23T12:00:57.397+0000] {processor.py:829} INFO - Processing file /opt/airflow/dags/dag.py for tasks to queue
[2026-02-23T12:00:57.398+0000] {logging_mixin.py:151} INFO - [2026-02-23T12:00:57.397+0000] {dagbag.py:539} INFO - Filling up the DagBag from /opt/airflow/dags/dag.py
[2026-02-23T12:00:57.634+0000] {processor.py:839} INFO - DAG(s) dict_keys(['pagination_dag']) retrieved from /opt/airflow/dags/dag.py
[2026-02-23T12:00:57.661+0000] {logging_mixin.py:151} INFO - [2026-02-23T12:00:57.660+0000] {dag.py:2915} INFO - Sync 1 DAGs
[2026-02-23T12:00:57.672+0000] {logging_mixin.py:151} INFO - [2026-02-23T12:00:57.672+0000] {dag.py:3696} INFO - Setting next_dagrun for pagination_dag to None, run_after=None
[2026-02-23T12:00:57.692+0000] {processor.py:179} INFO - Processing /opt/airflow/dags/dag.py took 0.301 seconds
[2026-02-23T12:01:27.888+0000] {processor.py:157} INFO - Started process (PID=795) to work on /opt/airflow/dags/dag.py
[2026-02-23T12:01:27.889+0000] {processor.py:829} INFO - Processing file /opt/airflow/dags/dag.py for tasks to queue
[2026-02-23T12:01:27.890+0000] {logging_mixin.py:151} INFO - [2026-02-23T12:01:27.890+0000] {dagbag.py:539} INFO - Filling up the DagBag from /opt/airflow/dags/dag.py
[2026-02-23T12:01:28.131+0000] {processor.py:839} INFO - DAG(s) dict_keys(['pagination_dag']) retrieved from /opt/airflow/dags/dag.py
[2026-02-23T12:01:28.155+0000] {logging_mixin.py:151} INFO - [2026-02-23T12:01:28.154+0000] {dag.py:2915} INFO - Sync 1 DAGs
[2026-02-23T12:01:28.165+0000] {logging_mixin.py:151} INFO - [2026-02-23T12:01:28.165+0000] {dag.py:3696} INFO - Setting next_dagrun for pagination_dag to None, run_after=None
[2026-02-23T12:01:28.184+0000] {processor.py:179} INFO - Processing /opt/airflow/dags/dag.py took 0.299 seconds
[2026-02-23T12:01:58.376+0000] {processor.py:157} INFO - Started process (PID=801) to work on /opt/airflow/dags/dag.py
[2026-02-23T12:01:58.377+0000] {processor.py:829} INFO - Processing file /opt/airflow/dags/dag.py for tasks to queue
[2026-02-23T12:01:58.378+0000] {logging_mixin.py:151} INFO - [2026-02-23T12:01:58.378+0000] {dagbag.py:539} INFO - Filling up the DagBag from /opt/airflow/dags/dag.py
[2026-02-23T12:01:58.632+0000] {processor.py:839} INFO - DAG(s) dict_keys(['pagination_dag']) retrieved from /opt/airflow/dags/dag.py
[2026-02-23T12:01:58.662+0000] {logging_mixin.py:151} INFO - [2026-02-23T12:01:58.661+0000] {dag.py:2915} INFO - Sync 1 DAGs
[2026-02-23T12:01:58.673+0000] {logging_mixin.py:151} INFO - [2026-02-23T12:01:58.673+0000] {dag.py:3696} INFO - Setting next_dagrun for pagination_dag to None, run_after=None
[2026-02-23T12:01:58.689+0000] {processor.py:179} INFO - Processing /opt/airflow/dags/dag.py took 0.316 seconds
[2026-02-23T12:02:28.875+0000] {processor.py:157} INFO - Started process (PID=807) to work on /opt/airflow/dags/dag.py
[2026-02-23T12:02:28.876+0000] {processor.py:829} INFO - Processing file /opt/airflow/dags/dag.py for tasks to queue
[2026-02-23T12:02:28.877+0000] {logging_mixin.py:151} INFO - [2026-02-23T12:02:28.876+0000] {dagbag.py:539} INFO - Filling up the DagBag from /opt/airflow/dags/dag.py
[2026-02-23T12:02:29.132+0000] {processor.py:839} INFO - DAG(s) dict_keys(['pagination_dag']) retrieved from /opt/airflow/dags/dag.py
[2026-02-23T12:02:29.163+0000] {logging_mixin.py:151} INFO - [2026-02-23T12:02:29.162+0000] {dag.py:2915} INFO - Sync 1 DAGs
[2026-02-23T12:02:29.175+0000] {logging_mixin.py:151} INFO - [2026-02-23T12:02:29.175+0000] {dag.py:3696} INFO - Setting next_dagrun for pagination_dag to None, run_after=None
[2026-02-23T12:02:29.200+0000] {processor.py:179} INFO - Processing /opt/airflow/dags/dag.py took 0.328 seconds
[2026-02-23T12:02:59.384+0000] {processor.py:157} INFO - Started process (PID=813) to work on /opt/airflow/dags/dag.py
[2026-02-23T12:02:59.385+0000] {processor.py:829} INFO - Processing file /opt/airflow/dags/dag.py for tasks to queue
[2026-02-23T12:02:59.386+0000] {logging_mixin.py:151} INFO - [2026-02-23T12:02:59.385+0000] {dagbag.py:539} INFO - Filling up the DagBag from /opt/airflow/dags/dag.py
[2026-02-23T12:02:59.622+0000] {processor.py:839} INFO - DAG(s) dict_keys(['pagination_dag']) retrieved from /opt/airflow/dags/dag.py
[2026-02-23T12:02:59.646+0000] {logging_mixin.py:151} INFO - [2026-02-23T12:02:59.646+0000] {dag.py:2915} INFO - Sync 1 DAGs
[2026-02-23T12:02:59.659+0000] {logging_mixin.py:151} INFO - [2026-02-23T12:02:59.659+0000] {dag.py:3696} INFO - Setting next_dagrun for pagination_dag to None, run_after=None
[2026-02-23T12:02:59.679+0000] {processor.py:179} INFO - Processing /opt/airflow/dags/dag.py took 0.298 seconds
[2026-02-23T12:03:29.864+0000] {processor.py:157} INFO - Started process (PID=819) to work on /opt/airflow/dags/dag.py
[2026-02-23T12:03:29.865+0000] {processor.py:829} INFO - Processing file /opt/airflow/dags/dag.py for tasks to queue
[2026-02-23T12:03:29.866+0000] {logging_mixin.py:151} INFO - [2026-02-23T12:03:29.866+0000] {dagbag.py:539} INFO - Filling up the DagBag from /opt/airflow/dags/dag.py
[2026-02-23T12:03:30.106+0000] {processor.py:839} INFO - DAG(s) dict_keys(['pagination_dag']) retrieved from /opt/airflow/dags/dag.py
[2026-02-23T12:03:30.132+0000] {logging_mixin.py:151} INFO - [2026-02-23T12:03:30.132+0000] {dag.py:2915} INFO - Sync 1 DAGs
[2026-02-23T12:03:30.144+0000] {logging_mixin.py:151} INFO - [2026-02-23T12:03:30.144+0000] {dag.py:3696} INFO - Setting next_dagrun for pagination_dag to None, run_after=None
[2026-02-23T12:03:30.166+0000] {processor.py:179} INFO - Processing /opt/airflow/dags/dag.py took 0.305 seconds
[2026-02-23T12:04:00.351+0000] {processor.py:157} INFO - Started process (PID=825) to work on /opt/airflow/dags/dag.py
[2026-02-23T12:04:00.352+0000] {processor.py:829} INFO - Processing file /opt/airflow/dags/dag.py for tasks to queue
[2026-02-23T12:04:00.353+0000] {logging_mixin.py:151} INFO - [2026-02-23T12:04:00.352+0000] {dagbag.py:539} INFO - Filling up the DagBag from /opt/airflow/dags/dag.py
[2026-02-23T12:04:00.594+0000] {processor.py:839} INFO - DAG(s) dict_keys(['pagination_dag']) retrieved from /opt/airflow/dags/dag.py
[2026-02-23T12:04:00.622+0000] {logging_mixin.py:151} INFO - [2026-02-23T12:04:00.622+0000] {dag.py:2915} INFO - Sync 1 DAGs
[2026-02-23T12:04:00.633+0000] {logging_mixin.py:151} INFO - [2026-02-23T12:04:00.633+0000] {dag.py:3696} INFO - Setting next_dagrun for pagination_dag to None, run_after=None
[2026-02-23T12:04:00.654+0000] {processor.py:179} INFO - Processing /opt/airflow/dags/dag.py took 0.306 seconds
[2026-02-23T12:04:30.846+0000] {processor.py:157} INFO - Started process (PID=831) to work on /opt/airflow/dags/dag.py
[2026-02-23T12:04:30.847+0000] {processor.py:829} INFO - Processing file /opt/airflow/dags/dag.py for tasks to queue
[2026-02-23T12:04:30.848+0000] {logging_mixin.py:151} INFO - [2026-02-23T12:04:30.848+0000] {dagbag.py:539} INFO - Filling up the DagBag from /opt/airflow/dags/dag.py
[2026-02-23T12:04:31.090+0000] {processor.py:839} INFO - DAG(s) dict_keys(['pagination_dag']) retrieved from /opt/airflow/dags/dag.py
[2026-02-23T12:04:31.115+0000] {logging_mixin.py:151} INFO - [2026-02-23T12:04:31.115+0000] {dag.py:2915} INFO - Sync 1 DAGs
[2026-02-23T12:04:31.126+0000] {logging_mixin.py:151} INFO - [2026-02-23T12:04:31.126+0000] {dag.py:3696} INFO - Setting next_dagrun for pagination_dag to None, run_after=None
[2026-02-23T12:04:31.147+0000] {processor.py:179} INFO - Processing /opt/airflow/dags/dag.py took 0.303 seconds
[2026-02-23T12:05:01.330+0000] {processor.py:157} INFO - Started process (PID=837) to work on /opt/airflow/dags/dag.py
[2026-02-23T12:05:01.331+0000] {processor.py:829} INFO - Processing file /opt/airflow/dags/dag.py for tasks to queue
[2026-02-23T12:05:01.332+0000] {logging_mixin.py:151} INFO - [2026-02-23T12:05:01.332+0000] {dagbag.py:539} INFO - Filling up the DagBag from /opt/airflow/dags/dag.py
[2026-02-23T12:05:01.573+0000] {processor.py:839} INFO - DAG(s) dict_keys(['pagination_dag']) retrieved from /opt/airflow/dags/dag.py
[2026-02-23T12:05:01.598+0000] {logging_mixin.py:151} INFO - [2026-02-23T12:05:01.598+0000] {dag.py:2915} INFO - Sync 1 DAGs
[2026-02-23T12:05:01.610+0000] {logging_mixin.py:151} INFO - [2026-02-23T12:05:01.610+0000] {dag.py:3696} INFO - Setting next_dagrun for pagination_dag to None, run_after=None
[2026-02-23T12:05:01.630+0000] {processor.py:179} INFO - Processing /opt/airflow/dags/dag.py took 0.303 seconds
[2026-02-23T12:05:31.812+0000] {processor.py:157} INFO - Started process (PID=843) to work on /opt/airflow/dags/dag.py
[2026-02-23T12:05:31.814+0000] {processor.py:829} INFO - Processing file /opt/airflow/dags/dag.py for tasks to queue
[2026-02-23T12:05:31.815+0000] {logging_mixin.py:151} INFO - [2026-02-23T12:05:31.814+0000] {dagbag.py:539} INFO - Filling up the DagBag from /opt/airflow/dags/dag.py
[2026-02-23T12:05:32.056+0000] {processor.py:839} INFO - DAG(s) dict_keys(['pagination_dag']) retrieved from /opt/airflow/dags/dag.py
[2026-02-23T12:05:32.081+0000] {logging_mixin.py:151} INFO - [2026-02-23T12:05:32.080+0000] {dag.py:2915} INFO - Sync 1 DAGs
[2026-02-23T12:05:32.091+0000] {logging_mixin.py:151} INFO - [2026-02-23T12:05:32.091+0000] {dag.py:3696} INFO - Setting next_dagrun for pagination_dag to None, run_after=None
[2026-02-23T12:05:32.110+0000] {processor.py:179} INFO - Processing /opt/airflow/dags/dag.py took 0.301 seconds
[2026-02-23T12:06:02.296+0000] {processor.py:157} INFO - Started process (PID=849) to work on /opt/airflow/dags/dag.py
[2026-02-23T12:06:02.297+0000] {processor.py:829} INFO - Processing file /opt/airflow/dags/dag.py for tasks to queue
[2026-02-23T12:06:02.298+0000] {logging_mixin.py:151} INFO - [2026-02-23T12:06:02.297+0000] {dagbag.py:539} INFO - Filling up the DagBag from /opt/airflow/dags/dag.py
[2026-02-23T12:06:02.582+0000] {processor.py:839} INFO - DAG(s) dict_keys(['pagination_dag']) retrieved from /opt/airflow/dags/dag.py
[2026-02-23T12:06:02.609+0000] {logging_mixin.py:151} INFO - [2026-02-23T12:06:02.608+0000] {dag.py:2915} INFO - Sync 1 DAGs
[2026-02-23T12:06:02.622+0000] {logging_mixin.py:151} INFO - [2026-02-23T12:06:02.622+0000] {dag.py:3696} INFO - Setting next_dagrun for pagination_dag to None, run_after=None
[2026-02-23T12:06:02.650+0000] {processor.py:179} INFO - Processing /opt/airflow/dags/dag.py took 0.358 seconds
[2026-02-23T12:06:32.837+0000] {processor.py:157} INFO - Started process (PID=855) to work on /opt/airflow/dags/dag.py
[2026-02-23T12:06:32.838+0000] {processor.py:829} INFO - Processing file /opt/airflow/dags/dag.py for tasks to queue
[2026-02-23T12:06:32.839+0000] {logging_mixin.py:151} INFO - [2026-02-23T12:06:32.838+0000] {dagbag.py:539} INFO - Filling up the DagBag from /opt/airflow/dags/dag.py
[2026-02-23T12:06:33.080+0000] {processor.py:839} INFO - DAG(s) dict_keys(['pagination_dag']) retrieved from /opt/airflow/dags/dag.py
[2026-02-23T12:06:33.106+0000] {logging_mixin.py:151} INFO - [2026-02-23T12:06:33.105+0000] {dag.py:2915} INFO - Sync 1 DAGs
[2026-02-23T12:06:33.116+0000] {logging_mixin.py:151} INFO - [2026-02-23T12:06:33.116+0000] {dag.py:3696} INFO - Setting next_dagrun for pagination_dag to None, run_after=None
[2026-02-23T12:06:33.134+0000] {processor.py:179} INFO - Processing /opt/airflow/dags/dag.py took 0.300 seconds
[2026-02-23T12:07:03.315+0000] {processor.py:157} INFO - Started process (PID=861) to work on /opt/airflow/dags/dag.py
[2026-02-23T12:07:03.316+0000] {processor.py:829} INFO - Processing file /opt/airflow/dags/dag.py for tasks to queue
[2026-02-23T12:07:03.317+0000] {logging_mixin.py:151} INFO - [2026-02-23T12:07:03.316+0000] {dagbag.py:539} INFO - Filling up the DagBag from /opt/airflow/dags/dag.py
[2026-02-23T12:07:03.559+0000] {processor.py:839} INFO - DAG(s) dict_keys(['pagination_dag']) retrieved from /opt/airflow/dags/dag.py
[2026-02-23T12:07:03.586+0000] {logging_mixin.py:151} INFO - [2026-02-23T12:07:03.586+0000] {dag.py:2915} INFO - Sync 1 DAGs
[2026-02-23T12:07:03.599+0000] {logging_mixin.py:151} INFO - [2026-02-23T12:07:03.599+0000] {dag.py:3696} INFO - Setting next_dagrun for pagination_dag to None, run_after=None
[2026-02-23T12:07:03.619+0000] {processor.py:179} INFO - Processing /opt/airflow/dags/dag.py took 0.307 seconds
[2026-02-23T12:07:33.806+0000] {processor.py:157} INFO - Started process (PID=867) to work on /opt/airflow/dags/dag.py
[2026-02-23T12:07:33.807+0000] {processor.py:829} INFO - Processing file /opt/airflow/dags/dag.py for tasks to queue
[2026-02-23T12:07:33.808+0000] {logging_mixin.py:151} INFO - [2026-02-23T12:07:33.807+0000] {dagbag.py:539} INFO - Filling up the DagBag from /opt/airflow/dags/dag.py
[2026-02-23T12:07:34.043+0000] {processor.py:839} INFO - DAG(s) dict_keys(['pagination_dag']) retrieved from /opt/airflow/dags/dag.py
[2026-02-23T12:07:34.069+0000] {logging_mixin.py:151} INFO - [2026-02-23T12:07:34.069+0000] {dag.py:2915} INFO - Sync 1 DAGs
[2026-02-23T12:07:34.080+0000] {logging_mixin.py:151} INFO - [2026-02-23T12:07:34.079+0000] {dag.py:3696} INFO - Setting next_dagrun for pagination_dag to None, run_after=None
[2026-02-23T12:07:34.099+0000] {processor.py:179} INFO - Processing /opt/airflow/dags/dag.py took 0.296 seconds
[2026-02-23T12:08:04.288+0000] {processor.py:157} INFO - Started process (PID=873) to work on /opt/airflow/dags/dag.py
[2026-02-23T12:08:04.289+0000] {processor.py:829} INFO - Processing file /opt/airflow/dags/dag.py for tasks to queue
[2026-02-23T12:08:04.290+0000] {logging_mixin.py:151} INFO - [2026-02-23T12:08:04.290+0000] {dagbag.py:539} INFO - Filling up the DagBag from /opt/airflow/dags/dag.py
[2026-02-23T12:08:04.526+0000] {processor.py:839} INFO - DAG(s) dict_keys(['pagination_dag']) retrieved from /opt/airflow/dags/dag.py
[2026-02-23T12:08:04.550+0000] {logging_mixin.py:151} INFO - [2026-02-23T12:08:04.549+0000] {dag.py:2915} INFO - Sync 1 DAGs
[2026-02-23T12:08:04.560+0000] {logging_mixin.py:151} INFO - [2026-02-23T12:08:04.560+0000] {dag.py:3696} INFO - Setting next_dagrun for pagination_dag to None, run_after=None
[2026-02-23T12:08:04.579+0000] {processor.py:179} INFO - Processing /opt/airflow/dags/dag.py took 0.294 seconds
[2026-02-23T12:08:34.767+0000] {processor.py:157} INFO - Started process (PID=879) to work on /opt/airflow/dags/dag.py
[2026-02-23T12:08:34.768+0000] {processor.py:829} INFO - Processing file /opt/airflow/dags/dag.py for tasks to queue
[2026-02-23T12:08:34.769+0000] {logging_mixin.py:151} INFO - [2026-02-23T12:08:34.769+0000] {dagbag.py:539} INFO - Filling up the DagBag from /opt/airflow/dags/dag.py
[2026-02-23T12:08:35.005+0000] {processor.py:839} INFO - DAG(s) dict_keys(['pagination_dag']) retrieved from /opt/airflow/dags/dag.py
[2026-02-23T12:08:35.030+0000] {logging_mixin.py:151} INFO - [2026-02-23T12:08:35.030+0000] {dag.py:2915} INFO - Sync 1 DAGs
[2026-02-23T12:08:35.041+0000] {logging_mixin.py:151} INFO - [2026-02-23T12:08:35.041+0000] {dag.py:3696} INFO - Setting next_dagrun for pagination_dag to None, run_after=None
[2026-02-23T12:08:35.059+0000] {processor.py:179} INFO - Processing /opt/airflow/dags/dag.py took 0.294 seconds
[2026-02-23T12:09:05.247+0000] {processor.py:157} INFO - Started process (PID=885) to work on /opt/airflow/dags/dag.py
[2026-02-23T12:09:05.248+0000] {processor.py:829} INFO - Processing file /opt/airflow/dags/dag.py for tasks to queue
[2026-02-23T12:09:05.249+0000] {logging_mixin.py:151} INFO - [2026-02-23T12:09:05.249+0000] {dagbag.py:539} INFO - Filling up the DagBag from /opt/airflow/dags/dag.py
[2026-02-23T12:09:05.484+0000] {processor.py:839} INFO - DAG(s) dict_keys(['pagination_dag']) retrieved from /opt/airflow/dags/dag.py
[2026-02-23T12:09:05.509+0000] {logging_mixin.py:151} INFO - [2026-02-23T12:09:05.509+0000] {dag.py:2915} INFO - Sync 1 DAGs
[2026-02-23T12:09:05.520+0000] {logging_mixin.py:151} INFO - [2026-02-23T12:09:05.520+0000] {dag.py:3696} INFO - Setting next_dagrun for pagination_dag to None, run_after=None
[2026-02-23T12:09:05.541+0000] {processor.py:179} INFO - Processing /opt/airflow/dags/dag.py took 0.297 seconds
[2026-02-23T12:09:35.744+0000] {processor.py:157} INFO - Started process (PID=891) to work on /opt/airflow/dags/dag.py
[2026-02-23T12:09:35.745+0000] {processor.py:829} INFO - Processing file /opt/airflow/dags/dag.py for tasks to queue
[2026-02-23T12:09:35.746+0000] {logging_mixin.py:151} INFO - [2026-02-23T12:09:35.745+0000] {dagbag.py:539} INFO - Filling up the DagBag from /opt/airflow/dags/dag.py
[2026-02-23T12:09:35.979+0000] {processor.py:839} INFO - DAG(s) dict_keys(['pagination_dag']) retrieved from /opt/airflow/dags/dag.py
[2026-02-23T12:09:36.003+0000] {logging_mixin.py:151} INFO - [2026-02-23T12:09:36.003+0000] {dag.py:2915} INFO - Sync 1 DAGs
[2026-02-23T12:09:36.013+0000] {logging_mixin.py:151} INFO - [2026-02-23T12:09:36.013+0000] {dag.py:3696} INFO - Setting next_dagrun for pagination_dag to None, run_after=None
[2026-02-23T12:09:36.032+0000] {processor.py:179} INFO - Processing /opt/airflow/dags/dag.py took 0.291 seconds
[2026-02-23T12:10:06.218+0000] {processor.py:157} INFO - Started process (PID=897) to work on /opt/airflow/dags/dag.py
[2026-02-23T12:10:06.219+0000] {processor.py:829} INFO - Processing file /opt/airflow/dags/dag.py for tasks to queue
[2026-02-23T12:10:06.220+0000] {logging_mixin.py:151} INFO - [2026-02-23T12:10:06.220+0000] {dagbag.py:539} INFO - Filling up the DagBag from /opt/airflow/dags/dag.py
[2026-02-23T12:10:06.456+0000] {processor.py:839} INFO - DAG(s) dict_keys(['pagination_dag']) retrieved from /opt/airflow/dags/dag.py
[2026-02-23T12:10:06.481+0000] {logging_mixin.py:151} INFO - [2026-02-23T12:10:06.480+0000] {dag.py:2915} INFO - Sync 1 DAGs
[2026-02-23T12:10:06.491+0000] {logging_mixin.py:151} INFO - [2026-02-23T12:10:06.491+0000] {dag.py:3696} INFO - Setting next_dagrun for pagination_dag to None, run_after=None
[2026-02-23T12:10:06.508+0000] {processor.py:179} INFO - Processing /opt/airflow/dags/dag.py took 0.292 seconds
[2026-02-23T12:10:36.689+0000] {processor.py:157} INFO - Started process (PID=903) to work on /opt/airflow/dags/dag.py
[2026-02-23T12:10:36.690+0000] {processor.py:829} INFO - Processing file /opt/airflow/dags/dag.py for tasks to queue
[2026-02-23T12:10:36.691+0000] {logging_mixin.py:151} INFO - [2026-02-23T12:10:36.690+0000] {dagbag.py:539} INFO - Filling up the DagBag from /opt/airflow/dags/dag.py
[2026-02-23T12:10:36.923+0000] {processor.py:839} INFO - DAG(s) dict_keys(['pagination_dag']) retrieved from /opt/airflow/dags/dag.py
[2026-02-23T12:10:36.946+0000] {logging_mixin.py:151} INFO - [2026-02-23T12:10:36.945+0000] {dag.py:2915} INFO - Sync 1 DAGs
[2026-02-23T12:10:36.956+0000] {logging_mixin.py:151} INFO - [2026-02-23T12:10:36.956+0000] {dag.py:3696} INFO - Setting next_dagrun for pagination_dag to None, run_after=None
[2026-02-23T12:10:36.974+0000] {processor.py:179} INFO - Processing /opt/airflow/dags/dag.py took 0.289 seconds
[2026-02-23T12:11:07.164+0000] {processor.py:157} INFO - Started process (PID=909) to work on /opt/airflow/dags/dag.py
[2026-02-23T12:11:07.165+0000] {processor.py:829} INFO - Processing file /opt/airflow/dags/dag.py for tasks to queue
[2026-02-23T12:11:07.166+0000] {logging_mixin.py:151} INFO - [2026-02-23T12:11:07.165+0000] {dagbag.py:539} INFO - Filling up the DagBag from /opt/airflow/dags/dag.py
[2026-02-23T12:11:07.408+0000] {processor.py:839} INFO - DAG(s) dict_keys(['pagination_dag']) retrieved from /opt/airflow/dags/dag.py
[2026-02-23T12:11:07.433+0000] {logging_mixin.py:151} INFO - [2026-02-23T12:11:07.432+0000] {dag.py:2915} INFO - Sync 1 DAGs
[2026-02-23T12:11:07.444+0000] {logging_mixin.py:151} INFO - [2026-02-23T12:11:07.443+0000] {dag.py:3696} INFO - Setting next_dagrun for pagination_dag to None, run_after=None
[2026-02-23T12:11:07.462+0000] {processor.py:179} INFO - Processing /opt/airflow/dags/dag.py took 0.302 seconds
[2026-02-23T12:11:37.653+0000] {processor.py:157} INFO - Started process (PID=915) to work on /opt/airflow/dags/dag.py
[2026-02-23T12:11:37.655+0000] {processor.py:829} INFO - Processing file /opt/airflow/dags/dag.py for tasks to queue
[2026-02-23T12:11:37.655+0000] {logging_mixin.py:151} INFO - [2026-02-23T12:11:37.655+0000] {dagbag.py:539} INFO - Filling up the DagBag from /opt/airflow/dags/dag.py
[2026-02-23T12:11:37.891+0000] {processor.py:839} INFO - DAG(s) dict_keys(['pagination_dag']) retrieved from /opt/airflow/dags/dag.py
[2026-02-23T12:11:37.915+0000] {logging_mixin.py:151} INFO - [2026-02-23T12:11:37.914+0000] {dag.py:2915} INFO - Sync 1 DAGs
[2026-02-23T12:11:37.926+0000] {logging_mixin.py:151} INFO - [2026-02-23T12:11:37.925+0000] {dag.py:3696} INFO - Setting next_dagrun for pagination_dag to None, run_after=None
[2026-02-23T12:11:37.943+0000] {processor.py:179} INFO - Processing /opt/airflow/dags/dag.py took 0.293 seconds
[2026-02-23T12:12:08.133+0000] {processor.py:157} INFO - Started process (PID=921) to work on /opt/airflow/dags/dag.py
[2026-02-23T12:12:08.134+0000] {processor.py:829} INFO - Processing file /opt/airflow/dags/dag.py for tasks to queue
[2026-02-23T12:12:08.134+0000] {logging_mixin.py:151} INFO - [2026-02-23T12:12:08.134+0000] {dagbag.py:539} INFO - Filling up the DagBag from /opt/airflow/dags/dag.py
[2026-02-23T12:12:08.369+0000] {processor.py:839} INFO - DAG(s) dict_keys(['pagination_dag']) retrieved from /opt/airflow/dags/dag.py
[2026-02-23T12:12:08.395+0000] {logging_mixin.py:151} INFO - [2026-02-23T12:12:08.394+0000] {dag.py:2915} INFO - Sync 1 DAGs
[2026-02-23T12:12:08.405+0000] {logging_mixin.py:151} INFO - [2026-02-23T12:12:08.405+0000] {dag.py:3696} INFO - Setting next_dagrun for pagination_dag to None, run_after=None
[2026-02-23T12:12:08.424+0000] {processor.py:179} INFO - Processing /opt/airflow/dags/dag.py took 0.294 seconds
[2026-02-23T12:12:38.609+0000] {processor.py:157} INFO - Started process (PID=927) to work on /opt/airflow/dags/dag.py
[2026-02-23T12:12:38.610+0000] {processor.py:829} INFO - Processing file /opt/airflow/dags/dag.py for tasks to queue
[2026-02-23T12:12:38.611+0000] {logging_mixin.py:151} INFO - [2026-02-23T12:12:38.611+0000] {dagbag.py:539} INFO - Filling up the DagBag from /opt/airflow/dags/dag.py
[2026-02-23T12:12:38.848+0000] {processor.py:839} INFO - DAG(s) dict_keys(['pagination_dag']) retrieved from /opt/airflow/dags/dag.py
[2026-02-23T12:12:38.872+0000] {logging_mixin.py:151} INFO - [2026-02-23T12:12:38.871+0000] {dag.py:2915} INFO - Sync 1 DAGs
[2026-02-23T12:12:38.882+0000] {logging_mixin.py:151} INFO - [2026-02-23T12:12:38.882+0000] {dag.py:3696} INFO - Setting next_dagrun for pagination_dag to None, run_after=None
[2026-02-23T12:12:38.900+0000] {processor.py:179} INFO - Processing /opt/airflow/dags/dag.py took 0.294 seconds
[2026-02-23T12:13:09.090+0000] {processor.py:157} INFO - Started process (PID=933) to work on /opt/airflow/dags/dag.py
[2026-02-23T12:13:09.091+0000] {processor.py:829} INFO - Processing file /opt/airflow/dags/dag.py for tasks to queue
[2026-02-23T12:13:09.092+0000] {logging_mixin.py:151} INFO - [2026-02-23T12:13:09.092+0000] {dagbag.py:539} INFO - Filling up the DagBag from /opt/airflow/dags/dag.py
[2026-02-23T12:13:09.336+0000] {processor.py:839} INFO - DAG(s) dict_keys(['pagination_dag']) retrieved from /opt/airflow/dags/dag.py
[2026-02-23T12:13:09.361+0000] {logging_mixin.py:151} INFO - [2026-02-23T12:13:09.360+0000] {dag.py:2915} INFO - Sync 1 DAGs
[2026-02-23T12:13:09.371+0000] {logging_mixin.py:151} INFO - [2026-02-23T12:13:09.371+0000] {dag.py:3696} INFO - Setting next_dagrun for pagination_dag to None, run_after=None
[2026-02-23T12:13:09.389+0000] {processor.py:179} INFO - Processing /opt/airflow/dags/dag.py took 0.303 seconds
[2026-02-23T12:13:39.581+0000] {processor.py:157} INFO - Started process (PID=939) to work on /opt/airflow/dags/dag.py
[2026-02-23T12:13:39.582+0000] {processor.py:829} INFO - Processing file /opt/airflow/dags/dag.py for tasks to queue
[2026-02-23T12:13:39.583+0000] {logging_mixin.py:151} INFO - [2026-02-23T12:13:39.583+0000] {dagbag.py:539} INFO - Filling up the DagBag from /opt/airflow/dags/dag.py
[2026-02-23T12:13:39.819+0000] {processor.py:839} INFO - DAG(s) dict_keys(['pagination_dag']) retrieved from /opt/airflow/dags/dag.py
[2026-02-23T12:13:39.844+0000] {logging_mixin.py:151} INFO - [2026-02-23T12:13:39.844+0000] {dag.py:2915} INFO - Sync 1 DAGs
[2026-02-23T12:13:39.854+0000] {logging_mixin.py:151} INFO - [2026-02-23T12:13:39.854+0000] {dag.py:3696} INFO - Setting next_dagrun for pagination_dag to None, run_after=None
[2026-02-23T12:13:39.873+0000] {processor.py:179} INFO - Processing /opt/airflow/dags/dag.py took 0.295 seconds
[2026-02-23T12:14:10.066+0000] {processor.py:157} INFO - Started process (PID=945) to work on /opt/airflow/dags/dag.py
[2026-02-23T12:14:10.067+0000] {processor.py:829} INFO - Processing file /opt/airflow/dags/dag.py for tasks to queue
[2026-02-23T12:14:10.068+0000] {logging_mixin.py:151} INFO - [2026-02-23T12:14:10.067+0000] {dagbag.py:539} INFO - Filling up the DagBag from /opt/airflow/dags/dag.py
[2026-02-23T12:14:10.309+0000] {processor.py:839} INFO - DAG(s) dict_keys(['pagination_dag']) retrieved from /opt/airflow/dags/dag.py
[2026-02-23T12:14:10.334+0000] {logging_mixin.py:151} INFO - [2026-02-23T12:14:10.334+0000] {dag.py:2915} INFO - Sync 1 DAGs
[2026-02-23T12:14:10.345+0000] {logging_mixin.py:151} INFO - [2026-02-23T12:14:10.345+0000] {dag.py:3696} INFO - Setting next_dagrun for pagination_dag to None, run_after=None
[2026-02-23T12:14:10.363+0000] {processor.py:179} INFO - Processing /opt/airflow/dags/dag.py took 0.300 seconds
[2026-02-23T12:14:40.554+0000] {processor.py:157} INFO - Started process (PID=951) to work on /opt/airflow/dags/dag.py
[2026-02-23T12:14:40.555+0000] {processor.py:829} INFO - Processing file /opt/airflow/dags/dag.py for tasks to queue
[2026-02-23T12:14:40.556+0000] {logging_mixin.py:151} INFO - [2026-02-23T12:14:40.555+0000] {dagbag.py:539} INFO - Filling up the DagBag from /opt/airflow/dags/dag.py
[2026-02-23T12:14:40.791+0000] {processor.py:839} INFO - DAG(s) dict_keys(['pagination_dag']) retrieved from /opt/airflow/dags/dag.py
[2026-02-23T12:14:40.816+0000] {logging_mixin.py:151} INFO - [2026-02-23T12:14:40.815+0000] {dag.py:2915} INFO - Sync 1 DAGs
[2026-02-23T12:14:40.826+0000] {logging_mixin.py:151} INFO - [2026-02-23T12:14:40.826+0000] {dag.py:3696} INFO - Setting next_dagrun for pagination_dag to None, run_after=None
[2026-02-23T12:14:40.844+0000] {processor.py:179} INFO - Processing /opt/airflow/dags/dag.py took 0.293 seconds
[2026-02-23T12:15:11.036+0000] {processor.py:157} INFO - Started process (PID=957) to work on /opt/airflow/dags/dag.py
[2026-02-23T12:15:11.038+0000] {processor.py:829} INFO - Processing file /opt/airflow/dags/dag.py for tasks to queue
[2026-02-23T12:15:11.038+0000] {logging_mixin.py:151} INFO - [2026-02-23T12:15:11.038+0000] {dagbag.py:539} INFO - Filling up the DagBag from /opt/airflow/dags/dag.py
[2026-02-23T12:15:11.285+0000] {processor.py:839} INFO - DAG(s) dict_keys(['pagination_dag']) retrieved from /opt/airflow/dags/dag.py
[2026-02-23T12:15:11.311+0000] {logging_mixin.py:151} INFO - [2026-02-23T12:15:11.311+0000] {dag.py:2915} INFO - Sync 1 DAGs
[2026-02-23T12:15:11.322+0000] {logging_mixin.py:151} INFO - [2026-02-23T12:15:11.322+0000] {dag.py:3696} INFO - Setting next_dagrun for pagination_dag to None, run_after=None
[2026-02-23T12:15:11.341+0000] {processor.py:179} INFO - Processing /opt/airflow/dags/dag.py took 0.308 seconds
[2026-02-23T12:15:41.533+0000] {processor.py:157} INFO - Started process (PID=963) to work on /opt/airflow/dags/dag.py
[2026-02-23T12:15:41.534+0000] {processor.py:829} INFO - Processing file /opt/airflow/dags/dag.py for tasks to queue
[2026-02-23T12:15:41.535+0000] {logging_mixin.py:151} INFO - [2026-02-23T12:15:41.535+0000] {dagbag.py:539} INFO - Filling up the DagBag from /opt/airflow/dags/dag.py
[2026-02-23T12:15:41.773+0000] {processor.py:839} INFO - DAG(s) dict_keys(['pagination_dag']) retrieved from /opt/airflow/dags/dag.py
[2026-02-23T12:15:41.798+0000] {logging_mixin.py:151} INFO - [2026-02-23T12:15:41.797+0000] {dag.py:2915} INFO - Sync 1 DAGs
[2026-02-23T12:15:41.810+0000] {logging_mixin.py:151} INFO - [2026-02-23T12:15:41.809+0000] {dag.py:3696} INFO - Setting next_dagrun for pagination_dag to None, run_after=None
[2026-02-23T12:15:41.833+0000] {processor.py:179} INFO - Processing /opt/airflow/dags/dag.py took 0.303 seconds
[2026-02-23T12:16:12.027+0000] {processor.py:157} INFO - Started process (PID=969) to work on /opt/airflow/dags/dag.py
[2026-02-23T12:16:12.029+0000] {processor.py:829} INFO - Processing file /opt/airflow/dags/dag.py for tasks to queue
[2026-02-23T12:16:12.029+0000] {logging_mixin.py:151} INFO - [2026-02-23T12:16:12.029+0000] {dagbag.py:539} INFO - Filling up the DagBag from /opt/airflow/dags/dag.py
[2026-02-23T12:16:12.267+0000] {processor.py:839} INFO - DAG(s) dict_keys(['pagination_dag']) retrieved from /opt/airflow/dags/dag.py
[2026-02-23T12:16:12.294+0000] {logging_mixin.py:151} INFO - [2026-02-23T12:16:12.293+0000] {dag.py:2915} INFO - Sync 1 DAGs
[2026-02-23T12:16:12.305+0000] {logging_mixin.py:151} INFO - [2026-02-23T12:16:12.305+0000] {dag.py:3696} INFO - Setting next_dagrun for pagination_dag to None, run_after=None
[2026-02-23T12:16:12.325+0000] {processor.py:179} INFO - Processing /opt/airflow/dags/dag.py took 0.300 seconds
[2026-02-23T12:16:42.516+0000] {processor.py:157} INFO - Started process (PID=975) to work on /opt/airflow/dags/dag.py
[2026-02-23T12:16:42.517+0000] {processor.py:829} INFO - Processing file /opt/airflow/dags/dag.py for tasks to queue
[2026-02-23T12:16:42.518+0000] {logging_mixin.py:151} INFO - [2026-02-23T12:16:42.518+0000] {dagbag.py:539} INFO - Filling up the DagBag from /opt/airflow/dags/dag.py
[2026-02-23T12:16:42.748+0000] {processor.py:839} INFO - DAG(s) dict_keys(['pagination_dag']) retrieved from /opt/airflow/dags/dag.py
[2026-02-23T12:16:42.773+0000] {logging_mixin.py:151} INFO - [2026-02-23T12:16:42.772+0000] {dag.py:2915} INFO - Sync 1 DAGs
[2026-02-23T12:16:42.783+0000] {logging_mixin.py:151} INFO - [2026-02-23T12:16:42.783+0000] {dag.py:3696} INFO - Setting next_dagrun for pagination_dag to None, run_after=None
[2026-02-23T12:16:42.802+0000] {processor.py:179} INFO - Processing /opt/airflow/dags/dag.py took 0.289 seconds
[2026-02-23T12:17:12.999+0000] {processor.py:157} INFO - Started process (PID=981) to work on /opt/airflow/dags/dag.py
[2026-02-23T12:17:13.000+0000] {processor.py:829} INFO - Processing file /opt/airflow/dags/dag.py for tasks to queue
[2026-02-23T12:17:13.001+0000] {logging_mixin.py:151} INFO - [2026-02-23T12:17:13.001+0000] {dagbag.py:539} INFO - Filling up the DagBag from /opt/airflow/dags/dag.py
[2026-02-23T12:17:13.237+0000] {processor.py:839} INFO - DAG(s) dict_keys(['pagination_dag']) retrieved from /opt/airflow/dags/dag.py
[2026-02-23T12:17:13.261+0000] {logging_mixin.py:151} INFO - [2026-02-23T12:17:13.260+0000] {dag.py:2915} INFO - Sync 1 DAGs
[2026-02-23T12:17:13.272+0000] {logging_mixin.py:151} INFO - [2026-02-23T12:17:13.272+0000] {dag.py:3696} INFO - Setting next_dagrun for pagination_dag to None, run_after=None
[2026-02-23T12:17:13.292+0000] {processor.py:179} INFO - Processing /opt/airflow/dags/dag.py took 0.296 seconds
[2026-02-23T12:17:43.479+0000] {processor.py:157} INFO - Started process (PID=987) to work on /opt/airflow/dags/dag.py
[2026-02-23T12:17:43.480+0000] {processor.py:829} INFO - Processing file /opt/airflow/dags/dag.py for tasks to queue
[2026-02-23T12:17:43.481+0000] {logging_mixin.py:151} INFO - [2026-02-23T12:17:43.481+0000] {dagbag.py:539} INFO - Filling up the DagBag from /opt/airflow/dags/dag.py
[2026-02-23T12:17:43.715+0000] {processor.py:839} INFO - DAG(s) dict_keys(['pagination_dag']) retrieved from /opt/airflow/dags/dag.py
[2026-02-23T12:17:43.739+0000] {logging_mixin.py:151} INFO - [2026-02-23T12:17:43.739+0000] {dag.py:2915} INFO - Sync 1 DAGs
[2026-02-23T12:17:43.750+0000] {logging_mixin.py:151} INFO - [2026-02-23T12:17:43.749+0000] {dag.py:3696} INFO - Setting next_dagrun for pagination_dag to None, run_after=None
[2026-02-23T12:17:43.767+0000] {processor.py:179} INFO - Processing /opt/airflow/dags/dag.py took 0.291 seconds
[2026-02-23T12:18:13.961+0000] {processor.py:157} INFO - Started process (PID=993) to work on /opt/airflow/dags/dag.py
[2026-02-23T12:18:13.962+0000] {processor.py:829} INFO - Processing file /opt/airflow/dags/dag.py for tasks to queue
[2026-02-23T12:18:13.963+0000] {logging_mixin.py:151} INFO - [2026-02-23T12:18:13.962+0000] {dagbag.py:539} INFO - Filling up the DagBag from /opt/airflow/dags/dag.py
[2026-02-23T12:18:14.199+0000] {processor.py:839} INFO - DAG(s) dict_keys(['pagination_dag']) retrieved from /opt/airflow/dags/dag.py
[2026-02-23T12:18:14.224+0000] {logging_mixin.py:151} INFO - [2026-02-23T12:18:14.223+0000] {dag.py:2915} INFO - Sync 1 DAGs
[2026-02-23T12:18:14.234+0000] {logging_mixin.py:151} INFO - [2026-02-23T12:18:14.234+0000] {dag.py:3696} INFO - Setting next_dagrun for pagination_dag to None, run_after=None
[2026-02-23T12:18:14.253+0000] {processor.py:179} INFO - Processing /opt/airflow/dags/dag.py took 0.296 seconds
[2026-02-23T12:18:44.443+0000] {processor.py:157} INFO - Started process (PID=999) to work on /opt/airflow/dags/dag.py
[2026-02-23T12:18:44.444+0000] {processor.py:829} INFO - Processing file /opt/airflow/dags/dag.py for tasks to queue
[2026-02-23T12:18:44.445+0000] {logging_mixin.py:151} INFO - [2026-02-23T12:18:44.445+0000] {dagbag.py:539} INFO - Filling up the DagBag from /opt/airflow/dags/dag.py
[2026-02-23T12:18:44.682+0000] {processor.py:839} INFO - DAG(s) dict_keys(['pagination_dag']) retrieved from /opt/airflow/dags/dag.py
[2026-02-23T12:18:44.707+0000] {logging_mixin.py:151} INFO - [2026-02-23T12:18:44.706+0000] {dag.py:2915} INFO - Sync 1 DAGs
[2026-02-23T12:18:44.718+0000] {logging_mixin.py:151} INFO - [2026-02-23T12:18:44.717+0000] {dag.py:3696} INFO - Setting next_dagrun for pagination_dag to None, run_after=None
[2026-02-23T12:18:44.737+0000] {processor.py:179} INFO - Processing /opt/airflow/dags/dag.py took 0.297 seconds
[2026-02-23T12:19:14.934+0000] {processor.py:157} INFO - Started process (PID=1005) to work on /opt/airflow/dags/dag.py
[2026-02-23T12:19:14.935+0000] {processor.py:829} INFO - Processing file /opt/airflow/dags/dag.py for tasks to queue
[2026-02-23T12:19:14.936+0000] {logging_mixin.py:151} INFO - [2026-02-23T12:19:14.936+0000] {dagbag.py:539} INFO - Filling up the DagBag from /opt/airflow/dags/dag.py
[2026-02-23T12:19:15.170+0000] {processor.py:839} INFO - DAG(s) dict_keys(['pagination_dag']) retrieved from /opt/airflow/dags/dag.py
[2026-02-23T12:19:15.193+0000] {logging_mixin.py:151} INFO - [2026-02-23T12:19:15.193+0000] {dag.py:2915} INFO - Sync 1 DAGs
[2026-02-23T12:19:15.204+0000] {logging_mixin.py:151} INFO - [2026-02-23T12:19:15.203+0000] {dag.py:3696} INFO - Setting next_dagrun for pagination_dag to None, run_after=None
[2026-02-23T12:19:15.222+0000] {processor.py:179} INFO - Processing /opt/airflow/dags/dag.py took 0.291 seconds
[2026-02-23T12:19:45.435+0000] {processor.py:157} INFO - Started process (PID=1011) to work on /opt/airflow/dags/dag.py
[2026-02-23T12:19:45.436+0000] {processor.py:829} INFO - Processing file /opt/airflow/dags/dag.py for tasks to queue
[2026-02-23T12:19:45.437+0000] {logging_mixin.py:151} INFO - [2026-02-23T12:19:45.437+0000] {dagbag.py:539} INFO - Filling up the DagBag from /opt/airflow/dags/dag.py
[2026-02-23T12:19:45.680+0000] {processor.py:839} INFO - DAG(s) dict_keys(['pagination_dag']) retrieved from /opt/airflow/dags/dag.py
[2026-02-23T12:19:45.704+0000] {logging_mixin.py:151} INFO - [2026-02-23T12:19:45.704+0000] {dag.py:2915} INFO - Sync 1 DAGs
[2026-02-23T12:19:45.716+0000] {logging_mixin.py:151} INFO - [2026-02-23T12:19:45.716+0000] {dag.py:3696} INFO - Setting next_dagrun for pagination_dag to None, run_after=None
[2026-02-23T12:19:45.735+0000] {processor.py:179} INFO - Processing /opt/airflow/dags/dag.py took 0.303 seconds
[2026-02-23T12:20:15.921+0000] {processor.py:157} INFO - Started process (PID=1017) to work on /opt/airflow/dags/dag.py
[2026-02-23T12:20:15.922+0000] {processor.py:829} INFO - Processing file /opt/airflow/dags/dag.py for tasks to queue
[2026-02-23T12:20:15.923+0000] {logging_mixin.py:151} INFO - [2026-02-23T12:20:15.923+0000] {dagbag.py:539} INFO - Filling up the DagBag from /opt/airflow/dags/dag.py
[2026-02-23T12:20:16.156+0000] {processor.py:839} INFO - DAG(s) dict_keys(['pagination_dag']) retrieved from /opt/airflow/dags/dag.py
[2026-02-23T12:20:16.181+0000] {logging_mixin.py:151} INFO - [2026-02-23T12:20:16.181+0000] {dag.py:2915} INFO - Sync 1 DAGs
[2026-02-23T12:20:16.192+0000] {logging_mixin.py:151} INFO - [2026-02-23T12:20:16.191+0000] {dag.py:3696} INFO - Setting next_dagrun for pagination_dag to None, run_after=None
[2026-02-23T12:20:16.211+0000] {processor.py:179} INFO - Processing /opt/airflow/dags/dag.py took 0.294 seconds
[2026-02-23T12:20:46.401+0000] {processor.py:157} INFO - Started process (PID=1023) to work on /opt/airflow/dags/dag.py
[2026-02-23T12:20:46.402+0000] {processor.py:829} INFO - Processing file /opt/airflow/dags/dag.py for tasks to queue
[2026-02-23T12:20:46.403+0000] {logging_mixin.py:151} INFO - [2026-02-23T12:20:46.402+0000] {dagbag.py:539} INFO - Filling up the DagBag from /opt/airflow/dags/dag.py
[2026-02-23T12:20:46.638+0000] {processor.py:839} INFO - DAG(s) dict_keys(['pagination_dag']) retrieved from /opt/airflow/dags/dag.py
[2026-02-23T12:20:46.662+0000] {logging_mixin.py:151} INFO - [2026-02-23T12:20:46.662+0000] {dag.py:2915} INFO - Sync 1 DAGs
[2026-02-23T12:20:46.672+0000] {logging_mixin.py:151} INFO - [2026-02-23T12:20:46.672+0000] {dag.py:3696} INFO - Setting next_dagrun for pagination_dag to None, run_after=None
[2026-02-23T12:20:46.691+0000] {processor.py:179} INFO - Processing /opt/airflow/dags/dag.py took 0.293 seconds
[2026-02-23T12:21:16.874+0000] {processor.py:157} INFO - Started process (PID=1029) to work on /opt/airflow/dags/dag.py
[2026-02-23T12:21:16.875+0000] {processor.py:829} INFO - Processing file /opt/airflow/dags/dag.py for tasks to queue
[2026-02-23T12:21:16.876+0000] {logging_mixin.py:151} INFO - [2026-02-23T12:21:16.876+0000] {dagbag.py:539} INFO - Filling up the DagBag from /opt/airflow/dags/dag.py
[2026-02-23T12:21:17.137+0000] {processor.py:839} INFO - DAG(s) dict_keys(['pagination_dag']) retrieved from /opt/airflow/dags/dag.py
[2026-02-23T12:21:17.163+0000] {logging_mixin.py:151} INFO - [2026-02-23T12:21:17.162+0000] {dag.py:2915} INFO - Sync 1 DAGs
[2026-02-23T12:21:17.174+0000] {logging_mixin.py:151} INFO - [2026-02-23T12:21:17.174+0000] {dag.py:3696} INFO - Setting next_dagrun for pagination_dag to None, run_after=None
[2026-02-23T12:21:17.193+0000] {processor.py:179} INFO - Processing /opt/airflow/dags/dag.py took 0.323 seconds
[2026-02-23T12:21:47.387+0000] {processor.py:157} INFO - Started process (PID=1035) to work on /opt/airflow/dags/dag.py
[2026-02-23T12:21:47.388+0000] {processor.py:829} INFO - Processing file /opt/airflow/dags/dag.py for tasks to queue
[2026-02-23T12:21:47.389+0000] {logging_mixin.py:151} INFO - [2026-02-23T12:21:47.388+0000] {dagbag.py:539} INFO - Filling up the DagBag from /opt/airflow/dags/dag.py
[2026-02-23T12:21:47.627+0000] {processor.py:839} INFO - DAG(s) dict_keys(['pagination_dag']) retrieved from /opt/airflow/dags/dag.py
[2026-02-23T12:21:47.651+0000] {logging_mixin.py:151} INFO - [2026-02-23T12:21:47.651+0000] {dag.py:2915} INFO - Sync 1 DAGs
[2026-02-23T12:21:47.661+0000] {logging_mixin.py:151} INFO - [2026-02-23T12:21:47.661+0000] {dag.py:3696} INFO - Setting next_dagrun for pagination_dag to None, run_after=None
[2026-02-23T12:21:47.678+0000] {processor.py:179} INFO - Processing /opt/airflow/dags/dag.py took 0.295 seconds
[2026-02-23T12:22:17.870+0000] {processor.py:157} INFO - Started process (PID=1041) to work on /opt/airflow/dags/dag.py
[2026-02-23T12:22:17.871+0000] {processor.py:829} INFO - Processing file /opt/airflow/dags/dag.py for tasks to queue
[2026-02-23T12:22:17.872+0000] {logging_mixin.py:151} INFO - [2026-02-23T12:22:17.871+0000] {dagbag.py:539} INFO - Filling up the DagBag from /opt/airflow/dags/dag.py
[2026-02-23T12:22:18.103+0000] {processor.py:839} INFO - DAG(s) dict_keys(['pagination_dag']) retrieved from /opt/airflow/dags/dag.py
[2026-02-23T12:22:18.127+0000] {logging_mixin.py:151} INFO - [2026-02-23T12:22:18.127+0000] {dag.py:2915} INFO - Sync 1 DAGs
[2026-02-23T12:22:18.139+0000] {logging_mixin.py:151} INFO - [2026-02-23T12:22:18.138+0000] {dag.py:3696} INFO - Setting next_dagrun for pagination_dag to None, run_after=None
[2026-02-23T12:22:18.159+0000] {processor.py:179} INFO - Processing /opt/airflow/dags/dag.py took 0.292 seconds
[2026-02-23T12:22:48.355+0000] {processor.py:157} INFO - Started process (PID=1047) to work on /opt/airflow/dags/dag.py
[2026-02-23T12:22:48.356+0000] {processor.py:829} INFO - Processing file /opt/airflow/dags/dag.py for tasks to queue
[2026-02-23T12:22:48.357+0000] {logging_mixin.py:151} INFO - [2026-02-23T12:22:48.357+0000] {dagbag.py:539} INFO - Filling up the DagBag from /opt/airflow/dags/dag.py
[2026-02-23T12:22:48.593+0000] {processor.py:839} INFO - DAG(s) dict_keys(['pagination_dag']) retrieved from /opt/airflow/dags/dag.py
[2026-02-23T12:22:48.619+0000] {logging_mixin.py:151} INFO - [2026-02-23T12:22:48.619+0000] {dag.py:2915} INFO - Sync 1 DAGs
[2026-02-23T12:22:48.632+0000] {logging_mixin.py:151} INFO - [2026-02-23T12:22:48.631+0000] {dag.py:3696} INFO - Setting next_dagrun for pagination_dag to None, run_after=None
[2026-02-23T12:22:48.652+0000] {processor.py:179} INFO - Processing /opt/airflow/dags/dag.py took 0.300 seconds
[2026-02-23T12:23:18.840+0000] {processor.py:157} INFO - Started process (PID=1053) to work on /opt/airflow/dags/dag.py
[2026-02-23T12:23:18.841+0000] {processor.py:829} INFO - Processing file /opt/airflow/dags/dag.py for tasks to queue
[2026-02-23T12:23:18.842+0000] {logging_mixin.py:151} INFO - [2026-02-23T12:23:18.841+0000] {dagbag.py:539} INFO - Filling up the DagBag from /opt/airflow/dags/dag.py
[2026-02-23T12:23:19.076+0000] {processor.py:839} INFO - DAG(s) dict_keys(['pagination_dag']) retrieved from /opt/airflow/dags/dag.py
[2026-02-23T12:23:19.102+0000] {logging_mixin.py:151} INFO - [2026-02-23T12:23:19.101+0000] {dag.py:2915} INFO - Sync 1 DAGs
[2026-02-23T12:23:19.112+0000] {logging_mixin.py:151} INFO - [2026-02-23T12:23:19.112+0000] {dag.py:3696} INFO - Setting next_dagrun for pagination_dag to None, run_after=None
[2026-02-23T12:23:19.131+0000] {processor.py:179} INFO - Processing /opt/airflow/dags/dag.py took 0.294 seconds
[2026-02-23T12:23:49.319+0000] {processor.py:157} INFO - Started process (PID=1059) to work on /opt/airflow/dags/dag.py
[2026-02-23T12:23:49.321+0000] {processor.py:829} INFO - Processing file /opt/airflow/dags/dag.py for tasks to queue
[2026-02-23T12:23:49.321+0000] {logging_mixin.py:151} INFO - [2026-02-23T12:23:49.321+0000] {dagbag.py:539} INFO - Filling up the DagBag from /opt/airflow/dags/dag.py
[2026-02-23T12:23:49.567+0000] {processor.py:839} INFO - DAG(s) dict_keys(['pagination_dag']) retrieved from /opt/airflow/dags/dag.py
[2026-02-23T12:23:49.596+0000] {logging_mixin.py:151} INFO - [2026-02-23T12:23:49.596+0000] {dag.py:2915} INFO - Sync 1 DAGs
[2026-02-23T12:23:49.609+0000] {logging_mixin.py:151} INFO - [2026-02-23T12:23:49.609+0000] {dag.py:3696} INFO - Setting next_dagrun for pagination_dag to None, run_after=None
[2026-02-23T12:23:49.631+0000] {processor.py:179} INFO - Processing /opt/airflow/dags/dag.py took 0.315 seconds
[2026-02-23T12:24:19.817+0000] {processor.py:157} INFO - Started process (PID=1065) to work on /opt/airflow/dags/dag.py
[2026-02-23T12:24:19.818+0000] {processor.py:829} INFO - Processing file /opt/airflow/dags/dag.py for tasks to queue
[2026-02-23T12:24:19.819+0000] {logging_mixin.py:151} INFO - [2026-02-23T12:24:19.818+0000] {dagbag.py:539} INFO - Filling up the DagBag from /opt/airflow/dags/dag.py
[2026-02-23T12:24:20.056+0000] {processor.py:839} INFO - DAG(s) dict_keys(['pagination_dag']) retrieved from /opt/airflow/dags/dag.py
[2026-02-23T12:24:20.084+0000] {logging_mixin.py:151} INFO - [2026-02-23T12:24:20.083+0000] {dag.py:2915} INFO - Sync 1 DAGs
[2026-02-23T12:24:20.096+0000] {logging_mixin.py:151} INFO - [2026-02-23T12:24:20.096+0000] {dag.py:3696} INFO - Setting next_dagrun for pagination_dag to None, run_after=None
[2026-02-23T12:24:20.115+0000] {processor.py:179} INFO - Processing /opt/airflow/dags/dag.py took 0.301 seconds
[2026-02-23T12:24:50.303+0000] {processor.py:157} INFO - Started process (PID=1071) to work on /opt/airflow/dags/dag.py
[2026-02-23T12:24:50.304+0000] {processor.py:829} INFO - Processing file /opt/airflow/dags/dag.py for tasks to queue
[2026-02-23T12:24:50.305+0000] {logging_mixin.py:151} INFO - [2026-02-23T12:24:50.304+0000] {dagbag.py:539} INFO - Filling up the DagBag from /opt/airflow/dags/dag.py
[2026-02-23T12:24:50.537+0000] {processor.py:839} INFO - DAG(s) dict_keys(['pagination_dag']) retrieved from /opt/airflow/dags/dag.py
[2026-02-23T12:24:50.562+0000] {logging_mixin.py:151} INFO - [2026-02-23T12:24:50.562+0000] {dag.py:2915} INFO - Sync 1 DAGs
[2026-02-23T12:24:50.573+0000] {logging_mixin.py:151} INFO - [2026-02-23T12:24:50.573+0000] {dag.py:3696} INFO - Setting next_dagrun for pagination_dag to None, run_after=None
[2026-02-23T12:24:50.592+0000] {processor.py:179} INFO - Processing /opt/airflow/dags/dag.py took 0.293 seconds
[2026-02-23T12:25:20.780+0000] {processor.py:157} INFO - Started process (PID=1077) to work on /opt/airflow/dags/dag.py
[2026-02-23T12:25:20.781+0000] {processor.py:829} INFO - Processing file /opt/airflow/dags/dag.py for tasks to queue
[2026-02-23T12:25:20.781+0000] {logging_mixin.py:151} INFO - [2026-02-23T12:25:20.781+0000] {dagbag.py:539} INFO - Filling up the DagBag from /opt/airflow/dags/dag.py
[2026-02-23T12:25:21.021+0000] {processor.py:839} INFO - DAG(s) dict_keys(['pagination_dag']) retrieved from /opt/airflow/dags/dag.py
[2026-02-23T12:25:21.045+0000] {logging_mixin.py:151} INFO - [2026-02-23T12:25:21.045+0000] {dag.py:2915} INFO - Sync 1 DAGs
[2026-02-23T12:25:21.057+0000] {logging_mixin.py:151} INFO - [2026-02-23T12:25:21.057+0000] {dag.py:3696} INFO - Setting next_dagrun for pagination_dag to None, run_after=None
[2026-02-23T12:25:21.075+0000] {processor.py:179} INFO - Processing /opt/airflow/dags/dag.py took 0.298 seconds
[2026-02-23T12:25:51.270+0000] {processor.py:157} INFO - Started process (PID=1083) to work on /opt/airflow/dags/dag.py
[2026-02-23T12:25:51.271+0000] {processor.py:829} INFO - Processing file /opt/airflow/dags/dag.py for tasks to queue
[2026-02-23T12:25:51.272+0000] {logging_mixin.py:151} INFO - [2026-02-23T12:25:51.272+0000] {dagbag.py:539} INFO - Filling up the DagBag from /opt/airflow/dags/dag.py
[2026-02-23T12:25:51.507+0000] {processor.py:839} INFO - DAG(s) dict_keys(['pagination_dag']) retrieved from /opt/airflow/dags/dag.py
[2026-02-23T12:25:51.532+0000] {logging_mixin.py:151} INFO - [2026-02-23T12:25:51.532+0000] {dag.py:2915} INFO - Sync 1 DAGs
[2026-02-23T12:25:51.542+0000] {logging_mixin.py:151} INFO - [2026-02-23T12:25:51.542+0000] {dag.py:3696} INFO - Setting next_dagrun for pagination_dag to None, run_after=None
[2026-02-23T12:25:51.561+0000] {processor.py:179} INFO - Processing /opt/airflow/dags/dag.py took 0.294 seconds
[2026-02-23T12:26:21.750+0000] {processor.py:157} INFO - Started process (PID=1089) to work on /opt/airflow/dags/dag.py
[2026-02-23T12:26:21.751+0000] {processor.py:829} INFO - Processing file /opt/airflow/dags/dag.py for tasks to queue
[2026-02-23T12:26:21.752+0000] {logging_mixin.py:151} INFO - [2026-02-23T12:26:21.752+0000] {dagbag.py:539} INFO - Filling up the DagBag from /opt/airflow/dags/dag.py
[2026-02-23T12:26:21.988+0000] {processor.py:839} INFO - DAG(s) dict_keys(['pagination_dag']) retrieved from /opt/airflow/dags/dag.py
[2026-02-23T12:26:22.014+0000] {logging_mixin.py:151} INFO - [2026-02-23T12:26:22.013+0000] {dag.py:2915} INFO - Sync 1 DAGs
[2026-02-23T12:26:22.024+0000] {logging_mixin.py:151} INFO - [2026-02-23T12:26:22.024+0000] {dag.py:3696} INFO - Setting next_dagrun for pagination_dag to None, run_after=None
[2026-02-23T12:26:22.042+0000] {processor.py:179} INFO - Processing /opt/airflow/dags/dag.py took 0.296 seconds
[2026-02-23T12:26:52.235+0000] {processor.py:157} INFO - Started process (PID=1095) to work on /opt/airflow/dags/dag.py
[2026-02-23T12:26:52.236+0000] {processor.py:829} INFO - Processing file /opt/airflow/dags/dag.py for tasks to queue
[2026-02-23T12:26:52.237+0000] {logging_mixin.py:151} INFO - [2026-02-23T12:26:52.236+0000] {dagbag.py:539} INFO - Filling up the DagBag from /opt/airflow/dags/dag.py
[2026-02-23T12:26:52.469+0000] {processor.py:839} INFO - DAG(s) dict_keys(['pagination_dag']) retrieved from /opt/airflow/dags/dag.py
[2026-02-23T12:26:52.492+0000] {logging_mixin.py:151} INFO - [2026-02-23T12:26:52.492+0000] {dag.py:2915} INFO - Sync 1 DAGs
[2026-02-23T12:26:52.503+0000] {logging_mixin.py:151} INFO - [2026-02-23T12:26:52.503+0000] {dag.py:3696} INFO - Setting next_dagrun for pagination_dag to None, run_after=None
[2026-02-23T12:26:52.520+0000] {processor.py:179} INFO - Processing /opt/airflow/dags/dag.py took 0.289 seconds
[2026-02-23T12:27:22.711+0000] {processor.py:157} INFO - Started process (PID=1101) to work on /opt/airflow/dags/dag.py
[2026-02-23T12:27:22.712+0000] {processor.py:829} INFO - Processing file /opt/airflow/dags/dag.py for tasks to queue
[2026-02-23T12:27:22.713+0000] {logging_mixin.py:151} INFO - [2026-02-23T12:27:22.713+0000] {dagbag.py:539} INFO - Filling up the DagBag from /opt/airflow/dags/dag.py
[2026-02-23T12:27:22.944+0000] {processor.py:839} INFO - DAG(s) dict_keys(['pagination_dag']) retrieved from /opt/airflow/dags/dag.py
[2026-02-23T12:27:22.968+0000] {logging_mixin.py:151} INFO - [2026-02-23T12:27:22.968+0000] {dag.py:2915} INFO - Sync 1 DAGs
[2026-02-23T12:27:22.979+0000] {logging_mixin.py:151} INFO - [2026-02-23T12:27:22.979+0000] {dag.py:3696} INFO - Setting next_dagrun for pagination_dag to None, run_after=None
[2026-02-23T12:27:22.998+0000] {processor.py:179} INFO - Processing /opt/airflow/dags/dag.py took 0.289 seconds
[2026-02-23T12:27:53.183+0000] {processor.py:157} INFO - Started process (PID=1107) to work on /opt/airflow/dags/dag.py
[2026-02-23T12:27:53.184+0000] {processor.py:829} INFO - Processing file /opt/airflow/dags/dag.py for tasks to queue
[2026-02-23T12:27:53.185+0000] {logging_mixin.py:151} INFO - [2026-02-23T12:27:53.185+0000] {dagbag.py:539} INFO - Filling up the DagBag from /opt/airflow/dags/dag.py
[2026-02-23T12:27:53.418+0000] {processor.py:839} INFO - DAG(s) dict_keys(['pagination_dag']) retrieved from /opt/airflow/dags/dag.py
[2026-02-23T12:27:53.443+0000] {logging_mixin.py:151} INFO - [2026-02-23T12:27:53.442+0000] {dag.py:2915} INFO - Sync 1 DAGs
[2026-02-23T12:27:53.454+0000] {logging_mixin.py:151} INFO - [2026-02-23T12:27:53.453+0000] {dag.py:3696} INFO - Setting next_dagrun for pagination_dag to None, run_after=None
[2026-02-23T12:27:53.471+0000] {processor.py:179} INFO - Processing /opt/airflow/dags/dag.py took 0.291 seconds
[2026-02-23T12:28:23.656+0000] {processor.py:157} INFO - Started process (PID=1113) to work on /opt/airflow/dags/dag.py
[2026-02-23T12:28:23.657+0000] {processor.py:829} INFO - Processing file /opt/airflow/dags/dag.py for tasks to queue
[2026-02-23T12:28:23.658+0000] {logging_mixin.py:151} INFO - [2026-02-23T12:28:23.658+0000] {dagbag.py:539} INFO - Filling up the DagBag from /opt/airflow/dags/dag.py
[2026-02-23T12:28:23.894+0000] {processor.py:839} INFO - DAG(s) dict_keys(['pagination_dag']) retrieved from /opt/airflow/dags/dag.py
[2026-02-23T12:28:23.921+0000] {logging_mixin.py:151} INFO - [2026-02-23T12:28:23.921+0000] {dag.py:2915} INFO - Sync 1 DAGs
[2026-02-23T12:28:23.933+0000] {logging_mixin.py:151} INFO - [2026-02-23T12:28:23.932+0000] {dag.py:3696} INFO - Setting next_dagrun for pagination_dag to None, run_after=None
[2026-02-23T12:28:23.951+0000] {processor.py:179} INFO - Processing /opt/airflow/dags/dag.py took 0.298 seconds
[2026-02-23T12:28:54.144+0000] {processor.py:157} INFO - Started process (PID=1119) to work on /opt/airflow/dags/dag.py
[2026-02-23T12:28:54.145+0000] {processor.py:829} INFO - Processing file /opt/airflow/dags/dag.py for tasks to queue
[2026-02-23T12:28:54.146+0000] {logging_mixin.py:151} INFO - [2026-02-23T12:28:54.145+0000] {dagbag.py:539} INFO - Filling up the DagBag from /opt/airflow/dags/dag.py
[2026-02-23T12:28:54.376+0000] {processor.py:839} INFO - DAG(s) dict_keys(['pagination_dag']) retrieved from /opt/airflow/dags/dag.py
[2026-02-23T12:28:54.401+0000] {logging_mixin.py:151} INFO - [2026-02-23T12:28:54.401+0000] {dag.py:2915} INFO - Sync 1 DAGs
[2026-02-23T12:28:54.412+0000] {logging_mixin.py:151} INFO - [2026-02-23T12:28:54.412+0000] {dag.py:3696} INFO - Setting next_dagrun for pagination_dag to None, run_after=None
[2026-02-23T12:28:54.431+0000] {processor.py:179} INFO - Processing /opt/airflow/dags/dag.py took 0.291 seconds
[2026-02-23T12:29:24.624+0000] {processor.py:157} INFO - Started process (PID=1125) to work on /opt/airflow/dags/dag.py
[2026-02-23T12:29:24.625+0000] {processor.py:829} INFO - Processing file /opt/airflow/dags/dag.py for tasks to queue
[2026-02-23T12:29:24.626+0000] {logging_mixin.py:151} INFO - [2026-02-23T12:29:24.626+0000] {dagbag.py:539} INFO - Filling up the DagBag from /opt/airflow/dags/dag.py
[2026-02-23T12:29:24.867+0000] {processor.py:839} INFO - DAG(s) dict_keys(['pagination_dag']) retrieved from /opt/airflow/dags/dag.py
[2026-02-23T12:29:24.890+0000] {logging_mixin.py:151} INFO - [2026-02-23T12:29:24.890+0000] {dag.py:2915} INFO - Sync 1 DAGs
[2026-02-23T12:29:24.901+0000] {logging_mixin.py:151} INFO - [2026-02-23T12:29:24.901+0000] {dag.py:3696} INFO - Setting next_dagrun for pagination_dag to None, run_after=None
[2026-02-23T12:29:24.919+0000] {processor.py:179} INFO - Processing /opt/airflow/dags/dag.py took 0.299 seconds
[2026-02-23T12:29:55.101+0000] {processor.py:157} INFO - Started process (PID=1131) to work on /opt/airflow/dags/dag.py
[2026-02-23T12:29:55.103+0000] {processor.py:829} INFO - Processing file /opt/airflow/dags/dag.py for tasks to queue
[2026-02-23T12:29:55.103+0000] {logging_mixin.py:151} INFO - [2026-02-23T12:29:55.103+0000] {dagbag.py:539} INFO - Filling up the DagBag from /opt/airflow/dags/dag.py
[2026-02-23T12:29:55.339+0000] {processor.py:839} INFO - DAG(s) dict_keys(['pagination_dag']) retrieved from /opt/airflow/dags/dag.py
[2026-02-23T12:29:55.364+0000] {logging_mixin.py:151} INFO - [2026-02-23T12:29:55.364+0000] {dag.py:2915} INFO - Sync 1 DAGs
[2026-02-23T12:29:55.375+0000] {logging_mixin.py:151} INFO - [2026-02-23T12:29:55.375+0000] {dag.py:3696} INFO - Setting next_dagrun for pagination_dag to None, run_after=None
[2026-02-23T12:29:55.394+0000] {processor.py:179} INFO - Processing /opt/airflow/dags/dag.py took 0.297 seconds
[2026-02-23T12:30:25.586+0000] {processor.py:157} INFO - Started process (PID=1137) to work on /opt/airflow/dags/dag.py
[2026-02-23T12:30:25.587+0000] {processor.py:829} INFO - Processing file /opt/airflow/dags/dag.py for tasks to queue
[2026-02-23T12:30:25.587+0000] {logging_mixin.py:151} INFO - [2026-02-23T12:30:25.587+0000] {dagbag.py:539} INFO - Filling up the DagBag from /opt/airflow/dags/dag.py
[2026-02-23T12:30:25.826+0000] {processor.py:839} INFO - DAG(s) dict_keys(['pagination_dag']) retrieved from /opt/airflow/dags/dag.py
[2026-02-23T12:30:25.851+0000] {logging_mixin.py:151} INFO - [2026-02-23T12:30:25.851+0000] {dag.py:2915} INFO - Sync 1 DAGs
[2026-02-23T12:30:25.862+0000] {logging_mixin.py:151} INFO - [2026-02-23T12:30:25.861+0000] {dag.py:3696} INFO - Setting next_dagrun for pagination_dag to None, run_after=None
[2026-02-23T12:30:25.882+0000] {processor.py:179} INFO - Processing /opt/airflow/dags/dag.py took 0.300 seconds
[2026-02-23T12:30:56.071+0000] {processor.py:157} INFO - Started process (PID=1143) to work on /opt/airflow/dags/dag.py
[2026-02-23T12:30:56.072+0000] {processor.py:829} INFO - Processing file /opt/airflow/dags/dag.py for tasks to queue
[2026-02-23T12:30:56.073+0000] {logging_mixin.py:151} INFO - [2026-02-23T12:30:56.072+0000] {dagbag.py:539} INFO - Filling up the DagBag from /opt/airflow/dags/dag.py
[2026-02-23T12:30:56.306+0000] {processor.py:839} INFO - DAG(s) dict_keys(['pagination_dag']) retrieved from /opt/airflow/dags/dag.py
[2026-02-23T12:30:56.330+0000] {logging_mixin.py:151} INFO - [2026-02-23T12:30:56.330+0000] {dag.py:2915} INFO - Sync 1 DAGs
[2026-02-23T12:30:56.341+0000] {logging_mixin.py:151} INFO - [2026-02-23T12:30:56.341+0000] {dag.py:3696} INFO - Setting next_dagrun for pagination_dag to None, run_after=None
[2026-02-23T12:30:56.359+0000] {processor.py:179} INFO - Processing /opt/airflow/dags/dag.py took 0.291 seconds
[2026-02-23T12:31:26.551+0000] {processor.py:157} INFO - Started process (PID=1149) to work on /opt/airflow/dags/dag.py
[2026-02-23T12:31:26.552+0000] {processor.py:829} INFO - Processing file /opt/airflow/dags/dag.py for tasks to queue
[2026-02-23T12:31:26.553+0000] {logging_mixin.py:151} INFO - [2026-02-23T12:31:26.553+0000] {dagbag.py:539} INFO - Filling up the DagBag from /opt/airflow/dags/dag.py
[2026-02-23T12:31:26.789+0000] {processor.py:839} INFO - DAG(s) dict_keys(['pagination_dag']) retrieved from /opt/airflow/dags/dag.py
[2026-02-23T12:31:26.813+0000] {logging_mixin.py:151} INFO - [2026-02-23T12:31:26.813+0000] {dag.py:2915} INFO - Sync 1 DAGs
[2026-02-23T12:31:26.823+0000] {logging_mixin.py:151} INFO - [2026-02-23T12:31:26.823+0000] {dag.py:3696} INFO - Setting next_dagrun for pagination_dag to None, run_after=None
[2026-02-23T12:31:26.841+0000] {processor.py:179} INFO - Processing /opt/airflow/dags/dag.py took 0.293 seconds
[2026-02-23T12:31:57.033+0000] {processor.py:157} INFO - Started process (PID=1155) to work on /opt/airflow/dags/dag.py
[2026-02-23T12:31:57.034+0000] {processor.py:829} INFO - Processing file /opt/airflow/dags/dag.py for tasks to queue
[2026-02-23T12:31:57.035+0000] {logging_mixin.py:151} INFO - [2026-02-23T12:31:57.034+0000] {dagbag.py:539} INFO - Filling up the DagBag from /opt/airflow/dags/dag.py
[2026-02-23T12:31:57.267+0000] {processor.py:839} INFO - DAG(s) dict_keys(['pagination_dag']) retrieved from /opt/airflow/dags/dag.py
[2026-02-23T12:31:57.291+0000] {logging_mixin.py:151} INFO - [2026-02-23T12:31:57.291+0000] {dag.py:2915} INFO - Sync 1 DAGs
[2026-02-23T12:31:57.301+0000] {logging_mixin.py:151} INFO - [2026-02-23T12:31:57.301+0000] {dag.py:3696} INFO - Setting next_dagrun for pagination_dag to None, run_after=None
[2026-02-23T12:31:57.319+0000] {processor.py:179} INFO - Processing /opt/airflow/dags/dag.py took 0.289 seconds
[2026-02-23T12:32:27.511+0000] {processor.py:157} INFO - Started process (PID=1161) to work on /opt/airflow/dags/dag.py
[2026-02-23T12:32:27.513+0000] {processor.py:829} INFO - Processing file /opt/airflow/dags/dag.py for tasks to queue
[2026-02-23T12:32:27.513+0000] {logging_mixin.py:151} INFO - [2026-02-23T12:32:27.513+0000] {dagbag.py:539} INFO - Filling up the DagBag from /opt/airflow/dags/dag.py
[2026-02-23T12:32:27.754+0000] {processor.py:839} INFO - DAG(s) dict_keys(['pagination_dag']) retrieved from /opt/airflow/dags/dag.py
[2026-02-23T12:32:27.779+0000] {logging_mixin.py:151} INFO - [2026-02-23T12:32:27.778+0000] {dag.py:2915} INFO - Sync 1 DAGs
[2026-02-23T12:32:27.790+0000] {logging_mixin.py:151} INFO - [2026-02-23T12:32:27.789+0000] {dag.py:3696} INFO - Setting next_dagrun for pagination_dag to None, run_after=None
[2026-02-23T12:32:27.807+0000] {processor.py:179} INFO - Processing /opt/airflow/dags/dag.py took 0.299 seconds
[2026-02-23T12:32:57.998+0000] {processor.py:157} INFO - Started process (PID=1167) to work on /opt/airflow/dags/dag.py
[2026-02-23T12:32:57.999+0000] {processor.py:829} INFO - Processing file /opt/airflow/dags/dag.py for tasks to queue
[2026-02-23T12:32:58.000+0000] {logging_mixin.py:151} INFO - [2026-02-23T12:32:58.000+0000] {dagbag.py:539} INFO - Filling up the DagBag from /opt/airflow/dags/dag.py
[2026-02-23T12:32:58.234+0000] {processor.py:839} INFO - DAG(s) dict_keys(['pagination_dag']) retrieved from /opt/airflow/dags/dag.py
[2026-02-23T12:32:58.260+0000] {logging_mixin.py:151} INFO - [2026-02-23T12:32:58.259+0000] {dag.py:2915} INFO - Sync 1 DAGs
[2026-02-23T12:32:58.271+0000] {logging_mixin.py:151} INFO - [2026-02-23T12:32:58.271+0000] {dag.py:3696} INFO - Setting next_dagrun for pagination_dag to None, run_after=None
[2026-02-23T12:32:58.291+0000] {processor.py:179} INFO - Processing /opt/airflow/dags/dag.py took 0.295 seconds
[2026-02-23T12:33:28.482+0000] {processor.py:157} INFO - Started process (PID=1173) to work on /opt/airflow/dags/dag.py
[2026-02-23T12:33:28.483+0000] {processor.py:829} INFO - Processing file /opt/airflow/dags/dag.py for tasks to queue
[2026-02-23T12:33:28.484+0000] {logging_mixin.py:151} INFO - [2026-02-23T12:33:28.483+0000] {dagbag.py:539} INFO - Filling up the DagBag from /opt/airflow/dags/dag.py
[2026-02-23T12:33:28.724+0000] {processor.py:839} INFO - DAG(s) dict_keys(['pagination_dag']) retrieved from /opt/airflow/dags/dag.py
[2026-02-23T12:33:28.748+0000] {logging_mixin.py:151} INFO - [2026-02-23T12:33:28.748+0000] {dag.py:2915} INFO - Sync 1 DAGs
[2026-02-23T12:33:28.759+0000] {logging_mixin.py:151} INFO - [2026-02-23T12:33:28.758+0000] {dag.py:3696} INFO - Setting next_dagrun for pagination_dag to None, run_after=None
[2026-02-23T12:33:28.778+0000] {processor.py:179} INFO - Processing /opt/airflow/dags/dag.py took 0.299 seconds
[2026-02-23T12:33:58.969+0000] {processor.py:157} INFO - Started process (PID=1179) to work on /opt/airflow/dags/dag.py
[2026-02-23T12:33:58.970+0000] {processor.py:829} INFO - Processing file /opt/airflow/dags/dag.py for tasks to queue
[2026-02-23T12:33:58.971+0000] {logging_mixin.py:151} INFO - [2026-02-23T12:33:58.971+0000] {dagbag.py:539} INFO - Filling up the DagBag from /opt/airflow/dags/dag.py
[2026-02-23T12:33:59.206+0000] {processor.py:839} INFO - DAG(s) dict_keys(['pagination_dag']) retrieved from /opt/airflow/dags/dag.py
[2026-02-23T12:33:59.231+0000] {logging_mixin.py:151} INFO - [2026-02-23T12:33:59.231+0000] {dag.py:2915} INFO - Sync 1 DAGs
[2026-02-23T12:33:59.243+0000] {logging_mixin.py:151} INFO - [2026-02-23T12:33:59.242+0000] {dag.py:3696} INFO - Setting next_dagrun for pagination_dag to None, run_after=None
[2026-02-23T12:33:59.263+0000] {processor.py:179} INFO - Processing /opt/airflow/dags/dag.py took 0.297 seconds
[2026-02-23T12:34:29.483+0000] {processor.py:157} INFO - Started process (PID=1185) to work on /opt/airflow/dags/dag.py
[2026-02-23T12:34:29.484+0000] {processor.py:829} INFO - Processing file /opt/airflow/dags/dag.py for tasks to queue
[2026-02-23T12:34:29.486+0000] {logging_mixin.py:151} INFO - [2026-02-23T12:34:29.485+0000] {dagbag.py:539} INFO - Filling up the DagBag from /opt/airflow/dags/dag.py
[2026-02-23T12:34:29.760+0000] {processor.py:839} INFO - DAG(s) dict_keys(['pagination_dag']) retrieved from /opt/airflow/dags/dag.py
[2026-02-23T12:34:29.793+0000] {logging_mixin.py:151} INFO - [2026-02-23T12:34:29.793+0000] {dag.py:2915} INFO - Sync 1 DAGs
[2026-02-23T12:34:29.806+0000] {logging_mixin.py:151} INFO - [2026-02-23T12:34:29.806+0000] {dag.py:3696} INFO - Setting next_dagrun for pagination_dag to None, run_after=None
[2026-02-23T12:34:29.827+0000] {processor.py:179} INFO - Processing /opt/airflow/dags/dag.py took 0.349 seconds
[2026-02-23T12:35:00.023+0000] {processor.py:157} INFO - Started process (PID=1191) to work on /opt/airflow/dags/dag.py
[2026-02-23T12:35:00.024+0000] {processor.py:829} INFO - Processing file /opt/airflow/dags/dag.py for tasks to queue
[2026-02-23T12:35:00.025+0000] {logging_mixin.py:151} INFO - [2026-02-23T12:35:00.025+0000] {dagbag.py:539} INFO - Filling up the DagBag from /opt/airflow/dags/dag.py
[2026-02-23T12:35:00.292+0000] {processor.py:839} INFO - DAG(s) dict_keys(['pagination_dag']) retrieved from /opt/airflow/dags/dag.py
[2026-02-23T12:35:00.317+0000] {logging_mixin.py:151} INFO - [2026-02-23T12:35:00.317+0000] {dag.py:2915} INFO - Sync 1 DAGs
[2026-02-23T12:35:00.328+0000] {logging_mixin.py:151} INFO - [2026-02-23T12:35:00.328+0000] {dag.py:3696} INFO - Setting next_dagrun for pagination_dag to None, run_after=None
[2026-02-23T12:35:00.348+0000] {processor.py:179} INFO - Processing /opt/airflow/dags/dag.py took 0.328 seconds
[2026-02-23T12:35:30.541+0000] {processor.py:157} INFO - Started process (PID=1197) to work on /opt/airflow/dags/dag.py
[2026-02-23T12:35:30.542+0000] {processor.py:829} INFO - Processing file /opt/airflow/dags/dag.py for tasks to queue
[2026-02-23T12:35:30.543+0000] {logging_mixin.py:151} INFO - [2026-02-23T12:35:30.543+0000] {dagbag.py:539} INFO - Filling up the DagBag from /opt/airflow/dags/dag.py
[2026-02-23T12:35:30.784+0000] {processor.py:839} INFO - DAG(s) dict_keys(['pagination_dag']) retrieved from /opt/airflow/dags/dag.py
[2026-02-23T12:35:30.809+0000] {logging_mixin.py:151} INFO - [2026-02-23T12:35:30.808+0000] {dag.py:2915} INFO - Sync 1 DAGs
[2026-02-23T12:35:30.819+0000] {logging_mixin.py:151} INFO - [2026-02-23T12:35:30.819+0000] {dag.py:3696} INFO - Setting next_dagrun for pagination_dag to None, run_after=None
[2026-02-23T12:35:30.837+0000] {processor.py:179} INFO - Processing /opt/airflow/dags/dag.py took 0.299 seconds
[2026-02-23T12:36:01.029+0000] {processor.py:157} INFO - Started process (PID=1203) to work on /opt/airflow/dags/dag.py
[2026-02-23T12:36:01.030+0000] {processor.py:829} INFO - Processing file /opt/airflow/dags/dag.py for tasks to queue
[2026-02-23T12:36:01.031+0000] {logging_mixin.py:151} INFO - [2026-02-23T12:36:01.031+0000] {dagbag.py:539} INFO - Filling up the DagBag from /opt/airflow/dags/dag.py
[2026-02-23T12:36:01.273+0000] {processor.py:839} INFO - DAG(s) dict_keys(['pagination_dag']) retrieved from /opt/airflow/dags/dag.py
[2026-02-23T12:36:01.298+0000] {logging_mixin.py:151} INFO - [2026-02-23T12:36:01.297+0000] {dag.py:2915} INFO - Sync 1 DAGs
[2026-02-23T12:36:01.310+0000] {logging_mixin.py:151} INFO - [2026-02-23T12:36:01.310+0000] {dag.py:3696} INFO - Setting next_dagrun for pagination_dag to None, run_after=None
[2026-02-23T12:36:01.330+0000] {processor.py:179} INFO - Processing /opt/airflow/dags/dag.py took 0.304 seconds
[2026-02-23T12:36:31.520+0000] {processor.py:157} INFO - Started process (PID=1209) to work on /opt/airflow/dags/dag.py
[2026-02-23T12:36:31.521+0000] {processor.py:829} INFO - Processing file /opt/airflow/dags/dag.py for tasks to queue
[2026-02-23T12:36:31.522+0000] {logging_mixin.py:151} INFO - [2026-02-23T12:36:31.522+0000] {dagbag.py:539} INFO - Filling up the DagBag from /opt/airflow/dags/dag.py
[2026-02-23T12:36:31.755+0000] {processor.py:839} INFO - DAG(s) dict_keys(['pagination_dag']) retrieved from /opt/airflow/dags/dag.py
[2026-02-23T12:36:31.781+0000] {logging_mixin.py:151} INFO - [2026-02-23T12:36:31.781+0000] {dag.py:2915} INFO - Sync 1 DAGs
[2026-02-23T12:36:31.793+0000] {logging_mixin.py:151} INFO - [2026-02-23T12:36:31.793+0000] {dag.py:3696} INFO - Setting next_dagrun for pagination_dag to None, run_after=None
[2026-02-23T12:36:31.811+0000] {processor.py:179} INFO - Processing /opt/airflow/dags/dag.py took 0.294 seconds
[2026-02-23T12:37:02.008+0000] {processor.py:157} INFO - Started process (PID=1215) to work on /opt/airflow/dags/dag.py
[2026-02-23T12:37:02.009+0000] {processor.py:829} INFO - Processing file /opt/airflow/dags/dag.py for tasks to queue
[2026-02-23T12:37:02.010+0000] {logging_mixin.py:151} INFO - [2026-02-23T12:37:02.009+0000] {dagbag.py:539} INFO - Filling up the DagBag from /opt/airflow/dags/dag.py
[2026-02-23T12:37:02.246+0000] {processor.py:839} INFO - DAG(s) dict_keys(['pagination_dag']) retrieved from /opt/airflow/dags/dag.py
[2026-02-23T12:37:02.272+0000] {logging_mixin.py:151} INFO - [2026-02-23T12:37:02.271+0000] {dag.py:2915} INFO - Sync 1 DAGs
[2026-02-23T12:37:02.282+0000] {logging_mixin.py:151} INFO - [2026-02-23T12:37:02.282+0000] {dag.py:3696} INFO - Setting next_dagrun for pagination_dag to None, run_after=None
[2026-02-23T12:37:02.301+0000] {processor.py:179} INFO - Processing /opt/airflow/dags/dag.py took 0.297 seconds
[2026-02-23T12:37:32.492+0000] {processor.py:157} INFO - Started process (PID=1221) to work on /opt/airflow/dags/dag.py
[2026-02-23T12:37:32.493+0000] {processor.py:829} INFO - Processing file /opt/airflow/dags/dag.py for tasks to queue
[2026-02-23T12:37:32.494+0000] {logging_mixin.py:151} INFO - [2026-02-23T12:37:32.493+0000] {dagbag.py:539} INFO - Filling up the DagBag from /opt/airflow/dags/dag.py
[2026-02-23T12:37:32.723+0000] {processor.py:839} INFO - DAG(s) dict_keys(['pagination_dag']) retrieved from /opt/airflow/dags/dag.py
[2026-02-23T12:37:32.749+0000] {logging_mixin.py:151} INFO - [2026-02-23T12:37:32.749+0000] {dag.py:2915} INFO - Sync 1 DAGs
[2026-02-23T12:37:32.759+0000] {logging_mixin.py:151} INFO - [2026-02-23T12:37:32.759+0000] {dag.py:3696} INFO - Setting next_dagrun for pagination_dag to None, run_after=None
[2026-02-23T12:37:32.780+0000] {processor.py:179} INFO - Processing /opt/airflow/dags/dag.py took 0.291 seconds
[2026-02-23T12:38:02.968+0000] {processor.py:157} INFO - Started process (PID=1227) to work on /opt/airflow/dags/dag.py
[2026-02-23T12:38:02.969+0000] {processor.py:829} INFO - Processing file /opt/airflow/dags/dag.py for tasks to queue
[2026-02-23T12:38:02.970+0000] {logging_mixin.py:151} INFO - [2026-02-23T12:38:02.970+0000] {dagbag.py:539} INFO - Filling up the DagBag from /opt/airflow/dags/dag.py
[2026-02-23T12:38:03.203+0000] {processor.py:839} INFO - DAG(s) dict_keys(['pagination_dag']) retrieved from /opt/airflow/dags/dag.py
[2026-02-23T12:38:03.228+0000] {logging_mixin.py:151} INFO - [2026-02-23T12:38:03.228+0000] {dag.py:2915} INFO - Sync 1 DAGs
[2026-02-23T12:38:03.239+0000] {logging_mixin.py:151} INFO - [2026-02-23T12:38:03.239+0000] {dag.py:3696} INFO - Setting next_dagrun for pagination_dag to None, run_after=None
[2026-02-23T12:38:03.259+0000] {processor.py:179} INFO - Processing /opt/airflow/dags/dag.py took 0.294 seconds
[2026-02-23T12:38:33.441+0000] {processor.py:157} INFO - Started process (PID=1233) to work on /opt/airflow/dags/dag.py
[2026-02-23T12:38:33.442+0000] {processor.py:829} INFO - Processing file /opt/airflow/dags/dag.py for tasks to queue
[2026-02-23T12:38:33.443+0000] {logging_mixin.py:151} INFO - [2026-02-23T12:38:33.443+0000] {dagbag.py:539} INFO - Filling up the DagBag from /opt/airflow/dags/dag.py
[2026-02-23T12:38:33.676+0000] {processor.py:839} INFO - DAG(s) dict_keys(['pagination_dag']) retrieved from /opt/airflow/dags/dag.py
[2026-02-23T12:38:33.702+0000] {logging_mixin.py:151} INFO - [2026-02-23T12:38:33.702+0000] {dag.py:2915} INFO - Sync 1 DAGs
[2026-02-23T12:38:33.713+0000] {logging_mixin.py:151} INFO - [2026-02-23T12:38:33.713+0000] {dag.py:3696} INFO - Setting next_dagrun for pagination_dag to None, run_after=None
[2026-02-23T12:38:33.732+0000] {processor.py:179} INFO - Processing /opt/airflow/dags/dag.py took 0.294 seconds
[2026-02-23T12:39:03.925+0000] {processor.py:157} INFO - Started process (PID=1239) to work on /opt/airflow/dags/dag.py
[2026-02-23T12:39:03.926+0000] {processor.py:829} INFO - Processing file /opt/airflow/dags/dag.py for tasks to queue
[2026-02-23T12:39:03.927+0000] {logging_mixin.py:151} INFO - [2026-02-23T12:39:03.926+0000] {dagbag.py:539} INFO - Filling up the DagBag from /opt/airflow/dags/dag.py
[2026-02-23T12:39:04.162+0000] {processor.py:839} INFO - DAG(s) dict_keys(['pagination_dag']) retrieved from /opt/airflow/dags/dag.py
[2026-02-23T12:39:04.186+0000] {logging_mixin.py:151} INFO - [2026-02-23T12:39:04.186+0000] {dag.py:2915} INFO - Sync 1 DAGs
[2026-02-23T12:39:04.197+0000] {logging_mixin.py:151} INFO - [2026-02-23T12:39:04.197+0000] {dag.py:3696} INFO - Setting next_dagrun for pagination_dag to None, run_after=None
[2026-02-23T12:39:04.216+0000] {processor.py:179} INFO - Processing /opt/airflow/dags/dag.py took 0.295 seconds
[2026-02-23T12:39:34.406+0000] {processor.py:157} INFO - Started process (PID=1245) to work on /opt/airflow/dags/dag.py
[2026-02-23T12:39:34.407+0000] {processor.py:829} INFO - Processing file /opt/airflow/dags/dag.py for tasks to queue
[2026-02-23T12:39:34.407+0000] {logging_mixin.py:151} INFO - [2026-02-23T12:39:34.407+0000] {dagbag.py:539} INFO - Filling up the DagBag from /opt/airflow/dags/dag.py
[2026-02-23T12:39:34.641+0000] {processor.py:839} INFO - DAG(s) dict_keys(['pagination_dag']) retrieved from /opt/airflow/dags/dag.py
[2026-02-23T12:39:34.667+0000] {logging_mixin.py:151} INFO - [2026-02-23T12:39:34.667+0000] {dag.py:2915} INFO - Sync 1 DAGs
[2026-02-23T12:39:34.678+0000] {logging_mixin.py:151} INFO - [2026-02-23T12:39:34.678+0000] {dag.py:3696} INFO - Setting next_dagrun for pagination_dag to None, run_after=None
[2026-02-23T12:39:34.699+0000] {processor.py:179} INFO - Processing /opt/airflow/dags/dag.py took 0.297 seconds
[2026-02-23T12:40:04.885+0000] {processor.py:157} INFO - Started process (PID=1251) to work on /opt/airflow/dags/dag.py
[2026-02-23T12:40:04.886+0000] {processor.py:829} INFO - Processing file /opt/airflow/dags/dag.py for tasks to queue
[2026-02-23T12:40:04.887+0000] {logging_mixin.py:151} INFO - [2026-02-23T12:40:04.887+0000] {dagbag.py:539} INFO - Filling up the DagBag from /opt/airflow/dags/dag.py
[2026-02-23T12:40:05.117+0000] {processor.py:839} INFO - DAG(s) dict_keys(['pagination_dag']) retrieved from /opt/airflow/dags/dag.py
[2026-02-23T12:40:05.142+0000] {logging_mixin.py:151} INFO - [2026-02-23T12:40:05.142+0000] {dag.py:2915} INFO - Sync 1 DAGs
[2026-02-23T12:40:05.153+0000] {logging_mixin.py:151} INFO - [2026-02-23T12:40:05.153+0000] {dag.py:3696} INFO - Setting next_dagrun for pagination_dag to None, run_after=None
[2026-02-23T12:40:05.172+0000] {processor.py:179} INFO - Processing /opt/airflow/dags/dag.py took 0.290 seconds
[2026-02-23T12:40:35.358+0000] {processor.py:157} INFO - Started process (PID=1257) to work on /opt/airflow/dags/dag.py
[2026-02-23T12:40:35.359+0000] {processor.py:829} INFO - Processing file /opt/airflow/dags/dag.py for tasks to queue
[2026-02-23T12:40:35.359+0000] {logging_mixin.py:151} INFO - [2026-02-23T12:40:35.359+0000] {dagbag.py:539} INFO - Filling up the DagBag from /opt/airflow/dags/dag.py
[2026-02-23T12:40:35.596+0000] {processor.py:839} INFO - DAG(s) dict_keys(['pagination_dag']) retrieved from /opt/airflow/dags/dag.py
[2026-02-23T12:40:35.622+0000] {logging_mixin.py:151} INFO - [2026-02-23T12:40:35.621+0000] {dag.py:2915} INFO - Sync 1 DAGs
[2026-02-23T12:40:35.632+0000] {logging_mixin.py:151} INFO - [2026-02-23T12:40:35.632+0000] {dag.py:3696} INFO - Setting next_dagrun for pagination_dag to None, run_after=None
[2026-02-23T12:40:35.649+0000] {processor.py:179} INFO - Processing /opt/airflow/dags/dag.py took 0.294 seconds
[2026-02-23T12:41:05.839+0000] {processor.py:157} INFO - Started process (PID=1263) to work on /opt/airflow/dags/dag.py
[2026-02-23T12:41:05.840+0000] {processor.py:829} INFO - Processing file /opt/airflow/dags/dag.py for tasks to queue
[2026-02-23T12:41:05.841+0000] {logging_mixin.py:151} INFO - [2026-02-23T12:41:05.841+0000] {dagbag.py:539} INFO - Filling up the DagBag from /opt/airflow/dags/dag.py
[2026-02-23T12:41:06.107+0000] {processor.py:839} INFO - DAG(s) dict_keys(['pagination_dag']) retrieved from /opt/airflow/dags/dag.py
[2026-02-23T12:41:06.132+0000] {logging_mixin.py:151} INFO - [2026-02-23T12:41:06.132+0000] {dag.py:2915} INFO - Sync 1 DAGs
[2026-02-23T12:41:06.146+0000] {logging_mixin.py:151} INFO - [2026-02-23T12:41:06.146+0000] {dag.py:3696} INFO - Setting next_dagrun for pagination_dag to None, run_after=None
[2026-02-23T12:41:06.167+0000] {processor.py:179} INFO - Processing /opt/airflow/dags/dag.py took 0.331 seconds
[2026-02-23T12:41:36.358+0000] {processor.py:157} INFO - Started process (PID=1269) to work on /opt/airflow/dags/dag.py
[2026-02-23T12:41:36.359+0000] {processor.py:829} INFO - Processing file /opt/airflow/dags/dag.py for tasks to queue
[2026-02-23T12:41:36.360+0000] {logging_mixin.py:151} INFO - [2026-02-23T12:41:36.360+0000] {dagbag.py:539} INFO - Filling up the DagBag from /opt/airflow/dags/dag.py
[2026-02-23T12:41:36.616+0000] {processor.py:839} INFO - DAG(s) dict_keys(['pagination_dag']) retrieved from /opt/airflow/dags/dag.py
[2026-02-23T12:41:36.644+0000] {logging_mixin.py:151} INFO - [2026-02-23T12:41:36.643+0000] {dag.py:2915} INFO - Sync 1 DAGs
[2026-02-23T12:41:36.657+0000] {logging_mixin.py:151} INFO - [2026-02-23T12:41:36.657+0000] {dag.py:3696} INFO - Setting next_dagrun for pagination_dag to None, run_after=None
[2026-02-23T12:41:36.677+0000] {processor.py:179} INFO - Processing /opt/airflow/dags/dag.py took 0.322 seconds
[2026-02-23T12:42:06.871+0000] {processor.py:157} INFO - Started process (PID=1275) to work on /opt/airflow/dags/dag.py
[2026-02-23T12:42:06.872+0000] {processor.py:829} INFO - Processing file /opt/airflow/dags/dag.py for tasks to queue
[2026-02-23T12:42:06.873+0000] {logging_mixin.py:151} INFO - [2026-02-23T12:42:06.872+0000] {dagbag.py:539} INFO - Filling up the DagBag from /opt/airflow/dags/dag.py
[2026-02-23T12:42:07.115+0000] {processor.py:839} INFO - DAG(s) dict_keys(['pagination_dag']) retrieved from /opt/airflow/dags/dag.py
[2026-02-23T12:42:07.142+0000] {logging_mixin.py:151} INFO - [2026-02-23T12:42:07.141+0000] {dag.py:2915} INFO - Sync 1 DAGs
[2026-02-23T12:42:07.153+0000] {logging_mixin.py:151} INFO - [2026-02-23T12:42:07.153+0000] {dag.py:3696} INFO - Setting next_dagrun for pagination_dag to None, run_after=None
[2026-02-23T12:42:07.173+0000] {processor.py:179} INFO - Processing /opt/airflow/dags/dag.py took 0.305 seconds
[2026-02-23T12:42:37.365+0000] {processor.py:157} INFO - Started process (PID=1281) to work on /opt/airflow/dags/dag.py
[2026-02-23T12:42:37.366+0000] {processor.py:829} INFO - Processing file /opt/airflow/dags/dag.py for tasks to queue
[2026-02-23T12:42:37.367+0000] {logging_mixin.py:151} INFO - [2026-02-23T12:42:37.367+0000] {dagbag.py:539} INFO - Filling up the DagBag from /opt/airflow/dags/dag.py
[2026-02-23T12:42:37.599+0000] {processor.py:839} INFO - DAG(s) dict_keys(['pagination_dag']) retrieved from /opt/airflow/dags/dag.py
[2026-02-23T12:42:37.624+0000] {logging_mixin.py:151} INFO - [2026-02-23T12:42:37.624+0000] {dag.py:2915} INFO - Sync 1 DAGs
[2026-02-23T12:42:37.635+0000] {logging_mixin.py:151} INFO - [2026-02-23T12:42:37.634+0000] {dag.py:3696} INFO - Setting next_dagrun for pagination_dag to None, run_after=None
[2026-02-23T12:42:37.652+0000] {processor.py:179} INFO - Processing /opt/airflow/dags/dag.py took 0.291 seconds
[2026-02-23T12:43:07.837+0000] {processor.py:157} INFO - Started process (PID=1287) to work on /opt/airflow/dags/dag.py
[2026-02-23T12:43:07.838+0000] {processor.py:829} INFO - Processing file /opt/airflow/dags/dag.py for tasks to queue
[2026-02-23T12:43:07.839+0000] {logging_mixin.py:151} INFO - [2026-02-23T12:43:07.839+0000] {dagbag.py:539} INFO - Filling up the DagBag from /opt/airflow/dags/dag.py
[2026-02-23T12:43:08.072+0000] {processor.py:839} INFO - DAG(s) dict_keys(['pagination_dag']) retrieved from /opt/airflow/dags/dag.py
[2026-02-23T12:43:08.097+0000] {logging_mixin.py:151} INFO - [2026-02-23T12:43:08.097+0000] {dag.py:2915} INFO - Sync 1 DAGs
[2026-02-23T12:43:08.108+0000] {logging_mixin.py:151} INFO - [2026-02-23T12:43:08.108+0000] {dag.py:3696} INFO - Setting next_dagrun for pagination_dag to None, run_after=None
[2026-02-23T12:43:08.128+0000] {processor.py:179} INFO - Processing /opt/airflow/dags/dag.py took 0.294 seconds
[2026-02-23T12:43:38.317+0000] {processor.py:157} INFO - Started process (PID=1293) to work on /opt/airflow/dags/dag.py
[2026-02-23T12:43:38.318+0000] {processor.py:829} INFO - Processing file /opt/airflow/dags/dag.py for tasks to queue
[2026-02-23T12:43:38.319+0000] {logging_mixin.py:151} INFO - [2026-02-23T12:43:38.318+0000] {dagbag.py:539} INFO - Filling up the DagBag from /opt/airflow/dags/dag.py
[2026-02-23T12:43:38.551+0000] {processor.py:839} INFO - DAG(s) dict_keys(['pagination_dag']) retrieved from /opt/airflow/dags/dag.py
[2026-02-23T12:43:38.574+0000] {logging_mixin.py:151} INFO - [2026-02-23T12:43:38.574+0000] {dag.py:2915} INFO - Sync 1 DAGs
[2026-02-23T12:43:38.585+0000] {logging_mixin.py:151} INFO - [2026-02-23T12:43:38.584+0000] {dag.py:3696} INFO - Setting next_dagrun for pagination_dag to None, run_after=None
[2026-02-23T12:43:38.602+0000] {processor.py:179} INFO - Processing /opt/airflow/dags/dag.py took 0.288 seconds
[2026-02-23T12:44:08.787+0000] {processor.py:157} INFO - Started process (PID=1299) to work on /opt/airflow/dags/dag.py
[2026-02-23T12:44:08.788+0000] {processor.py:829} INFO - Processing file /opt/airflow/dags/dag.py for tasks to queue
[2026-02-23T12:44:08.789+0000] {logging_mixin.py:151} INFO - [2026-02-23T12:44:08.788+0000] {dagbag.py:539} INFO - Filling up the DagBag from /opt/airflow/dags/dag.py
[2026-02-23T12:44:09.020+0000] {processor.py:839} INFO - DAG(s) dict_keys(['pagination_dag']) retrieved from /opt/airflow/dags/dag.py
[2026-02-23T12:44:09.046+0000] {logging_mixin.py:151} INFO - [2026-02-23T12:44:09.045+0000] {dag.py:2915} INFO - Sync 1 DAGs
[2026-02-23T12:44:09.057+0000] {logging_mixin.py:151} INFO - [2026-02-23T12:44:09.056+0000] {dag.py:3696} INFO - Setting next_dagrun for pagination_dag to None, run_after=None
[2026-02-23T12:44:09.078+0000] {processor.py:179} INFO - Processing /opt/airflow/dags/dag.py took 0.294 seconds
[2026-02-23T12:44:39.289+0000] {processor.py:157} INFO - Started process (PID=1305) to work on /opt/airflow/dags/dag.py
[2026-02-23T12:44:39.290+0000] {processor.py:829} INFO - Processing file /opt/airflow/dags/dag.py for tasks to queue
[2026-02-23T12:44:39.291+0000] {logging_mixin.py:151} INFO - [2026-02-23T12:44:39.291+0000] {dagbag.py:539} INFO - Filling up the DagBag from /opt/airflow/dags/dag.py
[2026-02-23T12:44:39.528+0000] {processor.py:839} INFO - DAG(s) dict_keys(['pagination_dag']) retrieved from /opt/airflow/dags/dag.py
[2026-02-23T12:44:39.553+0000] {logging_mixin.py:151} INFO - [2026-02-23T12:44:39.552+0000] {dag.py:2915} INFO - Sync 1 DAGs
[2026-02-23T12:44:39.564+0000] {logging_mixin.py:151} INFO - [2026-02-23T12:44:39.564+0000] {dag.py:3696} INFO - Setting next_dagrun for pagination_dag to None, run_after=None
[2026-02-23T12:44:39.583+0000] {processor.py:179} INFO - Processing /opt/airflow/dags/dag.py took 0.297 seconds
[2026-02-23T12:45:09.767+0000] {processor.py:157} INFO - Started process (PID=1311) to work on /opt/airflow/dags/dag.py
[2026-02-23T12:45:09.768+0000] {processor.py:829} INFO - Processing file /opt/airflow/dags/dag.py for tasks to queue
[2026-02-23T12:45:09.769+0000] {logging_mixin.py:151} INFO - [2026-02-23T12:45:09.769+0000] {dagbag.py:539} INFO - Filling up the DagBag from /opt/airflow/dags/dag.py
[2026-02-23T12:45:10.003+0000] {processor.py:839} INFO - DAG(s) dict_keys(['pagination_dag']) retrieved from /opt/airflow/dags/dag.py
[2026-02-23T12:45:10.028+0000] {logging_mixin.py:151} INFO - [2026-02-23T12:45:10.027+0000] {dag.py:2915} INFO - Sync 1 DAGs
[2026-02-23T12:45:10.038+0000] {logging_mixin.py:151} INFO - [2026-02-23T12:45:10.038+0000] {dag.py:3696} INFO - Setting next_dagrun for pagination_dag to None, run_after=None
[2026-02-23T12:45:10.057+0000] {processor.py:179} INFO - Processing /opt/airflow/dags/dag.py took 0.292 seconds
[2026-02-23T12:45:40.238+0000] {processor.py:157} INFO - Started process (PID=1317) to work on /opt/airflow/dags/dag.py
[2026-02-23T12:45:40.240+0000] {processor.py:829} INFO - Processing file /opt/airflow/dags/dag.py for tasks to queue
[2026-02-23T12:45:40.241+0000] {logging_mixin.py:151} INFO - [2026-02-23T12:45:40.240+0000] {dagbag.py:539} INFO - Filling up the DagBag from /opt/airflow/dags/dag.py
[2026-02-23T12:45:40.479+0000] {processor.py:839} INFO - DAG(s) dict_keys(['pagination_dag']) retrieved from /opt/airflow/dags/dag.py
[2026-02-23T12:45:40.504+0000] {logging_mixin.py:151} INFO - [2026-02-23T12:45:40.503+0000] {dag.py:2915} INFO - Sync 1 DAGs
[2026-02-23T12:45:40.514+0000] {logging_mixin.py:151} INFO - [2026-02-23T12:45:40.514+0000] {dag.py:3696} INFO - Setting next_dagrun for pagination_dag to None, run_after=None
[2026-02-23T12:45:40.533+0000] {processor.py:179} INFO - Processing /opt/airflow/dags/dag.py took 0.298 seconds
[2026-02-23T12:46:10.717+0000] {processor.py:157} INFO - Started process (PID=1323) to work on /opt/airflow/dags/dag.py
[2026-02-23T12:46:10.718+0000] {processor.py:829} INFO - Processing file /opt/airflow/dags/dag.py for tasks to queue
[2026-02-23T12:46:10.719+0000] {logging_mixin.py:151} INFO - [2026-02-23T12:46:10.719+0000] {dagbag.py:539} INFO - Filling up the DagBag from /opt/airflow/dags/dag.py
[2026-02-23T12:46:10.960+0000] {processor.py:839} INFO - DAG(s) dict_keys(['pagination_dag']) retrieved from /opt/airflow/dags/dag.py
[2026-02-23T12:46:10.985+0000] {logging_mixin.py:151} INFO - [2026-02-23T12:46:10.985+0000] {dag.py:2915} INFO - Sync 1 DAGs
[2026-02-23T12:46:10.997+0000] {logging_mixin.py:151} INFO - [2026-02-23T12:46:10.996+0000] {dag.py:3696} INFO - Setting next_dagrun for pagination_dag to None, run_after=None
[2026-02-23T12:46:11.017+0000] {processor.py:179} INFO - Processing /opt/airflow/dags/dag.py took 0.304 seconds
[2026-02-23T12:46:41.208+0000] {processor.py:157} INFO - Started process (PID=1329) to work on /opt/airflow/dags/dag.py
[2026-02-23T12:46:41.209+0000] {processor.py:829} INFO - Processing file /opt/airflow/dags/dag.py for tasks to queue
[2026-02-23T12:46:41.210+0000] {logging_mixin.py:151} INFO - [2026-02-23T12:46:41.210+0000] {dagbag.py:539} INFO - Filling up the DagBag from /opt/airflow/dags/dag.py
[2026-02-23T12:46:41.445+0000] {processor.py:839} INFO - DAG(s) dict_keys(['pagination_dag']) retrieved from /opt/airflow/dags/dag.py
[2026-02-23T12:46:41.469+0000] {logging_mixin.py:151} INFO - [2026-02-23T12:46:41.469+0000] {dag.py:2915} INFO - Sync 1 DAGs
[2026-02-23T12:46:41.480+0000] {logging_mixin.py:151} INFO - [2026-02-23T12:46:41.480+0000] {dag.py:3696} INFO - Setting next_dagrun for pagination_dag to None, run_after=None
[2026-02-23T12:46:41.497+0000] {processor.py:179} INFO - Processing /opt/airflow/dags/dag.py took 0.292 seconds
[2026-02-23T12:47:11.688+0000] {processor.py:157} INFO - Started process (PID=1335) to work on /opt/airflow/dags/dag.py
[2026-02-23T12:47:11.689+0000] {processor.py:829} INFO - Processing file /opt/airflow/dags/dag.py for tasks to queue
[2026-02-23T12:47:11.690+0000] {logging_mixin.py:151} INFO - [2026-02-23T12:47:11.689+0000] {dagbag.py:539} INFO - Filling up the DagBag from /opt/airflow/dags/dag.py
[2026-02-23T12:47:11.931+0000] {processor.py:839} INFO - DAG(s) dict_keys(['pagination_dag']) retrieved from /opt/airflow/dags/dag.py
[2026-02-23T12:47:11.957+0000] {logging_mixin.py:151} INFO - [2026-02-23T12:47:11.957+0000] {dag.py:2915} INFO - Sync 1 DAGs
[2026-02-23T12:47:11.968+0000] {logging_mixin.py:151} INFO - [2026-02-23T12:47:11.968+0000] {dag.py:3696} INFO - Setting next_dagrun for pagination_dag to None, run_after=None
[2026-02-23T12:47:11.988+0000] {processor.py:179} INFO - Processing /opt/airflow/dags/dag.py took 0.303 seconds
[2026-02-23T12:47:42.184+0000] {processor.py:157} INFO - Started process (PID=1341) to work on /opt/airflow/dags/dag.py
[2026-02-23T12:47:42.185+0000] {processor.py:829} INFO - Processing file /opt/airflow/dags/dag.py for tasks to queue
[2026-02-23T12:47:42.186+0000] {logging_mixin.py:151} INFO - [2026-02-23T12:47:42.186+0000] {dagbag.py:539} INFO - Filling up the DagBag from /opt/airflow/dags/dag.py
[2026-02-23T12:47:42.419+0000] {processor.py:839} INFO - DAG(s) dict_keys(['pagination_dag']) retrieved from /opt/airflow/dags/dag.py
[2026-02-23T12:47:42.443+0000] {logging_mixin.py:151} INFO - [2026-02-23T12:47:42.443+0000] {dag.py:2915} INFO - Sync 1 DAGs
[2026-02-23T12:47:42.454+0000] {logging_mixin.py:151} INFO - [2026-02-23T12:47:42.454+0000] {dag.py:3696} INFO - Setting next_dagrun for pagination_dag to None, run_after=None
[2026-02-23T12:47:42.473+0000] {processor.py:179} INFO - Processing /opt/airflow/dags/dag.py took 0.292 seconds
[2026-02-23T12:48:12.665+0000] {processor.py:157} INFO - Started process (PID=1347) to work on /opt/airflow/dags/dag.py
[2026-02-23T12:48:12.666+0000] {processor.py:829} INFO - Processing file /opt/airflow/dags/dag.py for tasks to queue
[2026-02-23T12:48:12.667+0000] {logging_mixin.py:151} INFO - [2026-02-23T12:48:12.666+0000] {dagbag.py:539} INFO - Filling up the DagBag from /opt/airflow/dags/dag.py
[2026-02-23T12:48:12.905+0000] {processor.py:839} INFO - DAG(s) dict_keys(['pagination_dag']) retrieved from /opt/airflow/dags/dag.py
[2026-02-23T12:48:12.931+0000] {logging_mixin.py:151} INFO - [2026-02-23T12:48:12.930+0000] {dag.py:2915} INFO - Sync 1 DAGs
[2026-02-23T12:48:12.941+0000] {logging_mixin.py:151} INFO - [2026-02-23T12:48:12.941+0000] {dag.py:3696} INFO - Setting next_dagrun for pagination_dag to None, run_after=None
[2026-02-23T12:48:12.962+0000] {processor.py:179} INFO - Processing /opt/airflow/dags/dag.py took 0.301 seconds
[2026-02-23T12:48:43.147+0000] {processor.py:157} INFO - Started process (PID=1353) to work on /opt/airflow/dags/dag.py
[2026-02-23T12:48:43.148+0000] {processor.py:829} INFO - Processing file /opt/airflow/dags/dag.py for tasks to queue
[2026-02-23T12:48:43.149+0000] {logging_mixin.py:151} INFO - [2026-02-23T12:48:43.148+0000] {dagbag.py:539} INFO - Filling up the DagBag from /opt/airflow/dags/dag.py
[2026-02-23T12:48:43.384+0000] {processor.py:839} INFO - DAG(s) dict_keys(['pagination_dag']) retrieved from /opt/airflow/dags/dag.py
[2026-02-23T12:48:43.407+0000] {logging_mixin.py:151} INFO - [2026-02-23T12:48:43.407+0000] {dag.py:2915} INFO - Sync 1 DAGs
[2026-02-23T12:48:43.417+0000] {logging_mixin.py:151} INFO - [2026-02-23T12:48:43.417+0000] {dag.py:3696} INFO - Setting next_dagrun for pagination_dag to None, run_after=None
[2026-02-23T12:48:43.436+0000] {processor.py:179} INFO - Processing /opt/airflow/dags/dag.py took 0.292 seconds
[2026-02-23T12:49:13.619+0000] {processor.py:157} INFO - Started process (PID=1359) to work on /opt/airflow/dags/dag.py
[2026-02-23T12:49:13.620+0000] {processor.py:829} INFO - Processing file /opt/airflow/dags/dag.py for tasks to queue
[2026-02-23T12:49:13.621+0000] {logging_mixin.py:151} INFO - [2026-02-23T12:49:13.621+0000] {dagbag.py:539} INFO - Filling up the DagBag from /opt/airflow/dags/dag.py
[2026-02-23T12:49:13.858+0000] {processor.py:839} INFO - DAG(s) dict_keys(['pagination_dag']) retrieved from /opt/airflow/dags/dag.py
[2026-02-23T12:49:13.883+0000] {logging_mixin.py:151} INFO - [2026-02-23T12:49:13.883+0000] {dag.py:2915} INFO - Sync 1 DAGs
[2026-02-23T12:49:13.894+0000] {logging_mixin.py:151} INFO - [2026-02-23T12:49:13.893+0000] {dag.py:3696} INFO - Setting next_dagrun for pagination_dag to None, run_after=None
[2026-02-23T12:49:13.913+0000] {processor.py:179} INFO - Processing /opt/airflow/dags/dag.py took 0.297 seconds
[2026-02-23T12:49:44.097+0000] {processor.py:157} INFO - Started process (PID=1365) to work on /opt/airflow/dags/dag.py
[2026-02-23T12:49:44.098+0000] {processor.py:829} INFO - Processing file /opt/airflow/dags/dag.py for tasks to queue
[2026-02-23T12:49:44.099+0000] {logging_mixin.py:151} INFO - [2026-02-23T12:49:44.098+0000] {dagbag.py:539} INFO - Filling up the DagBag from /opt/airflow/dags/dag.py
[2026-02-23T12:49:44.331+0000] {processor.py:839} INFO - DAG(s) dict_keys(['pagination_dag']) retrieved from /opt/airflow/dags/dag.py
[2026-02-23T12:49:44.355+0000] {logging_mixin.py:151} INFO - [2026-02-23T12:49:44.354+0000] {dag.py:2915} INFO - Sync 1 DAGs
[2026-02-23T12:49:44.365+0000] {logging_mixin.py:151} INFO - [2026-02-23T12:49:44.365+0000] {dag.py:3696} INFO - Setting next_dagrun for pagination_dag to None, run_after=None
[2026-02-23T12:49:44.385+0000] {processor.py:179} INFO - Processing /opt/airflow/dags/dag.py took 0.291 seconds
[2026-02-23T12:50:14.574+0000] {processor.py:157} INFO - Started process (PID=1371) to work on /opt/airflow/dags/dag.py
[2026-02-23T12:50:14.575+0000] {processor.py:829} INFO - Processing file /opt/airflow/dags/dag.py for tasks to queue
[2026-02-23T12:50:14.576+0000] {logging_mixin.py:151} INFO - [2026-02-23T12:50:14.576+0000] {dagbag.py:539} INFO - Filling up the DagBag from /opt/airflow/dags/dag.py
[2026-02-23T12:50:14.984+0000] {processor.py:839} INFO - DAG(s) dict_keys(['pagination_dag']) retrieved from /opt/airflow/dags/dag.py
[2026-02-23T12:50:15.013+0000] {logging_mixin.py:151} INFO - [2026-02-23T12:50:15.013+0000] {dag.py:2915} INFO - Sync 1 DAGs
[2026-02-23T12:50:15.027+0000] {logging_mixin.py:151} INFO - [2026-02-23T12:50:15.027+0000] {dag.py:3696} INFO - Setting next_dagrun for pagination_dag to None, run_after=None
[2026-02-23T12:50:15.046+0000] {processor.py:179} INFO - Processing /opt/airflow/dags/dag.py took 0.476 seconds
[2026-02-23T12:50:45.244+0000] {processor.py:157} INFO - Started process (PID=1377) to work on /opt/airflow/dags/dag.py
[2026-02-23T12:50:45.245+0000] {processor.py:829} INFO - Processing file /opt/airflow/dags/dag.py for tasks to queue
[2026-02-23T12:50:45.246+0000] {logging_mixin.py:151} INFO - [2026-02-23T12:50:45.245+0000] {dagbag.py:539} INFO - Filling up the DagBag from /opt/airflow/dags/dag.py
[2026-02-23T12:50:45.475+0000] {processor.py:839} INFO - DAG(s) dict_keys(['pagination_dag']) retrieved from /opt/airflow/dags/dag.py
[2026-02-23T12:50:45.500+0000] {logging_mixin.py:151} INFO - [2026-02-23T12:50:45.500+0000] {dag.py:2915} INFO - Sync 1 DAGs
[2026-02-23T12:50:45.511+0000] {logging_mixin.py:151} INFO - [2026-02-23T12:50:45.510+0000] {dag.py:3696} INFO - Setting next_dagrun for pagination_dag to None, run_after=None
[2026-02-23T12:50:45.533+0000] {processor.py:179} INFO - Processing /opt/airflow/dags/dag.py took 0.293 seconds
[2026-02-23T12:51:15.728+0000] {processor.py:157} INFO - Started process (PID=1383) to work on /opt/airflow/dags/dag.py
[2026-02-23T12:51:15.730+0000] {processor.py:829} INFO - Processing file /opt/airflow/dags/dag.py for tasks to queue
[2026-02-23T12:51:15.730+0000] {logging_mixin.py:151} INFO - [2026-02-23T12:51:15.730+0000] {dagbag.py:539} INFO - Filling up the DagBag from /opt/airflow/dags/dag.py
[2026-02-23T12:51:15.963+0000] {processor.py:839} INFO - DAG(s) dict_keys(['pagination_dag']) retrieved from /opt/airflow/dags/dag.py
[2026-02-23T12:51:15.988+0000] {logging_mixin.py:151} INFO - [2026-02-23T12:51:15.988+0000] {dag.py:2915} INFO - Sync 1 DAGs
[2026-02-23T12:51:15.999+0000] {logging_mixin.py:151} INFO - [2026-02-23T12:51:15.999+0000] {dag.py:3696} INFO - Setting next_dagrun for pagination_dag to None, run_after=None
[2026-02-23T12:51:16.019+0000] {processor.py:179} INFO - Processing /opt/airflow/dags/dag.py took 0.293 seconds
[2026-02-23T12:51:46.210+0000] {processor.py:157} INFO - Started process (PID=1389) to work on /opt/airflow/dags/dag.py
[2026-02-23T12:51:46.211+0000] {processor.py:829} INFO - Processing file /opt/airflow/dags/dag.py for tasks to queue
[2026-02-23T12:51:46.212+0000] {logging_mixin.py:151} INFO - [2026-02-23T12:51:46.212+0000] {dagbag.py:539} INFO - Filling up the DagBag from /opt/airflow/dags/dag.py
[2026-02-23T12:51:46.444+0000] {processor.py:839} INFO - DAG(s) dict_keys(['pagination_dag']) retrieved from /opt/airflow/dags/dag.py
[2026-02-23T12:51:46.470+0000] {logging_mixin.py:151} INFO - [2026-02-23T12:51:46.469+0000] {dag.py:2915} INFO - Sync 1 DAGs
[2026-02-23T12:51:46.480+0000] {logging_mixin.py:151} INFO - [2026-02-23T12:51:46.480+0000] {dag.py:3696} INFO - Setting next_dagrun for pagination_dag to None, run_after=None
[2026-02-23T12:51:46.498+0000] {processor.py:179} INFO - Processing /opt/airflow/dags/dag.py took 0.291 seconds
[2026-02-23T12:52:16.686+0000] {processor.py:157} INFO - Started process (PID=1395) to work on /opt/airflow/dags/dag.py
[2026-02-23T12:52:16.687+0000] {processor.py:829} INFO - Processing file /opt/airflow/dags/dag.py for tasks to queue
[2026-02-23T12:52:16.688+0000] {logging_mixin.py:151} INFO - [2026-02-23T12:52:16.687+0000] {dagbag.py:539} INFO - Filling up the DagBag from /opt/airflow/dags/dag.py
[2026-02-23T12:52:16.919+0000] {processor.py:839} INFO - DAG(s) dict_keys(['pagination_dag']) retrieved from /opt/airflow/dags/dag.py
[2026-02-23T12:52:16.942+0000] {logging_mixin.py:151} INFO - [2026-02-23T12:52:16.942+0000] {dag.py:2915} INFO - Sync 1 DAGs
[2026-02-23T12:52:16.953+0000] {logging_mixin.py:151} INFO - [2026-02-23T12:52:16.952+0000] {dag.py:3696} INFO - Setting next_dagrun for pagination_dag to None, run_after=None
[2026-02-23T12:52:16.970+0000] {processor.py:179} INFO - Processing /opt/airflow/dags/dag.py took 0.288 seconds
[2026-02-23T12:52:47.158+0000] {processor.py:157} INFO - Started process (PID=1401) to work on /opt/airflow/dags/dag.py
[2026-02-23T12:52:47.159+0000] {processor.py:829} INFO - Processing file /opt/airflow/dags/dag.py for tasks to queue
[2026-02-23T12:52:47.160+0000] {logging_mixin.py:151} INFO - [2026-02-23T12:52:47.160+0000] {dagbag.py:539} INFO - Filling up the DagBag from /opt/airflow/dags/dag.py
[2026-02-23T12:52:47.390+0000] {processor.py:839} INFO - DAG(s) dict_keys(['pagination_dag']) retrieved from /opt/airflow/dags/dag.py
[2026-02-23T12:52:47.419+0000] {logging_mixin.py:151} INFO - [2026-02-23T12:52:47.418+0000] {dag.py:2915} INFO - Sync 1 DAGs
[2026-02-23T12:52:47.430+0000] {logging_mixin.py:151} INFO - [2026-02-23T12:52:47.430+0000] {dag.py:3696} INFO - Setting next_dagrun for pagination_dag to None, run_after=None
[2026-02-23T12:52:47.448+0000] {processor.py:179} INFO - Processing /opt/airflow/dags/dag.py took 0.293 seconds
[2026-02-23T12:53:17.639+0000] {processor.py:157} INFO - Started process (PID=1407) to work on /opt/airflow/dags/dag.py
[2026-02-23T12:53:17.640+0000] {processor.py:829} INFO - Processing file /opt/airflow/dags/dag.py for tasks to queue
[2026-02-23T12:53:17.641+0000] {logging_mixin.py:151} INFO - [2026-02-23T12:53:17.641+0000] {dagbag.py:539} INFO - Filling up the DagBag from /opt/airflow/dags/dag.py
[2026-02-23T12:53:17.874+0000] {processor.py:839} INFO - DAG(s) dict_keys(['pagination_dag']) retrieved from /opt/airflow/dags/dag.py
[2026-02-23T12:53:17.902+0000] {logging_mixin.py:151} INFO - [2026-02-23T12:53:17.901+0000] {dag.py:2915} INFO - Sync 1 DAGs
[2026-02-23T12:53:17.914+0000] {logging_mixin.py:151} INFO - [2026-02-23T12:53:17.913+0000] {dag.py:3696} INFO - Setting next_dagrun for pagination_dag to None, run_after=None
[2026-02-23T12:53:17.934+0000] {processor.py:179} INFO - Processing /opt/airflow/dags/dag.py took 0.298 seconds
[2026-02-23T12:53:48.117+0000] {processor.py:157} INFO - Started process (PID=1413) to work on /opt/airflow/dags/dag.py
[2026-02-23T12:53:48.118+0000] {processor.py:829} INFO - Processing file /opt/airflow/dags/dag.py for tasks to queue
[2026-02-23T12:53:48.119+0000] {logging_mixin.py:151} INFO - [2026-02-23T12:53:48.118+0000] {dagbag.py:539} INFO - Filling up the DagBag from /opt/airflow/dags/dag.py
[2026-02-23T12:53:48.353+0000] {processor.py:839} INFO - DAG(s) dict_keys(['pagination_dag']) retrieved from /opt/airflow/dags/dag.py
[2026-02-23T12:53:48.383+0000] {logging_mixin.py:151} INFO - [2026-02-23T12:53:48.382+0000] {dag.py:2915} INFO - Sync 1 DAGs
[2026-02-23T12:53:48.393+0000] {logging_mixin.py:151} INFO - [2026-02-23T12:53:48.393+0000] {dag.py:3696} INFO - Setting next_dagrun for pagination_dag to None, run_after=None
[2026-02-23T12:53:48.413+0000] {processor.py:179} INFO - Processing /opt/airflow/dags/dag.py took 0.300 seconds
[2026-02-23T12:54:18.601+0000] {processor.py:157} INFO - Started process (PID=1419) to work on /opt/airflow/dags/dag.py
[2026-02-23T12:54:18.602+0000] {processor.py:829} INFO - Processing file /opt/airflow/dags/dag.py for tasks to queue
[2026-02-23T12:54:18.602+0000] {logging_mixin.py:151} INFO - [2026-02-23T12:54:18.602+0000] {dagbag.py:539} INFO - Filling up the DagBag from /opt/airflow/dags/dag.py
[2026-02-23T12:54:18.841+0000] {processor.py:839} INFO - DAG(s) dict_keys(['pagination_dag']) retrieved from /opt/airflow/dags/dag.py
[2026-02-23T12:54:18.869+0000] {logging_mixin.py:151} INFO - [2026-02-23T12:54:18.869+0000] {dag.py:2915} INFO - Sync 1 DAGs
[2026-02-23T12:54:18.880+0000] {logging_mixin.py:151} INFO - [2026-02-23T12:54:18.880+0000] {dag.py:3696} INFO - Setting next_dagrun for pagination_dag to None, run_after=None
[2026-02-23T12:54:18.899+0000] {processor.py:179} INFO - Processing /opt/airflow/dags/dag.py took 0.301 seconds
[2026-02-23T12:54:49.100+0000] {processor.py:157} INFO - Started process (PID=1425) to work on /opt/airflow/dags/dag.py
[2026-02-23T12:54:49.101+0000] {processor.py:829} INFO - Processing file /opt/airflow/dags/dag.py for tasks to queue
[2026-02-23T12:54:49.102+0000] {logging_mixin.py:151} INFO - [2026-02-23T12:54:49.102+0000] {dagbag.py:539} INFO - Filling up the DagBag from /opt/airflow/dags/dag.py
[2026-02-23T12:54:49.340+0000] {processor.py:839} INFO - DAG(s) dict_keys(['pagination_dag']) retrieved from /opt/airflow/dags/dag.py
[2026-02-23T12:54:49.370+0000] {logging_mixin.py:151} INFO - [2026-02-23T12:54:49.370+0000] {dag.py:2915} INFO - Sync 1 DAGs
[2026-02-23T12:54:49.382+0000] {logging_mixin.py:151} INFO - [2026-02-23T12:54:49.381+0000] {dag.py:3696} INFO - Setting next_dagrun for pagination_dag to None, run_after=None
[2026-02-23T12:54:49.402+0000] {processor.py:179} INFO - Processing /opt/airflow/dags/dag.py took 0.305 seconds
[2026-02-23T12:55:19.588+0000] {processor.py:157} INFO - Started process (PID=1431) to work on /opt/airflow/dags/dag.py
[2026-02-23T12:55:19.589+0000] {processor.py:829} INFO - Processing file /opt/airflow/dags/dag.py for tasks to queue
[2026-02-23T12:55:19.590+0000] {logging_mixin.py:151} INFO - [2026-02-23T12:55:19.589+0000] {dagbag.py:539} INFO - Filling up the DagBag from /opt/airflow/dags/dag.py
[2026-02-23T12:55:19.821+0000] {processor.py:839} INFO - DAG(s) dict_keys(['pagination_dag']) retrieved from /opt/airflow/dags/dag.py
[2026-02-23T12:55:19.852+0000] {logging_mixin.py:151} INFO - [2026-02-23T12:55:19.852+0000] {dag.py:2915} INFO - Sync 1 DAGs
[2026-02-23T12:55:19.863+0000] {logging_mixin.py:151} INFO - [2026-02-23T12:55:19.863+0000] {dag.py:3696} INFO - Setting next_dagrun for pagination_dag to None, run_after=None
[2026-02-23T12:55:19.885+0000] {processor.py:179} INFO - Processing /opt/airflow/dags/dag.py took 0.300 seconds
[2026-02-23T12:55:50.067+0000] {processor.py:157} INFO - Started process (PID=1437) to work on /opt/airflow/dags/dag.py
[2026-02-23T12:55:50.068+0000] {processor.py:829} INFO - Processing file /opt/airflow/dags/dag.py for tasks to queue
[2026-02-23T12:55:50.069+0000] {logging_mixin.py:151} INFO - [2026-02-23T12:55:50.069+0000] {dagbag.py:539} INFO - Filling up the DagBag from /opt/airflow/dags/dag.py
[2026-02-23T12:55:50.304+0000] {processor.py:839} INFO - DAG(s) dict_keys(['pagination_dag']) retrieved from /opt/airflow/dags/dag.py
[2026-02-23T12:55:50.335+0000] {logging_mixin.py:151} INFO - [2026-02-23T12:55:50.334+0000] {dag.py:2915} INFO - Sync 1 DAGs
[2026-02-23T12:55:50.346+0000] {logging_mixin.py:151} INFO - [2026-02-23T12:55:50.346+0000] {dag.py:3696} INFO - Setting next_dagrun for pagination_dag to None, run_after=None
[2026-02-23T12:55:50.365+0000] {processor.py:179} INFO - Processing /opt/airflow/dags/dag.py took 0.301 seconds
[2026-02-23T12:56:20.550+0000] {processor.py:157} INFO - Started process (PID=1443) to work on /opt/airflow/dags/dag.py
[2026-02-23T12:56:20.551+0000] {processor.py:829} INFO - Processing file /opt/airflow/dags/dag.py for tasks to queue
[2026-02-23T12:56:20.552+0000] {logging_mixin.py:151} INFO - [2026-02-23T12:56:20.552+0000] {dagbag.py:539} INFO - Filling up the DagBag from /opt/airflow/dags/dag.py
[2026-02-23T12:56:20.791+0000] {processor.py:839} INFO - DAG(s) dict_keys(['pagination_dag']) retrieved from /opt/airflow/dags/dag.py
[2026-02-23T12:56:20.821+0000] {logging_mixin.py:151} INFO - [2026-02-23T12:56:20.821+0000] {dag.py:2915} INFO - Sync 1 DAGs
[2026-02-23T12:56:20.832+0000] {logging_mixin.py:151} INFO - [2026-02-23T12:56:20.832+0000] {dag.py:3696} INFO - Setting next_dagrun for pagination_dag to None, run_after=None
[2026-02-23T12:56:20.851+0000] {processor.py:179} INFO - Processing /opt/airflow/dags/dag.py took 0.304 seconds
[2026-02-23T12:56:51.043+0000] {processor.py:157} INFO - Started process (PID=1449) to work on /opt/airflow/dags/dag.py
[2026-02-23T12:56:51.044+0000] {processor.py:829} INFO - Processing file /opt/airflow/dags/dag.py for tasks to queue
[2026-02-23T12:56:51.045+0000] {logging_mixin.py:151} INFO - [2026-02-23T12:56:51.045+0000] {dagbag.py:539} INFO - Filling up the DagBag from /opt/airflow/dags/dag.py
[2026-02-23T12:56:51.297+0000] {processor.py:839} INFO - DAG(s) dict_keys(['pagination_dag']) retrieved from /opt/airflow/dags/dag.py
[2026-02-23T12:56:51.329+0000] {logging_mixin.py:151} INFO - [2026-02-23T12:56:51.329+0000] {dag.py:2915} INFO - Sync 1 DAGs
[2026-02-23T12:56:51.341+0000] {logging_mixin.py:151} INFO - [2026-02-23T12:56:51.341+0000] {dag.py:3696} INFO - Setting next_dagrun for pagination_dag to None, run_after=None
[2026-02-23T12:56:51.361+0000] {processor.py:179} INFO - Processing /opt/airflow/dags/dag.py took 0.321 seconds
[2026-02-23T12:57:21.547+0000] {processor.py:157} INFO - Started process (PID=1455) to work on /opt/airflow/dags/dag.py
[2026-02-23T12:57:21.548+0000] {processor.py:829} INFO - Processing file /opt/airflow/dags/dag.py for tasks to queue
[2026-02-23T12:57:21.549+0000] {logging_mixin.py:151} INFO - [2026-02-23T12:57:21.549+0000] {dagbag.py:539} INFO - Filling up the DagBag from /opt/airflow/dags/dag.py
[2026-02-23T12:57:21.779+0000] {processor.py:839} INFO - DAG(s) dict_keys(['pagination_dag']) retrieved from /opt/airflow/dags/dag.py
[2026-02-23T12:57:21.807+0000] {logging_mixin.py:151} INFO - [2026-02-23T12:57:21.807+0000] {dag.py:2915} INFO - Sync 1 DAGs
[2026-02-23T12:57:21.817+0000] {logging_mixin.py:151} INFO - [2026-02-23T12:57:21.817+0000] {dag.py:3696} INFO - Setting next_dagrun for pagination_dag to None, run_after=None
[2026-02-23T12:57:21.835+0000] {processor.py:179} INFO - Processing /opt/airflow/dags/dag.py took 0.291 seconds
[2026-02-23T12:57:52.029+0000] {processor.py:157} INFO - Started process (PID=1461) to work on /opt/airflow/dags/dag.py
[2026-02-23T12:57:52.030+0000] {processor.py:829} INFO - Processing file /opt/airflow/dags/dag.py for tasks to queue
[2026-02-23T12:57:52.031+0000] {logging_mixin.py:151} INFO - [2026-02-23T12:57:52.031+0000] {dagbag.py:539} INFO - Filling up the DagBag from /opt/airflow/dags/dag.py
[2026-02-23T12:57:52.264+0000] {processor.py:839} INFO - DAG(s) dict_keys(['pagination_dag']) retrieved from /opt/airflow/dags/dag.py
[2026-02-23T12:57:52.292+0000] {logging_mixin.py:151} INFO - [2026-02-23T12:57:52.292+0000] {dag.py:2915} INFO - Sync 1 DAGs
[2026-02-23T12:57:52.302+0000] {logging_mixin.py:151} INFO - [2026-02-23T12:57:52.302+0000] {dag.py:3696} INFO - Setting next_dagrun for pagination_dag to None, run_after=None
[2026-02-23T12:57:52.322+0000] {processor.py:179} INFO - Processing /opt/airflow/dags/dag.py took 0.296 seconds
[2026-02-23T12:58:22.502+0000] {processor.py:157} INFO - Started process (PID=1467) to work on /opt/airflow/dags/dag.py
[2026-02-23T12:58:22.503+0000] {processor.py:829} INFO - Processing file /opt/airflow/dags/dag.py for tasks to queue
[2026-02-23T12:58:22.504+0000] {logging_mixin.py:151} INFO - [2026-02-23T12:58:22.503+0000] {dagbag.py:539} INFO - Filling up the DagBag from /opt/airflow/dags/dag.py
[2026-02-23T12:58:22.735+0000] {processor.py:839} INFO - DAG(s) dict_keys(['pagination_dag']) retrieved from /opt/airflow/dags/dag.py
[2026-02-23T12:58:22.764+0000] {logging_mixin.py:151} INFO - [2026-02-23T12:58:22.763+0000] {dag.py:2915} INFO - Sync 1 DAGs
[2026-02-23T12:58:22.775+0000] {logging_mixin.py:151} INFO - [2026-02-23T12:58:22.775+0000] {dag.py:3696} INFO - Setting next_dagrun for pagination_dag to None, run_after=None
[2026-02-23T12:58:22.795+0000] {processor.py:179} INFO - Processing /opt/airflow/dags/dag.py took 0.296 seconds
[2026-02-23T12:58:52.988+0000] {processor.py:157} INFO - Started process (PID=1473) to work on /opt/airflow/dags/dag.py
[2026-02-23T12:58:52.989+0000] {processor.py:829} INFO - Processing file /opt/airflow/dags/dag.py for tasks to queue
[2026-02-23T12:58:52.990+0000] {logging_mixin.py:151} INFO - [2026-02-23T12:58:52.990+0000] {dagbag.py:539} INFO - Filling up the DagBag from /opt/airflow/dags/dag.py
[2026-02-23T12:58:53.228+0000] {processor.py:839} INFO - DAG(s) dict_keys(['pagination_dag']) retrieved from /opt/airflow/dags/dag.py
[2026-02-23T12:58:53.257+0000] {logging_mixin.py:151} INFO - [2026-02-23T12:58:53.256+0000] {dag.py:2915} INFO - Sync 1 DAGs
[2026-02-23T12:58:53.268+0000] {logging_mixin.py:151} INFO - [2026-02-23T12:58:53.268+0000] {dag.py:3696} INFO - Setting next_dagrun for pagination_dag to None, run_after=None
[2026-02-23T12:58:53.287+0000] {processor.py:179} INFO - Processing /opt/airflow/dags/dag.py took 0.302 seconds
[2026-02-23T12:59:23.472+0000] {processor.py:157} INFO - Started process (PID=1479) to work on /opt/airflow/dags/dag.py
[2026-02-23T12:59:23.473+0000] {processor.py:829} INFO - Processing file /opt/airflow/dags/dag.py for tasks to queue
[2026-02-23T12:59:23.474+0000] {logging_mixin.py:151} INFO - [2026-02-23T12:59:23.473+0000] {dagbag.py:539} INFO - Filling up the DagBag from /opt/airflow/dags/dag.py
[2026-02-23T12:59:23.704+0000] {processor.py:839} INFO - DAG(s) dict_keys(['pagination_dag']) retrieved from /opt/airflow/dags/dag.py
[2026-02-23T12:59:23.735+0000] {logging_mixin.py:151} INFO - [2026-02-23T12:59:23.735+0000] {dag.py:2915} INFO - Sync 1 DAGs
[2026-02-23T12:59:23.746+0000] {logging_mixin.py:151} INFO - [2026-02-23T12:59:23.746+0000] {dag.py:3696} INFO - Setting next_dagrun for pagination_dag to None, run_after=None
[2026-02-23T12:59:23.767+0000] {processor.py:179} INFO - Processing /opt/airflow/dags/dag.py took 0.298 seconds
[2026-02-23T12:59:53.956+0000] {processor.py:157} INFO - Started process (PID=1485) to work on /opt/airflow/dags/dag.py
[2026-02-23T12:59:53.957+0000] {processor.py:829} INFO - Processing file /opt/airflow/dags/dag.py for tasks to queue
[2026-02-23T12:59:53.958+0000] {logging_mixin.py:151} INFO - [2026-02-23T12:59:53.958+0000] {dagbag.py:539} INFO - Filling up the DagBag from /opt/airflow/dags/dag.py
[2026-02-23T12:59:54.196+0000] {processor.py:839} INFO - DAG(s) dict_keys(['pagination_dag']) retrieved from /opt/airflow/dags/dag.py
[2026-02-23T12:59:54.222+0000] {logging_mixin.py:151} INFO - [2026-02-23T12:59:54.222+0000] {dag.py:2915} INFO - Sync 1 DAGs
[2026-02-23T12:59:54.233+0000] {logging_mixin.py:151} INFO - [2026-02-23T12:59:54.233+0000] {dag.py:3696} INFO - Setting next_dagrun for pagination_dag to None, run_after=None
[2026-02-23T12:59:54.252+0000] {processor.py:179} INFO - Processing /opt/airflow/dags/dag.py took 0.299 seconds
[2026-02-23T13:00:24.449+0000] {processor.py:157} INFO - Started process (PID=1491) to work on /opt/airflow/dags/dag.py
[2026-02-23T13:00:24.450+0000] {processor.py:829} INFO - Processing file /opt/airflow/dags/dag.py for tasks to queue
[2026-02-23T13:00:24.451+0000] {logging_mixin.py:151} INFO - [2026-02-23T13:00:24.451+0000] {dagbag.py:539} INFO - Filling up the DagBag from /opt/airflow/dags/dag.py
[2026-02-23T13:00:24.702+0000] {processor.py:839} INFO - DAG(s) dict_keys(['pagination_dag']) retrieved from /opt/airflow/dags/dag.py
[2026-02-23T13:00:24.726+0000] {logging_mixin.py:151} INFO - [2026-02-23T13:00:24.726+0000] {dag.py:2915} INFO - Sync 1 DAGs
[2026-02-23T13:00:24.737+0000] {logging_mixin.py:151} INFO - [2026-02-23T13:00:24.737+0000] {dag.py:3696} INFO - Setting next_dagrun for pagination_dag to None, run_after=None
[2026-02-23T13:00:24.755+0000] {processor.py:179} INFO - Processing /opt/airflow/dags/dag.py took 0.310 seconds
[2026-02-23T13:00:54.953+0000] {processor.py:157} INFO - Started process (PID=1497) to work on /opt/airflow/dags/dag.py
[2026-02-23T13:00:54.954+0000] {processor.py:829} INFO - Processing file /opt/airflow/dags/dag.py for tasks to queue
[2026-02-23T13:00:54.956+0000] {logging_mixin.py:151} INFO - [2026-02-23T13:00:54.955+0000] {dagbag.py:539} INFO - Filling up the DagBag from /opt/airflow/dags/dag.py
[2026-02-23T13:00:55.196+0000] {processor.py:839} INFO - DAG(s) dict_keys(['pagination_dag']) retrieved from /opt/airflow/dags/dag.py
[2026-02-23T13:00:55.221+0000] {logging_mixin.py:151} INFO - [2026-02-23T13:00:55.221+0000] {dag.py:2915} INFO - Sync 1 DAGs
[2026-02-23T13:00:55.232+0000] {logging_mixin.py:151} INFO - [2026-02-23T13:00:55.232+0000] {dag.py:3696} INFO - Setting next_dagrun for pagination_dag to None, run_after=None
[2026-02-23T13:00:55.251+0000] {processor.py:179} INFO - Processing /opt/airflow/dags/dag.py took 0.302 seconds
[2026-02-23T13:01:25.442+0000] {processor.py:157} INFO - Started process (PID=1503) to work on /opt/airflow/dags/dag.py
[2026-02-23T13:01:25.443+0000] {processor.py:829} INFO - Processing file /opt/airflow/dags/dag.py for tasks to queue
[2026-02-23T13:01:25.444+0000] {logging_mixin.py:151} INFO - [2026-02-23T13:01:25.444+0000] {dagbag.py:539} INFO - Filling up the DagBag from /opt/airflow/dags/dag.py
[2026-02-23T13:01:25.696+0000] {processor.py:839} INFO - DAG(s) dict_keys(['pagination_dag']) retrieved from /opt/airflow/dags/dag.py
[2026-02-23T13:01:25.720+0000] {logging_mixin.py:151} INFO - [2026-02-23T13:01:25.720+0000] {dag.py:2915} INFO - Sync 1 DAGs
[2026-02-23T13:01:25.732+0000] {logging_mixin.py:151} INFO - [2026-02-23T13:01:25.732+0000] {dag.py:3696} INFO - Setting next_dagrun for pagination_dag to None, run_after=None
[2026-02-23T13:01:25.750+0000] {processor.py:179} INFO - Processing /opt/airflow/dags/dag.py took 0.311 seconds
[2026-02-23T13:01:55.938+0000] {processor.py:157} INFO - Started process (PID=1509) to work on /opt/airflow/dags/dag.py
[2026-02-23T13:01:55.939+0000] {processor.py:829} INFO - Processing file /opt/airflow/dags/dag.py for tasks to queue
[2026-02-23T13:01:55.940+0000] {logging_mixin.py:151} INFO - [2026-02-23T13:01:55.940+0000] {dagbag.py:539} INFO - Filling up the DagBag from /opt/airflow/dags/dag.py
[2026-02-23T13:01:56.177+0000] {processor.py:839} INFO - DAG(s) dict_keys(['pagination_dag']) retrieved from /opt/airflow/dags/dag.py
[2026-02-23T13:01:56.202+0000] {logging_mixin.py:151} INFO - [2026-02-23T13:01:56.202+0000] {dag.py:2915} INFO - Sync 1 DAGs
[2026-02-23T13:01:56.213+0000] {logging_mixin.py:151} INFO - [2026-02-23T13:01:56.212+0000] {dag.py:3696} INFO - Setting next_dagrun for pagination_dag to None, run_after=None
[2026-02-23T13:01:56.230+0000] {processor.py:179} INFO - Processing /opt/airflow/dags/dag.py took 0.295 seconds
[2026-02-23T13:02:26.421+0000] {processor.py:157} INFO - Started process (PID=1515) to work on /opt/airflow/dags/dag.py
[2026-02-23T13:02:26.422+0000] {processor.py:829} INFO - Processing file /opt/airflow/dags/dag.py for tasks to queue
[2026-02-23T13:02:26.423+0000] {logging_mixin.py:151} INFO - [2026-02-23T13:02:26.423+0000] {dagbag.py:539} INFO - Filling up the DagBag from /opt/airflow/dags/dag.py
[2026-02-23T13:02:26.661+0000] {processor.py:839} INFO - DAG(s) dict_keys(['pagination_dag']) retrieved from /opt/airflow/dags/dag.py
[2026-02-23T13:02:26.687+0000] {logging_mixin.py:151} INFO - [2026-02-23T13:02:26.687+0000] {dag.py:2915} INFO - Sync 1 DAGs
[2026-02-23T13:02:26.699+0000] {logging_mixin.py:151} INFO - [2026-02-23T13:02:26.699+0000] {dag.py:3696} INFO - Setting next_dagrun for pagination_dag to None, run_after=None
[2026-02-23T13:02:26.719+0000] {processor.py:179} INFO - Processing /opt/airflow/dags/dag.py took 0.301 seconds
[2026-02-23T13:02:56.904+0000] {processor.py:157} INFO - Started process (PID=1521) to work on /opt/airflow/dags/dag.py
[2026-02-23T13:02:56.905+0000] {processor.py:829} INFO - Processing file /opt/airflow/dags/dag.py for tasks to queue
[2026-02-23T13:02:56.906+0000] {logging_mixin.py:151} INFO - [2026-02-23T13:02:56.906+0000] {dagbag.py:539} INFO - Filling up the DagBag from /opt/airflow/dags/dag.py
[2026-02-23T13:02:57.152+0000] {processor.py:839} INFO - DAG(s) dict_keys(['pagination_dag']) retrieved from /opt/airflow/dags/dag.py
[2026-02-23T13:02:57.177+0000] {logging_mixin.py:151} INFO - [2026-02-23T13:02:57.177+0000] {dag.py:2915} INFO - Sync 1 DAGs
[2026-02-23T13:02:57.187+0000] {logging_mixin.py:151} INFO - [2026-02-23T13:02:57.187+0000] {dag.py:3696} INFO - Setting next_dagrun for pagination_dag to None, run_after=None
[2026-02-23T13:02:57.208+0000] {processor.py:179} INFO - Processing /opt/airflow/dags/dag.py took 0.307 seconds
[2026-02-23T13:03:27.397+0000] {processor.py:157} INFO - Started process (PID=1527) to work on /opt/airflow/dags/dag.py
[2026-02-23T13:03:27.398+0000] {processor.py:829} INFO - Processing file /opt/airflow/dags/dag.py for tasks to queue
[2026-02-23T13:03:27.399+0000] {logging_mixin.py:151} INFO - [2026-02-23T13:03:27.399+0000] {dagbag.py:539} INFO - Filling up the DagBag from /opt/airflow/dags/dag.py
[2026-02-23T13:03:27.646+0000] {processor.py:839} INFO - DAG(s) dict_keys(['pagination_dag']) retrieved from /opt/airflow/dags/dag.py
[2026-02-23T13:03:27.671+0000] {logging_mixin.py:151} INFO - [2026-02-23T13:03:27.670+0000] {dag.py:2915} INFO - Sync 1 DAGs
[2026-02-23T13:03:27.681+0000] {logging_mixin.py:151} INFO - [2026-02-23T13:03:27.681+0000] {dag.py:3696} INFO - Setting next_dagrun for pagination_dag to None, run_after=None
[2026-02-23T13:03:27.699+0000] {processor.py:179} INFO - Processing /opt/airflow/dags/dag.py took 0.305 seconds
[2026-02-23T13:03:57.886+0000] {processor.py:157} INFO - Started process (PID=1533) to work on /opt/airflow/dags/dag.py
[2026-02-23T13:03:57.887+0000] {processor.py:829} INFO - Processing file /opt/airflow/dags/dag.py for tasks to queue
[2026-02-23T13:03:57.888+0000] {logging_mixin.py:151} INFO - [2026-02-23T13:03:57.888+0000] {dagbag.py:539} INFO - Filling up the DagBag from /opt/airflow/dags/dag.py
[2026-02-23T13:03:58.129+0000] {processor.py:839} INFO - DAG(s) dict_keys(['pagination_dag']) retrieved from /opt/airflow/dags/dag.py
[2026-02-23T13:03:58.155+0000] {logging_mixin.py:151} INFO - [2026-02-23T13:03:58.154+0000] {dag.py:2915} INFO - Sync 1 DAGs
[2026-02-23T13:03:58.166+0000] {logging_mixin.py:151} INFO - [2026-02-23T13:03:58.166+0000] {dag.py:3696} INFO - Setting next_dagrun for pagination_dag to None, run_after=None
[2026-02-23T13:03:58.185+0000] {processor.py:179} INFO - Processing /opt/airflow/dags/dag.py took 0.302 seconds
[2026-02-23T13:04:28.374+0000] {processor.py:157} INFO - Started process (PID=1539) to work on /opt/airflow/dags/dag.py
[2026-02-23T13:04:28.375+0000] {processor.py:829} INFO - Processing file /opt/airflow/dags/dag.py for tasks to queue
[2026-02-23T13:04:28.376+0000] {logging_mixin.py:151} INFO - [2026-02-23T13:04:28.376+0000] {dagbag.py:539} INFO - Filling up the DagBag from /opt/airflow/dags/dag.py
[2026-02-23T13:04:28.624+0000] {processor.py:839} INFO - DAG(s) dict_keys(['pagination_dag']) retrieved from /opt/airflow/dags/dag.py
[2026-02-23T13:04:28.649+0000] {logging_mixin.py:151} INFO - [2026-02-23T13:04:28.649+0000] {dag.py:2915} INFO - Sync 1 DAGs
[2026-02-23T13:04:28.660+0000] {logging_mixin.py:151} INFO - [2026-02-23T13:04:28.660+0000] {dag.py:3696} INFO - Setting next_dagrun for pagination_dag to None, run_after=None
[2026-02-23T13:04:28.680+0000] {processor.py:179} INFO - Processing /opt/airflow/dags/dag.py took 0.310 seconds
[2026-02-23T13:04:58.857+0000] {processor.py:157} INFO - Started process (PID=1545) to work on /opt/airflow/dags/dag.py
[2026-02-23T13:04:58.858+0000] {processor.py:829} INFO - Processing file /opt/airflow/dags/dag.py for tasks to queue
[2026-02-23T13:04:58.859+0000] {logging_mixin.py:151} INFO - [2026-02-23T13:04:58.858+0000] {dagbag.py:539} INFO - Filling up the DagBag from /opt/airflow/dags/dag.py
[2026-02-23T13:04:59.098+0000] {processor.py:839} INFO - DAG(s) dict_keys(['pagination_dag']) retrieved from /opt/airflow/dags/dag.py
[2026-02-23T13:04:59.124+0000] {logging_mixin.py:151} INFO - [2026-02-23T13:04:59.124+0000] {dag.py:2915} INFO - Sync 1 DAGs
[2026-02-23T13:04:59.135+0000] {logging_mixin.py:151} INFO - [2026-02-23T13:04:59.135+0000] {dag.py:3696} INFO - Setting next_dagrun for pagination_dag to None, run_after=None
[2026-02-23T13:04:59.153+0000] {processor.py:179} INFO - Processing /opt/airflow/dags/dag.py took 0.299 seconds
[2026-02-23T13:05:29.351+0000] {processor.py:157} INFO - Started process (PID=1551) to work on /opt/airflow/dags/dag.py
[2026-02-23T13:05:29.352+0000] {processor.py:829} INFO - Processing file /opt/airflow/dags/dag.py for tasks to queue
[2026-02-23T13:05:29.353+0000] {logging_mixin.py:151} INFO - [2026-02-23T13:05:29.352+0000] {dagbag.py:539} INFO - Filling up the DagBag from /opt/airflow/dags/dag.py
[2026-02-23T13:05:29.597+0000] {processor.py:839} INFO - DAG(s) dict_keys(['pagination_dag']) retrieved from /opt/airflow/dags/dag.py
[2026-02-23T13:05:29.622+0000] {logging_mixin.py:151} INFO - [2026-02-23T13:05:29.622+0000] {dag.py:2915} INFO - Sync 1 DAGs
[2026-02-23T13:05:29.633+0000] {logging_mixin.py:151} INFO - [2026-02-23T13:05:29.633+0000] {dag.py:3696} INFO - Setting next_dagrun for pagination_dag to None, run_after=None
[2026-02-23T13:05:29.651+0000] {processor.py:179} INFO - Processing /opt/airflow/dags/dag.py took 0.305 seconds
[2026-02-23T13:05:59.839+0000] {processor.py:157} INFO - Started process (PID=1557) to work on /opt/airflow/dags/dag.py
[2026-02-23T13:05:59.840+0000] {processor.py:829} INFO - Processing file /opt/airflow/dags/dag.py for tasks to queue
[2026-02-23T13:05:59.841+0000] {logging_mixin.py:151} INFO - [2026-02-23T13:05:59.841+0000] {dagbag.py:539} INFO - Filling up the DagBag from /opt/airflow/dags/dag.py
[2026-02-23T13:06:00.087+0000] {processor.py:839} INFO - DAG(s) dict_keys(['pagination_dag']) retrieved from /opt/airflow/dags/dag.py
[2026-02-23T13:06:00.113+0000] {logging_mixin.py:151} INFO - [2026-02-23T13:06:00.113+0000] {dag.py:2915} INFO - Sync 1 DAGs
[2026-02-23T13:06:00.124+0000] {logging_mixin.py:151} INFO - [2026-02-23T13:06:00.124+0000] {dag.py:3696} INFO - Setting next_dagrun for pagination_dag to None, run_after=None
[2026-02-23T13:06:00.144+0000] {processor.py:179} INFO - Processing /opt/airflow/dags/dag.py took 0.308 seconds
[2026-02-23T13:06:30.341+0000] {processor.py:157} INFO - Started process (PID=1563) to work on /opt/airflow/dags/dag.py
[2026-02-23T13:06:30.342+0000] {processor.py:829} INFO - Processing file /opt/airflow/dags/dag.py for tasks to queue
[2026-02-23T13:06:30.343+0000] {logging_mixin.py:151} INFO - [2026-02-23T13:06:30.342+0000] {dagbag.py:539} INFO - Filling up the DagBag from /opt/airflow/dags/dag.py
[2026-02-23T13:06:30.608+0000] {processor.py:839} INFO - DAG(s) dict_keys(['pagination_dag']) retrieved from /opt/airflow/dags/dag.py
[2026-02-23T13:06:30.636+0000] {logging_mixin.py:151} INFO - [2026-02-23T13:06:30.636+0000] {dag.py:2915} INFO - Sync 1 DAGs
[2026-02-23T13:06:30.648+0000] {logging_mixin.py:151} INFO - [2026-02-23T13:06:30.648+0000] {dag.py:3696} INFO - Setting next_dagrun for pagination_dag to None, run_after=None
[2026-02-23T13:06:30.670+0000] {processor.py:179} INFO - Processing /opt/airflow/dags/dag.py took 0.332 seconds
[2026-02-23T13:07:00.870+0000] {processor.py:157} INFO - Started process (PID=1569) to work on /opt/airflow/dags/dag.py
[2026-02-23T13:07:00.871+0000] {processor.py:829} INFO - Processing file /opt/airflow/dags/dag.py for tasks to queue
[2026-02-23T13:07:00.871+0000] {logging_mixin.py:151} INFO - [2026-02-23T13:07:00.871+0000] {dagbag.py:539} INFO - Filling up the DagBag from /opt/airflow/dags/dag.py
[2026-02-23T13:07:01.110+0000] {processor.py:839} INFO - DAG(s) dict_keys(['pagination_dag']) retrieved from /opt/airflow/dags/dag.py
[2026-02-23T13:07:01.135+0000] {logging_mixin.py:151} INFO - [2026-02-23T13:07:01.134+0000] {dag.py:2915} INFO - Sync 1 DAGs
[2026-02-23T13:07:01.147+0000] {logging_mixin.py:151} INFO - [2026-02-23T13:07:01.146+0000] {dag.py:3696} INFO - Setting next_dagrun for pagination_dag to None, run_after=None
[2026-02-23T13:07:01.168+0000] {processor.py:179} INFO - Processing /opt/airflow/dags/dag.py took 0.302 seconds
[2026-02-23T13:07:31.362+0000] {processor.py:157} INFO - Started process (PID=1575) to work on /opt/airflow/dags/dag.py
[2026-02-23T13:07:31.363+0000] {processor.py:829} INFO - Processing file /opt/airflow/dags/dag.py for tasks to queue
[2026-02-23T13:07:31.364+0000] {logging_mixin.py:151} INFO - [2026-02-23T13:07:31.364+0000] {dagbag.py:539} INFO - Filling up the DagBag from /opt/airflow/dags/dag.py
[2026-02-23T13:07:31.605+0000] {processor.py:839} INFO - DAG(s) dict_keys(['pagination_dag']) retrieved from /opt/airflow/dags/dag.py
[2026-02-23T13:07:31.630+0000] {logging_mixin.py:151} INFO - [2026-02-23T13:07:31.630+0000] {dag.py:2915} INFO - Sync 1 DAGs
[2026-02-23T13:07:31.641+0000] {logging_mixin.py:151} INFO - [2026-02-23T13:07:31.640+0000] {dag.py:3696} INFO - Setting next_dagrun for pagination_dag to None, run_after=None
[2026-02-23T13:07:31.660+0000] {processor.py:179} INFO - Processing /opt/airflow/dags/dag.py took 0.301 seconds
[2026-02-23T13:08:01.861+0000] {processor.py:157} INFO - Started process (PID=1581) to work on /opt/airflow/dags/dag.py
[2026-02-23T13:08:01.862+0000] {processor.py:829} INFO - Processing file /opt/airflow/dags/dag.py for tasks to queue
[2026-02-23T13:08:01.863+0000] {logging_mixin.py:151} INFO - [2026-02-23T13:08:01.862+0000] {dagbag.py:539} INFO - Filling up the DagBag from /opt/airflow/dags/dag.py
[2026-02-23T13:08:02.123+0000] {processor.py:839} INFO - DAG(s) dict_keys(['pagination_dag']) retrieved from /opt/airflow/dags/dag.py
[2026-02-23T13:08:02.149+0000] {logging_mixin.py:151} INFO - [2026-02-23T13:08:02.149+0000] {dag.py:2915} INFO - Sync 1 DAGs
[2026-02-23T13:08:02.161+0000] {logging_mixin.py:151} INFO - [2026-02-23T13:08:02.160+0000] {dag.py:3696} INFO - Setting next_dagrun for pagination_dag to None, run_after=None
[2026-02-23T13:08:02.179+0000] {processor.py:179} INFO - Processing /opt/airflow/dags/dag.py took 0.322 seconds
[2026-02-23T13:08:32.369+0000] {processor.py:157} INFO - Started process (PID=1587) to work on /opt/airflow/dags/dag.py
[2026-02-23T13:08:32.371+0000] {processor.py:829} INFO - Processing file /opt/airflow/dags/dag.py for tasks to queue
[2026-02-23T13:08:32.371+0000] {logging_mixin.py:151} INFO - [2026-02-23T13:08:32.371+0000] {dagbag.py:539} INFO - Filling up the DagBag from /opt/airflow/dags/dag.py
[2026-02-23T13:08:32.614+0000] {processor.py:839} INFO - DAG(s) dict_keys(['pagination_dag']) retrieved from /opt/airflow/dags/dag.py
[2026-02-23T13:08:32.638+0000] {logging_mixin.py:151} INFO - [2026-02-23T13:08:32.638+0000] {dag.py:2915} INFO - Sync 1 DAGs
[2026-02-23T13:08:32.649+0000] {logging_mixin.py:151} INFO - [2026-02-23T13:08:32.649+0000] {dag.py:3696} INFO - Setting next_dagrun for pagination_dag to None, run_after=None
[2026-02-23T13:08:32.667+0000] {processor.py:179} INFO - Processing /opt/airflow/dags/dag.py took 0.301 seconds
[2026-02-23T13:09:02.864+0000] {processor.py:157} INFO - Started process (PID=1593) to work on /opt/airflow/dags/dag.py
[2026-02-23T13:09:02.865+0000] {processor.py:829} INFO - Processing file /opt/airflow/dags/dag.py for tasks to queue
[2026-02-23T13:09:02.865+0000] {logging_mixin.py:151} INFO - [2026-02-23T13:09:02.865+0000] {dagbag.py:539} INFO - Filling up the DagBag from /opt/airflow/dags/dag.py
[2026-02-23T13:09:03.109+0000] {processor.py:839} INFO - DAG(s) dict_keys(['pagination_dag']) retrieved from /opt/airflow/dags/dag.py
[2026-02-23T13:09:03.134+0000] {logging_mixin.py:151} INFO - [2026-02-23T13:09:03.133+0000] {dag.py:2915} INFO - Sync 1 DAGs
[2026-02-23T13:09:03.145+0000] {logging_mixin.py:151} INFO - [2026-02-23T13:09:03.144+0000] {dag.py:3696} INFO - Setting next_dagrun for pagination_dag to None, run_after=None
[2026-02-23T13:09:03.167+0000] {processor.py:179} INFO - Processing /opt/airflow/dags/dag.py took 0.306 seconds
[2026-02-23T13:09:33.381+0000] {processor.py:157} INFO - Started process (PID=1599) to work on /opt/airflow/dags/dag.py
[2026-02-23T13:09:33.382+0000] {processor.py:829} INFO - Processing file /opt/airflow/dags/dag.py for tasks to queue
[2026-02-23T13:09:33.384+0000] {logging_mixin.py:151} INFO - [2026-02-23T13:09:33.383+0000] {dagbag.py:539} INFO - Filling up the DagBag from /opt/airflow/dags/dag.py
[2026-02-23T13:09:33.626+0000] {processor.py:839} INFO - DAG(s) dict_keys(['pagination_dag']) retrieved from /opt/airflow/dags/dag.py
[2026-02-23T13:09:33.650+0000] {logging_mixin.py:151} INFO - [2026-02-23T13:09:33.650+0000] {dag.py:2915} INFO - Sync 1 DAGs
[2026-02-23T13:09:33.661+0000] {logging_mixin.py:151} INFO - [2026-02-23T13:09:33.661+0000] {dag.py:3696} INFO - Setting next_dagrun for pagination_dag to None, run_after=None
[2026-02-23T13:09:33.681+0000] {processor.py:179} INFO - Processing /opt/airflow/dags/dag.py took 0.302 seconds
[2026-02-23T13:10:03.875+0000] {processor.py:157} INFO - Started process (PID=1605) to work on /opt/airflow/dags/dag.py
[2026-02-23T13:10:03.876+0000] {processor.py:829} INFO - Processing file /opt/airflow/dags/dag.py for tasks to queue
[2026-02-23T13:10:03.877+0000] {logging_mixin.py:151} INFO - [2026-02-23T13:10:03.877+0000] {dagbag.py:539} INFO - Filling up the DagBag from /opt/airflow/dags/dag.py
[2026-02-23T13:10:04.110+0000] {processor.py:839} INFO - DAG(s) dict_keys(['pagination_dag']) retrieved from /opt/airflow/dags/dag.py
[2026-02-23T13:10:04.137+0000] {logging_mixin.py:151} INFO - [2026-02-23T13:10:04.136+0000] {dag.py:2915} INFO - Sync 1 DAGs
[2026-02-23T13:10:04.148+0000] {logging_mixin.py:151} INFO - [2026-02-23T13:10:04.148+0000] {dag.py:3696} INFO - Setting next_dagrun for pagination_dag to None, run_after=None
[2026-02-23T13:10:04.171+0000] {processor.py:179} INFO - Processing /opt/airflow/dags/dag.py took 0.300 seconds
[2026-02-23T13:10:34.385+0000] {processor.py:157} INFO - Started process (PID=1611) to work on /opt/airflow/dags/dag.py
[2026-02-23T13:10:34.386+0000] {processor.py:829} INFO - Processing file /opt/airflow/dags/dag.py for tasks to queue
[2026-02-23T13:10:34.387+0000] {logging_mixin.py:151} INFO - [2026-02-23T13:10:34.387+0000] {dagbag.py:539} INFO - Filling up the DagBag from /opt/airflow/dags/dag.py
[2026-02-23T13:10:34.652+0000] {processor.py:839} INFO - DAG(s) dict_keys(['pagination_dag']) retrieved from /opt/airflow/dags/dag.py
[2026-02-23T13:10:34.678+0000] {logging_mixin.py:151} INFO - [2026-02-23T13:10:34.677+0000] {dag.py:2915} INFO - Sync 1 DAGs
[2026-02-23T13:10:34.689+0000] {logging_mixin.py:151} INFO - [2026-02-23T13:10:34.689+0000] {dag.py:3696} INFO - Setting next_dagrun for pagination_dag to None, run_after=None
[2026-02-23T13:10:34.709+0000] {processor.py:179} INFO - Processing /opt/airflow/dags/dag.py took 0.328 seconds
[2026-02-23T13:11:04.901+0000] {processor.py:157} INFO - Started process (PID=1617) to work on /opt/airflow/dags/dag.py
[2026-02-23T13:11:04.902+0000] {processor.py:829} INFO - Processing file /opt/airflow/dags/dag.py for tasks to queue
[2026-02-23T13:11:04.903+0000] {logging_mixin.py:151} INFO - [2026-02-23T13:11:04.903+0000] {dagbag.py:539} INFO - Filling up the DagBag from /opt/airflow/dags/dag.py
[2026-02-23T13:11:05.147+0000] {processor.py:839} INFO - DAG(s) dict_keys(['pagination_dag']) retrieved from /opt/airflow/dags/dag.py
[2026-02-23T13:11:05.172+0000] {logging_mixin.py:151} INFO - [2026-02-23T13:11:05.171+0000] {dag.py:2915} INFO - Sync 1 DAGs
[2026-02-23T13:11:05.182+0000] {logging_mixin.py:151} INFO - [2026-02-23T13:11:05.182+0000] {dag.py:3696} INFO - Setting next_dagrun for pagination_dag to None, run_after=None
[2026-02-23T13:11:05.201+0000] {processor.py:179} INFO - Processing /opt/airflow/dags/dag.py took 0.304 seconds
[2026-02-23T13:11:35.388+0000] {processor.py:157} INFO - Started process (PID=1623) to work on /opt/airflow/dags/dag.py
[2026-02-23T13:11:35.389+0000] {processor.py:829} INFO - Processing file /opt/airflow/dags/dag.py for tasks to queue
[2026-02-23T13:11:35.390+0000] {logging_mixin.py:151} INFO - [2026-02-23T13:11:35.390+0000] {dagbag.py:539} INFO - Filling up the DagBag from /opt/airflow/dags/dag.py
[2026-02-23T13:11:35.646+0000] {processor.py:839} INFO - DAG(s) dict_keys(['pagination_dag']) retrieved from /opt/airflow/dags/dag.py
[2026-02-23T13:11:35.671+0000] {logging_mixin.py:151} INFO - [2026-02-23T13:11:35.671+0000] {dag.py:2915} INFO - Sync 1 DAGs
[2026-02-23T13:11:35.682+0000] {logging_mixin.py:151} INFO - [2026-02-23T13:11:35.682+0000] {dag.py:3696} INFO - Setting next_dagrun for pagination_dag to None, run_after=None
[2026-02-23T13:11:35.702+0000] {processor.py:179} INFO - Processing /opt/airflow/dags/dag.py took 0.317 seconds
[2026-02-23T13:12:06.030+0000] {processor.py:157} INFO - Started process (PID=1629) to work on /opt/airflow/dags/dag.py
[2026-02-23T13:12:06.031+0000] {processor.py:829} INFO - Processing file /opt/airflow/dags/dag.py for tasks to queue
[2026-02-23T13:12:06.033+0000] {logging_mixin.py:151} INFO - [2026-02-23T13:12:06.032+0000] {dagbag.py:539} INFO - Filling up the DagBag from /opt/airflow/dags/dag.py
[2026-02-23T13:12:06.311+0000] {processor.py:839} INFO - DAG(s) dict_keys(['pagination_dag']) retrieved from /opt/airflow/dags/dag.py
[2026-02-23T13:12:06.339+0000] {logging_mixin.py:151} INFO - [2026-02-23T13:12:06.339+0000] {dag.py:2915} INFO - Sync 1 DAGs
[2026-02-23T13:12:06.351+0000] {logging_mixin.py:151} INFO - [2026-02-23T13:12:06.351+0000] {dag.py:3696} INFO - Setting next_dagrun for pagination_dag to None, run_after=None
[2026-02-23T13:12:06.372+0000] {processor.py:179} INFO - Processing /opt/airflow/dags/dag.py took 0.346 seconds
[2026-02-23T13:12:36.562+0000] {processor.py:157} INFO - Started process (PID=1635) to work on /opt/airflow/dags/dag.py
[2026-02-23T13:12:36.563+0000] {processor.py:829} INFO - Processing file /opt/airflow/dags/dag.py for tasks to queue
[2026-02-23T13:12:36.564+0000] {logging_mixin.py:151} INFO - [2026-02-23T13:12:36.564+0000] {dagbag.py:539} INFO - Filling up the DagBag from /opt/airflow/dags/dag.py
[2026-02-23T13:12:36.822+0000] {processor.py:839} INFO - DAG(s) dict_keys(['pagination_dag']) retrieved from /opt/airflow/dags/dag.py
[2026-02-23T13:12:36.849+0000] {logging_mixin.py:151} INFO - [2026-02-23T13:12:36.849+0000] {dag.py:2915} INFO - Sync 1 DAGs
[2026-02-23T13:12:36.861+0000] {logging_mixin.py:151} INFO - [2026-02-23T13:12:36.861+0000] {dag.py:3696} INFO - Setting next_dagrun for pagination_dag to None, run_after=None
[2026-02-23T13:12:36.880+0000] {processor.py:179} INFO - Processing /opt/airflow/dags/dag.py took 0.322 seconds
[2026-02-23T13:13:07.065+0000] {processor.py:157} INFO - Started process (PID=1641) to work on /opt/airflow/dags/dag.py
[2026-02-23T13:13:07.067+0000] {processor.py:829} INFO - Processing file /opt/airflow/dags/dag.py for tasks to queue
[2026-02-23T13:13:07.069+0000] {logging_mixin.py:151} INFO - [2026-02-23T13:13:07.069+0000] {dagbag.py:539} INFO - Filling up the DagBag from /opt/airflow/dags/dag.py
[2026-02-23T13:13:07.337+0000] {processor.py:839} INFO - DAG(s) dict_keys(['pagination_dag']) retrieved from /opt/airflow/dags/dag.py
[2026-02-23T13:13:07.365+0000] {logging_mixin.py:151} INFO - [2026-02-23T13:13:07.365+0000] {dag.py:2915} INFO - Sync 1 DAGs
[2026-02-23T13:13:07.376+0000] {logging_mixin.py:151} INFO - [2026-02-23T13:13:07.376+0000] {dag.py:3696} INFO - Setting next_dagrun for pagination_dag to None, run_after=None
[2026-02-23T13:13:07.396+0000] {processor.py:179} INFO - Processing /opt/airflow/dags/dag.py took 0.335 seconds
[2026-02-23T13:13:37.614+0000] {processor.py:157} INFO - Started process (PID=1647) to work on /opt/airflow/dags/dag.py
[2026-02-23T13:13:37.615+0000] {processor.py:829} INFO - Processing file /opt/airflow/dags/dag.py for tasks to queue
[2026-02-23T13:13:37.617+0000] {logging_mixin.py:151} INFO - [2026-02-23T13:13:37.616+0000] {dagbag.py:539} INFO - Filling up the DagBag from /opt/airflow/dags/dag.py
[2026-02-23T13:13:38.053+0000] {processor.py:839} INFO - DAG(s) dict_keys(['pagination_dag']) retrieved from /opt/airflow/dags/dag.py
[2026-02-23T13:13:38.087+0000] {logging_mixin.py:151} INFO - [2026-02-23T13:13:38.087+0000] {dag.py:2915} INFO - Sync 1 DAGs
[2026-02-23T13:13:38.114+0000] {logging_mixin.py:151} INFO - [2026-02-23T13:13:38.113+0000] {dag.py:3696} INFO - Setting next_dagrun for pagination_dag to None, run_after=None
[2026-02-23T13:13:38.168+0000] {processor.py:179} INFO - Processing /opt/airflow/dags/dag.py took 0.558 seconds
[2026-02-23T13:14:08.413+0000] {processor.py:157} INFO - Started process (PID=1653) to work on /opt/airflow/dags/dag.py
[2026-02-23T13:14:08.415+0000] {processor.py:829} INFO - Processing file /opt/airflow/dags/dag.py for tasks to queue
[2026-02-23T13:14:08.416+0000] {logging_mixin.py:151} INFO - [2026-02-23T13:14:08.416+0000] {dagbag.py:539} INFO - Filling up the DagBag from /opt/airflow/dags/dag.py
[2026-02-23T13:14:08.696+0000] {processor.py:839} INFO - DAG(s) dict_keys(['pagination_dag']) retrieved from /opt/airflow/dags/dag.py
[2026-02-23T13:14:08.725+0000] {logging_mixin.py:151} INFO - [2026-02-23T13:14:08.724+0000] {dag.py:2915} INFO - Sync 1 DAGs
[2026-02-23T13:14:08.737+0000] {logging_mixin.py:151} INFO - [2026-02-23T13:14:08.736+0000] {dag.py:3696} INFO - Setting next_dagrun for pagination_dag to None, run_after=None
[2026-02-23T13:14:08.760+0000] {processor.py:179} INFO - Processing /opt/airflow/dags/dag.py took 0.352 seconds
[2026-02-23T13:14:38.997+0000] {processor.py:157} INFO - Started process (PID=1659) to work on /opt/airflow/dags/dag.py
[2026-02-23T13:14:38.998+0000] {processor.py:829} INFO - Processing file /opt/airflow/dags/dag.py for tasks to queue
[2026-02-23T13:14:38.999+0000] {logging_mixin.py:151} INFO - [2026-02-23T13:14:38.998+0000] {dagbag.py:539} INFO - Filling up the DagBag from /opt/airflow/dags/dag.py
[2026-02-23T13:14:39.269+0000] {processor.py:839} INFO - DAG(s) dict_keys(['pagination_dag']) retrieved from /opt/airflow/dags/dag.py
[2026-02-23T13:14:39.293+0000] {logging_mixin.py:151} INFO - [2026-02-23T13:14:39.292+0000] {dag.py:2915} INFO - Sync 1 DAGs
[2026-02-23T13:14:39.304+0000] {logging_mixin.py:151} INFO - [2026-02-23T13:14:39.304+0000] {dag.py:3696} INFO - Setting next_dagrun for pagination_dag to None, run_after=None
[2026-02-23T13:14:39.329+0000] {processor.py:179} INFO - Processing /opt/airflow/dags/dag.py took 0.335 seconds
[2026-02-23T13:15:09.541+0000] {processor.py:157} INFO - Started process (PID=1665) to work on /opt/airflow/dags/dag.py
[2026-02-23T13:15:09.543+0000] {processor.py:829} INFO - Processing file /opt/airflow/dags/dag.py for tasks to queue
[2026-02-23T13:15:09.544+0000] {logging_mixin.py:151} INFO - [2026-02-23T13:15:09.544+0000] {dagbag.py:539} INFO - Filling up the DagBag from /opt/airflow/dags/dag.py
[2026-02-23T13:15:09.822+0000] {processor.py:839} INFO - DAG(s) dict_keys(['pagination_dag']) retrieved from /opt/airflow/dags/dag.py
[2026-02-23T13:15:09.847+0000] {logging_mixin.py:151} INFO - [2026-02-23T13:15:09.847+0000] {dag.py:2915} INFO - Sync 1 DAGs
[2026-02-23T13:15:09.859+0000] {logging_mixin.py:151} INFO - [2026-02-23T13:15:09.859+0000] {dag.py:3696} INFO - Setting next_dagrun for pagination_dag to None, run_after=None
[2026-02-23T13:15:09.879+0000] {processor.py:179} INFO - Processing /opt/airflow/dags/dag.py took 0.343 seconds
[2026-02-23T13:15:40.074+0000] {processor.py:157} INFO - Started process (PID=1671) to work on /opt/airflow/dags/dag.py
[2026-02-23T13:15:40.075+0000] {processor.py:829} INFO - Processing file /opt/airflow/dags/dag.py for tasks to queue
[2026-02-23T13:15:40.076+0000] {logging_mixin.py:151} INFO - [2026-02-23T13:15:40.076+0000] {dagbag.py:539} INFO - Filling up the DagBag from /opt/airflow/dags/dag.py
[2026-02-23T13:15:40.476+0000] {processor.py:839} INFO - DAG(s) dict_keys(['pagination_dag']) retrieved from /opt/airflow/dags/dag.py
[2026-02-23T13:15:40.508+0000] {logging_mixin.py:151} INFO - [2026-02-23T13:15:40.507+0000] {dag.py:2915} INFO - Sync 1 DAGs
[2026-02-23T13:15:40.518+0000] {logging_mixin.py:151} INFO - [2026-02-23T13:15:40.518+0000] {dag.py:3696} INFO - Setting next_dagrun for pagination_dag to None, run_after=None
[2026-02-23T13:15:40.536+0000] {processor.py:179} INFO - Processing /opt/airflow/dags/dag.py took 0.466 seconds
[2026-02-23T13:16:10.746+0000] {processor.py:157} INFO - Started process (PID=1677) to work on /opt/airflow/dags/dag.py
[2026-02-23T13:16:10.748+0000] {processor.py:829} INFO - Processing file /opt/airflow/dags/dag.py for tasks to queue
[2026-02-23T13:16:10.749+0000] {logging_mixin.py:151} INFO - [2026-02-23T13:16:10.749+0000] {dagbag.py:539} INFO - Filling up the DagBag from /opt/airflow/dags/dag.py
[2026-02-23T13:16:10.998+0000] {processor.py:839} INFO - DAG(s) dict_keys(['pagination_dag']) retrieved from /opt/airflow/dags/dag.py
[2026-02-23T13:16:11.023+0000] {logging_mixin.py:151} INFO - [2026-02-23T13:16:11.022+0000] {dag.py:2915} INFO - Sync 1 DAGs
[2026-02-23T13:16:11.034+0000] {logging_mixin.py:151} INFO - [2026-02-23T13:16:11.034+0000] {dag.py:3696} INFO - Setting next_dagrun for pagination_dag to None, run_after=None
[2026-02-23T13:16:11.054+0000] {processor.py:179} INFO - Processing /opt/airflow/dags/dag.py took 0.311 seconds
[2026-02-23T13:16:41.347+0000] {processor.py:157} INFO - Started process (PID=1683) to work on /opt/airflow/dags/dag.py
[2026-02-23T13:16:41.348+0000] {processor.py:829} INFO - Processing file /opt/airflow/dags/dag.py for tasks to queue
[2026-02-23T13:16:41.349+0000] {logging_mixin.py:151} INFO - [2026-02-23T13:16:41.348+0000] {dagbag.py:539} INFO - Filling up the DagBag from /opt/airflow/dags/dag.py
[2026-02-23T13:16:41.596+0000] {processor.py:839} INFO - DAG(s) dict_keys(['pagination_dag']) retrieved from /opt/airflow/dags/dag.py
[2026-02-23T13:16:41.626+0000] {logging_mixin.py:151} INFO - [2026-02-23T13:16:41.625+0000] {dag.py:2915} INFO - Sync 1 DAGs
[2026-02-23T13:16:41.638+0000] {logging_mixin.py:151} INFO - [2026-02-23T13:16:41.637+0000] {dag.py:3696} INFO - Setting next_dagrun for pagination_dag to None, run_after=None
[2026-02-23T13:16:41.659+0000] {processor.py:179} INFO - Processing /opt/airflow/dags/dag.py took 0.315 seconds
[2026-02-23T13:17:11.859+0000] {processor.py:157} INFO - Started process (PID=1689) to work on /opt/airflow/dags/dag.py
[2026-02-23T13:17:11.860+0000] {processor.py:829} INFO - Processing file /opt/airflow/dags/dag.py for tasks to queue
[2026-02-23T13:17:11.861+0000] {logging_mixin.py:151} INFO - [2026-02-23T13:17:11.861+0000] {dagbag.py:539} INFO - Filling up the DagBag from /opt/airflow/dags/dag.py
[2026-02-23T13:17:12.144+0000] {processor.py:839} INFO - DAG(s) dict_keys(['pagination_dag']) retrieved from /opt/airflow/dags/dag.py
[2026-02-23T13:17:12.171+0000] {logging_mixin.py:151} INFO - [2026-02-23T13:17:12.170+0000] {dag.py:2915} INFO - Sync 1 DAGs
[2026-02-23T13:17:12.182+0000] {logging_mixin.py:151} INFO - [2026-02-23T13:17:12.182+0000] {dag.py:3696} INFO - Setting next_dagrun for pagination_dag to None, run_after=None
[2026-02-23T13:17:12.203+0000] {processor.py:179} INFO - Processing /opt/airflow/dags/dag.py took 0.347 seconds
[2026-02-23T13:17:42.398+0000] {processor.py:157} INFO - Started process (PID=1695) to work on /opt/airflow/dags/dag.py
[2026-02-23T13:17:42.400+0000] {processor.py:829} INFO - Processing file /opt/airflow/dags/dag.py for tasks to queue
[2026-02-23T13:17:42.401+0000] {logging_mixin.py:151} INFO - [2026-02-23T13:17:42.400+0000] {dagbag.py:539} INFO - Filling up the DagBag from /opt/airflow/dags/dag.py
[2026-02-23T13:17:42.715+0000] {processor.py:839} INFO - DAG(s) dict_keys(['pagination_dag']) retrieved from /opt/airflow/dags/dag.py
[2026-02-23T13:17:42.746+0000] {logging_mixin.py:151} INFO - [2026-02-23T13:17:42.745+0000] {dag.py:2915} INFO - Sync 1 DAGs
[2026-02-23T13:17:42.758+0000] {logging_mixin.py:151} INFO - [2026-02-23T13:17:42.757+0000] {dag.py:3696} INFO - Setting next_dagrun for pagination_dag to None, run_after=None
[2026-02-23T13:17:42.783+0000] {processor.py:179} INFO - Processing /opt/airflow/dags/dag.py took 0.388 seconds
[2026-02-23T13:18:13.008+0000] {processor.py:157} INFO - Started process (PID=1701) to work on /opt/airflow/dags/dag.py
[2026-02-23T13:18:13.011+0000] {processor.py:829} INFO - Processing file /opt/airflow/dags/dag.py for tasks to queue
[2026-02-23T13:18:13.014+0000] {logging_mixin.py:151} INFO - [2026-02-23T13:18:13.012+0000] {dagbag.py:539} INFO - Filling up the DagBag from /opt/airflow/dags/dag.py
[2026-02-23T13:18:13.316+0000] {processor.py:839} INFO - DAG(s) dict_keys(['pagination_dag']) retrieved from /opt/airflow/dags/dag.py
[2026-02-23T13:18:13.343+0000] {logging_mixin.py:151} INFO - [2026-02-23T13:18:13.343+0000] {dag.py:2915} INFO - Sync 1 DAGs
[2026-02-23T13:18:13.356+0000] {logging_mixin.py:151} INFO - [2026-02-23T13:18:13.356+0000] {dag.py:3696} INFO - Setting next_dagrun for pagination_dag to None, run_after=None
[2026-02-23T13:18:13.375+0000] {processor.py:179} INFO - Processing /opt/airflow/dags/dag.py took 0.372 seconds
[2026-02-23T13:18:43.597+0000] {processor.py:157} INFO - Started process (PID=1707) to work on /opt/airflow/dags/dag.py
[2026-02-23T13:18:43.599+0000] {processor.py:829} INFO - Processing file /opt/airflow/dags/dag.py for tasks to queue
[2026-02-23T13:18:43.600+0000] {logging_mixin.py:151} INFO - [2026-02-23T13:18:43.599+0000] {dagbag.py:539} INFO - Filling up the DagBag from /opt/airflow/dags/dag.py
[2026-02-23T13:18:43.935+0000] {processor.py:839} INFO - DAG(s) dict_keys(['pagination_dag']) retrieved from /opt/airflow/dags/dag.py
[2026-02-23T13:18:43.965+0000] {logging_mixin.py:151} INFO - [2026-02-23T13:18:43.965+0000] {dag.py:2915} INFO - Sync 1 DAGs
[2026-02-23T13:18:43.977+0000] {logging_mixin.py:151} INFO - [2026-02-23T13:18:43.977+0000] {dag.py:3696} INFO - Setting next_dagrun for pagination_dag to None, run_after=None
[2026-02-23T13:18:44.001+0000] {processor.py:179} INFO - Processing /opt/airflow/dags/dag.py took 0.407 seconds
[2026-02-23T13:19:14.233+0000] {processor.py:157} INFO - Started process (PID=1713) to work on /opt/airflow/dags/dag.py
[2026-02-23T13:19:14.234+0000] {processor.py:829} INFO - Processing file /opt/airflow/dags/dag.py for tasks to queue
[2026-02-23T13:19:14.235+0000] {logging_mixin.py:151} INFO - [2026-02-23T13:19:14.235+0000] {dagbag.py:539} INFO - Filling up the DagBag from /opt/airflow/dags/dag.py
[2026-02-23T13:19:14.502+0000] {processor.py:839} INFO - DAG(s) dict_keys(['pagination_dag']) retrieved from /opt/airflow/dags/dag.py
[2026-02-23T13:19:14.530+0000] {logging_mixin.py:151} INFO - [2026-02-23T13:19:14.529+0000] {dag.py:2915} INFO - Sync 1 DAGs
[2026-02-23T13:19:14.542+0000] {logging_mixin.py:151} INFO - [2026-02-23T13:19:14.542+0000] {dag.py:3696} INFO - Setting next_dagrun for pagination_dag to None, run_after=None
[2026-02-23T13:19:14.561+0000] {processor.py:179} INFO - Processing /opt/airflow/dags/dag.py took 0.333 seconds
[2026-02-23T13:19:44.754+0000] {processor.py:157} INFO - Started process (PID=1719) to work on /opt/airflow/dags/dag.py
[2026-02-23T13:19:44.756+0000] {processor.py:829} INFO - Processing file /opt/airflow/dags/dag.py for tasks to queue
[2026-02-23T13:19:44.757+0000] {logging_mixin.py:151} INFO - [2026-02-23T13:19:44.756+0000] {dagbag.py:539} INFO - Filling up the DagBag from /opt/airflow/dags/dag.py
[2026-02-23T13:19:45.055+0000] {processor.py:839} INFO - DAG(s) dict_keys(['pagination_dag']) retrieved from /opt/airflow/dags/dag.py
[2026-02-23T13:19:45.090+0000] {logging_mixin.py:151} INFO - [2026-02-23T13:19:45.090+0000] {dag.py:2915} INFO - Sync 1 DAGs
[2026-02-23T13:19:45.106+0000] {logging_mixin.py:151} INFO - [2026-02-23T13:19:45.106+0000] {dag.py:3696} INFO - Setting next_dagrun for pagination_dag to None, run_after=None
[2026-02-23T13:19:45.127+0000] {processor.py:179} INFO - Processing /opt/airflow/dags/dag.py took 0.375 seconds
[2026-02-23T13:20:15.333+0000] {processor.py:157} INFO - Started process (PID=1725) to work on /opt/airflow/dags/dag.py
[2026-02-23T13:20:15.334+0000] {processor.py:829} INFO - Processing file /opt/airflow/dags/dag.py for tasks to queue
[2026-02-23T13:20:15.335+0000] {logging_mixin.py:151} INFO - [2026-02-23T13:20:15.334+0000] {dagbag.py:539} INFO - Filling up the DagBag from /opt/airflow/dags/dag.py
[2026-02-23T13:20:15.585+0000] {processor.py:839} INFO - DAG(s) dict_keys(['pagination_dag']) retrieved from /opt/airflow/dags/dag.py
[2026-02-23T13:20:15.612+0000] {logging_mixin.py:151} INFO - [2026-02-23T13:20:15.611+0000] {dag.py:2915} INFO - Sync 1 DAGs
[2026-02-23T13:20:15.624+0000] {logging_mixin.py:151} INFO - [2026-02-23T13:20:15.624+0000] {dag.py:3696} INFO - Setting next_dagrun for pagination_dag to None, run_after=None
[2026-02-23T13:20:15.646+0000] {processor.py:179} INFO - Processing /opt/airflow/dags/dag.py took 0.316 seconds
[2026-02-23T13:20:45.839+0000] {processor.py:157} INFO - Started process (PID=1731) to work on /opt/airflow/dags/dag.py
[2026-02-23T13:20:45.840+0000] {processor.py:829} INFO - Processing file /opt/airflow/dags/dag.py for tasks to queue
[2026-02-23T13:20:45.841+0000] {logging_mixin.py:151} INFO - [2026-02-23T13:20:45.840+0000] {dagbag.py:539} INFO - Filling up the DagBag from /opt/airflow/dags/dag.py
[2026-02-23T13:20:46.093+0000] {processor.py:839} INFO - DAG(s) dict_keys(['pagination_dag']) retrieved from /opt/airflow/dags/dag.py
[2026-02-23T13:20:46.120+0000] {logging_mixin.py:151} INFO - [2026-02-23T13:20:46.119+0000] {dag.py:2915} INFO - Sync 1 DAGs
[2026-02-23T13:20:46.133+0000] {logging_mixin.py:151} INFO - [2026-02-23T13:20:46.133+0000] {dag.py:3696} INFO - Setting next_dagrun for pagination_dag to None, run_after=None
[2026-02-23T13:20:46.153+0000] {processor.py:179} INFO - Processing /opt/airflow/dags/dag.py took 0.318 seconds
[2026-02-23T13:21:16.346+0000] {processor.py:157} INFO - Started process (PID=1737) to work on /opt/airflow/dags/dag.py
[2026-02-23T13:21:16.349+0000] {processor.py:829} INFO - Processing file /opt/airflow/dags/dag.py for tasks to queue
[2026-02-23T13:21:16.350+0000] {logging_mixin.py:151} INFO - [2026-02-23T13:21:16.349+0000] {dagbag.py:539} INFO - Filling up the DagBag from /opt/airflow/dags/dag.py
[2026-02-23T13:21:16.613+0000] {processor.py:839} INFO - DAG(s) dict_keys(['pagination_dag']) retrieved from /opt/airflow/dags/dag.py
[2026-02-23T13:21:16.645+0000] {logging_mixin.py:151} INFO - [2026-02-23T13:21:16.645+0000] {dag.py:2915} INFO - Sync 1 DAGs
[2026-02-23T13:21:16.656+0000] {logging_mixin.py:151} INFO - [2026-02-23T13:21:16.656+0000] {dag.py:3696} INFO - Setting next_dagrun for pagination_dag to None, run_after=None
[2026-02-23T13:21:16.675+0000] {processor.py:179} INFO - Processing /opt/airflow/dags/dag.py took 0.333 seconds
[2026-02-23T13:21:46.881+0000] {processor.py:157} INFO - Started process (PID=1743) to work on /opt/airflow/dags/dag.py
[2026-02-23T13:21:46.882+0000] {processor.py:829} INFO - Processing file /opt/airflow/dags/dag.py for tasks to queue
[2026-02-23T13:21:46.884+0000] {logging_mixin.py:151} INFO - [2026-02-23T13:21:46.883+0000] {dagbag.py:539} INFO - Filling up the DagBag from /opt/airflow/dags/dag.py
[2026-02-23T13:21:47.137+0000] {processor.py:839} INFO - DAG(s) dict_keys(['pagination_dag']) retrieved from /opt/airflow/dags/dag.py
[2026-02-23T13:21:47.166+0000] {logging_mixin.py:151} INFO - [2026-02-23T13:21:47.165+0000] {dag.py:2915} INFO - Sync 1 DAGs
[2026-02-23T13:21:47.177+0000] {logging_mixin.py:151} INFO - [2026-02-23T13:21:47.177+0000] {dag.py:3696} INFO - Setting next_dagrun for pagination_dag to None, run_after=None
[2026-02-23T13:21:47.198+0000] {processor.py:179} INFO - Processing /opt/airflow/dags/dag.py took 0.321 seconds
[2026-02-23T13:22:17.419+0000] {processor.py:157} INFO - Started process (PID=1749) to work on /opt/airflow/dags/dag.py
[2026-02-23T13:22:17.420+0000] {processor.py:829} INFO - Processing file /opt/airflow/dags/dag.py for tasks to queue
[2026-02-23T13:22:17.422+0000] {logging_mixin.py:151} INFO - [2026-02-23T13:22:17.421+0000] {dagbag.py:539} INFO - Filling up the DagBag from /opt/airflow/dags/dag.py
[2026-02-23T13:22:17.765+0000] {processor.py:839} INFO - DAG(s) dict_keys(['pagination_dag']) retrieved from /opt/airflow/dags/dag.py
[2026-02-23T13:22:17.802+0000] {logging_mixin.py:151} INFO - [2026-02-23T13:22:17.802+0000] {dag.py:2915} INFO - Sync 1 DAGs
[2026-02-23T13:22:17.819+0000] {logging_mixin.py:151} INFO - [2026-02-23T13:22:17.818+0000] {dag.py:3696} INFO - Setting next_dagrun for pagination_dag to None, run_after=None
[2026-02-23T13:22:17.851+0000] {processor.py:179} INFO - Processing /opt/airflow/dags/dag.py took 0.436 seconds
[2026-02-23T13:22:48.065+0000] {processor.py:157} INFO - Started process (PID=1755) to work on /opt/airflow/dags/dag.py
[2026-02-23T13:22:48.066+0000] {processor.py:829} INFO - Processing file /opt/airflow/dags/dag.py for tasks to queue
[2026-02-23T13:22:48.067+0000] {logging_mixin.py:151} INFO - [2026-02-23T13:22:48.067+0000] {dagbag.py:539} INFO - Filling up the DagBag from /opt/airflow/dags/dag.py
[2026-02-23T13:22:48.333+0000] {processor.py:839} INFO - DAG(s) dict_keys(['pagination_dag']) retrieved from /opt/airflow/dags/dag.py
[2026-02-23T13:22:48.358+0000] {logging_mixin.py:151} INFO - [2026-02-23T13:22:48.358+0000] {dag.py:2915} INFO - Sync 1 DAGs
[2026-02-23T13:22:48.369+0000] {logging_mixin.py:151} INFO - [2026-02-23T13:22:48.369+0000] {dag.py:3696} INFO - Setting next_dagrun for pagination_dag to None, run_after=None
[2026-02-23T13:22:48.390+0000] {processor.py:179} INFO - Processing /opt/airflow/dags/dag.py took 0.327 seconds
[2026-02-23T13:23:18.580+0000] {processor.py:157} INFO - Started process (PID=1761) to work on /opt/airflow/dags/dag.py
[2026-02-23T13:23:18.581+0000] {processor.py:829} INFO - Processing file /opt/airflow/dags/dag.py for tasks to queue
[2026-02-23T13:23:18.582+0000] {logging_mixin.py:151} INFO - [2026-02-23T13:23:18.582+0000] {dagbag.py:539} INFO - Filling up the DagBag from /opt/airflow/dags/dag.py
[2026-02-23T13:23:18.815+0000] {processor.py:839} INFO - DAG(s) dict_keys(['pagination_dag']) retrieved from /opt/airflow/dags/dag.py
[2026-02-23T13:23:18.839+0000] {logging_mixin.py:151} INFO - [2026-02-23T13:23:18.839+0000] {dag.py:2915} INFO - Sync 1 DAGs
[2026-02-23T13:23:18.849+0000] {logging_mixin.py:151} INFO - [2026-02-23T13:23:18.849+0000] {dag.py:3696} INFO - Setting next_dagrun for pagination_dag to None, run_after=None
[2026-02-23T13:23:18.868+0000] {processor.py:179} INFO - Processing /opt/airflow/dags/dag.py took 0.291 seconds
[2026-02-23T13:23:49.058+0000] {processor.py:157} INFO - Started process (PID=1767) to work on /opt/airflow/dags/dag.py
[2026-02-23T13:23:49.059+0000] {processor.py:829} INFO - Processing file /opt/airflow/dags/dag.py for tasks to queue
[2026-02-23T13:23:49.060+0000] {logging_mixin.py:151} INFO - [2026-02-23T13:23:49.060+0000] {dagbag.py:539} INFO - Filling up the DagBag from /opt/airflow/dags/dag.py
[2026-02-23T13:23:49.454+0000] {processor.py:839} INFO - DAG(s) dict_keys(['pagination_dag']) retrieved from /opt/airflow/dags/dag.py
[2026-02-23T13:23:49.485+0000] {logging_mixin.py:151} INFO - [2026-02-23T13:23:49.484+0000] {dag.py:2915} INFO - Sync 1 DAGs
[2026-02-23T13:23:49.496+0000] {logging_mixin.py:151} INFO - [2026-02-23T13:23:49.496+0000] {dag.py:3696} INFO - Setting next_dagrun for pagination_dag to None, run_after=None
[2026-02-23T13:23:49.516+0000] {processor.py:179} INFO - Processing /opt/airflow/dags/dag.py took 0.461 seconds
[2026-02-23T13:24:19.710+0000] {processor.py:157} INFO - Started process (PID=1773) to work on /opt/airflow/dags/dag.py
[2026-02-23T13:24:19.711+0000] {processor.py:829} INFO - Processing file /opt/airflow/dags/dag.py for tasks to queue
[2026-02-23T13:24:19.712+0000] {logging_mixin.py:151} INFO - [2026-02-23T13:24:19.711+0000] {dagbag.py:539} INFO - Filling up the DagBag from /opt/airflow/dags/dag.py
[2026-02-23T13:24:19.949+0000] {processor.py:839} INFO - DAG(s) dict_keys(['pagination_dag']) retrieved from /opt/airflow/dags/dag.py
[2026-02-23T13:24:19.974+0000] {logging_mixin.py:151} INFO - [2026-02-23T13:24:19.973+0000] {dag.py:2915} INFO - Sync 1 DAGs
[2026-02-23T13:24:19.985+0000] {logging_mixin.py:151} INFO - [2026-02-23T13:24:19.984+0000] {dag.py:3696} INFO - Setting next_dagrun for pagination_dag to None, run_after=None
[2026-02-23T13:24:20.004+0000] {processor.py:179} INFO - Processing /opt/airflow/dags/dag.py took 0.297 seconds
[2026-02-23T13:24:50.204+0000] {processor.py:157} INFO - Started process (PID=1779) to work on /opt/airflow/dags/dag.py
[2026-02-23T13:24:50.206+0000] {processor.py:829} INFO - Processing file /opt/airflow/dags/dag.py for tasks to queue
[2026-02-23T13:24:50.207+0000] {logging_mixin.py:151} INFO - [2026-02-23T13:24:50.207+0000] {dagbag.py:539} INFO - Filling up the DagBag from /opt/airflow/dags/dag.py
[2026-02-23T13:24:50.515+0000] {processor.py:839} INFO - DAG(s) dict_keys(['pagination_dag']) retrieved from /opt/airflow/dags/dag.py
[2026-02-23T13:24:50.555+0000] {logging_mixin.py:151} INFO - [2026-02-23T13:24:50.555+0000] {dag.py:2915} INFO - Sync 1 DAGs
[2026-02-23T13:24:50.576+0000] {logging_mixin.py:151} INFO - [2026-02-23T13:24:50.575+0000] {dag.py:3696} INFO - Setting next_dagrun for pagination_dag to None, run_after=None
[2026-02-23T13:24:50.627+0000] {processor.py:179} INFO - Processing /opt/airflow/dags/dag.py took 0.426 seconds
[2026-02-23T13:25:20.836+0000] {processor.py:157} INFO - Started process (PID=1785) to work on /opt/airflow/dags/dag.py
[2026-02-23T13:25:20.838+0000] {processor.py:829} INFO - Processing file /opt/airflow/dags/dag.py for tasks to queue
[2026-02-23T13:25:20.839+0000] {logging_mixin.py:151} INFO - [2026-02-23T13:25:20.838+0000] {dagbag.py:539} INFO - Filling up the DagBag from /opt/airflow/dags/dag.py
[2026-02-23T13:25:21.090+0000] {processor.py:839} INFO - DAG(s) dict_keys(['pagination_dag']) retrieved from /opt/airflow/dags/dag.py
[2026-02-23T13:25:21.115+0000] {logging_mixin.py:151} INFO - [2026-02-23T13:25:21.115+0000] {dag.py:2915} INFO - Sync 1 DAGs
[2026-02-23T13:25:21.126+0000] {logging_mixin.py:151} INFO - [2026-02-23T13:25:21.126+0000] {dag.py:3696} INFO - Setting next_dagrun for pagination_dag to None, run_after=None
[2026-02-23T13:25:21.147+0000] {processor.py:179} INFO - Processing /opt/airflow/dags/dag.py took 0.314 seconds
[2026-02-23T13:25:51.342+0000] {processor.py:157} INFO - Started process (PID=1791) to work on /opt/airflow/dags/dag.py
[2026-02-23T13:25:51.343+0000] {processor.py:829} INFO - Processing file /opt/airflow/dags/dag.py for tasks to queue
[2026-02-23T13:25:51.344+0000] {logging_mixin.py:151} INFO - [2026-02-23T13:25:51.344+0000] {dagbag.py:539} INFO - Filling up the DagBag from /opt/airflow/dags/dag.py
[2026-02-23T13:25:51.580+0000] {processor.py:839} INFO - DAG(s) dict_keys(['pagination_dag']) retrieved from /opt/airflow/dags/dag.py
[2026-02-23T13:25:51.607+0000] {logging_mixin.py:151} INFO - [2026-02-23T13:25:51.606+0000] {dag.py:2915} INFO - Sync 1 DAGs
[2026-02-23T13:25:51.618+0000] {logging_mixin.py:151} INFO - [2026-02-23T13:25:51.618+0000] {dag.py:3696} INFO - Setting next_dagrun for pagination_dag to None, run_after=None
[2026-02-23T13:25:51.640+0000] {processor.py:179} INFO - Processing /opt/airflow/dags/dag.py took 0.301 seconds
[2026-02-23T13:26:21.829+0000] {processor.py:157} INFO - Started process (PID=1797) to work on /opt/airflow/dags/dag.py
[2026-02-23T13:26:21.830+0000] {processor.py:829} INFO - Processing file /opt/airflow/dags/dag.py for tasks to queue
[2026-02-23T13:26:21.831+0000] {logging_mixin.py:151} INFO - [2026-02-23T13:26:21.831+0000] {dagbag.py:539} INFO - Filling up the DagBag from /opt/airflow/dags/dag.py
[2026-02-23T13:26:22.067+0000] {processor.py:839} INFO - DAG(s) dict_keys(['pagination_dag']) retrieved from /opt/airflow/dags/dag.py
[2026-02-23T13:26:22.093+0000] {logging_mixin.py:151} INFO - [2026-02-23T13:26:22.092+0000] {dag.py:2915} INFO - Sync 1 DAGs
[2026-02-23T13:26:22.105+0000] {logging_mixin.py:151} INFO - [2026-02-23T13:26:22.105+0000] {dag.py:3696} INFO - Setting next_dagrun for pagination_dag to None, run_after=None
[2026-02-23T13:26:22.124+0000] {processor.py:179} INFO - Processing /opt/airflow/dags/dag.py took 0.298 seconds
[2026-02-23T13:26:52.306+0000] {processor.py:157} INFO - Started process (PID=1803) to work on /opt/airflow/dags/dag.py
[2026-02-23T13:26:52.307+0000] {processor.py:829} INFO - Processing file /opt/airflow/dags/dag.py for tasks to queue
[2026-02-23T13:26:52.308+0000] {logging_mixin.py:151} INFO - [2026-02-23T13:26:52.308+0000] {dagbag.py:539} INFO - Filling up the DagBag from /opt/airflow/dags/dag.py
[2026-02-23T13:26:52.546+0000] {processor.py:839} INFO - DAG(s) dict_keys(['pagination_dag']) retrieved from /opt/airflow/dags/dag.py
[2026-02-23T13:26:52.573+0000] {logging_mixin.py:151} INFO - [2026-02-23T13:26:52.573+0000] {dag.py:2915} INFO - Sync 1 DAGs
[2026-02-23T13:26:52.585+0000] {logging_mixin.py:151} INFO - [2026-02-23T13:26:52.584+0000] {dag.py:3696} INFO - Setting next_dagrun for pagination_dag to None, run_after=None
[2026-02-23T13:26:52.605+0000] {processor.py:179} INFO - Processing /opt/airflow/dags/dag.py took 0.302 seconds
[2026-02-23T13:27:22.794+0000] {processor.py:157} INFO - Started process (PID=1809) to work on /opt/airflow/dags/dag.py
[2026-02-23T13:27:22.795+0000] {processor.py:829} INFO - Processing file /opt/airflow/dags/dag.py for tasks to queue
[2026-02-23T13:27:22.796+0000] {logging_mixin.py:151} INFO - [2026-02-23T13:27:22.796+0000] {dagbag.py:539} INFO - Filling up the DagBag from /opt/airflow/dags/dag.py
[2026-02-23T13:27:23.073+0000] {processor.py:839} INFO - DAG(s) dict_keys(['pagination_dag']) retrieved from /opt/airflow/dags/dag.py
[2026-02-23T13:27:23.100+0000] {logging_mixin.py:151} INFO - [2026-02-23T13:27:23.099+0000] {dag.py:2915} INFO - Sync 1 DAGs
[2026-02-23T13:27:23.111+0000] {logging_mixin.py:151} INFO - [2026-02-23T13:27:23.110+0000] {dag.py:3696} INFO - Setting next_dagrun for pagination_dag to None, run_after=None
[2026-02-23T13:27:23.129+0000] {processor.py:179} INFO - Processing /opt/airflow/dags/dag.py took 0.339 seconds
[2026-02-23T13:27:53.342+0000] {processor.py:157} INFO - Started process (PID=1815) to work on /opt/airflow/dags/dag.py
[2026-02-23T13:27:53.346+0000] {processor.py:829} INFO - Processing file /opt/airflow/dags/dag.py for tasks to queue
[2026-02-23T13:27:53.347+0000] {logging_mixin.py:151} INFO - [2026-02-23T13:27:53.347+0000] {dagbag.py:539} INFO - Filling up the DagBag from /opt/airflow/dags/dag.py
[2026-02-23T13:27:53.709+0000] {processor.py:839} INFO - DAG(s) dict_keys(['pagination_dag']) retrieved from /opt/airflow/dags/dag.py
[2026-02-23T13:27:53.749+0000] {logging_mixin.py:151} INFO - [2026-02-23T13:27:53.748+0000] {dag.py:2915} INFO - Sync 1 DAGs
[2026-02-23T13:27:53.765+0000] {logging_mixin.py:151} INFO - [2026-02-23T13:27:53.765+0000] {dag.py:3696} INFO - Setting next_dagrun for pagination_dag to None, run_after=None
[2026-02-23T13:27:53.794+0000] {processor.py:179} INFO - Processing /opt/airflow/dags/dag.py took 0.457 seconds
[2026-02-23T13:28:24.018+0000] {processor.py:157} INFO - Started process (PID=1821) to work on /opt/airflow/dags/dag.py
[2026-02-23T13:28:24.019+0000] {processor.py:829} INFO - Processing file /opt/airflow/dags/dag.py for tasks to queue
[2026-02-23T13:28:24.020+0000] {logging_mixin.py:151} INFO - [2026-02-23T13:28:24.020+0000] {dagbag.py:539} INFO - Filling up the DagBag from /opt/airflow/dags/dag.py
[2026-02-23T13:28:24.262+0000] {processor.py:839} INFO - DAG(s) dict_keys(['pagination_dag']) retrieved from /opt/airflow/dags/dag.py
[2026-02-23T13:28:24.291+0000] {logging_mixin.py:151} INFO - [2026-02-23T13:28:24.290+0000] {dag.py:2915} INFO - Sync 1 DAGs
[2026-02-23T13:28:24.303+0000] {logging_mixin.py:151} INFO - [2026-02-23T13:28:24.303+0000] {dag.py:3696} INFO - Setting next_dagrun for pagination_dag to None, run_after=None
[2026-02-23T13:28:24.322+0000] {processor.py:179} INFO - Processing /opt/airflow/dags/dag.py took 0.306 seconds
[2026-02-23T13:28:54.524+0000] {processor.py:157} INFO - Started process (PID=1827) to work on /opt/airflow/dags/dag.py
[2026-02-23T13:28:54.526+0000] {processor.py:829} INFO - Processing file /opt/airflow/dags/dag.py for tasks to queue
[2026-02-23T13:28:54.528+0000] {logging_mixin.py:151} INFO - [2026-02-23T13:28:54.527+0000] {dagbag.py:539} INFO - Filling up the DagBag from /opt/airflow/dags/dag.py
[2026-02-23T13:28:54.871+0000] {processor.py:839} INFO - DAG(s) dict_keys(['pagination_dag']) retrieved from /opt/airflow/dags/dag.py
[2026-02-23T13:28:54.899+0000] {logging_mixin.py:151} INFO - [2026-02-23T13:28:54.899+0000] {dag.py:2915} INFO - Sync 1 DAGs
[2026-02-23T13:28:54.911+0000] {logging_mixin.py:151} INFO - [2026-02-23T13:28:54.911+0000] {dag.py:3696} INFO - Setting next_dagrun for pagination_dag to None, run_after=None
[2026-02-23T13:28:54.933+0000] {processor.py:179} INFO - Processing /opt/airflow/dags/dag.py took 0.417 seconds
[2026-02-23T13:29:25.164+0000] {processor.py:157} INFO - Started process (PID=1833) to work on /opt/airflow/dags/dag.py
[2026-02-23T13:29:25.165+0000] {processor.py:829} INFO - Processing file /opt/airflow/dags/dag.py for tasks to queue
[2026-02-23T13:29:25.166+0000] {logging_mixin.py:151} INFO - [2026-02-23T13:29:25.166+0000] {dagbag.py:539} INFO - Filling up the DagBag from /opt/airflow/dags/dag.py
[2026-02-23T13:29:25.422+0000] {processor.py:839} INFO - DAG(s) dict_keys(['pagination_dag']) retrieved from /opt/airflow/dags/dag.py
[2026-02-23T13:29:25.446+0000] {logging_mixin.py:151} INFO - [2026-02-23T13:29:25.446+0000] {dag.py:2915} INFO - Sync 1 DAGs
[2026-02-23T13:29:25.458+0000] {logging_mixin.py:151} INFO - [2026-02-23T13:29:25.458+0000] {dag.py:3696} INFO - Setting next_dagrun for pagination_dag to None, run_after=None
[2026-02-23T13:29:25.476+0000] {processor.py:179} INFO - Processing /opt/airflow/dags/dag.py took 0.318 seconds
[2026-02-23T13:29:55.710+0000] {processor.py:157} INFO - Started process (PID=1839) to work on /opt/airflow/dags/dag.py
[2026-02-23T13:29:55.713+0000] {processor.py:829} INFO - Processing file /opt/airflow/dags/dag.py for tasks to queue
[2026-02-23T13:29:55.715+0000] {logging_mixin.py:151} INFO - [2026-02-23T13:29:55.715+0000] {dagbag.py:539} INFO - Filling up the DagBag from /opt/airflow/dags/dag.py
[2026-02-23T13:29:56.180+0000] {processor.py:839} INFO - DAG(s) dict_keys(['pagination_dag']) retrieved from /opt/airflow/dags/dag.py
[2026-02-23T13:29:56.227+0000] {logging_mixin.py:151} INFO - [2026-02-23T13:29:56.227+0000] {dag.py:2915} INFO - Sync 1 DAGs
[2026-02-23T13:29:56.242+0000] {logging_mixin.py:151} INFO - [2026-02-23T13:29:56.241+0000] {dag.py:3696} INFO - Setting next_dagrun for pagination_dag to None, run_after=None
[2026-02-23T13:29:56.270+0000] {processor.py:179} INFO - Processing /opt/airflow/dags/dag.py took 0.568 seconds
[2026-02-23T13:30:26.479+0000] {processor.py:157} INFO - Started process (PID=1845) to work on /opt/airflow/dags/dag.py
[2026-02-23T13:30:26.480+0000] {processor.py:829} INFO - Processing file /opt/airflow/dags/dag.py for tasks to queue
[2026-02-23T13:30:26.481+0000] {logging_mixin.py:151} INFO - [2026-02-23T13:30:26.481+0000] {dagbag.py:539} INFO - Filling up the DagBag from /opt/airflow/dags/dag.py
[2026-02-23T13:30:26.731+0000] {processor.py:839} INFO - DAG(s) dict_keys(['pagination_dag']) retrieved from /opt/airflow/dags/dag.py
[2026-02-23T13:30:26.758+0000] {logging_mixin.py:151} INFO - [2026-02-23T13:30:26.757+0000] {dag.py:2915} INFO - Sync 1 DAGs
[2026-02-23T13:30:26.770+0000] {logging_mixin.py:151} INFO - [2026-02-23T13:30:26.770+0000] {dag.py:3696} INFO - Setting next_dagrun for pagination_dag to None, run_after=None
[2026-02-23T13:30:26.793+0000] {processor.py:179} INFO - Processing /opt/airflow/dags/dag.py took 0.319 seconds
[2026-02-23T13:30:56.985+0000] {processor.py:157} INFO - Started process (PID=1851) to work on /opt/airflow/dags/dag.py
[2026-02-23T13:30:56.986+0000] {processor.py:829} INFO - Processing file /opt/airflow/dags/dag.py for tasks to queue
[2026-02-23T13:30:56.987+0000] {logging_mixin.py:151} INFO - [2026-02-23T13:30:56.987+0000] {dagbag.py:539} INFO - Filling up the DagBag from /opt/airflow/dags/dag.py
[2026-02-23T13:30:57.239+0000] {processor.py:839} INFO - DAG(s) dict_keys(['pagination_dag']) retrieved from /opt/airflow/dags/dag.py
[2026-02-23T13:30:57.265+0000] {logging_mixin.py:151} INFO - [2026-02-23T13:30:57.265+0000] {dag.py:2915} INFO - Sync 1 DAGs
[2026-02-23T13:30:57.277+0000] {logging_mixin.py:151} INFO - [2026-02-23T13:30:57.276+0000] {dag.py:3696} INFO - Setting next_dagrun for pagination_dag to None, run_after=None
[2026-02-23T13:30:57.297+0000] {processor.py:179} INFO - Processing /opt/airflow/dags/dag.py took 0.315 seconds
[2026-02-23T13:31:27.518+0000] {processor.py:157} INFO - Started process (PID=1857) to work on /opt/airflow/dags/dag.py
[2026-02-23T13:31:27.519+0000] {processor.py:829} INFO - Processing file /opt/airflow/dags/dag.py for tasks to queue
[2026-02-23T13:31:27.520+0000] {logging_mixin.py:151} INFO - [2026-02-23T13:31:27.520+0000] {dagbag.py:539} INFO - Filling up the DagBag from /opt/airflow/dags/dag.py
[2026-02-23T13:31:27.874+0000] {processor.py:839} INFO - DAG(s) dict_keys(['pagination_dag']) retrieved from /opt/airflow/dags/dag.py
[2026-02-23T13:31:27.911+0000] {logging_mixin.py:151} INFO - [2026-02-23T13:31:27.911+0000] {dag.py:2915} INFO - Sync 1 DAGs
[2026-02-23T13:31:27.928+0000] {logging_mixin.py:151} INFO - [2026-02-23T13:31:27.927+0000] {dag.py:3696} INFO - Setting next_dagrun for pagination_dag to None, run_after=None
[2026-02-23T13:31:27.960+0000] {processor.py:179} INFO - Processing /opt/airflow/dags/dag.py took 0.447 seconds
[2026-02-23T13:31:58.179+0000] {processor.py:157} INFO - Started process (PID=1863) to work on /opt/airflow/dags/dag.py
[2026-02-23T13:31:58.180+0000] {processor.py:829} INFO - Processing file /opt/airflow/dags/dag.py for tasks to queue
[2026-02-23T13:31:58.181+0000] {logging_mixin.py:151} INFO - [2026-02-23T13:31:58.181+0000] {dagbag.py:539} INFO - Filling up the DagBag from /opt/airflow/dags/dag.py
[2026-02-23T13:31:58.439+0000] {processor.py:839} INFO - DAG(s) dict_keys(['pagination_dag']) retrieved from /opt/airflow/dags/dag.py
[2026-02-23T13:31:58.463+0000] {logging_mixin.py:151} INFO - [2026-02-23T13:31:58.463+0000] {dag.py:2915} INFO - Sync 1 DAGs
[2026-02-23T13:31:58.475+0000] {logging_mixin.py:151} INFO - [2026-02-23T13:31:58.474+0000] {dag.py:3696} INFO - Setting next_dagrun for pagination_dag to None, run_after=None
[2026-02-23T13:31:58.495+0000] {processor.py:179} INFO - Processing /opt/airflow/dags/dag.py took 0.319 seconds
[2026-02-23T13:32:28.699+0000] {processor.py:157} INFO - Started process (PID=1869) to work on /opt/airflow/dags/dag.py
[2026-02-23T13:32:28.700+0000] {processor.py:829} INFO - Processing file /opt/airflow/dags/dag.py for tasks to queue
[2026-02-23T13:32:28.701+0000] {logging_mixin.py:151} INFO - [2026-02-23T13:32:28.701+0000] {dagbag.py:539} INFO - Filling up the DagBag from /opt/airflow/dags/dag.py
[2026-02-23T13:32:28.955+0000] {processor.py:839} INFO - DAG(s) dict_keys(['pagination_dag']) retrieved from /opt/airflow/dags/dag.py
[2026-02-23T13:32:28.983+0000] {logging_mixin.py:151} INFO - [2026-02-23T13:32:28.983+0000] {dag.py:2915} INFO - Sync 1 DAGs
[2026-02-23T13:32:28.995+0000] {logging_mixin.py:151} INFO - [2026-02-23T13:32:28.995+0000] {dag.py:3696} INFO - Setting next_dagrun for pagination_dag to None, run_after=None
[2026-02-23T13:32:29.015+0000] {processor.py:179} INFO - Processing /opt/airflow/dags/dag.py took 0.319 seconds
[2026-02-23T13:32:59.236+0000] {processor.py:157} INFO - Started process (PID=1875) to work on /opt/airflow/dags/dag.py
[2026-02-23T13:32:59.238+0000] {processor.py:829} INFO - Processing file /opt/airflow/dags/dag.py for tasks to queue
[2026-02-23T13:32:59.240+0000] {logging_mixin.py:151} INFO - [2026-02-23T13:32:59.240+0000] {dagbag.py:539} INFO - Filling up the DagBag from /opt/airflow/dags/dag.py
[2026-02-23T13:32:59.760+0000] {processor.py:839} INFO - DAG(s) dict_keys(['pagination_dag']) retrieved from /opt/airflow/dags/dag.py
[2026-02-23T13:32:59.803+0000] {logging_mixin.py:151} INFO - [2026-02-23T13:32:59.801+0000] {dag.py:2915} INFO - Sync 1 DAGs
[2026-02-23T13:32:59.827+0000] {logging_mixin.py:151} INFO - [2026-02-23T13:32:59.827+0000] {dag.py:3696} INFO - Setting next_dagrun for pagination_dag to None, run_after=None
[2026-02-23T13:32:59.878+0000] {processor.py:179} INFO - Processing /opt/airflow/dags/dag.py took 0.648 seconds
[2026-02-23T13:33:30.097+0000] {processor.py:157} INFO - Started process (PID=1881) to work on /opt/airflow/dags/dag.py
[2026-02-23T13:33:30.098+0000] {processor.py:829} INFO - Processing file /opt/airflow/dags/dag.py for tasks to queue
[2026-02-23T13:33:30.099+0000] {logging_mixin.py:151} INFO - [2026-02-23T13:33:30.099+0000] {dagbag.py:539} INFO - Filling up the DagBag from /opt/airflow/dags/dag.py
[2026-02-23T13:33:30.509+0000] {processor.py:839} INFO - DAG(s) dict_keys(['pagination_dag']) retrieved from /opt/airflow/dags/dag.py
[2026-02-23T13:33:30.542+0000] {logging_mixin.py:151} INFO - [2026-02-23T13:33:30.542+0000] {dag.py:2915} INFO - Sync 1 DAGs
[2026-02-23T13:33:30.554+0000] {logging_mixin.py:151} INFO - [2026-02-23T13:33:30.554+0000] {dag.py:3696} INFO - Setting next_dagrun for pagination_dag to None, run_after=None
[2026-02-23T13:33:30.573+0000] {processor.py:179} INFO - Processing /opt/airflow/dags/dag.py took 0.479 seconds
[2026-02-23T13:34:00.766+0000] {processor.py:157} INFO - Started process (PID=1887) to work on /opt/airflow/dags/dag.py
[2026-02-23T13:34:00.767+0000] {processor.py:829} INFO - Processing file /opt/airflow/dags/dag.py for tasks to queue
[2026-02-23T13:34:00.767+0000] {logging_mixin.py:151} INFO - [2026-02-23T13:34:00.767+0000] {dagbag.py:539} INFO - Filling up the DagBag from /opt/airflow/dags/dag.py
[2026-02-23T13:34:01.013+0000] {processor.py:839} INFO - DAG(s) dict_keys(['pagination_dag']) retrieved from /opt/airflow/dags/dag.py
[2026-02-23T13:34:01.039+0000] {logging_mixin.py:151} INFO - [2026-02-23T13:34:01.038+0000] {dag.py:2915} INFO - Sync 1 DAGs
[2026-02-23T13:34:01.049+0000] {logging_mixin.py:151} INFO - [2026-02-23T13:34:01.049+0000] {dag.py:3696} INFO - Setting next_dagrun for pagination_dag to None, run_after=None
[2026-02-23T13:34:01.071+0000] {processor.py:179} INFO - Processing /opt/airflow/dags/dag.py took 0.308 seconds
[2026-02-23T13:34:31.300+0000] {processor.py:157} INFO - Started process (PID=1893) to work on /opt/airflow/dags/dag.py
[2026-02-23T13:34:31.301+0000] {processor.py:829} INFO - Processing file /opt/airflow/dags/dag.py for tasks to queue
[2026-02-23T13:34:31.302+0000] {logging_mixin.py:151} INFO - [2026-02-23T13:34:31.302+0000] {dagbag.py:539} INFO - Filling up the DagBag from /opt/airflow/dags/dag.py
[2026-02-23T13:34:31.553+0000] {processor.py:839} INFO - DAG(s) dict_keys(['pagination_dag']) retrieved from /opt/airflow/dags/dag.py
[2026-02-23T13:34:31.582+0000] {logging_mixin.py:151} INFO - [2026-02-23T13:34:31.581+0000] {dag.py:2915} INFO - Sync 1 DAGs
[2026-02-23T13:34:31.595+0000] {logging_mixin.py:151} INFO - [2026-02-23T13:34:31.594+0000] {dag.py:3696} INFO - Setting next_dagrun for pagination_dag to None, run_after=None
[2026-02-23T13:34:31.615+0000] {processor.py:179} INFO - Processing /opt/airflow/dags/dag.py took 0.319 seconds
[2026-02-23T13:35:01.830+0000] {processor.py:157} INFO - Started process (PID=1899) to work on /opt/airflow/dags/dag.py
[2026-02-23T13:35:01.831+0000] {processor.py:829} INFO - Processing file /opt/airflow/dags/dag.py for tasks to queue
[2026-02-23T13:35:01.832+0000] {logging_mixin.py:151} INFO - [2026-02-23T13:35:01.832+0000] {dagbag.py:539} INFO - Filling up the DagBag from /opt/airflow/dags/dag.py
[2026-02-23T13:35:02.125+0000] {processor.py:839} INFO - DAG(s) dict_keys(['pagination_dag']) retrieved from /opt/airflow/dags/dag.py
[2026-02-23T13:35:02.153+0000] {logging_mixin.py:151} INFO - [2026-02-23T13:35:02.152+0000] {dag.py:2915} INFO - Sync 1 DAGs
[2026-02-23T13:35:02.164+0000] {logging_mixin.py:151} INFO - [2026-02-23T13:35:02.164+0000] {dag.py:3696} INFO - Setting next_dagrun for pagination_dag to None, run_after=None
[2026-02-23T13:35:02.185+0000] {processor.py:179} INFO - Processing /opt/airflow/dags/dag.py took 0.358 seconds
[2026-02-23T13:35:32.416+0000] {processor.py:157} INFO - Started process (PID=1905) to work on /opt/airflow/dags/dag.py
[2026-02-23T13:35:32.419+0000] {processor.py:829} INFO - Processing file /opt/airflow/dags/dag.py for tasks to queue
[2026-02-23T13:35:32.420+0000] {logging_mixin.py:151} INFO - [2026-02-23T13:35:32.420+0000] {dagbag.py:539} INFO - Filling up the DagBag from /opt/airflow/dags/dag.py
[2026-02-23T13:35:32.686+0000] {processor.py:839} INFO - DAG(s) dict_keys(['pagination_dag']) retrieved from /opt/airflow/dags/dag.py
[2026-02-23T13:35:32.715+0000] {logging_mixin.py:151} INFO - [2026-02-23T13:35:32.714+0000] {dag.py:2915} INFO - Sync 1 DAGs
[2026-02-23T13:35:32.727+0000] {logging_mixin.py:151} INFO - [2026-02-23T13:35:32.726+0000] {dag.py:3696} INFO - Setting next_dagrun for pagination_dag to None, run_after=None
[2026-02-23T13:35:32.747+0000] {processor.py:179} INFO - Processing /opt/airflow/dags/dag.py took 0.338 seconds
[2026-02-23T13:36:02.958+0000] {processor.py:157} INFO - Started process (PID=1911) to work on /opt/airflow/dags/dag.py
[2026-02-23T13:36:02.960+0000] {processor.py:829} INFO - Processing file /opt/airflow/dags/dag.py for tasks to queue
[2026-02-23T13:36:02.961+0000] {logging_mixin.py:151} INFO - [2026-02-23T13:36:02.960+0000] {dagbag.py:539} INFO - Filling up the DagBag from /opt/airflow/dags/dag.py
[2026-02-23T13:36:03.252+0000] {processor.py:839} INFO - DAG(s) dict_keys(['pagination_dag']) retrieved from /opt/airflow/dags/dag.py
[2026-02-23T13:36:03.281+0000] {logging_mixin.py:151} INFO - [2026-02-23T13:36:03.281+0000] {dag.py:2915} INFO - Sync 1 DAGs
[2026-02-23T13:36:03.294+0000] {logging_mixin.py:151} INFO - [2026-02-23T13:36:03.294+0000] {dag.py:3696} INFO - Setting next_dagrun for pagination_dag to None, run_after=None
[2026-02-23T13:36:03.317+0000] {processor.py:179} INFO - Processing /opt/airflow/dags/dag.py took 0.363 seconds
[2026-02-23T13:36:33.526+0000] {processor.py:157} INFO - Started process (PID=1917) to work on /opt/airflow/dags/dag.py
[2026-02-23T13:36:33.527+0000] {processor.py:829} INFO - Processing file /opt/airflow/dags/dag.py for tasks to queue
[2026-02-23T13:36:33.528+0000] {logging_mixin.py:151} INFO - [2026-02-23T13:36:33.528+0000] {dagbag.py:539} INFO - Filling up the DagBag from /opt/airflow/dags/dag.py
[2026-02-23T13:36:33.828+0000] {processor.py:839} INFO - DAG(s) dict_keys(['pagination_dag']) retrieved from /opt/airflow/dags/dag.py
[2026-02-23T13:36:33.860+0000] {logging_mixin.py:151} INFO - [2026-02-23T13:36:33.860+0000] {dag.py:2915} INFO - Sync 1 DAGs
[2026-02-23T13:36:33.872+0000] {logging_mixin.py:151} INFO - [2026-02-23T13:36:33.872+0000] {dag.py:3696} INFO - Setting next_dagrun for pagination_dag to None, run_after=None
[2026-02-23T13:36:33.904+0000] {processor.py:179} INFO - Processing /opt/airflow/dags/dag.py took 0.382 seconds
[2026-02-23T13:37:04.182+0000] {processor.py:157} INFO - Started process (PID=1923) to work on /opt/airflow/dags/dag.py
[2026-02-23T13:37:04.185+0000] {processor.py:829} INFO - Processing file /opt/airflow/dags/dag.py for tasks to queue
[2026-02-23T13:37:04.189+0000] {logging_mixin.py:151} INFO - [2026-02-23T13:37:04.188+0000] {dagbag.py:539} INFO - Filling up the DagBag from /opt/airflow/dags/dag.py
[2026-02-23T13:37:04.854+0000] {processor.py:839} INFO - DAG(s) dict_keys(['pagination_dag']) retrieved from /opt/airflow/dags/dag.py
[2026-02-23T13:37:04.892+0000] {logging_mixin.py:151} INFO - [2026-02-23T13:37:04.891+0000] {dag.py:2915} INFO - Sync 1 DAGs
[2026-02-23T13:37:04.909+0000] {logging_mixin.py:151} INFO - [2026-02-23T13:37:04.908+0000] {dag.py:3696} INFO - Setting next_dagrun for pagination_dag to None, run_after=None
[2026-02-23T13:37:04.943+0000] {processor.py:179} INFO - Processing /opt/airflow/dags/dag.py took 0.770 seconds
[2026-02-23T13:37:35.144+0000] {processor.py:157} INFO - Started process (PID=1929) to work on /opt/airflow/dags/dag.py
[2026-02-23T13:37:35.145+0000] {processor.py:829} INFO - Processing file /opt/airflow/dags/dag.py for tasks to queue
[2026-02-23T13:37:35.146+0000] {logging_mixin.py:151} INFO - [2026-02-23T13:37:35.146+0000] {dagbag.py:539} INFO - Filling up the DagBag from /opt/airflow/dags/dag.py
[2026-02-23T13:37:35.428+0000] {processor.py:839} INFO - DAG(s) dict_keys(['pagination_dag']) retrieved from /opt/airflow/dags/dag.py
[2026-02-23T13:37:35.455+0000] {logging_mixin.py:151} INFO - [2026-02-23T13:37:35.455+0000] {dag.py:2915} INFO - Sync 1 DAGs
[2026-02-23T13:37:35.468+0000] {logging_mixin.py:151} INFO - [2026-02-23T13:37:35.467+0000] {dag.py:3696} INFO - Setting next_dagrun for pagination_dag to None, run_after=None
[2026-02-23T13:37:35.491+0000] {processor.py:179} INFO - Processing /opt/airflow/dags/dag.py took 0.353 seconds
[2026-02-23T13:38:05.685+0000] {processor.py:157} INFO - Started process (PID=1935) to work on /opt/airflow/dags/dag.py
[2026-02-23T13:38:05.686+0000] {processor.py:829} INFO - Processing file /opt/airflow/dags/dag.py for tasks to queue
[2026-02-23T13:38:05.687+0000] {logging_mixin.py:151} INFO - [2026-02-23T13:38:05.687+0000] {dagbag.py:539} INFO - Filling up the DagBag from /opt/airflow/dags/dag.py
[2026-02-23T13:38:06.105+0000] {processor.py:839} INFO - DAG(s) dict_keys(['pagination_dag']) retrieved from /opt/airflow/dags/dag.py
[2026-02-23T13:38:06.139+0000] {logging_mixin.py:151} INFO - [2026-02-23T13:38:06.139+0000] {dag.py:2915} INFO - Sync 1 DAGs
[2026-02-23T13:38:06.155+0000] {logging_mixin.py:151} INFO - [2026-02-23T13:38:06.155+0000] {dag.py:3696} INFO - Setting next_dagrun for pagination_dag to None, run_after=None
[2026-02-23T13:38:06.180+0000] {processor.py:179} INFO - Processing /opt/airflow/dags/dag.py took 0.499 seconds
[2026-02-23T13:38:36.398+0000] {processor.py:157} INFO - Started process (PID=1941) to work on /opt/airflow/dags/dag.py
[2026-02-23T13:38:36.400+0000] {processor.py:829} INFO - Processing file /opt/airflow/dags/dag.py for tasks to queue
[2026-02-23T13:38:36.401+0000] {logging_mixin.py:151} INFO - [2026-02-23T13:38:36.401+0000] {dagbag.py:539} INFO - Filling up the DagBag from /opt/airflow/dags/dag.py
[2026-02-23T13:38:36.656+0000] {processor.py:839} INFO - DAG(s) dict_keys(['pagination_dag']) retrieved from /opt/airflow/dags/dag.py
[2026-02-23T13:38:36.682+0000] {logging_mixin.py:151} INFO - [2026-02-23T13:38:36.682+0000] {dag.py:2915} INFO - Sync 1 DAGs
[2026-02-23T13:38:36.693+0000] {logging_mixin.py:151} INFO - [2026-02-23T13:38:36.693+0000] {dag.py:3696} INFO - Setting next_dagrun for pagination_dag to None, run_after=None
[2026-02-23T13:38:36.714+0000] {processor.py:179} INFO - Processing /opt/airflow/dags/dag.py took 0.320 seconds
[2026-02-23T13:39:06.911+0000] {processor.py:157} INFO - Started process (PID=1947) to work on /opt/airflow/dags/dag.py
[2026-02-23T13:39:06.912+0000] {processor.py:829} INFO - Processing file /opt/airflow/dags/dag.py for tasks to queue
[2026-02-23T13:39:06.913+0000] {logging_mixin.py:151} INFO - [2026-02-23T13:39:06.913+0000] {dagbag.py:539} INFO - Filling up the DagBag from /opt/airflow/dags/dag.py
[2026-02-23T13:39:07.196+0000] {processor.py:839} INFO - DAG(s) dict_keys(['pagination_dag']) retrieved from /opt/airflow/dags/dag.py
[2026-02-23T13:39:07.224+0000] {logging_mixin.py:151} INFO - [2026-02-23T13:39:07.224+0000] {dag.py:2915} INFO - Sync 1 DAGs
[2026-02-23T13:39:07.241+0000] {logging_mixin.py:151} INFO - [2026-02-23T13:39:07.241+0000] {dag.py:3696} INFO - Setting next_dagrun for pagination_dag to None, run_after=None
[2026-02-23T13:39:07.285+0000] {processor.py:179} INFO - Processing /opt/airflow/dags/dag.py took 0.378 seconds
[2026-02-23T13:39:37.538+0000] {processor.py:157} INFO - Started process (PID=1953) to work on /opt/airflow/dags/dag.py
[2026-02-23T13:39:37.540+0000] {processor.py:829} INFO - Processing file /opt/airflow/dags/dag.py for tasks to queue
[2026-02-23T13:39:37.541+0000] {logging_mixin.py:151} INFO - [2026-02-23T13:39:37.541+0000] {dagbag.py:539} INFO - Filling up the DagBag from /opt/airflow/dags/dag.py
[2026-02-23T13:39:37.886+0000] {processor.py:839} INFO - DAG(s) dict_keys(['pagination_dag']) retrieved from /opt/airflow/dags/dag.py
[2026-02-23T13:39:37.915+0000] {logging_mixin.py:151} INFO - [2026-02-23T13:39:37.915+0000] {dag.py:2915} INFO - Sync 1 DAGs
[2026-02-23T13:39:37.929+0000] {logging_mixin.py:151} INFO - [2026-02-23T13:39:37.928+0000] {dag.py:3696} INFO - Setting next_dagrun for pagination_dag to None, run_after=None
[2026-02-23T13:39:37.955+0000] {processor.py:179} INFO - Processing /opt/airflow/dags/dag.py took 0.422 seconds
[2026-02-23T13:40:08.152+0000] {processor.py:157} INFO - Started process (PID=1959) to work on /opt/airflow/dags/dag.py
[2026-02-23T13:40:08.153+0000] {processor.py:829} INFO - Processing file /opt/airflow/dags/dag.py for tasks to queue
[2026-02-23T13:40:08.154+0000] {logging_mixin.py:151} INFO - [2026-02-23T13:40:08.153+0000] {dagbag.py:539} INFO - Filling up the DagBag from /opt/airflow/dags/dag.py
[2026-02-23T13:40:08.409+0000] {processor.py:839} INFO - DAG(s) dict_keys(['pagination_dag']) retrieved from /opt/airflow/dags/dag.py
[2026-02-23T13:40:08.435+0000] {logging_mixin.py:151} INFO - [2026-02-23T13:40:08.434+0000] {dag.py:2915} INFO - Sync 1 DAGs
[2026-02-23T13:40:08.448+0000] {logging_mixin.py:151} INFO - [2026-02-23T13:40:08.447+0000] {dag.py:3696} INFO - Setting next_dagrun for pagination_dag to None, run_after=None
[2026-02-23T13:40:08.466+0000] {processor.py:179} INFO - Processing /opt/airflow/dags/dag.py took 0.318 seconds
[2026-02-23T13:40:38.660+0000] {processor.py:157} INFO - Started process (PID=1965) to work on /opt/airflow/dags/dag.py
[2026-02-23T13:40:38.661+0000] {processor.py:829} INFO - Processing file /opt/airflow/dags/dag.py for tasks to queue
[2026-02-23T13:40:38.662+0000] {logging_mixin.py:151} INFO - [2026-02-23T13:40:38.661+0000] {dagbag.py:539} INFO - Filling up the DagBag from /opt/airflow/dags/dag.py
[2026-02-23T13:40:38.901+0000] {processor.py:839} INFO - DAG(s) dict_keys(['pagination_dag']) retrieved from /opt/airflow/dags/dag.py
[2026-02-23T13:40:38.929+0000] {logging_mixin.py:151} INFO - [2026-02-23T13:40:38.928+0000] {dag.py:2915} INFO - Sync 1 DAGs
[2026-02-23T13:40:38.939+0000] {logging_mixin.py:151} INFO - [2026-02-23T13:40:38.939+0000] {dag.py:3696} INFO - Setting next_dagrun for pagination_dag to None, run_after=None
[2026-02-23T13:40:38.957+0000] {processor.py:179} INFO - Processing /opt/airflow/dags/dag.py took 0.300 seconds
[2026-02-23T13:41:09.157+0000] {processor.py:157} INFO - Started process (PID=1971) to work on /opt/airflow/dags/dag.py
[2026-02-23T13:41:09.158+0000] {processor.py:829} INFO - Processing file /opt/airflow/dags/dag.py for tasks to queue
[2026-02-23T13:41:09.159+0000] {logging_mixin.py:151} INFO - [2026-02-23T13:41:09.159+0000] {dagbag.py:539} INFO - Filling up the DagBag from /opt/airflow/dags/dag.py
[2026-02-23T13:41:09.424+0000] {processor.py:839} INFO - DAG(s) dict_keys(['pagination_dag']) retrieved from /opt/airflow/dags/dag.py
[2026-02-23T13:41:09.452+0000] {logging_mixin.py:151} INFO - [2026-02-23T13:41:09.451+0000] {dag.py:2915} INFO - Sync 1 DAGs
[2026-02-23T13:41:09.463+0000] {logging_mixin.py:151} INFO - [2026-02-23T13:41:09.463+0000] {dag.py:3696} INFO - Setting next_dagrun for pagination_dag to None, run_after=None
[2026-02-23T13:41:09.485+0000] {processor.py:179} INFO - Processing /opt/airflow/dags/dag.py took 0.331 seconds
[2026-02-23T13:41:39.676+0000] {processor.py:157} INFO - Started process (PID=1977) to work on /opt/airflow/dags/dag.py
[2026-02-23T13:41:39.677+0000] {processor.py:829} INFO - Processing file /opt/airflow/dags/dag.py for tasks to queue
[2026-02-23T13:41:39.678+0000] {logging_mixin.py:151} INFO - [2026-02-23T13:41:39.677+0000] {dagbag.py:539} INFO - Filling up the DagBag from /opt/airflow/dags/dag.py
[2026-02-23T13:41:39.937+0000] {processor.py:839} INFO - DAG(s) dict_keys(['pagination_dag']) retrieved from /opt/airflow/dags/dag.py
[2026-02-23T13:41:39.964+0000] {logging_mixin.py:151} INFO - [2026-02-23T13:41:39.964+0000] {dag.py:2915} INFO - Sync 1 DAGs
[2026-02-23T13:41:39.976+0000] {logging_mixin.py:151} INFO - [2026-02-23T13:41:39.976+0000] {dag.py:3696} INFO - Setting next_dagrun for pagination_dag to None, run_after=None
[2026-02-23T13:41:39.998+0000] {processor.py:179} INFO - Processing /opt/airflow/dags/dag.py took 0.326 seconds
[2026-02-23T13:42:10.200+0000] {processor.py:157} INFO - Started process (PID=1983) to work on /opt/airflow/dags/dag.py
[2026-02-23T13:42:10.202+0000] {processor.py:829} INFO - Processing file /opt/airflow/dags/dag.py for tasks to queue
[2026-02-23T13:42:10.203+0000] {logging_mixin.py:151} INFO - [2026-02-23T13:42:10.203+0000] {dagbag.py:539} INFO - Filling up the DagBag from /opt/airflow/dags/dag.py
[2026-02-23T13:42:10.515+0000] {processor.py:839} INFO - DAG(s) dict_keys(['pagination_dag']) retrieved from /opt/airflow/dags/dag.py
[2026-02-23T13:42:10.549+0000] {logging_mixin.py:151} INFO - [2026-02-23T13:42:10.549+0000] {dag.py:2915} INFO - Sync 1 DAGs
[2026-02-23T13:42:10.564+0000] {logging_mixin.py:151} INFO - [2026-02-23T13:42:10.564+0000] {dag.py:3696} INFO - Setting next_dagrun for pagination_dag to None, run_after=None
[2026-02-23T13:42:10.588+0000] {processor.py:179} INFO - Processing /opt/airflow/dags/dag.py took 0.393 seconds
[2026-02-23T13:42:40.806+0000] {processor.py:157} INFO - Started process (PID=1989) to work on /opt/airflow/dags/dag.py
[2026-02-23T13:42:40.808+0000] {processor.py:829} INFO - Processing file /opt/airflow/dags/dag.py for tasks to queue
[2026-02-23T13:42:40.810+0000] {logging_mixin.py:151} INFO - [2026-02-23T13:42:40.809+0000] {dagbag.py:539} INFO - Filling up the DagBag from /opt/airflow/dags/dag.py
[2026-02-23T13:42:41.235+0000] {processor.py:839} INFO - DAG(s) dict_keys(['pagination_dag']) retrieved from /opt/airflow/dags/dag.py
[2026-02-23T13:42:41.279+0000] {logging_mixin.py:151} INFO - [2026-02-23T13:42:41.277+0000] {dag.py:2915} INFO - Sync 1 DAGs
[2026-02-23T13:42:41.308+0000] {logging_mixin.py:151} INFO - [2026-02-23T13:42:41.308+0000] {dag.py:3696} INFO - Setting next_dagrun for pagination_dag to None, run_after=None
[2026-02-23T13:42:41.368+0000] {processor.py:179} INFO - Processing /opt/airflow/dags/dag.py took 0.567 seconds
[2026-02-23T13:43:11.679+0000] {processor.py:157} INFO - Started process (PID=1995) to work on /opt/airflow/dags/dag.py
[2026-02-23T13:43:11.680+0000] {processor.py:829} INFO - Processing file /opt/airflow/dags/dag.py for tasks to queue
[2026-02-23T13:43:11.681+0000] {logging_mixin.py:151} INFO - [2026-02-23T13:43:11.681+0000] {dagbag.py:539} INFO - Filling up the DagBag from /opt/airflow/dags/dag.py
[2026-02-23T13:43:11.941+0000] {processor.py:839} INFO - DAG(s) dict_keys(['pagination_dag']) retrieved from /opt/airflow/dags/dag.py
[2026-02-23T13:43:11.967+0000] {logging_mixin.py:151} INFO - [2026-02-23T13:43:11.966+0000] {dag.py:2915} INFO - Sync 1 DAGs
[2026-02-23T13:43:11.979+0000] {logging_mixin.py:151} INFO - [2026-02-23T13:43:11.978+0000] {dag.py:3696} INFO - Setting next_dagrun for pagination_dag to None, run_after=None
[2026-02-23T13:43:11.997+0000] {processor.py:179} INFO - Processing /opt/airflow/dags/dag.py took 0.323 seconds
[2026-02-23T13:43:42.197+0000] {processor.py:157} INFO - Started process (PID=2001) to work on /opt/airflow/dags/dag.py
[2026-02-23T13:43:42.198+0000] {processor.py:829} INFO - Processing file /opt/airflow/dags/dag.py for tasks to queue
[2026-02-23T13:43:42.199+0000] {logging_mixin.py:151} INFO - [2026-02-23T13:43:42.198+0000] {dagbag.py:539} INFO - Filling up the DagBag from /opt/airflow/dags/dag.py
[2026-02-23T13:43:42.496+0000] {processor.py:839} INFO - DAG(s) dict_keys(['pagination_dag']) retrieved from /opt/airflow/dags/dag.py
[2026-02-23T13:43:42.530+0000] {logging_mixin.py:151} INFO - [2026-02-23T13:43:42.529+0000] {dag.py:2915} INFO - Sync 1 DAGs
[2026-02-23T13:43:42.546+0000] {logging_mixin.py:151} INFO - [2026-02-23T13:43:42.545+0000] {dag.py:3696} INFO - Setting next_dagrun for pagination_dag to None, run_after=None
[2026-02-23T13:43:42.581+0000] {processor.py:179} INFO - Processing /opt/airflow/dags/dag.py took 0.388 seconds
[2026-02-23T13:44:12.773+0000] {processor.py:157} INFO - Started process (PID=2007) to work on /opt/airflow/dags/dag.py
[2026-02-23T13:44:12.774+0000] {processor.py:829} INFO - Processing file /opt/airflow/dags/dag.py for tasks to queue
[2026-02-23T13:44:12.775+0000] {logging_mixin.py:151} INFO - [2026-02-23T13:44:12.775+0000] {dagbag.py:539} INFO - Filling up the DagBag from /opt/airflow/dags/dag.py
[2026-02-23T13:44:13.017+0000] {processor.py:839} INFO - DAG(s) dict_keys(['pagination_dag']) retrieved from /opt/airflow/dags/dag.py
[2026-02-23T13:44:13.043+0000] {logging_mixin.py:151} INFO - [2026-02-23T13:44:13.043+0000] {dag.py:2915} INFO - Sync 1 DAGs
[2026-02-23T13:44:13.054+0000] {logging_mixin.py:151} INFO - [2026-02-23T13:44:13.054+0000] {dag.py:3696} INFO - Setting next_dagrun for pagination_dag to None, run_after=None
[2026-02-23T13:44:13.074+0000] {processor.py:179} INFO - Processing /opt/airflow/dags/dag.py took 0.304 seconds
[2026-02-23T13:44:43.263+0000] {processor.py:157} INFO - Started process (PID=2013) to work on /opt/airflow/dags/dag.py
[2026-02-23T13:44:43.264+0000] {processor.py:829} INFO - Processing file /opt/airflow/dags/dag.py for tasks to queue
[2026-02-23T13:44:43.265+0000] {logging_mixin.py:151} INFO - [2026-02-23T13:44:43.265+0000] {dagbag.py:539} INFO - Filling up the DagBag from /opt/airflow/dags/dag.py
[2026-02-23T13:44:43.691+0000] {processor.py:839} INFO - DAG(s) dict_keys(['pagination_dag']) retrieved from /opt/airflow/dags/dag.py
[2026-02-23T13:44:43.727+0000] {logging_mixin.py:151} INFO - [2026-02-23T13:44:43.727+0000] {dag.py:2915} INFO - Sync 1 DAGs
[2026-02-23T13:44:43.740+0000] {logging_mixin.py:151} INFO - [2026-02-23T13:44:43.740+0000] {dag.py:3696} INFO - Setting next_dagrun for pagination_dag to None, run_after=None
[2026-02-23T13:44:43.761+0000] {processor.py:179} INFO - Processing /opt/airflow/dags/dag.py took 0.502 seconds
[2026-02-23T13:45:13.962+0000] {processor.py:157} INFO - Started process (PID=2019) to work on /opt/airflow/dags/dag.py
[2026-02-23T13:45:13.963+0000] {processor.py:829} INFO - Processing file /opt/airflow/dags/dag.py for tasks to queue
[2026-02-23T13:45:13.964+0000] {logging_mixin.py:151} INFO - [2026-02-23T13:45:13.964+0000] {dagbag.py:539} INFO - Filling up the DagBag from /opt/airflow/dags/dag.py
[2026-02-23T13:45:14.215+0000] {processor.py:839} INFO - DAG(s) dict_keys(['pagination_dag']) retrieved from /opt/airflow/dags/dag.py
[2026-02-23T13:45:14.243+0000] {logging_mixin.py:151} INFO - [2026-02-23T13:45:14.242+0000] {dag.py:2915} INFO - Sync 1 DAGs
[2026-02-23T13:45:14.255+0000] {logging_mixin.py:151} INFO - [2026-02-23T13:45:14.254+0000] {dag.py:3696} INFO - Setting next_dagrun for pagination_dag to None, run_after=None
[2026-02-23T13:45:14.275+0000] {processor.py:179} INFO - Processing /opt/airflow/dags/dag.py took 0.317 seconds
[2026-02-23T13:45:44.476+0000] {processor.py:157} INFO - Started process (PID=2025) to work on /opt/airflow/dags/dag.py
[2026-02-23T13:45:44.478+0000] {processor.py:829} INFO - Processing file /opt/airflow/dags/dag.py for tasks to queue
[2026-02-23T13:45:44.479+0000] {logging_mixin.py:151} INFO - [2026-02-23T13:45:44.478+0000] {dagbag.py:539} INFO - Filling up the DagBag from /opt/airflow/dags/dag.py
[2026-02-23T13:45:44.738+0000] {processor.py:839} INFO - DAG(s) dict_keys(['pagination_dag']) retrieved from /opt/airflow/dags/dag.py
[2026-02-23T13:45:44.768+0000] {logging_mixin.py:151} INFO - [2026-02-23T13:45:44.767+0000] {dag.py:2915} INFO - Sync 1 DAGs
[2026-02-23T13:45:44.781+0000] {logging_mixin.py:151} INFO - [2026-02-23T13:45:44.781+0000] {dag.py:3696} INFO - Setting next_dagrun for pagination_dag to None, run_after=None
[2026-02-23T13:45:44.801+0000] {processor.py:179} INFO - Processing /opt/airflow/dags/dag.py took 0.329 seconds
[2026-02-23T13:46:14.981+0000] {processor.py:157} INFO - Started process (PID=2031) to work on /opt/airflow/dags/dag.py
[2026-02-23T13:46:14.983+0000] {processor.py:829} INFO - Processing file /opt/airflow/dags/dag.py for tasks to queue
[2026-02-23T13:46:14.983+0000] {logging_mixin.py:151} INFO - [2026-02-23T13:46:14.983+0000] {dagbag.py:539} INFO - Filling up the DagBag from /opt/airflow/dags/dag.py
[2026-02-23T13:46:15.224+0000] {processor.py:839} INFO - DAG(s) dict_keys(['pagination_dag']) retrieved from /opt/airflow/dags/dag.py
[2026-02-23T13:46:15.250+0000] {logging_mixin.py:151} INFO - [2026-02-23T13:46:15.250+0000] {dag.py:2915} INFO - Sync 1 DAGs
[2026-02-23T13:46:15.260+0000] {logging_mixin.py:151} INFO - [2026-02-23T13:46:15.260+0000] {dag.py:3696} INFO - Setting next_dagrun for pagination_dag to None, run_after=None
[2026-02-23T13:46:15.280+0000] {processor.py:179} INFO - Processing /opt/airflow/dags/dag.py took 0.302 seconds
[2026-02-23T13:46:45.472+0000] {processor.py:157} INFO - Started process (PID=2037) to work on /opt/airflow/dags/dag.py
[2026-02-23T13:46:45.473+0000] {processor.py:829} INFO - Processing file /opt/airflow/dags/dag.py for tasks to queue
[2026-02-23T13:46:45.474+0000] {logging_mixin.py:151} INFO - [2026-02-23T13:46:45.474+0000] {dagbag.py:539} INFO - Filling up the DagBag from /opt/airflow/dags/dag.py
[2026-02-23T13:46:45.720+0000] {processor.py:839} INFO - DAG(s) dict_keys(['pagination_dag']) retrieved from /opt/airflow/dags/dag.py
[2026-02-23T13:46:45.747+0000] {logging_mixin.py:151} INFO - [2026-02-23T13:46:45.746+0000] {dag.py:2915} INFO - Sync 1 DAGs
[2026-02-23T13:46:45.758+0000] {logging_mixin.py:151} INFO - [2026-02-23T13:46:45.758+0000] {dag.py:3696} INFO - Setting next_dagrun for pagination_dag to None, run_after=None
[2026-02-23T13:46:45.777+0000] {processor.py:179} INFO - Processing /opt/airflow/dags/dag.py took 0.308 seconds
[2026-02-23T13:47:15.964+0000] {processor.py:157} INFO - Started process (PID=2043) to work on /opt/airflow/dags/dag.py
[2026-02-23T13:47:15.965+0000] {processor.py:829} INFO - Processing file /opt/airflow/dags/dag.py for tasks to queue
[2026-02-23T13:47:15.966+0000] {logging_mixin.py:151} INFO - [2026-02-23T13:47:15.966+0000] {dagbag.py:539} INFO - Filling up the DagBag from /opt/airflow/dags/dag.py
[2026-02-23T13:47:16.227+0000] {processor.py:839} INFO - DAG(s) dict_keys(['pagination_dag']) retrieved from /opt/airflow/dags/dag.py
[2026-02-23T13:47:16.254+0000] {logging_mixin.py:151} INFO - [2026-02-23T13:47:16.253+0000] {dag.py:2915} INFO - Sync 1 DAGs
[2026-02-23T13:47:16.265+0000] {logging_mixin.py:151} INFO - [2026-02-23T13:47:16.265+0000] {dag.py:3696} INFO - Setting next_dagrun for pagination_dag to None, run_after=None
[2026-02-23T13:47:16.285+0000] {processor.py:179} INFO - Processing /opt/airflow/dags/dag.py took 0.325 seconds
[2026-02-23T13:47:46.460+0000] {processor.py:157} INFO - Started process (PID=2049) to work on /opt/airflow/dags/dag.py
[2026-02-23T13:47:46.462+0000] {processor.py:829} INFO - Processing file /opt/airflow/dags/dag.py for tasks to queue
[2026-02-23T13:47:46.463+0000] {logging_mixin.py:151} INFO - [2026-02-23T13:47:46.462+0000] {dagbag.py:539} INFO - Filling up the DagBag from /opt/airflow/dags/dag.py
[2026-02-23T13:47:46.748+0000] {processor.py:839} INFO - DAG(s) dict_keys(['pagination_dag']) retrieved from /opt/airflow/dags/dag.py
[2026-02-23T13:47:46.775+0000] {logging_mixin.py:151} INFO - [2026-02-23T13:47:46.774+0000] {dag.py:2915} INFO - Sync 1 DAGs
[2026-02-23T13:47:46.787+0000] {logging_mixin.py:151} INFO - [2026-02-23T13:47:46.787+0000] {dag.py:3696} INFO - Setting next_dagrun for pagination_dag to None, run_after=None
[2026-02-23T13:47:46.807+0000] {processor.py:179} INFO - Processing /opt/airflow/dags/dag.py took 0.350 seconds
[2026-02-23T13:48:16.998+0000] {processor.py:157} INFO - Started process (PID=2055) to work on /opt/airflow/dags/dag.py
[2026-02-23T13:48:16.999+0000] {processor.py:829} INFO - Processing file /opt/airflow/dags/dag.py for tasks to queue
[2026-02-23T13:48:17.000+0000] {logging_mixin.py:151} INFO - [2026-02-23T13:48:17.000+0000] {dagbag.py:539} INFO - Filling up the DagBag from /opt/airflow/dags/dag.py
[2026-02-23T13:48:17.245+0000] {processor.py:839} INFO - DAG(s) dict_keys(['pagination_dag']) retrieved from /opt/airflow/dags/dag.py
[2026-02-23T13:48:17.271+0000] {logging_mixin.py:151} INFO - [2026-02-23T13:48:17.270+0000] {dag.py:2915} INFO - Sync 1 DAGs
[2026-02-23T13:48:17.282+0000] {logging_mixin.py:151} INFO - [2026-02-23T13:48:17.282+0000] {dag.py:3696} INFO - Setting next_dagrun for pagination_dag to None, run_after=None
[2026-02-23T13:48:17.303+0000] {processor.py:179} INFO - Processing /opt/airflow/dags/dag.py took 0.309 seconds
[2026-02-23T13:48:47.494+0000] {processor.py:157} INFO - Started process (PID=2061) to work on /opt/airflow/dags/dag.py
[2026-02-23T13:48:47.496+0000] {processor.py:829} INFO - Processing file /opt/airflow/dags/dag.py for tasks to queue
[2026-02-23T13:48:47.497+0000] {logging_mixin.py:151} INFO - [2026-02-23T13:48:47.497+0000] {dagbag.py:539} INFO - Filling up the DagBag from /opt/airflow/dags/dag.py
[2026-02-23T13:48:47.756+0000] {processor.py:839} INFO - DAG(s) dict_keys(['pagination_dag']) retrieved from /opt/airflow/dags/dag.py
[2026-02-23T13:48:47.786+0000] {logging_mixin.py:151} INFO - [2026-02-23T13:48:47.785+0000] {dag.py:2915} INFO - Sync 1 DAGs
[2026-02-23T13:48:47.800+0000] {logging_mixin.py:151} INFO - [2026-02-23T13:48:47.800+0000] {dag.py:3696} INFO - Setting next_dagrun for pagination_dag to None, run_after=None
[2026-02-23T13:48:47.821+0000] {processor.py:179} INFO - Processing /opt/airflow/dags/dag.py took 0.331 seconds
[2026-02-23T13:49:18.033+0000] {processor.py:157} INFO - Started process (PID=2067) to work on /opt/airflow/dags/dag.py
[2026-02-23T13:49:18.035+0000] {processor.py:829} INFO - Processing file /opt/airflow/dags/dag.py for tasks to queue
[2026-02-23T13:49:18.036+0000] {logging_mixin.py:151} INFO - [2026-02-23T13:49:18.035+0000] {dagbag.py:539} INFO - Filling up the DagBag from /opt/airflow/dags/dag.py
[2026-02-23T13:49:18.311+0000] {processor.py:839} INFO - DAG(s) dict_keys(['pagination_dag']) retrieved from /opt/airflow/dags/dag.py
[2026-02-23T13:49:18.340+0000] {logging_mixin.py:151} INFO - [2026-02-23T13:49:18.340+0000] {dag.py:2915} INFO - Sync 1 DAGs
[2026-02-23T13:49:18.352+0000] {logging_mixin.py:151} INFO - [2026-02-23T13:49:18.352+0000] {dag.py:3696} INFO - Setting next_dagrun for pagination_dag to None, run_after=None
[2026-02-23T13:49:18.374+0000] {processor.py:179} INFO - Processing /opt/airflow/dags/dag.py took 0.345 seconds
[2026-02-23T13:49:48.565+0000] {processor.py:157} INFO - Started process (PID=2073) to work on /opt/airflow/dags/dag.py
[2026-02-23T13:49:48.566+0000] {processor.py:829} INFO - Processing file /opt/airflow/dags/dag.py for tasks to queue
[2026-02-23T13:49:48.567+0000] {logging_mixin.py:151} INFO - [2026-02-23T13:49:48.567+0000] {dagbag.py:539} INFO - Filling up the DagBag from /opt/airflow/dags/dag.py
[2026-02-23T13:49:48.822+0000] {processor.py:839} INFO - DAG(s) dict_keys(['pagination_dag']) retrieved from /opt/airflow/dags/dag.py
[2026-02-23T13:49:48.849+0000] {logging_mixin.py:151} INFO - [2026-02-23T13:49:48.849+0000] {dag.py:2915} INFO - Sync 1 DAGs
[2026-02-23T13:49:48.861+0000] {logging_mixin.py:151} INFO - [2026-02-23T13:49:48.860+0000] {dag.py:3696} INFO - Setting next_dagrun for pagination_dag to None, run_after=None
[2026-02-23T13:49:48.882+0000] {processor.py:179} INFO - Processing /opt/airflow/dags/dag.py took 0.320 seconds
[2026-02-23T13:50:19.082+0000] {processor.py:157} INFO - Started process (PID=2079) to work on /opt/airflow/dags/dag.py
[2026-02-23T13:50:19.083+0000] {processor.py:829} INFO - Processing file /opt/airflow/dags/dag.py for tasks to queue
[2026-02-23T13:50:19.084+0000] {logging_mixin.py:151} INFO - [2026-02-23T13:50:19.084+0000] {dagbag.py:539} INFO - Filling up the DagBag from /opt/airflow/dags/dag.py
[2026-02-23T13:50:19.390+0000] {processor.py:839} INFO - DAG(s) dict_keys(['pagination_dag']) retrieved from /opt/airflow/dags/dag.py
[2026-02-23T13:50:19.429+0000] {logging_mixin.py:151} INFO - [2026-02-23T13:50:19.428+0000] {dag.py:2915} INFO - Sync 1 DAGs
[2026-02-23T13:50:19.444+0000] {logging_mixin.py:151} INFO - [2026-02-23T13:50:19.444+0000] {dag.py:3696} INFO - Setting next_dagrun for pagination_dag to None, run_after=None
[2026-02-23T13:50:19.471+0000] {processor.py:179} INFO - Processing /opt/airflow/dags/dag.py took 0.394 seconds
[2026-02-23T13:50:49.673+0000] {processor.py:157} INFO - Started process (PID=2085) to work on /opt/airflow/dags/dag.py
[2026-02-23T13:50:49.674+0000] {processor.py:829} INFO - Processing file /opt/airflow/dags/dag.py for tasks to queue
[2026-02-23T13:50:49.675+0000] {logging_mixin.py:151} INFO - [2026-02-23T13:50:49.675+0000] {dagbag.py:539} INFO - Filling up the DagBag from /opt/airflow/dags/dag.py
[2026-02-23T13:50:49.929+0000] {processor.py:839} INFO - DAG(s) dict_keys(['pagination_dag']) retrieved from /opt/airflow/dags/dag.py
[2026-02-23T13:50:49.956+0000] {logging_mixin.py:151} INFO - [2026-02-23T13:50:49.955+0000] {dag.py:2915} INFO - Sync 1 DAGs
[2026-02-23T13:50:49.967+0000] {logging_mixin.py:151} INFO - [2026-02-23T13:50:49.967+0000] {dag.py:3696} INFO - Setting next_dagrun for pagination_dag to None, run_after=None
[2026-02-23T13:50:49.989+0000] {processor.py:179} INFO - Processing /opt/airflow/dags/dag.py took 0.320 seconds
[2026-02-23T13:51:20.204+0000] {processor.py:157} INFO - Started process (PID=2091) to work on /opt/airflow/dags/dag.py
[2026-02-23T13:51:20.205+0000] {processor.py:829} INFO - Processing file /opt/airflow/dags/dag.py for tasks to queue
[2026-02-23T13:51:20.206+0000] {logging_mixin.py:151} INFO - [2026-02-23T13:51:20.206+0000] {dagbag.py:539} INFO - Filling up the DagBag from /opt/airflow/dags/dag.py
[2026-02-23T13:51:20.510+0000] {processor.py:839} INFO - DAG(s) dict_keys(['pagination_dag']) retrieved from /opt/airflow/dags/dag.py
[2026-02-23T13:51:20.538+0000] {logging_mixin.py:151} INFO - [2026-02-23T13:51:20.538+0000] {dag.py:2915} INFO - Sync 1 DAGs
[2026-02-23T13:51:20.554+0000] {logging_mixin.py:151} INFO - [2026-02-23T13:51:20.554+0000] {dag.py:3696} INFO - Setting next_dagrun for pagination_dag to None, run_after=None
[2026-02-23T13:51:20.579+0000] {processor.py:179} INFO - Processing /opt/airflow/dags/dag.py took 0.378 seconds
[2026-02-23T13:51:50.791+0000] {processor.py:157} INFO - Started process (PID=2097) to work on /opt/airflow/dags/dag.py
[2026-02-23T13:51:50.792+0000] {processor.py:829} INFO - Processing file /opt/airflow/dags/dag.py for tasks to queue
[2026-02-23T13:51:50.793+0000] {logging_mixin.py:151} INFO - [2026-02-23T13:51:50.793+0000] {dagbag.py:539} INFO - Filling up the DagBag from /opt/airflow/dags/dag.py
[2026-02-23T13:51:51.039+0000] {processor.py:839} INFO - DAG(s) dict_keys(['pagination_dag']) retrieved from /opt/airflow/dags/dag.py
[2026-02-23T13:51:51.065+0000] {logging_mixin.py:151} INFO - [2026-02-23T13:51:51.064+0000] {dag.py:2915} INFO - Sync 1 DAGs
[2026-02-23T13:51:51.075+0000] {logging_mixin.py:151} INFO - [2026-02-23T13:51:51.075+0000] {dag.py:3696} INFO - Setting next_dagrun for pagination_dag to None, run_after=None
[2026-02-23T13:51:51.097+0000] {processor.py:179} INFO - Processing /opt/airflow/dags/dag.py took 0.309 seconds
[2026-02-23T13:52:21.282+0000] {processor.py:157} INFO - Started process (PID=2103) to work on /opt/airflow/dags/dag.py
[2026-02-23T13:52:21.283+0000] {processor.py:829} INFO - Processing file /opt/airflow/dags/dag.py for tasks to queue
[2026-02-23T13:52:21.284+0000] {logging_mixin.py:151} INFO - [2026-02-23T13:52:21.284+0000] {dagbag.py:539} INFO - Filling up the DagBag from /opt/airflow/dags/dag.py
[2026-02-23T13:52:21.537+0000] {processor.py:839} INFO - DAG(s) dict_keys(['pagination_dag']) retrieved from /opt/airflow/dags/dag.py
[2026-02-23T13:52:21.566+0000] {logging_mixin.py:151} INFO - [2026-02-23T13:52:21.565+0000] {dag.py:2915} INFO - Sync 1 DAGs
[2026-02-23T13:52:21.578+0000] {logging_mixin.py:151} INFO - [2026-02-23T13:52:21.578+0000] {dag.py:3696} INFO - Setting next_dagrun for pagination_dag to None, run_after=None
[2026-02-23T13:52:21.598+0000] {processor.py:179} INFO - Processing /opt/airflow/dags/dag.py took 0.319 seconds
[2026-02-23T13:52:51.794+0000] {processor.py:157} INFO - Started process (PID=2109) to work on /opt/airflow/dags/dag.py
[2026-02-23T13:52:51.795+0000] {processor.py:829} INFO - Processing file /opt/airflow/dags/dag.py for tasks to queue
[2026-02-23T13:52:51.796+0000] {logging_mixin.py:151} INFO - [2026-02-23T13:52:51.796+0000] {dagbag.py:539} INFO - Filling up the DagBag from /opt/airflow/dags/dag.py
[2026-02-23T13:52:52.060+0000] {processor.py:839} INFO - DAG(s) dict_keys(['pagination_dag']) retrieved from /opt/airflow/dags/dag.py
[2026-02-23T13:52:52.089+0000] {logging_mixin.py:151} INFO - [2026-02-23T13:52:52.089+0000] {dag.py:2915} INFO - Sync 1 DAGs
[2026-02-23T13:52:52.100+0000] {logging_mixin.py:151} INFO - [2026-02-23T13:52:52.100+0000] {dag.py:3696} INFO - Setting next_dagrun for pagination_dag to None, run_after=None
[2026-02-23T13:52:52.120+0000] {processor.py:179} INFO - Processing /opt/airflow/dags/dag.py took 0.332 seconds
[2026-02-23T13:53:22.322+0000] {processor.py:157} INFO - Started process (PID=2115) to work on /opt/airflow/dags/dag.py
[2026-02-23T13:53:22.323+0000] {processor.py:829} INFO - Processing file /opt/airflow/dags/dag.py for tasks to queue
[2026-02-23T13:53:22.323+0000] {logging_mixin.py:151} INFO - [2026-02-23T13:53:22.323+0000] {dagbag.py:539} INFO - Filling up the DagBag from /opt/airflow/dags/dag.py
[2026-02-23T13:53:22.564+0000] {processor.py:839} INFO - DAG(s) dict_keys(['pagination_dag']) retrieved from /opt/airflow/dags/dag.py
[2026-02-23T13:53:22.589+0000] {logging_mixin.py:151} INFO - [2026-02-23T13:53:22.589+0000] {dag.py:2915} INFO - Sync 1 DAGs
[2026-02-23T13:53:22.600+0000] {logging_mixin.py:151} INFO - [2026-02-23T13:53:22.599+0000] {dag.py:3696} INFO - Setting next_dagrun for pagination_dag to None, run_after=None
[2026-02-23T13:53:22.621+0000] {processor.py:179} INFO - Processing /opt/airflow/dags/dag.py took 0.302 seconds
[2026-02-23T13:53:52.808+0000] {processor.py:157} INFO - Started process (PID=2121) to work on /opt/airflow/dags/dag.py
[2026-02-23T13:53:52.809+0000] {processor.py:829} INFO - Processing file /opt/airflow/dags/dag.py for tasks to queue
[2026-02-23T13:53:52.810+0000] {logging_mixin.py:151} INFO - [2026-02-23T13:53:52.810+0000] {dagbag.py:539} INFO - Filling up the DagBag from /opt/airflow/dags/dag.py
[2026-02-23T13:53:53.060+0000] {processor.py:839} INFO - DAG(s) dict_keys(['pagination_dag']) retrieved from /opt/airflow/dags/dag.py
[2026-02-23T13:53:53.084+0000] {logging_mixin.py:151} INFO - [2026-02-23T13:53:53.084+0000] {dag.py:2915} INFO - Sync 1 DAGs
[2026-02-23T13:53:53.095+0000] {logging_mixin.py:151} INFO - [2026-02-23T13:53:53.095+0000] {dag.py:3696} INFO - Setting next_dagrun for pagination_dag to None, run_after=None
[2026-02-23T13:53:53.113+0000] {processor.py:179} INFO - Processing /opt/airflow/dags/dag.py took 0.308 seconds
[2026-02-23T13:54:23.297+0000] {processor.py:157} INFO - Started process (PID=2127) to work on /opt/airflow/dags/dag.py
[2026-02-23T13:54:23.298+0000] {processor.py:829} INFO - Processing file /opt/airflow/dags/dag.py for tasks to queue
[2026-02-23T13:54:23.299+0000] {logging_mixin.py:151} INFO - [2026-02-23T13:54:23.299+0000] {dagbag.py:539} INFO - Filling up the DagBag from /opt/airflow/dags/dag.py
[2026-02-23T13:54:23.541+0000] {processor.py:839} INFO - DAG(s) dict_keys(['pagination_dag']) retrieved from /opt/airflow/dags/dag.py
[2026-02-23T13:54:23.567+0000] {logging_mixin.py:151} INFO - [2026-02-23T13:54:23.566+0000] {dag.py:2915} INFO - Sync 1 DAGs
[2026-02-23T13:54:23.580+0000] {logging_mixin.py:151} INFO - [2026-02-23T13:54:23.580+0000] {dag.py:3696} INFO - Setting next_dagrun for pagination_dag to None, run_after=None
[2026-02-23T13:54:23.600+0000] {processor.py:179} INFO - Processing /opt/airflow/dags/dag.py took 0.306 seconds
[2026-02-23T13:54:53.787+0000] {processor.py:157} INFO - Started process (PID=2133) to work on /opt/airflow/dags/dag.py
[2026-02-23T13:54:53.788+0000] {processor.py:829} INFO - Processing file /opt/airflow/dags/dag.py for tasks to queue
[2026-02-23T13:54:53.789+0000] {logging_mixin.py:151} INFO - [2026-02-23T13:54:53.789+0000] {dagbag.py:539} INFO - Filling up the DagBag from /opt/airflow/dags/dag.py
[2026-02-23T13:54:54.046+0000] {processor.py:839} INFO - DAG(s) dict_keys(['pagination_dag']) retrieved from /opt/airflow/dags/dag.py
[2026-02-23T13:54:54.074+0000] {logging_mixin.py:151} INFO - [2026-02-23T13:54:54.073+0000] {dag.py:2915} INFO - Sync 1 DAGs
[2026-02-23T13:54:54.086+0000] {logging_mixin.py:151} INFO - [2026-02-23T13:54:54.085+0000] {dag.py:3696} INFO - Setting next_dagrun for pagination_dag to None, run_after=None
[2026-02-23T13:54:54.105+0000] {processor.py:179} INFO - Processing /opt/airflow/dags/dag.py took 0.321 seconds
[2026-02-23T13:55:24.298+0000] {processor.py:157} INFO - Started process (PID=2139) to work on /opt/airflow/dags/dag.py
[2026-02-23T13:55:24.299+0000] {processor.py:829} INFO - Processing file /opt/airflow/dags/dag.py for tasks to queue
[2026-02-23T13:55:24.300+0000] {logging_mixin.py:151} INFO - [2026-02-23T13:55:24.300+0000] {dagbag.py:539} INFO - Filling up the DagBag from /opt/airflow/dags/dag.py
[2026-02-23T13:55:24.563+0000] {processor.py:839} INFO - DAG(s) dict_keys(['pagination_dag']) retrieved from /opt/airflow/dags/dag.py
[2026-02-23T13:55:24.596+0000] {logging_mixin.py:151} INFO - [2026-02-23T13:55:24.595+0000] {dag.py:2915} INFO - Sync 1 DAGs
[2026-02-23T13:55:24.608+0000] {logging_mixin.py:151} INFO - [2026-02-23T13:55:24.608+0000] {dag.py:3696} INFO - Setting next_dagrun for pagination_dag to None, run_after=None
[2026-02-23T13:55:24.634+0000] {processor.py:179} INFO - Processing /opt/airflow/dags/dag.py took 0.340 seconds
[2026-02-23T13:55:54.826+0000] {processor.py:157} INFO - Started process (PID=2145) to work on /opt/airflow/dags/dag.py
[2026-02-23T13:55:54.828+0000] {processor.py:829} INFO - Processing file /opt/airflow/dags/dag.py for tasks to queue
[2026-02-23T13:55:54.828+0000] {logging_mixin.py:151} INFO - [2026-02-23T13:55:54.828+0000] {dagbag.py:539} INFO - Filling up the DagBag from /opt/airflow/dags/dag.py
[2026-02-23T13:55:55.073+0000] {processor.py:839} INFO - DAG(s) dict_keys(['pagination_dag']) retrieved from /opt/airflow/dags/dag.py
[2026-02-23T13:55:55.099+0000] {logging_mixin.py:151} INFO - [2026-02-23T13:55:55.098+0000] {dag.py:2915} INFO - Sync 1 DAGs
[2026-02-23T13:55:55.110+0000] {logging_mixin.py:151} INFO - [2026-02-23T13:55:55.109+0000] {dag.py:3696} INFO - Setting next_dagrun for pagination_dag to None, run_after=None
[2026-02-23T13:55:55.130+0000] {processor.py:179} INFO - Processing /opt/airflow/dags/dag.py took 0.306 seconds
[2026-02-23T13:56:25.317+0000] {processor.py:157} INFO - Started process (PID=2151) to work on /opt/airflow/dags/dag.py
[2026-02-23T13:56:25.318+0000] {processor.py:829} INFO - Processing file /opt/airflow/dags/dag.py for tasks to queue
[2026-02-23T13:56:25.319+0000] {logging_mixin.py:151} INFO - [2026-02-23T13:56:25.318+0000] {dagbag.py:539} INFO - Filling up the DagBag from /opt/airflow/dags/dag.py
[2026-02-23T13:56:25.581+0000] {processor.py:839} INFO - DAG(s) dict_keys(['pagination_dag']) retrieved from /opt/airflow/dags/dag.py
[2026-02-23T13:56:25.611+0000] {logging_mixin.py:151} INFO - [2026-02-23T13:56:25.610+0000] {dag.py:2915} INFO - Sync 1 DAGs
[2026-02-23T13:56:25.629+0000] {logging_mixin.py:151} INFO - [2026-02-23T13:56:25.629+0000] {dag.py:3696} INFO - Setting next_dagrun for pagination_dag to None, run_after=None
[2026-02-23T13:56:25.658+0000] {processor.py:179} INFO - Processing /opt/airflow/dags/dag.py took 0.346 seconds
