[2026-02-23T08:56:41.833+0000] {manager.py:487} INFO - Processing files using up to 2 processes at a time 
[2026-02-23T08:56:41.834+0000] {manager.py:488} INFO - Process each file at most once every 30 seconds
[2026-02-23T08:56:41.835+0000] {manager.py:489} INFO - Checking for new files in /opt/airflow/dags every 300 seconds
[2026-02-23T08:56:41.835+0000] {manager.py:759} INFO - Searching for files in /opt/airflow/dags
[2026-02-23T08:56:41.851+0000] {manager.py:762} INFO - There are 1 files in /opt/airflow/dags
[2026-02-23T08:56:41.935+0000] {manager.py:893} INFO - 
================================================================================
DAG File Processing Stats

File Path                   PID  Runtime      # DAGs    # Errors  Last Runtime    Last Run
------------------------  -----  ---------  --------  ----------  --------------  ----------
/opt/airflow/dags/dag.py    171  0.04s             0           0
================================================================================
[2026-02-23T08:57:12.110+0000] {manager.py:893} INFO - 
================================================================================
DAG File Processing Stats

File Path                 PID    Runtime      # DAGs    # Errors  Last Runtime    Last Run
------------------------  -----  ---------  --------  ----------  --------------  -------------------
/opt/airflow/dags/dag.py                           1           0  1.65s           2026-02-23T08:56:43
================================================================================
[2026-02-23T08:57:42.292+0000] {manager.py:893} INFO - 
================================================================================
DAG File Processing Stats

File Path                 PID    Runtime      # DAGs    # Errors  Last Runtime    Last Run
------------------------  -----  ---------  --------  ----------  --------------  -------------------
/opt/airflow/dags/dag.py                           1           0  0.52s           2026-02-23T08:57:14
================================================================================
[2026-02-23T08:58:12.540+0000] {manager.py:893} INFO - 
================================================================================
DAG File Processing Stats

File Path                 PID    Runtime      # DAGs    # Errors  Last Runtime    Last Run
------------------------  -----  ---------  --------  ----------  --------------  -------------------
/opt/airflow/dags/dag.py                           1           0  0.56s           2026-02-23T08:57:44
================================================================================
[2026-02-23T08:58:42.667+0000] {manager.py:893} INFO - 
================================================================================
DAG File Processing Stats

File Path                 PID    Runtime      # DAGs    # Errors  Last Runtime    Last Run
------------------------  -----  ---------  --------  ----------  --------------  -------------------
/opt/airflow/dags/dag.py                           1           0  0.46s           2026-02-23T08:58:15
================================================================================
[2026-02-23T08:59:12.843+0000] {manager.py:893} INFO - 
================================================================================
DAG File Processing Stats

File Path                 PID    Runtime      # DAGs    # Errors  Last Runtime    Last Run
------------------------  -----  ---------  --------  ----------  --------------  -------------------
/opt/airflow/dags/dag.py                           1           0  0.42s           2026-02-23T08:58:46
================================================================================
[2026-02-23T08:59:43.407+0000] {manager.py:893} INFO - 
================================================================================
DAG File Processing Stats

File Path                 PID    Runtime      # DAGs    # Errors  Last Runtime    Last Run
------------------------  -----  ---------  --------  ----------  --------------  -------------------
/opt/airflow/dags/dag.py                           1           0  0.41s           2026-02-23T08:59:16
================================================================================
[2026-02-23T09:00:14.117+0000] {manager.py:893} INFO - 
================================================================================
DAG File Processing Stats

File Path                 PID    Runtime      # DAGs    # Errors  Last Runtime    Last Run
------------------------  -----  ---------  --------  ----------  --------------  -------------------
/opt/airflow/dags/dag.py                           1           0  0.42s           2026-02-23T08:59:47
================================================================================
[2026-02-23T09:00:44.584+0000] {manager.py:893} INFO - 
================================================================================
DAG File Processing Stats

File Path                 PID    Runtime      # DAGs    # Errors  Last Runtime    Last Run
------------------------  -----  ---------  --------  ----------  --------------  -------------------
/opt/airflow/dags/dag.py                           1           0  0.32s           2026-02-23T09:00:17
================================================================================
[2026-02-23T09:01:15.059+0000] {manager.py:893} INFO - 
================================================================================
DAG File Processing Stats

File Path                 PID    Runtime      # DAGs    # Errors  Last Runtime    Last Run
------------------------  -----  ---------  --------  ----------  --------------  -------------------
/opt/airflow/dags/dag.py                           1           0  0.33s           2026-02-23T09:00:48
================================================================================
[2026-02-23T09:01:41.847+0000] {manager.py:759} INFO - Searching for files in /opt/airflow/dags
[2026-02-23T09:01:41.858+0000] {manager.py:762} INFO - There are 1 files in /opt/airflow/dags
[2026-02-23T09:01:45.558+0000] {manager.py:893} INFO - 
================================================================================
DAG File Processing Stats

File Path                 PID    Runtime      # DAGs    # Errors  Last Runtime    Last Run
------------------------  -----  ---------  --------  ----------  --------------  -------------------
/opt/airflow/dags/dag.py                           1           0  0.33s           2026-02-23T09:01:18
================================================================================
[2026-02-23T09:02:16.067+0000] {manager.py:893} INFO - 
================================================================================
DAG File Processing Stats

File Path                 PID    Runtime      # DAGs    # Errors  Last Runtime    Last Run
------------------------  -----  ---------  --------  ----------  --------------  -------------------
/opt/airflow/dags/dag.py                           1           0  0.32s           2026-02-23T09:01:49
================================================================================
[2026-02-23T09:02:46.533+0000] {manager.py:893} INFO - 
================================================================================
DAG File Processing Stats

File Path                 PID    Runtime      # DAGs    # Errors  Last Runtime    Last Run
------------------------  -----  ---------  --------  ----------  --------------  -------------------
/opt/airflow/dags/dag.py                           1           0  0.32s           2026-02-23T09:02:19
================================================================================
[2026-02-23T09:03:17.016+0000] {manager.py:893} INFO - 
================================================================================
DAG File Processing Stats

File Path                 PID    Runtime      # DAGs    # Errors  Last Runtime    Last Run
------------------------  -----  ---------  --------  ----------  --------------  -------------------
/opt/airflow/dags/dag.py                           1           0  0.31s           2026-02-23T09:02:50
================================================================================
[2026-02-23T09:03:47.488+0000] {manager.py:893} INFO - 
================================================================================
DAG File Processing Stats

File Path                 PID    Runtime      # DAGs    # Errors  Last Runtime    Last Run
------------------------  -----  ---------  --------  ----------  --------------  -------------------
/opt/airflow/dags/dag.py                           1           0  0.31s           2026-02-23T09:03:20
================================================================================
[2026-02-23T09:04:17.956+0000] {manager.py:893} INFO - 
================================================================================
DAG File Processing Stats

File Path                 PID    Runtime      # DAGs    # Errors  Last Runtime    Last Run
------------------------  -----  ---------  --------  ----------  --------------  -------------------
/opt/airflow/dags/dag.py                           1           0  0.32s           2026-02-23T09:03:51
================================================================================
[2026-02-23T09:04:48.437+0000] {manager.py:893} INFO - 
================================================================================
DAG File Processing Stats

File Path                 PID    Runtime      # DAGs    # Errors  Last Runtime    Last Run
------------------------  -----  ---------  --------  ----------  --------------  -------------------
/opt/airflow/dags/dag.py                           1           0  0.32s           2026-02-23T09:04:21
================================================================================
[2026-02-23T09:05:18.928+0000] {manager.py:893} INFO - 
================================================================================
DAG File Processing Stats

File Path                 PID    Runtime      # DAGs    # Errors  Last Runtime    Last Run
------------------------  -----  ---------  --------  ----------  --------------  -------------------
/opt/airflow/dags/dag.py                           1           0  0.33s           2026-02-23T09:04:52
================================================================================
[2026-02-23T09:05:49.423+0000] {manager.py:893} INFO - 
================================================================================
DAG File Processing Stats

File Path                 PID    Runtime      # DAGs    # Errors  Last Runtime    Last Run
------------------------  -----  ---------  --------  ----------  --------------  -------------------
/opt/airflow/dags/dag.py                           1           0  0.33s           2026-02-23T09:05:22
================================================================================
[2026-02-23T09:06:19.905+0000] {manager.py:893} INFO - 
================================================================================
DAG File Processing Stats

File Path                 PID    Runtime      # DAGs    # Errors  Last Runtime    Last Run
------------------------  -----  ---------  --------  ----------  --------------  -------------------
/opt/airflow/dags/dag.py                           1           0  0.32s           2026-02-23T09:05:53
================================================================================
[2026-02-23T09:06:42.344+0000] {manager.py:759} INFO - Searching for files in /opt/airflow/dags
[2026-02-23T09:06:42.357+0000] {manager.py:762} INFO - There are 1 files in /opt/airflow/dags
[2026-02-23T09:06:50.408+0000] {manager.py:893} INFO - 
================================================================================
DAG File Processing Stats

File Path                 PID    Runtime      # DAGs    # Errors  Last Runtime    Last Run
------------------------  -----  ---------  --------  ----------  --------------  -------------------
/opt/airflow/dags/dag.py                           1           0  0.31s           2026-02-23T09:06:23
================================================================================
[2026-02-23T09:07:20.862+0000] {manager.py:893} INFO - 
================================================================================
DAG File Processing Stats

File Path                 PID    Runtime      # DAGs    # Errors  Last Runtime    Last Run
------------------------  -----  ---------  --------  ----------  --------------  -------------------
/opt/airflow/dags/dag.py                           1           0  0.32s           2026-02-23T09:06:54
================================================================================
[2026-02-23T09:07:51.338+0000] {manager.py:893} INFO - 
================================================================================
DAG File Processing Stats

File Path                 PID    Runtime      # DAGs    # Errors  Last Runtime    Last Run
------------------------  -----  ---------  --------  ----------  --------------  -------------------
/opt/airflow/dags/dag.py                           1           0  0.47s           2026-02-23T09:07:24
================================================================================
[2026-02-23T09:08:21.979+0000] {manager.py:893} INFO - 
================================================================================
DAG File Processing Stats

File Path                 PID    Runtime      # DAGs    # Errors  Last Runtime    Last Run
------------------------  -----  ---------  --------  ----------  --------------  -------------------
/opt/airflow/dags/dag.py                           1           0  0.31s           2026-02-23T09:07:55
================================================================================
[2026-02-23T09:08:52.449+0000] {manager.py:893} INFO - 
================================================================================
DAG File Processing Stats

File Path                 PID    Runtime      # DAGs    # Errors  Last Runtime    Last Run
------------------------  -----  ---------  --------  ----------  --------------  -------------------
/opt/airflow/dags/dag.py                           1           0  0.31s           2026-02-23T09:08:25
================================================================================
[2026-02-23T09:09:22.922+0000] {manager.py:893} INFO - 
================================================================================
DAG File Processing Stats

File Path                 PID    Runtime      # DAGs    # Errors  Last Runtime    Last Run
------------------------  -----  ---------  --------  ----------  --------------  -------------------
/opt/airflow/dags/dag.py                           1           0  0.34s           2026-02-23T09:08:56
================================================================================
[2026-02-23T09:09:53.430+0000] {manager.py:893} INFO - 
================================================================================
DAG File Processing Stats

File Path                 PID    Runtime      # DAGs    # Errors  Last Runtime    Last Run
------------------------  -----  ---------  --------  ----------  --------------  -------------------
/opt/airflow/dags/dag.py                           1           0  0.32s           2026-02-23T09:09:26
================================================================================
[2026-02-23T09:10:23.909+0000] {manager.py:893} INFO - 
================================================================================
DAG File Processing Stats

File Path                 PID    Runtime      # DAGs    # Errors  Last Runtime    Last Run
------------------------  -----  ---------  --------  ----------  --------------  -------------------
/opt/airflow/dags/dag.py                           1           0  0.32s           2026-02-23T09:09:57
================================================================================
[2026-02-23T09:10:54.408+0000] {manager.py:893} INFO - 
================================================================================
DAG File Processing Stats

File Path                 PID    Runtime      # DAGs    # Errors  Last Runtime    Last Run
------------------------  -----  ---------  --------  ----------  --------------  -------------------
/opt/airflow/dags/dag.py                           1           0  0.31s           2026-02-23T09:10:27
================================================================================
[2026-02-23T09:11:24.871+0000] {manager.py:893} INFO - 
================================================================================
DAG File Processing Stats

File Path                 PID    Runtime      # DAGs    # Errors  Last Runtime    Last Run
------------------------  -----  ---------  --------  ----------  --------------  -------------------
/opt/airflow/dags/dag.py                           1           0  0.31s           2026-02-23T09:10:58
================================================================================
[2026-02-23T09:11:42.591+0000] {manager.py:759} INFO - Searching for files in /opt/airflow/dags
[2026-02-23T09:11:42.602+0000] {manager.py:762} INFO - There are 1 files in /opt/airflow/dags
[2026-02-23T09:11:55.345+0000] {manager.py:893} INFO - 
================================================================================
DAG File Processing Stats

File Path                 PID    Runtime      # DAGs    # Errors  Last Runtime    Last Run
------------------------  -----  ---------  --------  ----------  --------------  -------------------
/opt/airflow/dags/dag.py                           1           0  0.33s           2026-02-23T09:11:28
================================================================================
[2026-02-23T09:12:25.851+0000] {manager.py:893} INFO - 
================================================================================
DAG File Processing Stats

File Path                 PID    Runtime      # DAGs    # Errors  Last Runtime    Last Run
------------------------  -----  ---------  --------  ----------  --------------  -------------------
/opt/airflow/dags/dag.py                           1           0  0.32s           2026-02-23T09:11:59
================================================================================
[2026-02-23T09:12:56.335+0000] {manager.py:893} INFO - 
================================================================================
DAG File Processing Stats

File Path                 PID    Runtime      # DAGs    # Errors  Last Runtime    Last Run
------------------------  -----  ---------  --------  ----------  --------------  -------------------
/opt/airflow/dags/dag.py                           1           0  0.31s           2026-02-23T09:12:29
================================================================================
[2026-02-23T09:13:26.802+0000] {manager.py:893} INFO - 
================================================================================
DAG File Processing Stats

File Path                 PID    Runtime      # DAGs    # Errors  Last Runtime    Last Run
------------------------  -----  ---------  --------  ----------  --------------  -------------------
/opt/airflow/dags/dag.py                           1           0  0.32s           2026-02-23T09:12:59
================================================================================
[2026-02-23T09:13:57.279+0000] {manager.py:893} INFO - 
================================================================================
DAG File Processing Stats

File Path                 PID    Runtime      # DAGs    # Errors  Last Runtime    Last Run
------------------------  -----  ---------  --------  ----------  --------------  -------------------
/opt/airflow/dags/dag.py                           1           0  0.32s           2026-02-23T09:13:30
================================================================================
[2026-02-23T09:14:27.757+0000] {manager.py:893} INFO - 
================================================================================
DAG File Processing Stats

File Path                 PID    Runtime      # DAGs    # Errors  Last Runtime    Last Run
------------------------  -----  ---------  --------  ----------  --------------  -------------------
/opt/airflow/dags/dag.py                           1           0  0.33s           2026-02-23T09:14:00
================================================================================
[2026-02-23T09:14:58.253+0000] {manager.py:893} INFO - 
================================================================================
DAG File Processing Stats

File Path                 PID    Runtime      # DAGs    # Errors  Last Runtime    Last Run
------------------------  -----  ---------  --------  ----------  --------------  -------------------
/opt/airflow/dags/dag.py                           1           0  0.32s           2026-02-23T09:14:31
================================================================================
[2026-02-23T09:15:28.733+0000] {manager.py:893} INFO - 
================================================================================
DAG File Processing Stats

File Path                 PID    Runtime      # DAGs    # Errors  Last Runtime    Last Run
------------------------  -----  ---------  --------  ----------  --------------  -------------------
/opt/airflow/dags/dag.py                           1           0  0.32s           2026-02-23T09:15:01
================================================================================
[2026-02-23T09:15:59.205+0000] {manager.py:893} INFO - 
================================================================================
DAG File Processing Stats

File Path                 PID    Runtime      # DAGs    # Errors  Last Runtime    Last Run
------------------------  -----  ---------  --------  ----------  --------------  -------------------
/opt/airflow/dags/dag.py                           1           0  0.32s           2026-02-23T09:15:32
================================================================================
[2026-02-23T09:16:29.699+0000] {manager.py:893} INFO - 
================================================================================
DAG File Processing Stats

File Path                 PID    Runtime      # DAGs    # Errors  Last Runtime    Last Run
------------------------  -----  ---------  --------  ----------  --------------  -------------------
/opt/airflow/dags/dag.py                           1           0  0.32s           2026-02-23T09:16:02
================================================================================
[2026-02-23T09:16:43.094+0000] {manager.py:759} INFO - Searching for files in /opt/airflow/dags
[2026-02-23T09:16:43.106+0000] {manager.py:762} INFO - There are 1 files in /opt/airflow/dags
[2026-02-23T09:17:00.208+0000] {manager.py:893} INFO - 
================================================================================
DAG File Processing Stats

File Path                 PID    Runtime      # DAGs    # Errors  Last Runtime    Last Run
------------------------  -----  ---------  --------  ----------  --------------  -------------------
/opt/airflow/dags/dag.py                           1           0  0.32s           2026-02-23T09:16:33
================================================================================
[2026-02-23T09:17:30.671+0000] {manager.py:893} INFO - 
================================================================================
DAG File Processing Stats

File Path                 PID    Runtime      # DAGs    # Errors  Last Runtime    Last Run
------------------------  -----  ---------  --------  ----------  --------------  -------------------
/opt/airflow/dags/dag.py                           1           0  0.32s           2026-02-23T09:17:03
================================================================================
[2026-02-23T09:18:01.164+0000] {manager.py:893} INFO - 
================================================================================
DAG File Processing Stats

File Path                 PID    Runtime      # DAGs    # Errors  Last Runtime    Last Run
------------------------  -----  ---------  --------  ----------  --------------  -------------------
/opt/airflow/dags/dag.py                           1           0  0.36s           2026-02-23T09:17:34
================================================================================
[2026-02-23T09:18:31.687+0000] {manager.py:893} INFO - 
================================================================================
DAG File Processing Stats

File Path                 PID    Runtime      # DAGs    # Errors  Last Runtime    Last Run
------------------------  -----  ---------  --------  ----------  --------------  -------------------
/opt/airflow/dags/dag.py                           1           0  0.32s           2026-02-23T09:18:04
================================================================================
[2026-02-23T09:19:02.180+0000] {manager.py:893} INFO - 
================================================================================
DAG File Processing Stats

File Path                 PID    Runtime      # DAGs    # Errors  Last Runtime    Last Run
------------------------  -----  ---------  --------  ----------  --------------  -------------------
/opt/airflow/dags/dag.py                           1           0  0.33s           2026-02-23T09:18:35
================================================================================
[2026-02-23T09:19:32.668+0000] {manager.py:893} INFO - 
================================================================================
DAG File Processing Stats

File Path                 PID    Runtime      # DAGs    # Errors  Last Runtime    Last Run
------------------------  -----  ---------  --------  ----------  --------------  -------------------
/opt/airflow/dags/dag.py                           1           0  0.32s           2026-02-23T09:19:05
================================================================================
[2026-02-23T09:20:03.148+0000] {manager.py:893} INFO - 
================================================================================
DAG File Processing Stats

File Path                 PID    Runtime      # DAGs    # Errors  Last Runtime    Last Run
------------------------  -----  ---------  --------  ----------  --------------  -------------------
/opt/airflow/dags/dag.py                           1           0  0.36s           2026-02-23T09:19:36
================================================================================
[2026-02-23T09:20:33.674+0000] {manager.py:893} INFO - 
================================================================================
DAG File Processing Stats

File Path                 PID    Runtime      # DAGs    # Errors  Last Runtime    Last Run
------------------------  -----  ---------  --------  ----------  --------------  -------------------
/opt/airflow/dags/dag.py                           1           0  0.32s           2026-02-23T09:20:06
================================================================================
[2026-02-23T09:21:04.167+0000] {manager.py:893} INFO - 
================================================================================
DAG File Processing Stats

File Path                 PID    Runtime      # DAGs    # Errors  Last Runtime    Last Run
------------------------  -----  ---------  --------  ----------  --------------  -------------------
/opt/airflow/dags/dag.py                           1           0  0.32s           2026-02-23T09:20:37
================================================================================
[2026-02-23T09:21:34.644+0000] {manager.py:893} INFO - 
================================================================================
DAG File Processing Stats

File Path                 PID    Runtime      # DAGs    # Errors  Last Runtime    Last Run
------------------------  -----  ---------  --------  ----------  --------------  -------------------
/opt/airflow/dags/dag.py                           1           0  0.32s           2026-02-23T09:21:07
================================================================================
[2026-02-23T09:21:43.310+0000] {manager.py:759} INFO - Searching for files in /opt/airflow/dags
[2026-02-23T09:21:43.320+0000] {manager.py:762} INFO - There are 1 files in /opt/airflow/dags
[2026-02-23T09:22:05.120+0000] {manager.py:893} INFO - 
================================================================================
DAG File Processing Stats

File Path                 PID    Runtime      # DAGs    # Errors  Last Runtime    Last Run
------------------------  -----  ---------  --------  ----------  --------------  -------------------
/opt/airflow/dags/dag.py                           1           0  0.31s           2026-02-23T09:21:38
================================================================================
[2026-02-23T09:22:35.621+0000] {manager.py:893} INFO - 
================================================================================
DAG File Processing Stats

File Path                 PID    Runtime      # DAGs    # Errors  Last Runtime    Last Run
------------------------  -----  ---------  --------  ----------  --------------  -------------------
/opt/airflow/dags/dag.py                           1           0  0.31s           2026-02-23T09:22:08
================================================================================
[2026-02-23T09:23:06.107+0000] {manager.py:893} INFO - 
================================================================================
DAG File Processing Stats

File Path                 PID    Runtime      # DAGs    # Errors  Last Runtime    Last Run
------------------------  -----  ---------  --------  ----------  --------------  -------------------
/opt/airflow/dags/dag.py                           1           0  0.32s           2026-02-23T09:22:39
================================================================================
[2026-02-23T09:23:36.580+0000] {manager.py:893} INFO - 
================================================================================
DAG File Processing Stats

File Path                 PID    Runtime      # DAGs    # Errors  Last Runtime    Last Run
------------------------  -----  ---------  --------  ----------  --------------  -------------------
/opt/airflow/dags/dag.py                           1           0  0.36s           2026-02-23T09:23:09
================================================================================
[2026-02-23T09:24:07.110+0000] {manager.py:893} INFO - 
================================================================================
DAG File Processing Stats

File Path                 PID    Runtime      # DAGs    # Errors  Last Runtime    Last Run
------------------------  -----  ---------  --------  ----------  --------------  -------------------
/opt/airflow/dags/dag.py                           1           0  0.32s           2026-02-23T09:23:40
================================================================================
[2026-02-23T09:24:37.600+0000] {manager.py:893} INFO - 
================================================================================
DAG File Processing Stats

File Path                 PID    Runtime      # DAGs    # Errors  Last Runtime    Last Run
------------------------  -----  ---------  --------  ----------  --------------  -------------------
/opt/airflow/dags/dag.py                           1           0  0.32s           2026-02-23T09:24:10
================================================================================
[2026-02-23T09:25:08.089+0000] {manager.py:893} INFO - 
================================================================================
DAG File Processing Stats

File Path                 PID    Runtime      # DAGs    # Errors  Last Runtime    Last Run
------------------------  -----  ---------  --------  ----------  --------------  -------------------
/opt/airflow/dags/dag.py                           1           0  0.33s           2026-02-23T09:24:41
================================================================================
[2026-02-23T09:25:38.570+0000] {manager.py:893} INFO - 
================================================================================
DAG File Processing Stats

File Path                 PID    Runtime      # DAGs    # Errors  Last Runtime    Last Run
------------------------  -----  ---------  --------  ----------  --------------  -------------------
/opt/airflow/dags/dag.py                           1           0  0.32s           2026-02-23T09:25:11
================================================================================
[2026-02-23T09:26:09.064+0000] {manager.py:893} INFO - 
================================================================================
DAG File Processing Stats

File Path                 PID    Runtime      # DAGs    # Errors  Last Runtime    Last Run
------------------------  -----  ---------  --------  ----------  --------------  -------------------
/opt/airflow/dags/dag.py                           1           0  0.32s           2026-02-23T09:25:42
================================================================================
[2026-02-23T09:26:39.545+0000] {manager.py:893} INFO - 
================================================================================
DAG File Processing Stats

File Path                 PID    Runtime      # DAGs    # Errors  Last Runtime    Last Run
------------------------  -----  ---------  --------  ----------  --------------  -------------------
/opt/airflow/dags/dag.py                           1           0  0.33s           2026-02-23T09:26:12
================================================================================
[2026-02-23T09:26:43.898+0000] {manager.py:759} INFO - Searching for files in /opt/airflow/dags
[2026-02-23T09:26:43.913+0000] {manager.py:762} INFO - There are 1 files in /opt/airflow/dags
[2026-02-23T09:27:10.079+0000] {manager.py:893} INFO - 
================================================================================
DAG File Processing Stats

File Path                 PID    Runtime      # DAGs    # Errors  Last Runtime    Last Run
------------------------  -----  ---------  --------  ----------  --------------  -------------------
/opt/airflow/dags/dag.py                           1           0  0.32s           2026-02-23T09:26:43
================================================================================
[2026-02-23T09:27:40.519+0000] {manager.py:893} INFO - 
================================================================================
DAG File Processing Stats

File Path                 PID    Runtime      # DAGs    # Errors  Last Runtime    Last Run
------------------------  -----  ---------  --------  ----------  --------------  -------------------
/opt/airflow/dags/dag.py                           1           0  0.32s           2026-02-23T09:27:13
================================================================================
[2026-02-23T09:28:11.014+0000] {manager.py:893} INFO - 
================================================================================
DAG File Processing Stats

File Path                 PID    Runtime      # DAGs    # Errors  Last Runtime    Last Run
------------------------  -----  ---------  --------  ----------  --------------  -------------------
/opt/airflow/dags/dag.py                           1           0  0.32s           2026-02-23T09:27:44
================================================================================
[2026-02-23T09:28:41.499+0000] {manager.py:893} INFO - 
================================================================================
DAG File Processing Stats

File Path                 PID    Runtime      # DAGs    # Errors  Last Runtime    Last Run
------------------------  -----  ---------  --------  ----------  --------------  -------------------
/opt/airflow/dags/dag.py                           1           0  0.35s           2026-02-23T09:28:14
================================================================================
[2026-02-23T09:29:12.014+0000] {manager.py:893} INFO - 
================================================================================
DAG File Processing Stats

File Path                 PID    Runtime      # DAGs    # Errors  Last Runtime    Last Run
------------------------  -----  ---------  --------  ----------  --------------  -------------------
/opt/airflow/dags/dag.py                           1           0  0.32s           2026-02-23T09:28:45
================================================================================
[2026-02-23T09:29:42.489+0000] {manager.py:893} INFO - 
================================================================================
DAG File Processing Stats

File Path                 PID    Runtime      # DAGs    # Errors  Last Runtime    Last Run
------------------------  -----  ---------  --------  ----------  --------------  -------------------
/opt/airflow/dags/dag.py                           1           0  0.32s           2026-02-23T09:29:15
================================================================================
[2026-02-23T09:30:12.976+0000] {manager.py:893} INFO - 
================================================================================
DAG File Processing Stats

File Path                 PID    Runtime      # DAGs    # Errors  Last Runtime    Last Run
------------------------  -----  ---------  --------  ----------  --------------  -------------------
/opt/airflow/dags/dag.py                           1           0  0.33s           2026-02-23T09:29:46
================================================================================
[2026-02-23T09:30:43.461+0000] {manager.py:893} INFO - 
================================================================================
DAG File Processing Stats

File Path                 PID    Runtime      # DAGs    # Errors  Last Runtime    Last Run
------------------------  -----  ---------  --------  ----------  --------------  -------------------
/opt/airflow/dags/dag.py                           1           0  0.32s           2026-02-23T09:30:16
================================================================================
[2026-02-23T09:31:13.946+0000] {manager.py:893} INFO - 
================================================================================
DAG File Processing Stats

File Path                 PID    Runtime      # DAGs    # Errors  Last Runtime    Last Run
------------------------  -----  ---------  --------  ----------  --------------  -------------------
/opt/airflow/dags/dag.py                           1           0  0.33s           2026-02-23T09:30:47
================================================================================
[2026-02-23T09:31:44.427+0000] {manager.py:759} INFO - Searching for files in /opt/airflow/dags
[2026-02-23T09:31:44.439+0000] {manager.py:762} INFO - There are 1 files in /opt/airflow/dags
[2026-02-23T09:31:44.445+0000] {manager.py:893} INFO - 
================================================================================
DAG File Processing Stats

File Path                 PID    Runtime      # DAGs    # Errors  Last Runtime    Last Run
------------------------  -----  ---------  --------  ----------  --------------  -------------------
/opt/airflow/dags/dag.py                           1           0  0.31s           2026-02-23T09:31:17
================================================================================
[2026-02-23T09:32:14.899+0000] {manager.py:893} INFO - 
================================================================================
DAG File Processing Stats

File Path                 PID    Runtime      # DAGs    # Errors  Last Runtime    Last Run
------------------------  -----  ---------  --------  ----------  --------------  -------------------
/opt/airflow/dags/dag.py                           1           0  0.33s           2026-02-23T09:31:48
================================================================================
[2026-02-23T09:32:45.399+0000] {manager.py:893} INFO - 
================================================================================
DAG File Processing Stats

File Path                 PID    Runtime      # DAGs    # Errors  Last Runtime    Last Run
------------------------  -----  ---------  --------  ----------  --------------  -------------------
/opt/airflow/dags/dag.py                           1           0  0.32s           2026-02-23T09:32:18
================================================================================
[2026-02-23T09:33:15.882+0000] {manager.py:893} INFO - 
================================================================================
DAG File Processing Stats

File Path                 PID    Runtime      # DAGs    # Errors  Last Runtime    Last Run
------------------------  -----  ---------  --------  ----------  --------------  -------------------
/opt/airflow/dags/dag.py                           1           0  0.32s           2026-02-23T09:32:49
================================================================================
[2026-02-23T09:33:46.357+0000] {manager.py:893} INFO - 
================================================================================
DAG File Processing Stats

File Path                 PID    Runtime      # DAGs    # Errors  Last Runtime    Last Run
------------------------  -----  ---------  --------  ----------  --------------  -------------------
/opt/airflow/dags/dag.py                           1           0  0.31s           2026-02-23T09:33:19
================================================================================
[2026-02-23T09:34:16.839+0000] {manager.py:893} INFO - 
================================================================================
DAG File Processing Stats

File Path                 PID    Runtime      # DAGs    # Errors  Last Runtime    Last Run
------------------------  -----  ---------  --------  ----------  --------------  -------------------
/opt/airflow/dags/dag.py                           1           0  0.32s           2026-02-23T09:33:50
================================================================================
[2026-02-23T09:34:47.324+0000] {manager.py:893} INFO - 
================================================================================
DAG File Processing Stats

File Path                 PID    Runtime      # DAGs    # Errors  Last Runtime    Last Run
------------------------  -----  ---------  --------  ----------  --------------  -------------------
/opt/airflow/dags/dag.py                           1           0  0.32s           2026-02-23T09:34:20
================================================================================
[2026-02-23T09:35:17.805+0000] {manager.py:893} INFO - 
================================================================================
DAG File Processing Stats

File Path                 PID    Runtime      # DAGs    # Errors  Last Runtime    Last Run
------------------------  -----  ---------  --------  ----------  --------------  -------------------
/opt/airflow/dags/dag.py                           1           0  0.33s           2026-02-23T09:34:50
================================================================================
[2026-02-23T09:35:48.313+0000] {manager.py:893} INFO - 
================================================================================
DAG File Processing Stats

File Path                 PID    Runtime      # DAGs    # Errors  Last Runtime    Last Run
------------------------  -----  ---------  --------  ----------  --------------  -------------------
/opt/airflow/dags/dag.py                           1           0  0.31s           2026-02-23T09:35:21
================================================================================
[2026-02-23T09:36:18.778+0000] {manager.py:893} INFO - 
================================================================================
DAG File Processing Stats

File Path                 PID    Runtime      # DAGs    # Errors  Last Runtime    Last Run
------------------------  -----  ---------  --------  ----------  --------------  -------------------
/opt/airflow/dags/dag.py                           1           0  0.32s           2026-02-23T09:35:51
================================================================================
[2026-02-23T09:36:44.539+0000] {manager.py:759} INFO - Searching for files in /opt/airflow/dags
[2026-02-23T09:36:44.551+0000] {manager.py:762} INFO - There are 1 files in /opt/airflow/dags
[2026-02-23T09:36:49.268+0000] {manager.py:893} INFO - 
================================================================================
DAG File Processing Stats

File Path                 PID    Runtime      # DAGs    # Errors  Last Runtime    Last Run
------------------------  -----  ---------  --------  ----------  --------------  -------------------
/opt/airflow/dags/dag.py                           1           0  0.32s           2026-02-23T09:36:22
================================================================================
[2026-02-23T09:37:19.766+0000] {manager.py:893} INFO - 
================================================================================
DAG File Processing Stats

File Path                 PID    Runtime      # DAGs    # Errors  Last Runtime    Last Run
------------------------  -----  ---------  --------  ----------  --------------  -------------------
/opt/airflow/dags/dag.py                           1           0  0.31s           2026-02-23T09:36:52
================================================================================
[2026-02-23T09:37:50.227+0000] {manager.py:893} INFO - 
================================================================================
DAG File Processing Stats

File Path                 PID    Runtime      # DAGs    # Errors  Last Runtime    Last Run
------------------------  -----  ---------  --------  ----------  --------------  -------------------
/opt/airflow/dags/dag.py                           1           0  0.32s           2026-02-23T09:37:23
================================================================================
[2026-02-23T09:38:20.701+0000] {manager.py:893} INFO - 
================================================================================
DAG File Processing Stats

File Path                 PID    Runtime      # DAGs    # Errors  Last Runtime    Last Run
------------------------  -----  ---------  --------  ----------  --------------  -------------------
/opt/airflow/dags/dag.py                           1           0  0.31s           2026-02-23T09:37:53
================================================================================
[2026-02-23T09:38:51.171+0000] {manager.py:893} INFO - 
================================================================================
DAG File Processing Stats

File Path                 PID    Runtime      # DAGs    # Errors  Last Runtime    Last Run
------------------------  -----  ---------  --------  ----------  --------------  -------------------
/opt/airflow/dags/dag.py                           1           0  0.31s           2026-02-23T09:38:24
================================================================================
[2026-02-23T09:39:21.650+0000] {manager.py:893} INFO - 
================================================================================
DAG File Processing Stats

File Path                 PID    Runtime      # DAGs    # Errors  Last Runtime    Last Run
------------------------  -----  ---------  --------  ----------  --------------  -------------------
/opt/airflow/dags/dag.py                           1           0  0.32s           2026-02-23T09:38:54
================================================================================
[2026-02-23T09:39:52.123+0000] {manager.py:893} INFO - 
================================================================================
DAG File Processing Stats

File Path                 PID    Runtime      # DAGs    # Errors  Last Runtime    Last Run
------------------------  -----  ---------  --------  ----------  --------------  -------------------
/opt/airflow/dags/dag.py                           1           0  0.36s           2026-02-23T09:39:25
================================================================================
[2026-02-23T09:40:22.659+0000] {manager.py:893} INFO - 
================================================================================
DAG File Processing Stats

File Path                 PID    Runtime      # DAGs    # Errors  Last Runtime    Last Run
------------------------  -----  ---------  --------  ----------  --------------  -------------------
/opt/airflow/dags/dag.py                           1           0  0.32s           2026-02-23T09:39:55
================================================================================
[2026-02-23T09:40:53.141+0000] {manager.py:893} INFO - 
================================================================================
DAG File Processing Stats

File Path                 PID    Runtime      # DAGs    # Errors  Last Runtime    Last Run
------------------------  -----  ---------  --------  ----------  --------------  -------------------
/opt/airflow/dags/dag.py                           1           0  0.32s           2026-02-23T09:40:26
================================================================================
[2026-02-23T09:41:23.623+0000] {manager.py:893} INFO - 
================================================================================
DAG File Processing Stats

File Path                 PID    Runtime      # DAGs    # Errors  Last Runtime    Last Run
------------------------  -----  ---------  --------  ----------  --------------  -------------------
/opt/airflow/dags/dag.py                           1           0  0.31s           2026-02-23T09:40:56
================================================================================
[2026-02-23T09:41:45.051+0000] {manager.py:759} INFO - Searching for files in /opt/airflow/dags
[2026-02-23T09:41:45.061+0000] {manager.py:762} INFO - There are 1 files in /opt/airflow/dags
[2026-02-23T09:41:54.121+0000] {manager.py:893} INFO - 
================================================================================
DAG File Processing Stats

File Path                 PID    Runtime      # DAGs    # Errors  Last Runtime    Last Run
------------------------  -----  ---------  --------  ----------  --------------  -------------------
/opt/airflow/dags/dag.py                           1           0  0.36s           2026-02-23T09:41:27
================================================================================
[2026-02-23T09:42:24.638+0000] {manager.py:893} INFO - 
================================================================================
DAG File Processing Stats

File Path                 PID    Runtime      # DAGs    # Errors  Last Runtime    Last Run
------------------------  -----  ---------  --------  ----------  --------------  -------------------
/opt/airflow/dags/dag.py                           1           0  0.33s           2026-02-23T09:41:57
================================================================================
[2026-02-23T09:42:55.129+0000] {manager.py:893} INFO - 
================================================================================
DAG File Processing Stats

File Path                 PID    Runtime      # DAGs    # Errors  Last Runtime    Last Run
------------------------  -----  ---------  --------  ----------  --------------  -------------------
/opt/airflow/dags/dag.py                           1           0  0.32s           2026-02-23T09:42:28
================================================================================
[2026-02-23T09:43:25.616+0000] {manager.py:893} INFO - 
================================================================================
DAG File Processing Stats

File Path                 PID    Runtime      # DAGs    # Errors  Last Runtime    Last Run
------------------------  -----  ---------  --------  ----------  --------------  -------------------
/opt/airflow/dags/dag.py                           1           0  0.32s           2026-02-23T09:42:58
================================================================================
[2026-02-23T09:43:56.108+0000] {manager.py:893} INFO - 
================================================================================
DAG File Processing Stats

File Path                 PID    Runtime      # DAGs    # Errors  Last Runtime    Last Run
------------------------  -----  ---------  --------  ----------  --------------  -------------------
/opt/airflow/dags/dag.py                           1           0  0.32s           2026-02-23T09:43:29
================================================================================
[2026-02-23T09:44:26.601+0000] {manager.py:893} INFO - 
================================================================================
DAG File Processing Stats

File Path                 PID    Runtime      # DAGs    # Errors  Last Runtime    Last Run
------------------------  -----  ---------  --------  ----------  --------------  -------------------
/opt/airflow/dags/dag.py                           1           0  0.31s           2026-02-23T09:43:59
================================================================================
[2026-02-23T09:44:57.074+0000] {manager.py:893} INFO - 
================================================================================
DAG File Processing Stats

File Path                 PID    Runtime      # DAGs    # Errors  Last Runtime    Last Run
------------------------  -----  ---------  --------  ----------  --------------  -------------------
/opt/airflow/dags/dag.py                           1           0  0.32s           2026-02-23T09:44:30
================================================================================
[2026-02-23T09:45:27.563+0000] {manager.py:893} INFO - 
================================================================================
DAG File Processing Stats

File Path                 PID    Runtime      # DAGs    # Errors  Last Runtime    Last Run
------------------------  -----  ---------  --------  ----------  --------------  -------------------
/opt/airflow/dags/dag.py                           1           0  0.32s           2026-02-23T09:45:00
================================================================================
[2026-02-23T09:45:58.047+0000] {manager.py:893} INFO - 
================================================================================
DAG File Processing Stats

File Path                 PID    Runtime      # DAGs    # Errors  Last Runtime    Last Run
------------------------  -----  ---------  --------  ----------  --------------  -------------------
/opt/airflow/dags/dag.py                           1           0  0.33s           2026-02-23T09:45:31
================================================================================
[2026-02-23T09:46:28.544+0000] {manager.py:893} INFO - 
================================================================================
DAG File Processing Stats

File Path                 PID    Runtime      # DAGs    # Errors  Last Runtime    Last Run
------------------------  -----  ---------  --------  ----------  --------------  -------------------
/opt/airflow/dags/dag.py                           1           0  0.31s           2026-02-23T09:46:01
================================================================================
[2026-02-23T09:46:45.255+0000] {manager.py:759} INFO - Searching for files in /opt/airflow/dags
[2026-02-23T09:46:45.267+0000] {manager.py:762} INFO - There are 1 files in /opt/airflow/dags
[2026-02-23T09:46:59.025+0000] {manager.py:893} INFO - 
================================================================================
DAG File Processing Stats

File Path                 PID    Runtime      # DAGs    # Errors  Last Runtime    Last Run
------------------------  -----  ---------  --------  ----------  --------------  -------------------
/opt/airflow/dags/dag.py                           1           0  0.33s           2026-02-23T09:46:32
================================================================================
[2026-02-23T09:47:29.528+0000] {manager.py:893} INFO - 
================================================================================
DAG File Processing Stats

File Path                 PID    Runtime      # DAGs    # Errors  Last Runtime    Last Run
------------------------  -----  ---------  --------  ----------  --------------  -------------------
/opt/airflow/dags/dag.py                           1           0  0.32s           2026-02-23T09:47:02
================================================================================
[2026-02-23T09:48:00.025+0000] {manager.py:893} INFO - 
================================================================================
DAG File Processing Stats

File Path                 PID    Runtime      # DAGs    # Errors  Last Runtime    Last Run
------------------------  -----  ---------  --------  ----------  --------------  -------------------
/opt/airflow/dags/dag.py                           1           0  0.33s           2026-02-23T09:47:33
================================================================================
[2026-02-23T09:48:30.508+0000] {manager.py:893} INFO - 
================================================================================
DAG File Processing Stats

File Path                 PID    Runtime      # DAGs    # Errors  Last Runtime    Last Run
------------------------  -----  ---------  --------  ----------  --------------  -------------------
/opt/airflow/dags/dag.py                           1           0  0.32s           2026-02-23T09:48:03
================================================================================
[2026-02-23T09:49:00.998+0000] {manager.py:893} INFO - 
================================================================================
DAG File Processing Stats

File Path                 PID    Runtime      # DAGs    # Errors  Last Runtime    Last Run
------------------------  -----  ---------  --------  ----------  --------------  -------------------
/opt/airflow/dags/dag.py                           1           0  0.33s           2026-02-23T09:48:34
================================================================================
[2026-02-23T09:49:31.499+0000] {manager.py:893} INFO - 
================================================================================
DAG File Processing Stats

File Path                 PID    Runtime      # DAGs    # Errors  Last Runtime    Last Run
------------------------  -----  ---------  --------  ----------  --------------  -------------------
/opt/airflow/dags/dag.py                           1           0  0.32s           2026-02-23T09:49:04
================================================================================
[2026-02-23T09:50:01.988+0000] {manager.py:893} INFO - 
================================================================================
DAG File Processing Stats

File Path                 PID    Runtime      # DAGs    # Errors  Last Runtime    Last Run
------------------------  -----  ---------  --------  ----------  --------------  -------------------
/opt/airflow/dags/dag.py                           1           0  0.32s           2026-02-23T09:49:35
================================================================================
[2026-02-23T09:50:32.477+0000] {manager.py:893} INFO - 
================================================================================
DAG File Processing Stats

File Path                 PID    Runtime      # DAGs    # Errors  Last Runtime    Last Run
------------------------  -----  ---------  --------  ----------  --------------  -------------------
/opt/airflow/dags/dag.py                           1           0  0.38s           2026-02-23T09:50:05
================================================================================
[2026-02-23T09:51:03.033+0000] {manager.py:893} INFO - 
================================================================================
DAG File Processing Stats

File Path                 PID    Runtime      # DAGs    # Errors  Last Runtime    Last Run
------------------------  -----  ---------  --------  ----------  --------------  -------------------
/opt/airflow/dags/dag.py                           1           0  0.33s           2026-02-23T09:50:36
================================================================================
[2026-02-23T09:51:33.528+0000] {manager.py:893} INFO - 
================================================================================
DAG File Processing Stats

File Path                 PID    Runtime      # DAGs    # Errors  Last Runtime    Last Run
------------------------  -----  ---------  --------  ----------  --------------  -------------------
/opt/airflow/dags/dag.py                           1           0  0.31s           2026-02-23T09:51:06
================================================================================
[2026-02-23T09:51:45.906+0000] {manager.py:759} INFO - Searching for files in /opt/airflow/dags
[2026-02-23T09:51:45.919+0000] {manager.py:762} INFO - There are 1 files in /opt/airflow/dags
[2026-02-23T09:52:04.033+0000] {manager.py:893} INFO - 
================================================================================
DAG File Processing Stats

File Path                 PID    Runtime      # DAGs    # Errors  Last Runtime    Last Run
------------------------  -----  ---------  --------  ----------  --------------  -------------------
/opt/airflow/dags/dag.py                           1           0  0.32s           2026-02-23T09:51:37
================================================================================
[2026-02-23T09:52:34.498+0000] {manager.py:893} INFO - 
================================================================================
DAG File Processing Stats

File Path                 PID    Runtime      # DAGs    # Errors  Last Runtime    Last Run
------------------------  -----  ---------  --------  ----------  --------------  -------------------
/opt/airflow/dags/dag.py                           1           0  0.32s           2026-02-23T09:52:07
================================================================================
[2026-02-23T09:53:04.980+0000] {manager.py:893} INFO - 
================================================================================
DAG File Processing Stats

File Path                 PID    Runtime      # DAGs    # Errors  Last Runtime    Last Run
------------------------  -----  ---------  --------  ----------  --------------  -------------------
/opt/airflow/dags/dag.py                           1           0  0.31s           2026-02-23T09:52:38
================================================================================
[2026-02-23T09:53:35.471+0000] {manager.py:893} INFO - 
================================================================================
DAG File Processing Stats

File Path                 PID    Runtime      # DAGs    # Errors  Last Runtime    Last Run
------------------------  -----  ---------  --------  ----------  --------------  -------------------
/opt/airflow/dags/dag.py                           1           0  0.31s           2026-02-23T09:53:08
================================================================================
[2026-02-23T09:54:05.944+0000] {manager.py:893} INFO - 
================================================================================
DAG File Processing Stats

File Path                 PID    Runtime      # DAGs    # Errors  Last Runtime    Last Run
------------------------  -----  ---------  --------  ----------  --------------  -------------------
/opt/airflow/dags/dag.py                           1           0  0.33s           2026-02-23T09:53:39
================================================================================
[2026-02-23T09:54:36.438+0000] {manager.py:893} INFO - 
================================================================================
DAG File Processing Stats

File Path                 PID    Runtime      # DAGs    # Errors  Last Runtime    Last Run
------------------------  -----  ---------  --------  ----------  --------------  -------------------
/opt/airflow/dags/dag.py                           1           0  0.31s           2026-02-23T09:54:09
================================================================================
[2026-02-23T09:55:06.912+0000] {manager.py:893} INFO - 
================================================================================
DAG File Processing Stats

File Path                 PID    Runtime      # DAGs    # Errors  Last Runtime    Last Run
------------------------  -----  ---------  --------  ----------  --------------  -------------------
/opt/airflow/dags/dag.py                           1           0  0.36s           2026-02-23T09:54:40
================================================================================
[2026-02-23T09:55:37.446+0000] {manager.py:893} INFO - 
================================================================================
DAG File Processing Stats

File Path                 PID    Runtime      # DAGs    # Errors  Last Runtime    Last Run
------------------------  -----  ---------  --------  ----------  --------------  -------------------
/opt/airflow/dags/dag.py                           1           0  0.32s           2026-02-23T09:55:10
================================================================================
[2026-02-23T09:56:07.923+0000] {manager.py:893} INFO - 
================================================================================
DAG File Processing Stats

File Path                 PID    Runtime      # DAGs    # Errors  Last Runtime    Last Run
------------------------  -----  ---------  --------  ----------  --------------  -------------------
/opt/airflow/dags/dag.py                           1           0  0.32s           2026-02-23T09:55:41
================================================================================
[2026-02-23T09:56:38.403+0000] {manager.py:893} INFO - 
================================================================================
DAG File Processing Stats

File Path                 PID    Runtime      # DAGs    # Errors  Last Runtime    Last Run
------------------------  -----  ---------  --------  ----------  --------------  -------------------
/opt/airflow/dags/dag.py                           1           0  0.37s           2026-02-23T09:56:11
================================================================================
[2026-02-23T09:56:46.143+0000] {manager.py:759} INFO - Searching for files in /opt/airflow/dags
[2026-02-23T09:56:46.156+0000] {manager.py:762} INFO - There are 1 files in /opt/airflow/dags
[2026-02-23T09:57:08.941+0000] {manager.py:893} INFO - 
================================================================================
DAG File Processing Stats

File Path                 PID    Runtime      # DAGs    # Errors  Last Runtime    Last Run
------------------------  -----  ---------  --------  ----------  --------------  -------------------
/opt/airflow/dags/dag.py                           1           0  0.33s           2026-02-23T09:56:42
================================================================================
[2026-02-23T09:57:39.463+0000] {manager.py:893} INFO - 
================================================================================
DAG File Processing Stats

File Path                 PID    Runtime      # DAGs    # Errors  Last Runtime    Last Run
------------------------  -----  ---------  --------  ----------  --------------  -------------------
/opt/airflow/dags/dag.py                           1           0  0.31s           2026-02-23T09:57:12
================================================================================
[2026-02-23T09:58:09.941+0000] {manager.py:893} INFO - 
================================================================================
DAG File Processing Stats

File Path                 PID    Runtime      # DAGs    # Errors  Last Runtime    Last Run
------------------------  -----  ---------  --------  ----------  --------------  -------------------
/opt/airflow/dags/dag.py                           1           0  0.33s           2026-02-23T09:57:43
================================================================================
[2026-02-23T09:58:40.442+0000] {manager.py:893} INFO - 
================================================================================
DAG File Processing Stats

File Path                 PID    Runtime      # DAGs    # Errors  Last Runtime    Last Run
------------------------  -----  ---------  --------  ----------  --------------  -------------------
/opt/airflow/dags/dag.py                           1           0  0.32s           2026-02-23T09:58:13
================================================================================
[2026-02-23T09:59:10.920+0000] {manager.py:893} INFO - 
================================================================================
DAG File Processing Stats

File Path                 PID    Runtime      # DAGs    # Errors  Last Runtime    Last Run
------------------------  -----  ---------  --------  ----------  --------------  -------------------
/opt/airflow/dags/dag.py                           1           0  0.32s           2026-02-23T09:58:44
================================================================================
[2026-02-23T09:59:41.416+0000] {manager.py:893} INFO - 
================================================================================
DAG File Processing Stats

File Path                 PID    Runtime      # DAGs    # Errors  Last Runtime    Last Run
------------------------  -----  ---------  --------  ----------  --------------  -------------------
/opt/airflow/dags/dag.py                           1           0  0.32s           2026-02-23T09:59:14
================================================================================
[2026-02-23T10:00:11.888+0000] {manager.py:893} INFO - 
================================================================================
DAG File Processing Stats

File Path                 PID    Runtime      # DAGs    # Errors  Last Runtime    Last Run
------------------------  -----  ---------  --------  ----------  --------------  -------------------
/opt/airflow/dags/dag.py                           1           0  0.37s           2026-02-23T09:59:45
================================================================================
[2026-02-23T10:00:42.421+0000] {manager.py:893} INFO - 
================================================================================
DAG File Processing Stats

File Path                 PID    Runtime      # DAGs    # Errors  Last Runtime    Last Run
------------------------  -----  ---------  --------  ----------  --------------  -------------------
/opt/airflow/dags/dag.py                           1           0  0.32s           2026-02-23T10:00:15
================================================================================
[2026-02-23T10:01:12.907+0000] {manager.py:893} INFO - 
================================================================================
DAG File Processing Stats

File Path                 PID    Runtime      # DAGs    # Errors  Last Runtime    Last Run
------------------------  -----  ---------  --------  ----------  --------------  -------------------
/opt/airflow/dags/dag.py                           1           0  0.38s           2026-02-23T10:00:46
================================================================================
[2026-02-23T10:01:43.465+0000] {manager.py:893} INFO - 
================================================================================
DAG File Processing Stats

File Path                 PID    Runtime      # DAGs    # Errors  Last Runtime    Last Run
------------------------  -----  ---------  --------  ----------  --------------  -------------------
/opt/airflow/dags/dag.py                           1           0  0.32s           2026-02-23T10:01:16
================================================================================
[2026-02-23T10:01:46.481+0000] {manager.py:759} INFO - Searching for files in /opt/airflow/dags
[2026-02-23T10:01:46.492+0000] {manager.py:762} INFO - There are 1 files in /opt/airflow/dags
[2026-02-23T10:02:13.951+0000] {manager.py:893} INFO - 
================================================================================
DAG File Processing Stats

File Path                 PID    Runtime      # DAGs    # Errors  Last Runtime    Last Run
------------------------  -----  ---------  --------  ----------  --------------  -------------------
/opt/airflow/dags/dag.py                           1           0  0.32s           2026-02-23T10:01:47
================================================================================
[2026-02-23T10:02:44.441+0000] {manager.py:893} INFO - 
================================================================================
DAG File Processing Stats

File Path                 PID    Runtime      # DAGs    # Errors  Last Runtime    Last Run
------------------------  -----  ---------  --------  ----------  --------------  -------------------
/opt/airflow/dags/dag.py                           1           0  0.31s           2026-02-23T10:02:17
================================================================================
[2026-02-23T10:03:14.917+0000] {manager.py:893} INFO - 
================================================================================
DAG File Processing Stats

File Path                 PID    Runtime      # DAGs    # Errors  Last Runtime    Last Run
------------------------  -----  ---------  --------  ----------  --------------  -------------------
/opt/airflow/dags/dag.py                           1           0  0.33s           2026-02-23T10:02:48
================================================================================
[2026-02-23T10:03:45.404+0000] {manager.py:893} INFO - 
================================================================================
DAG File Processing Stats

File Path                 PID    Runtime      # DAGs    # Errors  Last Runtime    Last Run
------------------------  -----  ---------  --------  ----------  --------------  -------------------
/opt/airflow/dags/dag.py                           1           0  0.31s           2026-02-23T10:03:18
================================================================================
[2026-02-23T10:04:15.890+0000] {manager.py:893} INFO - 
================================================================================
DAG File Processing Stats

File Path                 PID    Runtime      # DAGs    # Errors  Last Runtime    Last Run
------------------------  -----  ---------  --------  ----------  --------------  -------------------
/opt/airflow/dags/dag.py                           1           0  0.32s           2026-02-23T10:03:49
================================================================================
[2026-02-23T10:04:46.374+0000] {manager.py:893} INFO - 
================================================================================
DAG File Processing Stats

File Path                 PID    Runtime      # DAGs    # Errors  Last Runtime    Last Run
------------------------  -----  ---------  --------  ----------  --------------  -------------------
/opt/airflow/dags/dag.py                           1           0  0.31s           2026-02-23T10:04:19
================================================================================
[2026-02-23T10:05:16.844+0000] {manager.py:893} INFO - 
================================================================================
DAG File Processing Stats

File Path                 PID    Runtime      # DAGs    # Errors  Last Runtime    Last Run
------------------------  -----  ---------  --------  ----------  --------------  -------------------
/opt/airflow/dags/dag.py                           1           0  0.33s           2026-02-23T10:04:50
================================================================================
[2026-02-23T10:05:47.334+0000] {manager.py:893} INFO - 
================================================================================
DAG File Processing Stats

File Path                 PID    Runtime      # DAGs    # Errors  Last Runtime    Last Run
------------------------  -----  ---------  --------  ----------  --------------  -------------------
/opt/airflow/dags/dag.py                           1           0  0.31s           2026-02-23T10:05:20
================================================================================
[2026-02-23T10:06:17.818+0000] {manager.py:893} INFO - 
================================================================================
DAG File Processing Stats

File Path                 PID    Runtime      # DAGs    # Errors  Last Runtime    Last Run
------------------------  -----  ---------  --------  ----------  --------------  -------------------
/opt/airflow/dags/dag.py                           1           0  0.34s           2026-02-23T10:05:50
================================================================================
[2026-02-23T10:06:46.609+0000] {manager.py:759} INFO - Searching for files in /opt/airflow/dags
[2026-02-23T10:06:46.621+0000] {manager.py:762} INFO - There are 1 files in /opt/airflow/dags
[2026-02-23T10:06:48.320+0000] {manager.py:893} INFO - 
================================================================================
DAG File Processing Stats

File Path                 PID    Runtime      # DAGs    # Errors  Last Runtime    Last Run
------------------------  -----  ---------  --------  ----------  --------------  -------------------
/opt/airflow/dags/dag.py                           1           0  0.31s           2026-02-23T10:06:21
================================================================================
[2026-02-23T10:07:18.827+0000] {manager.py:893} INFO - 
================================================================================
DAG File Processing Stats

File Path                 PID    Runtime      # DAGs    # Errors  Last Runtime    Last Run
------------------------  -----  ---------  --------  ----------  --------------  -------------------
/opt/airflow/dags/dag.py                           1           0  0.32s           2026-02-23T10:06:51
================================================================================
[2026-02-23T10:07:49.305+0000] {manager.py:893} INFO - 
================================================================================
DAG File Processing Stats

File Path                 PID    Runtime      # DAGs    # Errors  Last Runtime    Last Run
------------------------  -----  ---------  --------  ----------  --------------  -------------------
/opt/airflow/dags/dag.py                           1           0  0.30s           2026-02-23T10:07:22
================================================================================
[2026-02-23T10:08:19.782+0000] {manager.py:893} INFO - 
================================================================================
DAG File Processing Stats

File Path                 PID    Runtime      # DAGs    # Errors  Last Runtime    Last Run
------------------------  -----  ---------  --------  ----------  --------------  -------------------
/opt/airflow/dags/dag.py                           1           0  0.31s           2026-02-23T10:07:52
================================================================================
[2026-02-23T10:08:50.262+0000] {manager.py:893} INFO - 
================================================================================
DAG File Processing Stats

File Path                 PID    Runtime      # DAGs    # Errors  Last Runtime    Last Run
------------------------  -----  ---------  --------  ----------  --------------  -------------------
/opt/airflow/dags/dag.py                           1           0  0.31s           2026-02-23T10:08:23
================================================================================
[2026-02-23T10:09:20.740+0000] {manager.py:893} INFO - 
================================================================================
DAG File Processing Stats

File Path                 PID    Runtime      # DAGs    # Errors  Last Runtime    Last Run
------------------------  -----  ---------  --------  ----------  --------------  -------------------
/opt/airflow/dags/dag.py                           1           0  0.32s           2026-02-23T10:08:53
================================================================================
[2026-02-23T10:09:51.224+0000] {manager.py:893} INFO - 
================================================================================
DAG File Processing Stats

File Path                 PID    Runtime      # DAGs    # Errors  Last Runtime    Last Run
------------------------  -----  ---------  --------  ----------  --------------  -------------------
/opt/airflow/dags/dag.py                           1           0  0.31s           2026-02-23T10:09:24
================================================================================
[2026-02-23T10:10:21.699+0000] {manager.py:893} INFO - 
================================================================================
DAG File Processing Stats

File Path                 PID    Runtime      # DAGs    # Errors  Last Runtime    Last Run
------------------------  -----  ---------  --------  ----------  --------------  -------------------
/opt/airflow/dags/dag.py                           1           0  0.31s           2026-02-23T10:09:54
================================================================================
[2026-02-23T10:10:52.178+0000] {manager.py:893} INFO - 
================================================================================
DAG File Processing Stats

File Path                 PID    Runtime      # DAGs    # Errors  Last Runtime    Last Run
------------------------  -----  ---------  --------  ----------  --------------  -------------------
/opt/airflow/dags/dag.py                           1           0  0.31s           2026-02-23T10:10:25
================================================================================
[2026-02-23T10:11:22.652+0000] {manager.py:893} INFO - 
================================================================================
DAG File Processing Stats

File Path                 PID    Runtime      # DAGs    # Errors  Last Runtime    Last Run
------------------------  -----  ---------  --------  ----------  --------------  -------------------
/opt/airflow/dags/dag.py                           1           0  0.33s           2026-02-23T10:10:55
================================================================================
[2026-02-23T10:11:47.112+0000] {manager.py:759} INFO - Searching for files in /opt/airflow/dags
[2026-02-23T10:11:47.123+0000] {manager.py:762} INFO - There are 1 files in /opt/airflow/dags
[2026-02-23T10:11:53.164+0000] {manager.py:893} INFO - 
================================================================================
DAG File Processing Stats

File Path                 PID    Runtime      # DAGs    # Errors  Last Runtime    Last Run
------------------------  -----  ---------  --------  ----------  --------------  -------------------
/opt/airflow/dags/dag.py                           1           0  0.32s           2026-02-23T10:11:26
================================================================================
[2026-02-23T10:12:23.628+0000] {manager.py:893} INFO - 
================================================================================
DAG File Processing Stats

File Path                 PID    Runtime      # DAGs    # Errors  Last Runtime    Last Run
------------------------  -----  ---------  --------  ----------  --------------  -------------------
/opt/airflow/dags/dag.py                           1           0  0.35s           2026-02-23T10:11:56
================================================================================
[2026-02-23T10:12:54.147+0000] {manager.py:893} INFO - 
================================================================================
DAG File Processing Stats

File Path                 PID    Runtime      # DAGs    # Errors  Last Runtime    Last Run
------------------------  -----  ---------  --------  ----------  --------------  -------------------
/opt/airflow/dags/dag.py                           1           0  0.32s           2026-02-23T10:12:27
================================================================================
[2026-02-23T10:13:24.634+0000] {manager.py:893} INFO - 
================================================================================
DAG File Processing Stats

File Path                 PID    Runtime      # DAGs    # Errors  Last Runtime    Last Run
------------------------  -----  ---------  --------  ----------  --------------  -------------------
/opt/airflow/dags/dag.py                           1           0  0.32s           2026-02-23T10:12:57
================================================================================
[2026-02-23T10:13:55.115+0000] {manager.py:893} INFO - 
================================================================================
DAG File Processing Stats

File Path                 PID    Runtime      # DAGs    # Errors  Last Runtime    Last Run
------------------------  -----  ---------  --------  ----------  --------------  -------------------
/opt/airflow/dags/dag.py                           1           0  0.32s           2026-02-23T10:13:28
================================================================================
[2026-02-23T10:14:25.598+0000] {manager.py:893} INFO - 
================================================================================
DAG File Processing Stats

File Path                 PID    Runtime      # DAGs    # Errors  Last Runtime    Last Run
------------------------  -----  ---------  --------  ----------  --------------  -------------------
/opt/airflow/dags/dag.py                           1           0  0.31s           2026-02-23T10:13:58
================================================================================
[2026-02-23T10:14:56.083+0000] {manager.py:893} INFO - 
================================================================================
DAG File Processing Stats

File Path                 PID    Runtime      # DAGs    # Errors  Last Runtime    Last Run
------------------------  -----  ---------  --------  ----------  --------------  -------------------
/opt/airflow/dags/dag.py                           1           0  0.32s           2026-02-23T10:14:29
================================================================================
[2026-02-23T10:15:26.569+0000] {manager.py:893} INFO - 
================================================================================
DAG File Processing Stats

File Path                 PID    Runtime      # DAGs    # Errors  Last Runtime    Last Run
------------------------  -----  ---------  --------  ----------  --------------  -------------------
/opt/airflow/dags/dag.py                           1           0  0.32s           2026-02-23T10:14:59
================================================================================
[2026-02-23T10:15:57.039+0000] {manager.py:893} INFO - 
================================================================================
DAG File Processing Stats

File Path                 PID    Runtime      # DAGs    # Errors  Last Runtime    Last Run
------------------------  -----  ---------  --------  ----------  --------------  -------------------
/opt/airflow/dags/dag.py                           1           0  0.31s           2026-02-23T10:15:30
================================================================================
[2026-02-23T10:16:27.519+0000] {manager.py:893} INFO - 
================================================================================
DAG File Processing Stats

File Path                 PID    Runtime      # DAGs    # Errors  Last Runtime    Last Run
------------------------  -----  ---------  --------  ----------  --------------  -------------------
/opt/airflow/dags/dag.py                           1           0  0.32s           2026-02-23T10:16:00
================================================================================
[2026-02-23T10:16:47.256+0000] {manager.py:759} INFO - Searching for files in /opt/airflow/dags
[2026-02-23T10:16:47.269+0000] {manager.py:762} INFO - There are 1 files in /opt/airflow/dags
[2026-02-23T10:16:58.002+0000] {manager.py:893} INFO - 
================================================================================
DAG File Processing Stats

File Path                 PID    Runtime      # DAGs    # Errors  Last Runtime    Last Run
------------------------  -----  ---------  --------  ----------  --------------  -------------------
/opt/airflow/dags/dag.py                           1           0  0.32s           2026-02-23T10:16:31
================================================================================
[2026-02-23T10:17:28.505+0000] {manager.py:893} INFO - 
================================================================================
DAG File Processing Stats

File Path                 PID    Runtime      # DAGs    # Errors  Last Runtime    Last Run
------------------------  -----  ---------  --------  ----------  --------------  -------------------
/opt/airflow/dags/dag.py                           1           0  0.31s           2026-02-23T10:17:01
================================================================================
[2026-02-23T10:17:58.985+0000] {manager.py:893} INFO - 
================================================================================
DAG File Processing Stats

File Path                 PID    Runtime      # DAGs    # Errors  Last Runtime    Last Run
------------------------  -----  ---------  --------  ----------  --------------  -------------------
/opt/airflow/dags/dag.py                           1           0  0.32s           2026-02-23T10:17:32
================================================================================
[2026-02-23T10:18:29.474+0000] {manager.py:893} INFO - 
================================================================================
DAG File Processing Stats

File Path                 PID    Runtime      # DAGs    # Errors  Last Runtime    Last Run
------------------------  -----  ---------  --------  ----------  --------------  -------------------
/opt/airflow/dags/dag.py                           1           0  0.31s           2026-02-23T10:18:02
================================================================================
[2026-02-23T10:18:59.947+0000] {manager.py:893} INFO - 
================================================================================
DAG File Processing Stats

File Path                 PID    Runtime      # DAGs    # Errors  Last Runtime    Last Run
------------------------  -----  ---------  --------  ----------  --------------  -------------------
/opt/airflow/dags/dag.py                           1           0  0.32s           2026-02-23T10:18:33
================================================================================
[2026-02-23T10:19:30.432+0000] {manager.py:893} INFO - 
================================================================================
DAG File Processing Stats

File Path                 PID    Runtime      # DAGs    # Errors  Last Runtime    Last Run
------------------------  -----  ---------  --------  ----------  --------------  -------------------
/opt/airflow/dags/dag.py                           1           0  0.32s           2026-02-23T10:19:03
================================================================================
[2026-02-23T10:20:00.929+0000] {manager.py:893} INFO - 
================================================================================
DAG File Processing Stats

File Path                 PID    Runtime      # DAGs    # Errors  Last Runtime    Last Run
------------------------  -----  ---------  --------  ----------  --------------  -------------------
/opt/airflow/dags/dag.py                           1           0  0.32s           2026-02-23T10:19:34
================================================================================
[2026-02-23T10:20:31.416+0000] {manager.py:893} INFO - 
================================================================================
DAG File Processing Stats

File Path                 PID    Runtime      # DAGs    # Errors  Last Runtime    Last Run
------------------------  -----  ---------  --------  ----------  --------------  -------------------
/opt/airflow/dags/dag.py                           1           0  0.32s           2026-02-23T10:20:04
================================================================================
[2026-02-23T10:21:01.891+0000] {manager.py:893} INFO - 
================================================================================
DAG File Processing Stats

File Path                 PID    Runtime      # DAGs    # Errors  Last Runtime    Last Run
------------------------  -----  ---------  --------  ----------  --------------  -------------------
/opt/airflow/dags/dag.py                           1           0  0.33s           2026-02-23T10:20:35
================================================================================
[2026-02-23T10:21:32.388+0000] {manager.py:893} INFO - 
================================================================================
DAG File Processing Stats

File Path                 PID    Runtime      # DAGs    # Errors  Last Runtime    Last Run
------------------------  -----  ---------  --------  ----------  --------------  -------------------
/opt/airflow/dags/dag.py                           1           0  0.32s           2026-02-23T10:21:05
================================================================================
[2026-02-23T10:21:47.781+0000] {manager.py:759} INFO - Searching for files in /opt/airflow/dags
[2026-02-23T10:21:47.792+0000] {manager.py:762} INFO - There are 1 files in /opt/airflow/dags
[2026-02-23T10:22:02.886+0000] {manager.py:893} INFO - 
================================================================================
DAG File Processing Stats

File Path                 PID    Runtime      # DAGs    # Errors  Last Runtime    Last Run
------------------------  -----  ---------  --------  ----------  --------------  -------------------
/opt/airflow/dags/dag.py                           1           0  0.33s           2026-02-23T10:21:36
================================================================================
[2026-02-23T10:22:33.358+0000] {manager.py:893} INFO - 
================================================================================
DAG File Processing Stats

File Path                 PID    Runtime      # DAGs    # Errors  Last Runtime    Last Run
------------------------  -----  ---------  --------  ----------  --------------  -------------------
/opt/airflow/dags/dag.py                           1           0  0.31s           2026-02-23T10:22:06
================================================================================
[2026-02-23T10:23:03.833+0000] {manager.py:893} INFO - 
================================================================================
DAG File Processing Stats

File Path                 PID    Runtime      # DAGs    # Errors  Last Runtime    Last Run
------------------------  -----  ---------  --------  ----------  --------------  -------------------
/opt/airflow/dags/dag.py                           1           0  0.33s           2026-02-23T10:22:37
================================================================================
[2026-02-23T10:23:34.335+0000] {manager.py:893} INFO - 
================================================================================
DAG File Processing Stats

File Path                 PID    Runtime      # DAGs    # Errors  Last Runtime    Last Run
------------------------  -----  ---------  --------  ----------  --------------  -------------------
/opt/airflow/dags/dag.py                           1           0  0.32s           2026-02-23T10:23:07
================================================================================
[2026-02-23T10:24:04.821+0000] {manager.py:893} INFO - 
================================================================================
DAG File Processing Stats

File Path                 PID    Runtime      # DAGs    # Errors  Last Runtime    Last Run
------------------------  -----  ---------  --------  ----------  --------------  -------------------
/opt/airflow/dags/dag.py                           1           0  0.31s           2026-02-23T10:23:37
================================================================================
[2026-02-23T10:24:35.297+0000] {manager.py:893} INFO - 
================================================================================
DAG File Processing Stats

File Path                 PID    Runtime      # DAGs    # Errors  Last Runtime    Last Run
------------------------  -----  ---------  --------  ----------  --------------  -------------------
/opt/airflow/dags/dag.py                           1           0  0.32s           2026-02-23T10:24:08
================================================================================
[2026-02-23T10:25:05.771+0000] {manager.py:893} INFO - 
================================================================================
DAG File Processing Stats

File Path                 PID    Runtime      # DAGs    # Errors  Last Runtime    Last Run
------------------------  -----  ---------  --------  ----------  --------------  -------------------
/opt/airflow/dags/dag.py                           1           0  0.31s           2026-02-23T10:24:38
================================================================================
[2026-02-23T10:25:36.260+0000] {manager.py:893} INFO - 
================================================================================
DAG File Processing Stats

File Path                 PID    Runtime      # DAGs    # Errors  Last Runtime    Last Run
------------------------  -----  ---------  --------  ----------  --------------  -------------------
/opt/airflow/dags/dag.py                           1           0  0.33s           2026-02-23T10:25:09
================================================================================
[2026-02-23T10:26:06.771+0000] {manager.py:893} INFO - 
================================================================================
DAG File Processing Stats

File Path                 PID    Runtime      # DAGs    # Errors  Last Runtime    Last Run
------------------------  -----  ---------  --------  ----------  --------------  -------------------
/opt/airflow/dags/dag.py                           1           0  0.32s           2026-02-23T10:25:39
================================================================================
[2026-02-23T10:26:37.253+0000] {manager.py:893} INFO - 
================================================================================
DAG File Processing Stats

File Path                 PID    Runtime      # DAGs    # Errors  Last Runtime    Last Run
------------------------  -----  ---------  --------  ----------  --------------  -------------------
/opt/airflow/dags/dag.py                           1           0  0.35s           2026-02-23T10:26:10
================================================================================
[2026-02-23T10:26:47.971+0000] {manager.py:759} INFO - Searching for files in /opt/airflow/dags
[2026-02-23T10:26:47.983+0000] {manager.py:762} INFO - There are 1 files in /opt/airflow/dags
[2026-02-23T10:27:07.774+0000] {manager.py:893} INFO - 
================================================================================
DAG File Processing Stats

File Path                 PID    Runtime      # DAGs    # Errors  Last Runtime    Last Run
------------------------  -----  ---------  --------  ----------  --------------  -------------------
/opt/airflow/dags/dag.py                           1           0  0.32s           2026-02-23T10:26:40
================================================================================
[2026-02-23T10:27:38.280+0000] {manager.py:893} INFO - 
================================================================================
DAG File Processing Stats

File Path                 PID    Runtime      # DAGs    # Errors  Last Runtime    Last Run
------------------------  -----  ---------  --------  ----------  --------------  -------------------
/opt/airflow/dags/dag.py                           1           0  0.31s           2026-02-23T10:27:11
================================================================================
[2026-02-23T10:28:08.739+0000] {manager.py:893} INFO - 
================================================================================
DAG File Processing Stats

File Path                 PID    Runtime      # DAGs    # Errors  Last Runtime    Last Run
------------------------  -----  ---------  --------  ----------  --------------  -------------------
/opt/airflow/dags/dag.py                           1           0  0.31s           2026-02-23T10:27:41
================================================================================
[2026-02-23T10:28:39.223+0000] {manager.py:893} INFO - 
================================================================================
DAG File Processing Stats

File Path                 PID    Runtime      # DAGs    # Errors  Last Runtime    Last Run
------------------------  -----  ---------  --------  ----------  --------------  -------------------
/opt/airflow/dags/dag.py                           1           0  0.31s           2026-02-23T10:28:12
================================================================================
[2026-02-23T10:29:09.703+0000] {manager.py:893} INFO - 
================================================================================
DAG File Processing Stats

File Path                 PID    Runtime      # DAGs    # Errors  Last Runtime    Last Run
------------------------  -----  ---------  --------  ----------  --------------  -------------------
/opt/airflow/dags/dag.py                           1           0  0.31s           2026-02-23T10:28:42
================================================================================
[2026-02-23T10:29:40.196+0000] {manager.py:893} INFO - 
================================================================================
DAG File Processing Stats

File Path                 PID    Runtime      # DAGs    # Errors  Last Runtime    Last Run
------------------------  -----  ---------  --------  ----------  --------------  -------------------
/opt/airflow/dags/dag.py                           1           0  0.31s           2026-02-23T10:29:13
================================================================================
[2026-02-23T10:30:10.658+0000] {manager.py:893} INFO - 
================================================================================
DAG File Processing Stats

File Path                 PID    Runtime      # DAGs    # Errors  Last Runtime    Last Run
------------------------  -----  ---------  --------  ----------  --------------  -------------------
/opt/airflow/dags/dag.py                           1           0  0.31s           2026-02-23T10:29:43
================================================================================
[2026-02-23T10:30:41.138+0000] {manager.py:893} INFO - 
================================================================================
DAG File Processing Stats

File Path                 PID    Runtime      # DAGs    # Errors  Last Runtime    Last Run
------------------------  -----  ---------  --------  ----------  --------------  -------------------
/opt/airflow/dags/dag.py                           1           0  0.32s           2026-02-23T10:30:14
================================================================================
[2026-02-23T10:31:11.625+0000] {manager.py:893} INFO - 
================================================================================
DAG File Processing Stats

File Path                 PID    Runtime      # DAGs    # Errors  Last Runtime    Last Run
------------------------  -----  ---------  --------  ----------  --------------  -------------------
/opt/airflow/dags/dag.py                           1           0  0.32s           2026-02-23T10:30:44
================================================================================
[2026-02-23T10:31:42.124+0000] {manager.py:893} INFO - 
================================================================================
DAG File Processing Stats

File Path                 PID    Runtime      # DAGs    # Errors  Last Runtime    Last Run
------------------------  -----  ---------  --------  ----------  --------------  -------------------
/opt/airflow/dags/dag.py                           1           0  0.33s           2026-02-23T10:31:15
================================================================================
[2026-02-23T10:31:48.469+0000] {manager.py:759} INFO - Searching for files in /opt/airflow/dags
[2026-02-23T10:31:48.481+0000] {manager.py:762} INFO - There are 1 files in /opt/airflow/dags
[2026-02-23T10:32:12.622+0000] {manager.py:893} INFO - 
================================================================================
DAG File Processing Stats

File Path                 PID    Runtime      # DAGs    # Errors  Last Runtime    Last Run
------------------------  -----  ---------  --------  ----------  --------------  -------------------
/opt/airflow/dags/dag.py                           1           0  0.34s           2026-02-23T10:31:45
================================================================================
[2026-02-23T10:32:43.110+0000] {manager.py:893} INFO - 
================================================================================
DAG File Processing Stats

File Path                 PID    Runtime      # DAGs    # Errors  Last Runtime    Last Run
------------------------  -----  ---------  --------  ----------  --------------  -------------------
/opt/airflow/dags/dag.py                           1           0  0.33s           2026-02-23T10:32:16
================================================================================
[2026-02-23T10:33:13.515+0000] {manager.py:893} INFO - 
================================================================================
DAG File Processing Stats

File Path                 PID    Runtime      # DAGs    # Errors  Last Runtime    Last Run
------------------------  -----  ---------  --------  ----------  --------------  -------------------
/opt/airflow/dags/dag.py                           1           0  0.41s           2026-02-23T10:32:46
================================================================================
[2026-02-23T10:33:43.617+0000] {manager.py:893} INFO - 
================================================================================
DAG File Processing Stats

File Path                 PID    Runtime      # DAGs    # Errors  Last Runtime    Last Run
------------------------  -----  ---------  --------  ----------  --------------  -------------------
/opt/airflow/dags/dag.py                           1           0  0.46s           2026-02-23T10:33:17
================================================================================
[2026-02-23T10:34:13.796+0000] {manager.py:893} INFO - 
================================================================================
DAG File Processing Stats

File Path                 PID    Runtime      # DAGs    # Errors  Last Runtime    Last Run
------------------------  -----  ---------  --------  ----------  --------------  -------------------
/opt/airflow/dags/dag.py                           1           0  0.34s           2026-02-23T10:33:47
================================================================================
[2026-02-23T10:34:43.831+0000] {manager.py:893} INFO - 
================================================================================
DAG File Processing Stats

File Path                 PID    Runtime      # DAGs    # Errors  Last Runtime    Last Run
------------------------  -----  ---------  --------  ----------  --------------  -------------------
/opt/airflow/dags/dag.py                           1           0  0.53s           2026-02-23T10:34:18
================================================================================
[2026-02-23T10:35:14.008+0000] {manager.py:893} INFO - 
================================================================================
DAG File Processing Stats

File Path                 PID    Runtime      # DAGs    # Errors  Last Runtime    Last Run
------------------------  -----  ---------  --------  ----------  --------------  -------------------
/opt/airflow/dags/dag.py                           1           0  0.33s           2026-02-23T10:34:49
================================================================================
[2026-02-23T10:35:44.510+0000] {manager.py:893} INFO - 
================================================================================
DAG File Processing Stats

File Path                 PID    Runtime      # DAGs    # Errors  Last Runtime    Last Run
------------------------  -----  ---------  --------  ----------  --------------  -------------------
/opt/airflow/dags/dag.py                           1           0  0.36s           2026-02-23T10:35:19
================================================================================
[2026-02-23T10:36:15.062+0000] {manager.py:893} INFO - 
================================================================================
DAG File Processing Stats

File Path                 PID    Runtime      # DAGs    # Errors  Last Runtime    Last Run
------------------------  -----  ---------  --------  ----------  --------------  -------------------
/opt/airflow/dags/dag.py                           1           0  0.33s           2026-02-23T10:35:50
================================================================================
[2026-02-23T10:36:45.560+0000] {manager.py:893} INFO - 
================================================================================
DAG File Processing Stats

File Path                 PID    Runtime      # DAGs    # Errors  Last Runtime    Last Run
------------------------  -----  ---------  --------  ----------  --------------  -------------------
/opt/airflow/dags/dag.py                           1           0  0.36s           2026-02-23T10:36:20
================================================================================
[2026-02-23T10:36:48.577+0000] {manager.py:759} INFO - Searching for files in /opt/airflow/dags
[2026-02-23T10:36:48.589+0000] {manager.py:762} INFO - There are 1 files in /opt/airflow/dags
[2026-02-23T10:37:16.095+0000] {manager.py:893} INFO - 
================================================================================
DAG File Processing Stats

File Path                 PID    Runtime      # DAGs    # Errors  Last Runtime    Last Run
------------------------  -----  ---------  --------  ----------  --------------  -------------------
/opt/airflow/dags/dag.py                           1           0  0.31s           2026-02-23T10:36:51
================================================================================
[2026-02-23T10:37:46.564+0000] {manager.py:893} INFO - 
================================================================================
DAG File Processing Stats

File Path                 PID    Runtime      # DAGs    # Errors  Last Runtime    Last Run
------------------------  -----  ---------  --------  ----------  --------------  -------------------
/opt/airflow/dags/dag.py                           1           0  0.37s           2026-02-23T10:37:21
================================================================================
[2026-02-23T10:38:17.078+0000] {manager.py:893} INFO - 
================================================================================
DAG File Processing Stats

File Path                 PID    Runtime      # DAGs    # Errors  Last Runtime    Last Run
------------------------  -----  ---------  --------  ----------  --------------  -------------------
/opt/airflow/dags/dag.py                           1           0  0.48s           2026-02-23T10:37:52
================================================================================
[2026-02-23T10:38:47.741+0000] {manager.py:893} INFO - 
================================================================================
DAG File Processing Stats

File Path                 PID    Runtime      # DAGs    # Errors  Last Runtime    Last Run
------------------------  -----  ---------  --------  ----------  --------------  -------------------
/opt/airflow/dags/dag.py                           1           0  0.35s           2026-02-23T10:38:22
================================================================================
[2026-02-23T10:39:18.258+0000] {manager.py:893} INFO - 
================================================================================
DAG File Processing Stats

File Path                 PID    Runtime      # DAGs    # Errors  Last Runtime    Last Run
------------------------  -----  ---------  --------  ----------  --------------  -------------------
/opt/airflow/dags/dag.py                           1           0  0.32s           2026-02-23T10:38:53
================================================================================
[2026-02-23T10:39:48.724+0000] {manager.py:893} INFO - 
================================================================================
DAG File Processing Stats

File Path                 PID    Runtime      # DAGs    # Errors  Last Runtime    Last Run
------------------------  -----  ---------  --------  ----------  --------------  -------------------
/opt/airflow/dags/dag.py                           1           0  0.33s           2026-02-23T10:39:23
================================================================================
[2026-02-23T10:40:19.226+0000] {manager.py:893} INFO - 
================================================================================
DAG File Processing Stats

File Path                 PID    Runtime      # DAGs    # Errors  Last Runtime    Last Run
------------------------  -----  ---------  --------  ----------  --------------  -------------------
/opt/airflow/dags/dag.py                           1           0  0.32s           2026-02-23T10:39:54
================================================================================
[2026-02-23T10:40:49.706+0000] {manager.py:893} INFO - 
================================================================================
DAG File Processing Stats

File Path                 PID    Runtime      # DAGs    # Errors  Last Runtime    Last Run
------------------------  -----  ---------  --------  ----------  --------------  -------------------
/opt/airflow/dags/dag.py                           1           0  0.33s           2026-02-23T10:40:24
================================================================================
[2026-02-23T10:41:20.190+0000] {manager.py:893} INFO - 
================================================================================
DAG File Processing Stats

File Path                 PID    Runtime      # DAGs    # Errors  Last Runtime    Last Run
------------------------  -----  ---------  --------  ----------  --------------  -------------------
/opt/airflow/dags/dag.py                           1           0  0.31s           2026-02-23T10:40:55
================================================================================
[2026-02-23T10:41:48.644+0000] {manager.py:759} INFO - Searching for files in /opt/airflow/dags
[2026-02-23T10:41:48.657+0000] {manager.py:762} INFO - There are 1 files in /opt/airflow/dags
[2026-02-23T10:41:50.677+0000] {manager.py:893} INFO - 
================================================================================
DAG File Processing Stats

File Path                 PID    Runtime      # DAGs    # Errors  Last Runtime    Last Run
------------------------  -----  ---------  --------  ----------  --------------  -------------------
/opt/airflow/dags/dag.py                           1           0  0.32s           2026-02-23T10:41:25
================================================================================
[2026-02-23T10:42:21.148+0000] {manager.py:893} INFO - 
================================================================================
DAG File Processing Stats

File Path                 PID    Runtime      # DAGs    # Errors  Last Runtime    Last Run
------------------------  -----  ---------  --------  ----------  --------------  -------------------
/opt/airflow/dags/dag.py                           1           0  0.31s           2026-02-23T10:41:56
================================================================================
[2026-02-23T10:42:51.635+0000] {manager.py:893} INFO - 
================================================================================
DAG File Processing Stats

File Path                 PID    Runtime      # DAGs    # Errors  Last Runtime    Last Run
------------------------  -----  ---------  --------  ----------  --------------  -------------------
/opt/airflow/dags/dag.py                           1           0  0.31s           2026-02-23T10:42:26
================================================================================
[2026-02-23T10:43:22.115+0000] {manager.py:893} INFO - 
================================================================================
DAG File Processing Stats

File Path                 PID    Runtime      # DAGs    # Errors  Last Runtime    Last Run
------------------------  -----  ---------  --------  ----------  --------------  -------------------
/opt/airflow/dags/dag.py                           1           0  0.31s           2026-02-23T10:42:57
================================================================================
[2026-02-23T10:43:52.609+0000] {manager.py:893} INFO - 
================================================================================
DAG File Processing Stats

File Path                 PID    Runtime      # DAGs    # Errors  Last Runtime    Last Run
------------------------  -----  ---------  --------  ----------  --------------  -------------------
/opt/airflow/dags/dag.py                           1           0  0.31s           2026-02-23T10:43:27
================================================================================
[2026-02-23T10:44:23.090+0000] {manager.py:893} INFO - 
================================================================================
DAG File Processing Stats

File Path                 PID    Runtime      # DAGs    # Errors  Last Runtime    Last Run
------------------------  -----  ---------  --------  ----------  --------------  -------------------
/opt/airflow/dags/dag.py                           1           0  0.36s           2026-02-23T10:43:58
================================================================================
[2026-02-23T10:44:53.625+0000] {manager.py:893} INFO - 
================================================================================
DAG File Processing Stats

File Path                 PID    Runtime      # DAGs    # Errors  Last Runtime    Last Run
------------------------  -----  ---------  --------  ----------  --------------  -------------------
/opt/airflow/dags/dag.py                           1           0  0.32s           2026-02-23T10:44:28
================================================================================
[2026-02-23T10:45:24.117+0000] {manager.py:893} INFO - 
================================================================================
DAG File Processing Stats

File Path                 PID    Runtime      # DAGs    # Errors  Last Runtime    Last Run
------------------------  -----  ---------  --------  ----------  --------------  -------------------
/opt/airflow/dags/dag.py                           1           0  0.32s           2026-02-23T10:44:59
================================================================================
[2026-02-23T10:45:54.602+0000] {manager.py:893} INFO - 
================================================================================
DAG File Processing Stats

File Path                 PID    Runtime      # DAGs    # Errors  Last Runtime    Last Run
------------------------  -----  ---------  --------  ----------  --------------  -------------------
/opt/airflow/dags/dag.py                           1           0  0.32s           2026-02-23T10:45:29
================================================================================
[2026-02-23T10:46:25.087+0000] {manager.py:893} INFO - 
================================================================================
DAG File Processing Stats

File Path                 PID    Runtime      # DAGs    # Errors  Last Runtime    Last Run
------------------------  -----  ---------  --------  ----------  --------------  -------------------
/opt/airflow/dags/dag.py                           1           0  0.32s           2026-02-23T10:46:00
================================================================================
[2026-02-23T10:46:48.834+0000] {manager.py:759} INFO - Searching for files in /opt/airflow/dags
[2026-02-23T10:46:48.846+0000] {manager.py:762} INFO - There are 1 files in /opt/airflow/dags
[2026-02-23T10:46:55.568+0000] {manager.py:893} INFO - 
================================================================================
DAG File Processing Stats

File Path                 PID    Runtime      # DAGs    # Errors  Last Runtime    Last Run
------------------------  -----  ---------  --------  ----------  --------------  -------------------
/opt/airflow/dags/dag.py                           1           0  0.32s           2026-02-23T10:46:30
================================================================================
[2026-02-23T10:47:26.072+0000] {manager.py:893} INFO - 
================================================================================
DAG File Processing Stats

File Path                 PID    Runtime      # DAGs    # Errors  Last Runtime    Last Run
------------------------  -----  ---------  --------  ----------  --------------  -------------------
/opt/airflow/dags/dag.py                           1           0  0.32s           2026-02-23T10:47:01
================================================================================
[2026-02-23T10:47:56.551+0000] {manager.py:893} INFO - 
================================================================================
DAG File Processing Stats

File Path                 PID    Runtime      # DAGs    # Errors  Last Runtime    Last Run
------------------------  -----  ---------  --------  ----------  --------------  -------------------
/opt/airflow/dags/dag.py                           1           0  0.32s           2026-02-23T10:47:31
================================================================================
[2026-02-23T10:48:27.029+0000] {manager.py:893} INFO - 
================================================================================
DAG File Processing Stats

File Path                 PID    Runtime      # DAGs    # Errors  Last Runtime    Last Run
------------------------  -----  ---------  --------  ----------  --------------  -------------------
/opt/airflow/dags/dag.py                           1           0  0.32s           2026-02-23T10:48:02
================================================================================
[2026-02-23T10:48:57.503+0000] {manager.py:893} INFO - 
================================================================================
DAG File Processing Stats

File Path                 PID    Runtime      # DAGs    # Errors  Last Runtime    Last Run
------------------------  -----  ---------  --------  ----------  --------------  -------------------
/opt/airflow/dags/dag.py                           1           0  0.31s           2026-02-23T10:48:32
================================================================================
[2026-02-23T10:49:27.989+0000] {manager.py:893} INFO - 
================================================================================
DAG File Processing Stats

File Path                 PID    Runtime      # DAGs    # Errors  Last Runtime    Last Run
------------------------  -----  ---------  --------  ----------  --------------  -------------------
/opt/airflow/dags/dag.py                           1           0  0.32s           2026-02-23T10:49:03
================================================================================
[2026-02-23T10:49:58.477+0000] {manager.py:893} INFO - 
================================================================================
DAG File Processing Stats

File Path                 PID    Runtime      # DAGs    # Errors  Last Runtime    Last Run
------------------------  -----  ---------  --------  ----------  --------------  -------------------
/opt/airflow/dags/dag.py                           1           0  0.31s           2026-02-23T10:49:33
================================================================================
[2026-02-23T10:50:28.958+0000] {manager.py:893} INFO - 
================================================================================
DAG File Processing Stats

File Path                 PID    Runtime      # DAGs    # Errors  Last Runtime    Last Run
------------------------  -----  ---------  --------  ----------  --------------  -------------------
/opt/airflow/dags/dag.py                           1           0  0.31s           2026-02-23T10:50:04
================================================================================
[2026-02-23T10:50:59.438+0000] {manager.py:893} INFO - 
================================================================================
DAG File Processing Stats

File Path                 PID    Runtime      # DAGs    # Errors  Last Runtime    Last Run
------------------------  -----  ---------  --------  ----------  --------------  -------------------
/opt/airflow/dags/dag.py                           1           0  0.32s           2026-02-23T10:50:34
================================================================================
[2026-02-23T10:51:29.912+0000] {manager.py:893} INFO - 
================================================================================
DAG File Processing Stats

File Path                 PID    Runtime      # DAGs    # Errors  Last Runtime    Last Run
------------------------  -----  ---------  --------  ----------  --------------  -------------------
/opt/airflow/dags/dag.py                           1           0  0.33s           2026-02-23T10:51:05
================================================================================
[2026-02-23T10:51:49.347+0000] {manager.py:759} INFO - Searching for files in /opt/airflow/dags
[2026-02-23T10:51:49.360+0000] {manager.py:762} INFO - There are 1 files in /opt/airflow/dags
[2026-02-23T10:52:00.429+0000] {manager.py:893} INFO - 
================================================================================
DAG File Processing Stats

File Path                 PID    Runtime      # DAGs    # Errors  Last Runtime    Last Run
------------------------  -----  ---------  --------  ----------  --------------  -------------------
/opt/airflow/dags/dag.py                           1           0  0.34s           2026-02-23T10:51:35
================================================================================
[2026-02-23T10:52:30.905+0000] {manager.py:893} INFO - 
================================================================================
DAG File Processing Stats

File Path                 PID    Runtime      # DAGs    # Errors  Last Runtime    Last Run
------------------------  -----  ---------  --------  ----------  --------------  -------------------
/opt/airflow/dags/dag.py                           1           0  0.32s           2026-02-23T10:52:06
================================================================================
[2026-02-23T10:53:01.395+0000] {manager.py:893} INFO - 
================================================================================
DAG File Processing Stats

File Path                 PID    Runtime      # DAGs    # Errors  Last Runtime    Last Run
------------------------  -----  ---------  --------  ----------  --------------  -------------------
/opt/airflow/dags/dag.py                           1           0  0.36s           2026-02-23T10:52:36
================================================================================
[2026-02-23T10:53:32.278+0000] {manager.py:893} INFO - 
================================================================================
DAG File Processing Stats

File Path                 PID    Runtime      # DAGs    # Errors  Last Runtime    Last Run
------------------------  -----  ---------  --------  ----------  --------------  -------------------
/opt/airflow/dags/dag.py                           1           0  0.38s           2026-02-23T10:53:25
================================================================================
[2026-02-23T10:54:02.472+0000] {manager.py:893} INFO - 
================================================================================
DAG File Processing Stats

File Path                 PID    Runtime      # DAGs    # Errors  Last Runtime    Last Run
------------------------  -----  ---------  --------  ----------  --------------  -------------------
/opt/airflow/dags/dag.py                           1           0  0.33s           2026-02-23T10:53:55
================================================================================
[2026-02-23T10:54:32.493+0000] {manager.py:893} INFO - 
================================================================================
DAG File Processing Stats

File Path                 PID    Runtime      # DAGs    # Errors  Last Runtime    Last Run
------------------------  -----  ---------  --------  ----------  --------------  -------------------
/opt/airflow/dags/dag.py                           1           0  0.55s           2026-02-23T10:54:26
================================================================================
[2026-02-23T10:55:02.675+0000] {manager.py:893} INFO - 
================================================================================
DAG File Processing Stats

File Path                 PID    Runtime      # DAGs    # Errors  Last Runtime    Last Run
------------------------  -----  ---------  --------  ----------  --------------  -------------------
/opt/airflow/dags/dag.py                           1           0  0.35s           2026-02-23T10:54:56
================================================================================
[2026-02-23T10:55:33.194+0000] {manager.py:893} INFO - 
================================================================================
DAG File Processing Stats

File Path                 PID    Runtime      # DAGs    # Errors  Last Runtime    Last Run
------------------------  -----  ---------  --------  ----------  --------------  -------------------
/opt/airflow/dags/dag.py                           1           0  0.34s           2026-02-23T10:55:27
================================================================================
[2026-02-23T10:56:03.730+0000] {manager.py:893} INFO - 
================================================================================
DAG File Processing Stats

File Path                 PID    Runtime      # DAGs    # Errors  Last Runtime    Last Run
------------------------  -----  ---------  --------  ----------  --------------  -------------------
/opt/airflow/dags/dag.py                           1           0  0.33s           2026-02-23T10:55:58
================================================================================
[2026-02-23T10:56:34.234+0000] {manager.py:893} INFO - 
================================================================================
DAG File Processing Stats

File Path                 PID    Runtime      # DAGs    # Errors  Last Runtime    Last Run
------------------------  -----  ---------  --------  ----------  --------------  -------------------
/opt/airflow/dags/dag.py                           1           0  0.32s           2026-02-23T10:56:28
================================================================================
[2026-02-23T10:56:49.629+0000] {manager.py:759} INFO - Searching for files in /opt/airflow/dags
[2026-02-23T10:56:49.646+0000] {manager.py:762} INFO - There are 1 files in /opt/airflow/dags
[2026-02-23T10:57:04.423+0000] {manager.py:893} INFO - 
================================================================================
DAG File Processing Stats

File Path                 PID    Runtime      # DAGs    # Errors  Last Runtime    Last Run
------------------------  -----  ---------  --------  ----------  --------------  -------------------
/opt/airflow/dags/dag.py                           1           0  0.87s           2026-02-23T10:56:59
================================================================================
[2026-02-23T10:57:34.782+0000] {manager.py:893} INFO - 
================================================================================
DAG File Processing Stats

File Path                 PID    Runtime      # DAGs    # Errors  Last Runtime    Last Run
------------------------  -----  ---------  --------  ----------  --------------  -------------------
/opt/airflow/dags/dag.py                           1           0  0.32s           2026-02-23T10:57:30
================================================================================
[2026-02-23T10:58:05.262+0000] {manager.py:893} INFO - 
================================================================================
DAG File Processing Stats

File Path                 PID    Runtime      # DAGs    # Errors  Last Runtime    Last Run
------------------------  -----  ---------  --------  ----------  --------------  -------------------
/opt/airflow/dags/dag.py                           1           0  0.48s           2026-02-23T10:58:00
================================================================================
[2026-02-23T10:58:35.918+0000] {manager.py:893} INFO - 
================================================================================
DAG File Processing Stats

File Path                 PID    Runtime      # DAGs    # Errors  Last Runtime    Last Run
------------------------  -----  ---------  --------  ----------  --------------  -------------------
/opt/airflow/dags/dag.py                           1           0  0.32s           2026-02-23T10:58:31
================================================================================
[2026-02-23T10:59:06.400+0000] {manager.py:893} INFO - 
================================================================================
DAG File Processing Stats

File Path                 PID    Runtime      # DAGs    # Errors  Last Runtime    Last Run
------------------------  -----  ---------  --------  ----------  --------------  -------------------
/opt/airflow/dags/dag.py                           1           0  0.32s           2026-02-23T10:59:01
================================================================================
[2026-02-23T10:59:36.882+0000] {manager.py:893} INFO - 
================================================================================
DAG File Processing Stats

File Path                 PID    Runtime      # DAGs    # Errors  Last Runtime    Last Run
------------------------  -----  ---------  --------  ----------  --------------  -------------------
/opt/airflow/dags/dag.py                           1           0  0.31s           2026-02-23T10:59:32
================================================================================
[2026-02-23T11:00:07.363+0000] {manager.py:893} INFO - 
================================================================================
DAG File Processing Stats

File Path                 PID    Runtime      # DAGs    # Errors  Last Runtime    Last Run
------------------------  -----  ---------  --------  ----------  --------------  -------------------
/opt/airflow/dags/dag.py                           1           0  0.32s           2026-02-23T11:00:02
================================================================================
[2026-02-23T11:00:37.846+0000] {manager.py:893} INFO - 
================================================================================
DAG File Processing Stats

File Path                 PID    Runtime      # DAGs    # Errors  Last Runtime    Last Run
------------------------  -----  ---------  --------  ----------  --------------  -------------------
/opt/airflow/dags/dag.py                           1           0  0.32s           2026-02-23T11:00:33
================================================================================
[2026-02-23T11:01:08.335+0000] {manager.py:893} INFO - 
================================================================================
DAG File Processing Stats

File Path                 PID    Runtime      # DAGs    # Errors  Last Runtime    Last Run
------------------------  -----  ---------  --------  ----------  --------------  -------------------
/opt/airflow/dags/dag.py                           1           0  0.33s           2026-02-23T11:01:03
================================================================================
[2026-02-23T11:01:38.816+0000] {manager.py:893} INFO - 
================================================================================
DAG File Processing Stats

File Path                 PID    Runtime      # DAGs    # Errors  Last Runtime    Last Run
------------------------  -----  ---------  --------  ----------  --------------  -------------------
/opt/airflow/dags/dag.py                           1           0  0.31s           2026-02-23T11:01:34
================================================================================
[2026-02-23T11:01:49.874+0000] {manager.py:759} INFO - Searching for files in /opt/airflow/dags
[2026-02-23T11:01:49.884+0000] {manager.py:762} INFO - There are 1 files in /opt/airflow/dags
[2026-02-23T11:02:09.286+0000] {manager.py:893} INFO - 
================================================================================
DAG File Processing Stats

File Path                 PID    Runtime      # DAGs    # Errors  Last Runtime    Last Run
------------------------  -----  ---------  --------  ----------  --------------  -------------------
/opt/airflow/dags/dag.py                           1           0  0.32s           2026-02-23T11:02:04
================================================================================
[2026-02-23T11:02:39.433+0000] {manager.py:893} INFO - 
================================================================================
DAG File Processing Stats

File Path                 PID    Runtime      # DAGs    # Errors  Last Runtime    Last Run
------------------------  -----  ---------  --------  ----------  --------------  -------------------
/opt/airflow/dags/dag.py                           1           0  0.66s           2026-02-23T11:02:35
================================================================================
[2026-02-23T11:03:09.922+0000] {manager.py:893} INFO - 
================================================================================
DAG File Processing Stats

File Path                 PID    Runtime      # DAGs    # Errors  Last Runtime    Last Run
------------------------  -----  ---------  --------  ----------  --------------  -------------------
/opt/airflow/dags/dag.py                           1           0  0.33s           2026-02-23T11:03:05
================================================================================
[2026-02-23T11:03:40.123+0000] {manager.py:893} INFO - 
================================================================================
DAG File Processing Stats

File Path                 PID    Runtime      # DAGs    # Errors  Last Runtime    Last Run
------------------------  -----  ---------  --------  ----------  --------------  -------------------
/opt/airflow/dags/dag.py                           1           0  0.37s           2026-02-23T11:03:36
================================================================================
[2026-02-23T11:04:10.663+0000] {manager.py:893} INFO - 
================================================================================
DAG File Processing Stats

File Path                 PID    Runtime      # DAGs    # Errors  Last Runtime    Last Run
------------------------  -----  ---------  --------  ----------  --------------  -------------------
/opt/airflow/dags/dag.py                           1           0  0.32s           2026-02-23T11:04:06
================================================================================
[2026-02-23T11:04:41.135+0000] {manager.py:893} INFO - 
================================================================================
DAG File Processing Stats

File Path                 PID    Runtime      # DAGs    # Errors  Last Runtime    Last Run
------------------------  -----  ---------  --------  ----------  --------------  -------------------
/opt/airflow/dags/dag.py                           1           0  0.32s           2026-02-23T11:04:37
================================================================================
[2026-02-23T11:05:11.625+0000] {manager.py:893} INFO - 
================================================================================
DAG File Processing Stats

File Path                 PID    Runtime      # DAGs    # Errors  Last Runtime    Last Run
------------------------  -----  ---------  --------  ----------  --------------  -------------------
/opt/airflow/dags/dag.py                           1           0  0.34s           2026-02-23T11:05:07
================================================================================
[2026-02-23T11:05:41.788+0000] {manager.py:893} INFO - 
================================================================================
DAG File Processing Stats

File Path                 PID    Runtime      # DAGs    # Errors  Last Runtime    Last Run
------------------------  -----  ---------  --------  ----------  --------------  -------------------
/opt/airflow/dags/dag.py                           1           0  0.49s           2026-02-23T11:05:38
================================================================================
[2026-02-23T11:06:12.492+0000] {manager.py:893} INFO - 
================================================================================
DAG File Processing Stats

File Path                 PID    Runtime      # DAGs    # Errors  Last Runtime    Last Run
------------------------  -----  ---------  --------  ----------  --------------  -------------------
/opt/airflow/dags/dag.py                           1           0  0.44s           2026-02-23T11:06:09
================================================================================
[2026-02-23T11:06:42.708+0000] {manager.py:893} INFO - 
================================================================================
DAG File Processing Stats

File Path                 PID    Runtime      # DAGs    # Errors  Last Runtime    Last Run
------------------------  -----  ---------  --------  ----------  --------------  -------------------
/opt/airflow/dags/dag.py                           1           0  0.32s           2026-02-23T11:06:40
================================================================================
[2026-02-23T11:06:50.058+0000] {manager.py:759} INFO - Searching for files in /opt/airflow/dags
[2026-02-23T11:06:50.076+0000] {manager.py:762} INFO - There are 1 files in /opt/airflow/dags
[2026-02-23T11:07:13.262+0000] {manager.py:893} INFO - 
================================================================================
DAG File Processing Stats

File Path                 PID    Runtime      # DAGs    # Errors  Last Runtime    Last Run
------------------------  -----  ---------  --------  ----------  --------------  -------------------
/opt/airflow/dags/dag.py                           1           0  0.42s           2026-02-23T11:07:12
================================================================================
[2026-02-23T11:07:28.317+0000] {manager.py:469} INFO - Exiting gracefully upon receiving signal 15
[2026-02-23T11:09:18.914+0000] {manager.py:487} INFO - Processing files using up to 2 processes at a time 
[2026-02-23T11:09:18.915+0000] {manager.py:488} INFO - Process each file at most once every 30 seconds
[2026-02-23T11:09:18.915+0000] {manager.py:489} INFO - Checking for new files in /opt/airflow/dags every 300 seconds
[2026-02-23T11:09:18.916+0000] {manager.py:759} INFO - Searching for files in /opt/airflow/dags
[2026-02-23T11:09:18.928+0000] {manager.py:762} INFO - There are 1 files in /opt/airflow/dags
[2026-02-23T11:09:19.017+0000] {manager.py:893} INFO - 
================================================================================
DAG File Processing Stats

File Path                   PID  Runtime      # DAGs    # Errors  Last Runtime    Last Run
------------------------  -----  ---------  --------  ----------  --------------  ----------
/opt/airflow/dags/dag.py    171  0.04s             0           0
================================================================================
[2026-02-23T11:09:49.207+0000] {manager.py:893} INFO - 
================================================================================
DAG File Processing Stats

File Path                 PID    Runtime      # DAGs    # Errors  Last Runtime    Last Run
------------------------  -----  ---------  --------  ----------  --------------  -------------------
/opt/airflow/dags/dag.py                           1           0  1.51s           2026-02-23T11:09:20
================================================================================
[2026-02-23T11:10:19.395+0000] {manager.py:893} INFO - 
================================================================================
DAG File Processing Stats

File Path                 PID    Runtime      # DAGs    # Errors  Last Runtime    Last Run
------------------------  -----  ---------  --------  ----------  --------------  -------------------
/opt/airflow/dags/dag.py                           1           0  0.74s           2026-02-23T11:09:51
================================================================================
[2026-02-23T11:10:49.680+0000] {manager.py:893} INFO - 
================================================================================
DAG File Processing Stats

File Path                 PID    Runtime      # DAGs    # Errors  Last Runtime    Last Run
------------------------  -----  ---------  --------  ----------  --------------  -------------------
/opt/airflow/dags/dag.py                           1           0  0.66s           2026-02-23T11:10:22
================================================================================
[2026-02-23T11:11:19.828+0000] {manager.py:893} INFO - 
================================================================================
DAG File Processing Stats

File Path                 PID    Runtime      # DAGs    # Errors  Last Runtime    Last Run
------------------------  -----  ---------  --------  ----------  --------------  -------------------
/opt/airflow/dags/dag.py                           1           0  0.43s           2026-02-23T11:10:52
================================================================================
[2026-02-23T11:11:49.998+0000] {manager.py:893} INFO - 
================================================================================
DAG File Processing Stats

File Path                 PID    Runtime      # DAGs    # Errors  Last Runtime    Last Run
------------------------  -----  ---------  --------  ----------  --------------  -------------------
/opt/airflow/dags/dag.py                           1           0  0.43s           2026-02-23T11:11:23
================================================================================
[2026-02-23T11:12:20.593+0000] {manager.py:893} INFO - 
================================================================================
DAG File Processing Stats

File Path                 PID    Runtime      # DAGs    # Errors  Last Runtime    Last Run
------------------------  -----  ---------  --------  ----------  --------------  -------------------
/opt/airflow/dags/dag.py                           1           0  0.40s           2026-02-23T11:11:53
================================================================================
[2026-02-23T11:12:51.268+0000] {manager.py:893} INFO - 
================================================================================
DAG File Processing Stats

File Path                 PID    Runtime      # DAGs    # Errors  Last Runtime    Last Run
------------------------  -----  ---------  --------  ----------  --------------  -------------------
/opt/airflow/dags/dag.py                           1           0  0.34s           2026-02-23T11:12:24
================================================================================
[2026-02-23T11:13:21.757+0000] {manager.py:893} INFO - 
================================================================================
DAG File Processing Stats

File Path                 PID    Runtime      # DAGs    # Errors  Last Runtime    Last Run
------------------------  -----  ---------  --------  ----------  --------------  -------------------
/opt/airflow/dags/dag.py                           1           0  0.35s           2026-02-23T11:12:54
================================================================================
[2026-02-23T11:13:52.280+0000] {manager.py:893} INFO - 
================================================================================
DAG File Processing Stats

File Path                 PID    Runtime      # DAGs    # Errors  Last Runtime    Last Run
------------------------  -----  ---------  --------  ----------  --------------  -------------------
/opt/airflow/dags/dag.py                           1           0  0.33s           2026-02-23T11:13:25
================================================================================
[2026-02-23T11:14:19.045+0000] {manager.py:759} INFO - Searching for files in /opt/airflow/dags
[2026-02-23T11:14:19.058+0000] {manager.py:762} INFO - There are 1 files in /opt/airflow/dags
[2026-02-23T11:14:22.770+0000] {manager.py:893} INFO - 
================================================================================
DAG File Processing Stats

File Path                 PID    Runtime      # DAGs    # Errors  Last Runtime    Last Run
------------------------  -----  ---------  --------  ----------  --------------  -------------------
/opt/airflow/dags/dag.py                           1           0  0.32s           2026-02-23T11:13:55
================================================================================
[2026-02-23T11:14:53.260+0000] {manager.py:893} INFO - 
================================================================================
DAG File Processing Stats

File Path                 PID    Runtime      # DAGs    # Errors  Last Runtime    Last Run
------------------------  -----  ---------  --------  ----------  --------------  -------------------
/opt/airflow/dags/dag.py                           1           0  0.36s           2026-02-23T11:14:26
================================================================================
[2026-02-23T11:15:23.776+0000] {manager.py:893} INFO - 
================================================================================
DAG File Processing Stats

File Path                 PID    Runtime      # DAGs    # Errors  Last Runtime    Last Run
------------------------  -----  ---------  --------  ----------  --------------  -------------------
/opt/airflow/dags/dag.py                           1           0  0.37s           2026-02-23T11:14:56
================================================================================
[2026-02-23T11:15:54.326+0000] {manager.py:893} INFO - 
================================================================================
DAG File Processing Stats

File Path                 PID    Runtime      # DAGs    # Errors  Last Runtime    Last Run
------------------------  -----  ---------  --------  ----------  --------------  -------------------
/opt/airflow/dags/dag.py                           1           0  0.34s           2026-02-23T11:15:27
================================================================================
[2026-02-23T11:16:24.830+0000] {manager.py:893} INFO - 
================================================================================
DAG File Processing Stats

File Path                 PID    Runtime      # DAGs    # Errors  Last Runtime    Last Run
------------------------  -----  ---------  --------  ----------  --------------  -------------------
/opt/airflow/dags/dag.py                           1           0  0.42s           2026-02-23T11:15:58
================================================================================
[2026-02-23T11:16:55.426+0000] {manager.py:893} INFO - 
================================================================================
DAG File Processing Stats

File Path                 PID    Runtime      # DAGs    # Errors  Last Runtime    Last Run
------------------------  -----  ---------  --------  ----------  --------------  -------------------
/opt/airflow/dags/dag.py                           1           0  0.35s           2026-02-23T11:16:28
================================================================================
[2026-02-23T11:17:25.949+0000] {manager.py:893} INFO - 
================================================================================
DAG File Processing Stats

File Path                 PID    Runtime      # DAGs    # Errors  Last Runtime    Last Run
------------------------  -----  ---------  --------  ----------  --------------  -------------------
/opt/airflow/dags/dag.py                           1           0  0.33s           2026-02-23T11:16:59
================================================================================
[2026-02-23T11:17:56.449+0000] {manager.py:893} INFO - 
================================================================================
DAG File Processing Stats

File Path                 PID    Runtime      # DAGs    # Errors  Last Runtime    Last Run
------------------------  -----  ---------  --------  ----------  --------------  -------------------
/opt/airflow/dags/dag.py                           1           0  0.32s           2026-02-23T11:17:29
================================================================================
[2026-02-23T11:18:26.921+0000] {manager.py:893} INFO - 
================================================================================
DAG File Processing Stats

File Path                 PID    Runtime      # DAGs    # Errors  Last Runtime    Last Run
------------------------  -----  ---------  --------  ----------  --------------  -------------------
/opt/airflow/dags/dag.py                           1           0  0.32s           2026-02-23T11:18:00
================================================================================
[2026-02-23T11:18:57.390+0000] {manager.py:893} INFO - 
================================================================================
DAG File Processing Stats

File Path                 PID    Runtime      # DAGs    # Errors  Last Runtime    Last Run
------------------------  -----  ---------  --------  ----------  --------------  -------------------
/opt/airflow/dags/dag.py                           1           0  0.32s           2026-02-23T11:18:30
================================================================================
[2026-02-23T11:19:19.142+0000] {manager.py:759} INFO - Searching for files in /opt/airflow/dags
[2026-02-23T11:19:19.154+0000] {manager.py:762} INFO - There are 1 files in /opt/airflow/dags
[2026-02-23T11:19:27.883+0000] {manager.py:893} INFO - 
================================================================================
DAG File Processing Stats

File Path                 PID    Runtime      # DAGs    # Errors  Last Runtime    Last Run
------------------------  -----  ---------  --------  ----------  --------------  -------------------
/opt/airflow/dags/dag.py                           1           0  0.32s           2026-02-23T11:19:01
================================================================================
[2026-02-23T11:19:58.387+0000] {manager.py:893} INFO - 
================================================================================
DAG File Processing Stats

File Path                 PID    Runtime      # DAGs    # Errors  Last Runtime    Last Run
------------------------  -----  ---------  --------  ----------  --------------  -------------------
/opt/airflow/dags/dag.py                           1           0  0.32s           2026-02-23T11:19:31
================================================================================
[2026-02-23T11:20:28.868+0000] {manager.py:893} INFO - 
================================================================================
DAG File Processing Stats

File Path                 PID    Runtime      # DAGs    # Errors  Last Runtime    Last Run
------------------------  -----  ---------  --------  ----------  --------------  -------------------
/opt/airflow/dags/dag.py                           1           0  0.32s           2026-02-23T11:20:02
================================================================================
[2026-02-23T11:20:59.342+0000] {manager.py:893} INFO - 
================================================================================
DAG File Processing Stats

File Path                 PID    Runtime      # DAGs    # Errors  Last Runtime    Last Run
------------------------  -----  ---------  --------  ----------  --------------  -------------------
/opt/airflow/dags/dag.py                           1           0  0.32s           2026-02-23T11:20:32
================================================================================
[2026-02-23T11:21:29.867+0000] {manager.py:893} INFO - 
================================================================================
DAG File Processing Stats

File Path                 PID    Runtime      # DAGs    # Errors  Last Runtime    Last Run
------------------------  -----  ---------  --------  ----------  --------------  -------------------
/opt/airflow/dags/dag.py                           1           0  0.32s           2026-02-23T11:21:02
================================================================================
[2026-02-23T11:22:00.309+0000] {manager.py:893} INFO - 
================================================================================
DAG File Processing Stats

File Path                 PID    Runtime      # DAGs    # Errors  Last Runtime    Last Run
------------------------  -----  ---------  --------  ----------  --------------  -------------------
/opt/airflow/dags/dag.py                           1           0  0.49s           2026-02-23T11:21:33
================================================================================
[2026-02-23T11:22:30.964+0000] {manager.py:893} INFO - 
================================================================================
DAG File Processing Stats

File Path                 PID    Runtime      # DAGs    # Errors  Last Runtime    Last Run
------------------------  -----  ---------  --------  ----------  --------------  -------------------
/opt/airflow/dags/dag.py                           1           0  0.32s           2026-02-23T11:22:04
================================================================================
[2026-02-23T11:23:01.451+0000] {manager.py:893} INFO - 
================================================================================
DAG File Processing Stats

File Path                 PID    Runtime      # DAGs    # Errors  Last Runtime    Last Run
------------------------  -----  ---------  --------  ----------  --------------  -------------------
/opt/airflow/dags/dag.py                           1           0  0.31s           2026-02-23T11:22:34
================================================================================
[2026-02-23T11:23:31.929+0000] {manager.py:893} INFO - 
================================================================================
DAG File Processing Stats

File Path                 PID    Runtime      # DAGs    # Errors  Last Runtime    Last Run
------------------------  -----  ---------  --------  ----------  --------------  -------------------
/opt/airflow/dags/dag.py                           1           0  0.35s           2026-02-23T11:23:05
================================================================================
[2026-02-23T11:24:02.448+0000] {manager.py:893} INFO - 
================================================================================
DAG File Processing Stats

File Path                 PID    Runtime      # DAGs    # Errors  Last Runtime    Last Run
------------------------  -----  ---------  --------  ----------  --------------  -------------------
/opt/airflow/dags/dag.py                           1           0  0.32s           2026-02-23T11:23:35
================================================================================
[2026-02-23T11:24:19.156+0000] {manager.py:759} INFO - Searching for files in /opt/airflow/dags
[2026-02-23T11:24:19.168+0000] {manager.py:762} INFO - There are 1 files in /opt/airflow/dags
[2026-02-23T11:24:32.924+0000] {manager.py:893} INFO - 
================================================================================
DAG File Processing Stats

File Path                 PID    Runtime      # DAGs    # Errors  Last Runtime    Last Run
------------------------  -----  ---------  --------  ----------  --------------  -------------------
/opt/airflow/dags/dag.py                           1           0  0.32s           2026-02-23T11:24:06
================================================================================
[2026-02-23T11:25:03.426+0000] {manager.py:893} INFO - 
================================================================================
DAG File Processing Stats

File Path                 PID    Runtime      # DAGs    # Errors  Last Runtime    Last Run
------------------------  -----  ---------  --------  ----------  --------------  -------------------
/opt/airflow/dags/dag.py                           1           0  0.31s           2026-02-23T11:24:36
================================================================================
[2026-02-23T11:25:33.883+0000] {manager.py:893} INFO - 
================================================================================
DAG File Processing Stats

File Path                 PID    Runtime      # DAGs    # Errors  Last Runtime    Last Run
------------------------  -----  ---------  --------  ----------  --------------  -------------------
/opt/airflow/dags/dag.py                           1           0  0.35s           2026-02-23T11:25:07
================================================================================
[2026-02-23T11:26:04.392+0000] {manager.py:893} INFO - 
================================================================================
DAG File Processing Stats

File Path                 PID    Runtime      # DAGs    # Errors  Last Runtime    Last Run
------------------------  -----  ---------  --------  ----------  --------------  -------------------
/opt/airflow/dags/dag.py                           1           0  0.32s           2026-02-23T11:25:37
================================================================================
[2026-02-23T11:26:34.867+0000] {manager.py:893} INFO - 
================================================================================
DAG File Processing Stats

File Path                 PID    Runtime      # DAGs    # Errors  Last Runtime    Last Run
------------------------  -----  ---------  --------  ----------  --------------  -------------------
/opt/airflow/dags/dag.py                           1           0  0.32s           2026-02-23T11:26:08
================================================================================
[2026-02-23T11:27:05.360+0000] {manager.py:893} INFO - 
================================================================================
DAG File Processing Stats

File Path                 PID    Runtime      # DAGs    # Errors  Last Runtime    Last Run
------------------------  -----  ---------  --------  ----------  --------------  -------------------
/opt/airflow/dags/dag.py                           1           0  0.31s           2026-02-23T11:26:38
================================================================================
[2026-02-23T11:27:35.837+0000] {manager.py:893} INFO - 
================================================================================
DAG File Processing Stats

File Path                 PID    Runtime      # DAGs    # Errors  Last Runtime    Last Run
------------------------  -----  ---------  --------  ----------  --------------  -------------------
/opt/airflow/dags/dag.py                           1           0  0.34s           2026-02-23T11:27:09
================================================================================
[2026-02-23T11:28:06.341+0000] {manager.py:893} INFO - 
================================================================================
DAG File Processing Stats

File Path                 PID    Runtime      # DAGs    # Errors  Last Runtime    Last Run
------------------------  -----  ---------  --------  ----------  --------------  -------------------
/opt/airflow/dags/dag.py                           1           0  0.32s           2026-02-23T11:27:39
================================================================================
[2026-02-23T11:28:36.818+0000] {manager.py:893} INFO - 
================================================================================
DAG File Processing Stats

File Path                 PID    Runtime      # DAGs    # Errors  Last Runtime    Last Run
------------------------  -----  ---------  --------  ----------  --------------  -------------------
/opt/airflow/dags/dag.py                           1           0  0.32s           2026-02-23T11:28:09
================================================================================
[2026-02-23T11:29:07.295+0000] {manager.py:893} INFO - 
================================================================================
DAG File Processing Stats

File Path                 PID    Runtime      # DAGs    # Errors  Last Runtime    Last Run
------------------------  -----  ---------  --------  ----------  --------------  -------------------
/opt/airflow/dags/dag.py                           1           0  0.31s           2026-02-23T11:28:40
================================================================================
[2026-02-23T11:29:19.662+0000] {manager.py:759} INFO - Searching for files in /opt/airflow/dags
[2026-02-23T11:29:19.676+0000] {manager.py:762} INFO - There are 1 files in /opt/airflow/dags
[2026-02-23T11:29:37.787+0000] {manager.py:893} INFO - 
================================================================================
DAG File Processing Stats

File Path                 PID    Runtime      # DAGs    # Errors  Last Runtime    Last Run
------------------------  -----  ---------  --------  ----------  --------------  -------------------
/opt/airflow/dags/dag.py                           1           0  0.32s           2026-02-23T11:29:10
================================================================================
[2026-02-23T11:30:08.238+0000] {manager.py:893} INFO - 
================================================================================
DAG File Processing Stats

File Path                 PID    Runtime      # DAGs    # Errors  Last Runtime    Last Run
------------------------  -----  ---------  --------  ----------  --------------  -------------------
/opt/airflow/dags/dag.py                           1           0  0.31s           2026-02-23T11:29:41
================================================================================
[2026-02-23T11:30:38.703+0000] {manager.py:893} INFO - 
================================================================================
DAG File Processing Stats

File Path                 PID    Runtime      # DAGs    # Errors  Last Runtime    Last Run
------------------------  -----  ---------  --------  ----------  --------------  -------------------
/opt/airflow/dags/dag.py                           1           0  0.32s           2026-02-23T11:30:11
================================================================================
[2026-02-23T11:31:09.177+0000] {manager.py:893} INFO - 
================================================================================
DAG File Processing Stats

File Path                 PID    Runtime      # DAGs    # Errors  Last Runtime    Last Run
------------------------  -----  ---------  --------  ----------  --------------  -------------------
/opt/airflow/dags/dag.py                           1           0  0.32s           2026-02-23T11:30:42
================================================================================
[2026-02-23T11:31:39.656+0000] {manager.py:893} INFO - 
================================================================================
DAG File Processing Stats

File Path                 PID    Runtime      # DAGs    # Errors  Last Runtime    Last Run
------------------------  -----  ---------  --------  ----------  --------------  -------------------
/opt/airflow/dags/dag.py                           1           0  0.31s           2026-02-23T11:31:12
================================================================================
[2026-02-23T11:32:10.125+0000] {manager.py:893} INFO - 
================================================================================
DAG File Processing Stats

File Path                 PID    Runtime      # DAGs    # Errors  Last Runtime    Last Run
------------------------  -----  ---------  --------  ----------  --------------  -------------------
/opt/airflow/dags/dag.py                           1           0  0.32s           2026-02-23T11:31:43
================================================================================
[2026-02-23T11:32:40.601+0000] {manager.py:893} INFO - 
================================================================================
DAG File Processing Stats

File Path                 PID    Runtime      # DAGs    # Errors  Last Runtime    Last Run
------------------------  -----  ---------  --------  ----------  --------------  -------------------
/opt/airflow/dags/dag.py                           1           0  0.32s           2026-02-23T11:32:13
================================================================================
[2026-02-23T11:33:11.090+0000] {manager.py:893} INFO - 
================================================================================
DAG File Processing Stats

File Path                 PID    Runtime      # DAGs    # Errors  Last Runtime    Last Run
------------------------  -----  ---------  --------  ----------  --------------  -------------------
/opt/airflow/dags/dag.py                           1           0  0.31s           2026-02-23T11:32:44
================================================================================
[2026-02-23T11:33:41.561+0000] {manager.py:893} INFO - 
================================================================================
DAG File Processing Stats

File Path                 PID    Runtime      # DAGs    # Errors  Last Runtime    Last Run
------------------------  -----  ---------  --------  ----------  --------------  -------------------
/opt/airflow/dags/dag.py                           1           0  0.32s           2026-02-23T11:33:14
================================================================================
[2026-02-23T11:34:12.037+0000] {manager.py:893} INFO - 
================================================================================
DAG File Processing Stats

File Path                 PID    Runtime      # DAGs    # Errors  Last Runtime    Last Run
------------------------  -----  ---------  --------  ----------  --------------  -------------------
/opt/airflow/dags/dag.py                           1           0  0.31s           2026-02-23T11:33:45
================================================================================
[2026-02-23T11:34:19.689+0000] {manager.py:759} INFO - Searching for files in /opt/airflow/dags
[2026-02-23T11:34:19.701+0000] {manager.py:762} INFO - There are 1 files in /opt/airflow/dags
[2026-02-23T11:34:42.500+0000] {manager.py:893} INFO - 
================================================================================
DAG File Processing Stats

File Path                 PID    Runtime      # DAGs    # Errors  Last Runtime    Last Run
------------------------  -----  ---------  --------  ----------  --------------  -------------------
/opt/airflow/dags/dag.py                           1           0  0.32s           2026-02-23T11:34:15
================================================================================
[2026-02-23T11:35:13.002+0000] {manager.py:893} INFO - 
================================================================================
DAG File Processing Stats

File Path                 PID    Runtime      # DAGs    # Errors  Last Runtime    Last Run
------------------------  -----  ---------  --------  ----------  --------------  -------------------
/opt/airflow/dags/dag.py                           1           0  0.32s           2026-02-23T11:34:46
================================================================================
[2026-02-23T11:35:43.489+0000] {manager.py:893} INFO - 
================================================================================
DAG File Processing Stats

File Path                 PID    Runtime      # DAGs    # Errors  Last Runtime    Last Run
------------------------  -----  ---------  --------  ----------  --------------  -------------------
/opt/airflow/dags/dag.py                           1           0  0.31s           2026-02-23T11:35:16
================================================================================
[2026-02-23T11:36:13.961+0000] {manager.py:893} INFO - 
================================================================================
DAG File Processing Stats

File Path                 PID    Runtime      # DAGs    # Errors  Last Runtime    Last Run
------------------------  -----  ---------  --------  ----------  --------------  -------------------
/opt/airflow/dags/dag.py                           1           0  0.31s           2026-02-23T11:35:47
================================================================================
[2026-02-23T11:36:44.433+0000] {manager.py:893} INFO - 
================================================================================
DAG File Processing Stats

File Path                 PID    Runtime      # DAGs    # Errors  Last Runtime    Last Run
------------------------  -----  ---------  --------  ----------  --------------  -------------------
/opt/airflow/dags/dag.py                           1           0  0.35s           2026-02-23T11:36:17
================================================================================
[2026-02-23T11:37:14.955+0000] {manager.py:893} INFO - 
================================================================================
DAG File Processing Stats

File Path                 PID    Runtime      # DAGs    # Errors  Last Runtime    Last Run
------------------------  -----  ---------  --------  ----------  --------------  -------------------
/opt/airflow/dags/dag.py                           1           0  0.31s           2026-02-23T11:36:48
================================================================================
[2026-02-23T11:37:45.439+0000] {manager.py:893} INFO - 
================================================================================
DAG File Processing Stats

File Path                 PID    Runtime      # DAGs    # Errors  Last Runtime    Last Run
------------------------  -----  ---------  --------  ----------  --------------  -------------------
/opt/airflow/dags/dag.py                           1           0  0.32s           2026-02-23T11:37:18
================================================================================
[2026-02-23T11:38:15.918+0000] {manager.py:893} INFO - 
================================================================================
DAG File Processing Stats

File Path                 PID    Runtime      # DAGs    # Errors  Last Runtime    Last Run
------------------------  -----  ---------  --------  ----------  --------------  -------------------
/opt/airflow/dags/dag.py                           1           0  0.32s           2026-02-23T11:37:49
================================================================================
[2026-02-23T11:38:46.407+0000] {manager.py:893} INFO - 
================================================================================
DAG File Processing Stats

File Path                 PID    Runtime      # DAGs    # Errors  Last Runtime    Last Run
------------------------  -----  ---------  --------  ----------  --------------  -------------------
/opt/airflow/dags/dag.py                           1           0  0.34s           2026-02-23T11:38:19
================================================================================
[2026-02-23T11:39:16.912+0000] {manager.py:893} INFO - 
================================================================================
DAG File Processing Stats

File Path                 PID    Runtime      # DAGs    # Errors  Last Runtime    Last Run
------------------------  -----  ---------  --------  ----------  --------------  -------------------
/opt/airflow/dags/dag.py                           1           0  0.31s           2026-02-23T11:38:50
================================================================================
[2026-02-23T11:39:19.929+0000] {manager.py:759} INFO - Searching for files in /opt/airflow/dags
[2026-02-23T11:39:19.942+0000] {manager.py:762} INFO - There are 1 files in /opt/airflow/dags
[2026-02-23T11:39:47.395+0000] {manager.py:893} INFO - 
================================================================================
DAG File Processing Stats

File Path                 PID    Runtime      # DAGs    # Errors  Last Runtime    Last Run
------------------------  -----  ---------  --------  ----------  --------------  -------------------
/opt/airflow/dags/dag.py                           1           0  0.31s           2026-02-23T11:39:20
================================================================================
[2026-02-23T11:40:17.850+0000] {manager.py:893} INFO - 
================================================================================
DAG File Processing Stats

File Path                 PID    Runtime      # DAGs    # Errors  Last Runtime    Last Run
------------------------  -----  ---------  --------  ----------  --------------  -------------------
/opt/airflow/dags/dag.py                           1           0  0.32s           2026-02-23T11:39:51
================================================================================
[2026-02-23T11:40:48.338+0000] {manager.py:893} INFO - 
================================================================================
DAG File Processing Stats

File Path                 PID    Runtime      # DAGs    # Errors  Last Runtime    Last Run
------------------------  -----  ---------  --------  ----------  --------------  -------------------
/opt/airflow/dags/dag.py                           1           0  0.32s           2026-02-23T11:40:21
================================================================================
[2026-02-23T11:41:18.821+0000] {manager.py:893} INFO - 
================================================================================
DAG File Processing Stats

File Path                 PID    Runtime      # DAGs    # Errors  Last Runtime    Last Run
------------------------  -----  ---------  --------  ----------  --------------  -------------------
/opt/airflow/dags/dag.py                           1           0  0.31s           2026-02-23T11:40:51
================================================================================
[2026-02-23T11:41:49.303+0000] {manager.py:893} INFO - 
================================================================================
DAG File Processing Stats

File Path                 PID    Runtime      # DAGs    # Errors  Last Runtime    Last Run
------------------------  -----  ---------  --------  ----------  --------------  -------------------
/opt/airflow/dags/dag.py                           1           0  0.31s           2026-02-23T11:41:22
================================================================================
[2026-02-23T11:42:19.766+0000] {manager.py:893} INFO - 
================================================================================
DAG File Processing Stats

File Path                 PID    Runtime      # DAGs    # Errors  Last Runtime    Last Run
------------------------  -----  ---------  --------  ----------  --------------  -------------------
/opt/airflow/dags/dag.py                           1           0  0.32s           2026-02-23T11:41:52
================================================================================
[2026-02-23T11:42:50.256+0000] {manager.py:893} INFO - 
================================================================================
DAG File Processing Stats

File Path                 PID    Runtime      # DAGs    # Errors  Last Runtime    Last Run
------------------------  -----  ---------  --------  ----------  --------------  -------------------
/opt/airflow/dags/dag.py                           1           0  0.31s           2026-02-23T11:42:23
================================================================================
[2026-02-23T11:43:20.727+0000] {manager.py:893} INFO - 
================================================================================
DAG File Processing Stats

File Path                 PID    Runtime      # DAGs    # Errors  Last Runtime    Last Run
------------------------  -----  ---------  --------  ----------  --------------  -------------------
/opt/airflow/dags/dag.py                           1           0  0.32s           2026-02-23T11:42:53
================================================================================
[2026-02-23T11:43:51.225+0000] {manager.py:893} INFO - 
================================================================================
DAG File Processing Stats

File Path                 PID    Runtime      # DAGs    # Errors  Last Runtime    Last Run
------------------------  -----  ---------  --------  ----------  --------------  -------------------
/opt/airflow/dags/dag.py                           1           0  0.31s           2026-02-23T11:43:24
================================================================================
[2026-02-23T11:44:20.009+0000] {manager.py:759} INFO - Searching for files in /opt/airflow/dags
[2026-02-23T11:44:20.021+0000] {manager.py:762} INFO - There are 1 files in /opt/airflow/dags
[2026-02-23T11:44:21.701+0000] {manager.py:893} INFO - 
================================================================================
DAG File Processing Stats

File Path                 PID    Runtime      # DAGs    # Errors  Last Runtime    Last Run
------------------------  -----  ---------  --------  ----------  --------------  -------------------
/opt/airflow/dags/dag.py                           1           0  0.33s           2026-02-23T11:43:54
================================================================================
[2026-02-23T11:44:52.223+0000] {manager.py:893} INFO - 
================================================================================
DAG File Processing Stats

File Path                 PID    Runtime      # DAGs    # Errors  Last Runtime    Last Run
------------------------  -----  ---------  --------  ----------  --------------  -------------------
/opt/airflow/dags/dag.py                           1           0  0.33s           2026-02-23T11:44:25
================================================================================
[2026-02-23T11:45:22.707+0000] {manager.py:893} INFO - 
================================================================================
DAG File Processing Stats

File Path                 PID    Runtime      # DAGs    # Errors  Last Runtime    Last Run
------------------------  -----  ---------  --------  ----------  --------------  -------------------
/opt/airflow/dags/dag.py                           1           0  0.33s           2026-02-23T11:44:55
================================================================================
[2026-02-23T11:45:53.196+0000] {manager.py:893} INFO - 
================================================================================
DAG File Processing Stats

File Path                 PID    Runtime      # DAGs    # Errors  Last Runtime    Last Run
------------------------  -----  ---------  --------  ----------  --------------  -------------------
/opt/airflow/dags/dag.py                           1           0  0.32s           2026-02-23T11:45:26
================================================================================
[2026-02-23T11:46:23.670+0000] {manager.py:893} INFO - 
================================================================================
DAG File Processing Stats

File Path                 PID    Runtime      # DAGs    # Errors  Last Runtime    Last Run
------------------------  -----  ---------  --------  ----------  --------------  -------------------
/opt/airflow/dags/dag.py                           1           0  0.32s           2026-02-23T11:45:56
================================================================================
[2026-02-23T11:46:54.156+0000] {manager.py:893} INFO - 
================================================================================
DAG File Processing Stats

File Path                 PID    Runtime      # DAGs    # Errors  Last Runtime    Last Run
------------------------  -----  ---------  --------  ----------  --------------  -------------------
/opt/airflow/dags/dag.py                           1           0  0.32s           2026-02-23T11:46:27
================================================================================
[2026-02-23T11:47:24.644+0000] {manager.py:893} INFO - 
================================================================================
DAG File Processing Stats

File Path                 PID    Runtime      # DAGs    # Errors  Last Runtime    Last Run
------------------------  -----  ---------  --------  ----------  --------------  -------------------
/opt/airflow/dags/dag.py                           1           0  0.33s           2026-02-23T11:46:57
================================================================================
[2026-02-23T11:47:55.136+0000] {manager.py:893} INFO - 
================================================================================
DAG File Processing Stats

File Path                 PID    Runtime      # DAGs    # Errors  Last Runtime    Last Run
------------------------  -----  ---------  --------  ----------  --------------  -------------------
/opt/airflow/dags/dag.py                           1           0  0.32s           2026-02-23T11:47:28
================================================================================
[2026-02-23T11:48:25.622+0000] {manager.py:893} INFO - 
================================================================================
DAG File Processing Stats

File Path                 PID    Runtime      # DAGs    # Errors  Last Runtime    Last Run
------------------------  -----  ---------  --------  ----------  --------------  -------------------
/opt/airflow/dags/dag.py                           1           0  0.31s           2026-02-23T11:47:58
================================================================================
[2026-02-23T11:48:56.085+0000] {manager.py:893} INFO - 
================================================================================
DAG File Processing Stats

File Path                 PID    Runtime      # DAGs    # Errors  Last Runtime    Last Run
------------------------  -----  ---------  --------  ----------  --------------  -------------------
/opt/airflow/dags/dag.py                           1           0  0.31s           2026-02-23T11:48:29
================================================================================
[2026-02-23T11:49:20.524+0000] {manager.py:759} INFO - Searching for files in /opt/airflow/dags
[2026-02-23T11:49:20.536+0000] {manager.py:762} INFO - There are 1 files in /opt/airflow/dags
[2026-02-23T11:49:26.573+0000] {manager.py:893} INFO - 
================================================================================
DAG File Processing Stats

File Path                 PID    Runtime      # DAGs    # Errors  Last Runtime    Last Run
------------------------  -----  ---------  --------  ----------  --------------  -------------------
/opt/airflow/dags/dag.py                           1           0  0.32s           2026-02-23T11:48:59
================================================================================
[2026-02-23T11:49:57.034+0000] {manager.py:893} INFO - 
================================================================================
DAG File Processing Stats

File Path                 PID    Runtime      # DAGs    # Errors  Last Runtime    Last Run
------------------------  -----  ---------  --------  ----------  --------------  -------------------
/opt/airflow/dags/dag.py                           1           0  0.32s           2026-02-23T11:49:30
================================================================================
[2026-02-23T11:50:27.524+0000] {manager.py:893} INFO - 
================================================================================
DAG File Processing Stats

File Path                 PID    Runtime      # DAGs    # Errors  Last Runtime    Last Run
------------------------  -----  ---------  --------  ----------  --------------  -------------------
/opt/airflow/dags/dag.py                           1           0  0.32s           2026-02-23T11:50:00
================================================================================
[2026-02-23T11:50:58.009+0000] {manager.py:893} INFO - 
================================================================================
DAG File Processing Stats

File Path                 PID    Runtime      # DAGs    # Errors  Last Runtime    Last Run
------------------------  -----  ---------  --------  ----------  --------------  -------------------
/opt/airflow/dags/dag.py                           1           0  0.32s           2026-02-23T11:50:31
================================================================================
[2026-02-23T11:51:28.490+0000] {manager.py:893} INFO - 
================================================================================
DAG File Processing Stats

File Path                 PID    Runtime      # DAGs    # Errors  Last Runtime    Last Run
------------------------  -----  ---------  --------  ----------  --------------  -------------------
/opt/airflow/dags/dag.py                           1           0  0.32s           2026-02-23T11:51:01
================================================================================
[2026-02-23T11:51:58.968+0000] {manager.py:893} INFO - 
================================================================================
DAG File Processing Stats

File Path                 PID    Runtime      # DAGs    # Errors  Last Runtime    Last Run
------------------------  -----  ---------  --------  ----------  --------------  -------------------
/opt/airflow/dags/dag.py                           1           0  0.31s           2026-02-23T11:51:32
================================================================================
[2026-02-23T11:52:29.431+0000] {manager.py:893} INFO - 
================================================================================
DAG File Processing Stats

File Path                 PID    Runtime      # DAGs    # Errors  Last Runtime    Last Run
------------------------  -----  ---------  --------  ----------  --------------  -------------------
/opt/airflow/dags/dag.py                           1           0  0.33s           2026-02-23T11:52:02
================================================================================
[2026-02-23T11:52:59.921+0000] {manager.py:893} INFO - 
================================================================================
DAG File Processing Stats

File Path                 PID    Runtime      # DAGs    # Errors  Last Runtime    Last Run
------------------------  -----  ---------  --------  ----------  --------------  -------------------
/opt/airflow/dags/dag.py                           1           0  0.34s           2026-02-23T11:52:33
================================================================================
[2026-02-23T11:53:30.433+0000] {manager.py:893} INFO - 
================================================================================
DAG File Processing Stats

File Path                 PID    Runtime      # DAGs    # Errors  Last Runtime    Last Run
------------------------  -----  ---------  --------  ----------  --------------  -------------------
/opt/airflow/dags/dag.py                           1           0  0.35s           2026-02-23T11:53:03
================================================================================
[2026-02-23T11:54:00.968+0000] {manager.py:893} INFO - 
================================================================================
DAG File Processing Stats

File Path                 PID    Runtime      # DAGs    # Errors  Last Runtime    Last Run
------------------------  -----  ---------  --------  ----------  --------------  -------------------
/opt/airflow/dags/dag.py                           1           0  0.41s           2026-02-23T11:53:34
================================================================================
[2026-02-23T11:54:20.790+0000] {manager.py:759} INFO - Searching for files in /opt/airflow/dags
[2026-02-23T11:54:20.805+0000] {manager.py:762} INFO - There are 1 files in /opt/airflow/dags
[2026-02-23T11:54:31.538+0000] {manager.py:893} INFO - 
================================================================================
DAG File Processing Stats

File Path                 PID    Runtime      # DAGs    # Errors  Last Runtime    Last Run
------------------------  -----  ---------  --------  ----------  --------------  -------------------
/opt/airflow/dags/dag.py                           1           0  0.32s           2026-02-23T11:54:04
================================================================================
[2026-02-23T11:55:02.050+0000] {manager.py:893} INFO - 
================================================================================
DAG File Processing Stats

File Path                 PID    Runtime      # DAGs    # Errors  Last Runtime    Last Run
------------------------  -----  ---------  --------  ----------  --------------  -------------------
/opt/airflow/dags/dag.py                           1           0  0.32s           2026-02-23T11:54:35
================================================================================
[2026-02-23T11:55:32.536+0000] {manager.py:893} INFO - 
================================================================================
DAG File Processing Stats

File Path                 PID    Runtime      # DAGs    # Errors  Last Runtime    Last Run
------------------------  -----  ---------  --------  ----------  --------------  -------------------
/opt/airflow/dags/dag.py                           1           0  0.37s           2026-02-23T11:55:05
================================================================================
[2026-02-23T11:56:03.080+0000] {manager.py:893} INFO - 
================================================================================
DAG File Processing Stats

File Path                 PID    Runtime      # DAGs    # Errors  Last Runtime    Last Run
------------------------  -----  ---------  --------  ----------  --------------  -------------------
/opt/airflow/dags/dag.py                           1           0  0.38s           2026-02-23T11:55:36
================================================================================
[2026-02-23T11:56:33.105+0000] {manager.py:893} INFO - 
================================================================================
DAG File Processing Stats

File Path                 PID    Runtime      # DAGs    # Errors  Last Runtime    Last Run
------------------------  -----  ---------  --------  ----------  --------------  -------------------
/opt/airflow/dags/dag.py                           1           0  0.47s           2026-02-23T11:56:06
================================================================================
[2026-02-23T11:57:03.296+0000] {manager.py:893} INFO - 
================================================================================
DAG File Processing Stats

File Path                 PID    Runtime      # DAGs    # Errors  Last Runtime    Last Run
------------------------  -----  ---------  --------  ----------  --------------  -------------------
/opt/airflow/dags/dag.py                           1           0  0.37s           2026-02-23T11:56:37
================================================================================
[2026-02-23T11:57:33.330+0000] {manager.py:893} INFO - 
================================================================================
DAG File Processing Stats

File Path                 PID    Runtime      # DAGs    # Errors  Last Runtime    Last Run
------------------------  -----  ---------  --------  ----------  --------------  -------------------
/opt/airflow/dags/dag.py                           1           0  0.83s           2026-02-23T11:57:24
================================================================================
[2026-02-23T11:58:03.496+0000] {manager.py:893} INFO - 
================================================================================
DAG File Processing Stats

File Path                 PID    Runtime      # DAGs    # Errors  Last Runtime    Last Run
------------------------  -----  ---------  --------  ----------  --------------  -------------------
/opt/airflow/dags/dag.py                           1           0  0.33s           2026-02-23T11:57:54
================================================================================
[2026-02-23T11:58:33.733+0000] {manager.py:893} INFO - 
================================================================================
DAG File Processing Stats

File Path                 PID    Runtime      # DAGs    # Errors  Last Runtime    Last Run
------------------------  -----  ---------  --------  ----------  --------------  -------------------
/opt/airflow/dags/dag.py                           1           0  0.38s           2026-02-23T11:58:25
================================================================================
[2026-02-23T11:59:04.214+0000] {manager.py:893} INFO - 
================================================================================
DAG File Processing Stats

File Path                 PID    Runtime      # DAGs    # Errors  Last Runtime    Last Run
------------------------  -----  ---------  --------  ----------  --------------  -------------------
/opt/airflow/dags/dag.py                           1           0  0.51s           2026-02-23T11:58:55
================================================================================
[2026-02-23T11:59:20.845+0000] {manager.py:759} INFO - Searching for files in /opt/airflow/dags
[2026-02-23T11:59:20.857+0000] {manager.py:762} INFO - There are 1 files in /opt/airflow/dags
[2026-02-23T11:59:34.281+0000] {manager.py:893} INFO - 
================================================================================
DAG File Processing Stats

File Path                 PID    Runtime      # DAGs    # Errors  Last Runtime    Last Run
------------------------  -----  ---------  --------  ----------  --------------  -------------------
/opt/airflow/dags/dag.py                           1           0  0.34s           2026-02-23T11:59:26
================================================================================
[2026-02-23T12:00:04.454+0000] {manager.py:893} INFO - 
================================================================================
DAG File Processing Stats

File Path                 PID    Runtime      # DAGs    # Errors  Last Runtime    Last Run
------------------------  -----  ---------  --------  ----------  --------------  -------------------
/opt/airflow/dags/dag.py                           1           0  0.31s           2026-02-23T11:59:56
================================================================================
[2026-02-23T12:00:34.932+0000] {manager.py:893} INFO - 
================================================================================
DAG File Processing Stats

File Path                 PID    Runtime      # DAGs    # Errors  Last Runtime    Last Run
------------------------  -----  ---------  --------  ----------  --------------  -------------------
/opt/airflow/dags/dag.py                           1           0  0.33s           2026-02-23T12:00:27
================================================================================
[2026-02-23T12:01:05.431+0000] {manager.py:893} INFO - 
================================================================================
DAG File Processing Stats

File Path                 PID    Runtime      # DAGs    # Errors  Last Runtime    Last Run
------------------------  -----  ---------  --------  ----------  --------------  -------------------
/opt/airflow/dags/dag.py                           1           0  0.32s           2026-02-23T12:00:57
================================================================================
[2026-02-23T12:01:35.919+0000] {manager.py:893} INFO - 
================================================================================
DAG File Processing Stats

File Path                 PID    Runtime      # DAGs    # Errors  Last Runtime    Last Run
------------------------  -----  ---------  --------  ----------  --------------  -------------------
/opt/airflow/dags/dag.py                           1           0  0.32s           2026-02-23T12:01:28
================================================================================
[2026-02-23T12:02:06.408+0000] {manager.py:893} INFO - 
================================================================================
DAG File Processing Stats

File Path                 PID    Runtime      # DAGs    # Errors  Last Runtime    Last Run
------------------------  -----  ---------  --------  ----------  --------------  -------------------
/opt/airflow/dags/dag.py                           1           0  0.34s           2026-02-23T12:01:58
================================================================================
[2026-02-23T12:02:36.907+0000] {manager.py:893} INFO - 
================================================================================
DAG File Processing Stats

File Path                 PID    Runtime      # DAGs    # Errors  Last Runtime    Last Run
------------------------  -----  ---------  --------  ----------  --------------  -------------------
/opt/airflow/dags/dag.py                           1           0  0.35s           2026-02-23T12:02:29
================================================================================
[2026-02-23T12:03:07.419+0000] {manager.py:893} INFO - 
================================================================================
DAG File Processing Stats

File Path                 PID    Runtime      # DAGs    # Errors  Last Runtime    Last Run
------------------------  -----  ---------  --------  ----------  --------------  -------------------
/opt/airflow/dags/dag.py                           1           0  0.32s           2026-02-23T12:02:59
================================================================================
[2026-02-23T12:03:37.897+0000] {manager.py:893} INFO - 
================================================================================
DAG File Processing Stats

File Path                 PID    Runtime      # DAGs    # Errors  Last Runtime    Last Run
------------------------  -----  ---------  --------  ----------  --------------  -------------------
/opt/airflow/dags/dag.py                           1           0  0.33s           2026-02-23T12:03:30
================================================================================
[2026-02-23T12:04:08.387+0000] {manager.py:893} INFO - 
================================================================================
DAG File Processing Stats

File Path                 PID    Runtime      # DAGs    # Errors  Last Runtime    Last Run
------------------------  -----  ---------  --------  ----------  --------------  -------------------
/opt/airflow/dags/dag.py                           1           0  0.33s           2026-02-23T12:04:00
================================================================================
[2026-02-23T12:04:21.460+0000] {manager.py:759} INFO - Searching for files in /opt/airflow/dags
[2026-02-23T12:04:21.471+0000] {manager.py:762} INFO - There are 1 files in /opt/airflow/dags
[2026-02-23T12:04:38.880+0000] {manager.py:893} INFO - 
================================================================================
DAG File Processing Stats

File Path                 PID    Runtime      # DAGs    # Errors  Last Runtime    Last Run
------------------------  -----  ---------  --------  ----------  --------------  -------------------
/opt/airflow/dags/dag.py                           1           0  0.32s           2026-02-23T12:04:31
================================================================================
[2026-02-23T12:05:09.361+0000] {manager.py:893} INFO - 
================================================================================
DAG File Processing Stats

File Path                 PID    Runtime      # DAGs    # Errors  Last Runtime    Last Run
------------------------  -----  ---------  --------  ----------  --------------  -------------------
/opt/airflow/dags/dag.py                           1           0  0.33s           2026-02-23T12:05:01
================================================================================
[2026-02-23T12:05:39.844+0000] {manager.py:893} INFO - 
================================================================================
DAG File Processing Stats

File Path                 PID    Runtime      # DAGs    # Errors  Last Runtime    Last Run
------------------------  -----  ---------  --------  ----------  --------------  -------------------
/opt/airflow/dags/dag.py                           1           0  0.32s           2026-02-23T12:05:32
================================================================================
[2026-02-23T12:06:10.332+0000] {manager.py:893} INFO - 
================================================================================
DAG File Processing Stats

File Path                 PID    Runtime      # DAGs    # Errors  Last Runtime    Last Run
------------------------  -----  ---------  --------  ----------  --------------  -------------------
/opt/airflow/dags/dag.py                           1           0  0.38s           2026-02-23T12:06:02
================================================================================
[2026-02-23T12:06:40.867+0000] {manager.py:893} INFO - 
================================================================================
DAG File Processing Stats

File Path                 PID    Runtime      # DAGs    # Errors  Last Runtime    Last Run
------------------------  -----  ---------  --------  ----------  --------------  -------------------
/opt/airflow/dags/dag.py                           1           0  0.32s           2026-02-23T12:06:33
================================================================================
[2026-02-23T12:07:11.346+0000] {manager.py:893} INFO - 
================================================================================
DAG File Processing Stats

File Path                 PID    Runtime      # DAGs    # Errors  Last Runtime    Last Run
------------------------  -----  ---------  --------  ----------  --------------  -------------------
/opt/airflow/dags/dag.py                           1           0  0.33s           2026-02-23T12:07:03
================================================================================
[2026-02-23T12:07:41.839+0000] {manager.py:893} INFO - 
================================================================================
DAG File Processing Stats

File Path                 PID    Runtime      # DAGs    # Errors  Last Runtime    Last Run
------------------------  -----  ---------  --------  ----------  --------------  -------------------
/opt/airflow/dags/dag.py                           1           0  0.32s           2026-02-23T12:07:34
================================================================================
[2026-02-23T12:08:12.320+0000] {manager.py:893} INFO - 
================================================================================
DAG File Processing Stats

File Path                 PID    Runtime      # DAGs    # Errors  Last Runtime    Last Run
------------------------  -----  ---------  --------  ----------  --------------  -------------------
/opt/airflow/dags/dag.py                           1           0  0.32s           2026-02-23T12:08:04
================================================================================
[2026-02-23T12:08:42.805+0000] {manager.py:893} INFO - 
================================================================================
DAG File Processing Stats

File Path                 PID    Runtime      # DAGs    # Errors  Last Runtime    Last Run
------------------------  -----  ---------  --------  ----------  --------------  -------------------
/opt/airflow/dags/dag.py                           1           0  0.32s           2026-02-23T12:08:35
================================================================================
[2026-02-23T12:09:13.282+0000] {manager.py:893} INFO - 
================================================================================
DAG File Processing Stats

File Path                 PID    Runtime      # DAGs    # Errors  Last Runtime    Last Run
------------------------  -----  ---------  --------  ----------  --------------  -------------------
/opt/airflow/dags/dag.py                           1           0  0.32s           2026-02-23T12:09:05
================================================================================
[2026-02-23T12:09:21.635+0000] {manager.py:759} INFO - Searching for files in /opt/airflow/dags
[2026-02-23T12:09:21.647+0000] {manager.py:762} INFO - There are 1 files in /opt/airflow/dags
[2026-02-23T12:09:43.778+0000] {manager.py:893} INFO - 
================================================================================
DAG File Processing Stats

File Path                 PID    Runtime      # DAGs    # Errors  Last Runtime    Last Run
------------------------  -----  ---------  --------  ----------  --------------  -------------------
/opt/airflow/dags/dag.py                           1           0  0.31s           2026-02-23T12:09:36
================================================================================
[2026-02-23T12:10:14.253+0000] {manager.py:893} INFO - 
================================================================================
DAG File Processing Stats

File Path                 PID    Runtime      # DAGs    # Errors  Last Runtime    Last Run
------------------------  -----  ---------  --------  ----------  --------------  -------------------
/opt/airflow/dags/dag.py                           1           0  0.31s           2026-02-23T12:10:06
================================================================================
[2026-02-23T12:10:44.724+0000] {manager.py:893} INFO - 
================================================================================
DAG File Processing Stats

File Path                 PID    Runtime      # DAGs    # Errors  Last Runtime    Last Run
------------------------  -----  ---------  --------  ----------  --------------  -------------------
/opt/airflow/dags/dag.py                           1           0  0.31s           2026-02-23T12:10:36
================================================================================
[2026-02-23T12:11:15.198+0000] {manager.py:893} INFO - 
================================================================================
DAG File Processing Stats

File Path                 PID    Runtime      # DAGs    # Errors  Last Runtime    Last Run
------------------------  -----  ---------  --------  ----------  --------------  -------------------
/opt/airflow/dags/dag.py                           1           0  0.32s           2026-02-23T12:11:07
================================================================================
[2026-02-23T12:11:45.688+0000] {manager.py:893} INFO - 
================================================================================
DAG File Processing Stats

File Path                 PID    Runtime      # DAGs    # Errors  Last Runtime    Last Run
------------------------  -----  ---------  --------  ----------  --------------  -------------------
/opt/airflow/dags/dag.py                           1           0  0.31s           2026-02-23T12:11:37
================================================================================
[2026-02-23T12:12:16.162+0000] {manager.py:893} INFO - 
================================================================================
DAG File Processing Stats

File Path                 PID    Runtime      # DAGs    # Errors  Last Runtime    Last Run
------------------------  -----  ---------  --------  ----------  --------------  -------------------
/opt/airflow/dags/dag.py                           1           0  0.32s           2026-02-23T12:12:08
================================================================================
[2026-02-23T12:12:46.644+0000] {manager.py:893} INFO - 
================================================================================
DAG File Processing Stats

File Path                 PID    Runtime      # DAGs    # Errors  Last Runtime    Last Run
------------------------  -----  ---------  --------  ----------  --------------  -------------------
/opt/airflow/dags/dag.py                           1           0  0.31s           2026-02-23T12:12:38
================================================================================
[2026-02-23T12:13:17.124+0000] {manager.py:893} INFO - 
================================================================================
DAG File Processing Stats

File Path                 PID    Runtime      # DAGs    # Errors  Last Runtime    Last Run
------------------------  -----  ---------  --------  ----------  --------------  -------------------
/opt/airflow/dags/dag.py                           1           0  0.33s           2026-02-23T12:13:09
================================================================================
[2026-02-23T12:13:47.616+0000] {manager.py:893} INFO - 
================================================================================
DAG File Processing Stats

File Path                 PID    Runtime      # DAGs    # Errors  Last Runtime    Last Run
------------------------  -----  ---------  --------  ----------  --------------  -------------------
/opt/airflow/dags/dag.py                           1           0  0.32s           2026-02-23T12:13:39
================================================================================
[2026-02-23T12:14:18.099+0000] {manager.py:893} INFO - 
================================================================================
DAG File Processing Stats

File Path                 PID    Runtime      # DAGs    # Errors  Last Runtime    Last Run
------------------------  -----  ---------  --------  ----------  --------------  -------------------
/opt/airflow/dags/dag.py                           1           0  0.32s           2026-02-23T12:14:10
================================================================================
[2026-02-23T12:14:22.121+0000] {manager.py:759} INFO - Searching for files in /opt/airflow/dags
[2026-02-23T12:14:22.132+0000] {manager.py:762} INFO - There are 1 files in /opt/airflow/dags
[2026-02-23T12:14:48.591+0000] {manager.py:893} INFO - 
================================================================================
DAG File Processing Stats

File Path                 PID    Runtime      # DAGs    # Errors  Last Runtime    Last Run
------------------------  -----  ---------  --------  ----------  --------------  -------------------
/opt/airflow/dags/dag.py                           1           0  0.31s           2026-02-23T12:14:40
================================================================================
[2026-02-23T12:15:19.073+0000] {manager.py:893} INFO - 
================================================================================
DAG File Processing Stats

File Path                 PID    Runtime      # DAGs    # Errors  Last Runtime    Last Run
------------------------  -----  ---------  --------  ----------  --------------  -------------------
/opt/airflow/dags/dag.py                           1           0  0.33s           2026-02-23T12:15:11
================================================================================
[2026-02-23T12:15:49.569+0000] {manager.py:893} INFO - 
================================================================================
DAG File Processing Stats

File Path                 PID    Runtime      # DAGs    # Errors  Last Runtime    Last Run
------------------------  -----  ---------  --------  ----------  --------------  -------------------
/opt/airflow/dags/dag.py                           1           0  0.33s           2026-02-23T12:15:41
================================================================================
[2026-02-23T12:16:20.065+0000] {manager.py:893} INFO - 
================================================================================
DAG File Processing Stats

File Path                 PID    Runtime      # DAGs    # Errors  Last Runtime    Last Run
------------------------  -----  ---------  --------  ----------  --------------  -------------------
/opt/airflow/dags/dag.py                           1           0  0.32s           2026-02-23T12:16:12
================================================================================
[2026-02-23T12:16:50.553+0000] {manager.py:893} INFO - 
================================================================================
DAG File Processing Stats

File Path                 PID    Runtime      # DAGs    # Errors  Last Runtime    Last Run
------------------------  -----  ---------  --------  ----------  --------------  -------------------
/opt/airflow/dags/dag.py                           1           0  0.31s           2026-02-23T12:16:42
================================================================================
[2026-02-23T12:17:21.031+0000] {manager.py:893} INFO - 
================================================================================
DAG File Processing Stats

File Path                 PID    Runtime      # DAGs    # Errors  Last Runtime    Last Run
------------------------  -----  ---------  --------  ----------  --------------  -------------------
/opt/airflow/dags/dag.py                           1           0  0.32s           2026-02-23T12:17:13
================================================================================
[2026-02-23T12:17:51.517+0000] {manager.py:893} INFO - 
================================================================================
DAG File Processing Stats

File Path                 PID    Runtime      # DAGs    # Errors  Last Runtime    Last Run
------------------------  -----  ---------  --------  ----------  --------------  -------------------
/opt/airflow/dags/dag.py                           1           0  0.31s           2026-02-23T12:17:43
================================================================================
[2026-02-23T12:18:21.996+0000] {manager.py:893} INFO - 
================================================================================
DAG File Processing Stats

File Path                 PID    Runtime      # DAGs    # Errors  Last Runtime    Last Run
------------------------  -----  ---------  --------  ----------  --------------  -------------------
/opt/airflow/dags/dag.py                           1           0  0.32s           2026-02-23T12:18:14
================================================================================
[2026-02-23T12:18:52.477+0000] {manager.py:893} INFO - 
================================================================================
DAG File Processing Stats

File Path                 PID    Runtime      # DAGs    # Errors  Last Runtime    Last Run
------------------------  -----  ---------  --------  ----------  --------------  -------------------
/opt/airflow/dags/dag.py                           1           0  0.32s           2026-02-23T12:18:44
================================================================================
[2026-02-23T12:19:22.272+0000] {manager.py:759} INFO - Searching for files in /opt/airflow/dags
[2026-02-23T12:19:22.285+0000] {manager.py:762} INFO - There are 1 files in /opt/airflow/dags
[2026-02-23T12:19:22.970+0000] {manager.py:893} INFO - 
================================================================================
DAG File Processing Stats

File Path                 PID    Runtime      # DAGs    # Errors  Last Runtime    Last Run
------------------------  -----  ---------  --------  ----------  --------------  -------------------
/opt/airflow/dags/dag.py                           1           0  0.31s           2026-02-23T12:19:15
================================================================================
[2026-02-23T12:19:53.470+0000] {manager.py:893} INFO - 
================================================================================
DAG File Processing Stats

File Path                 PID    Runtime      # DAGs    # Errors  Last Runtime    Last Run
------------------------  -----  ---------  --------  ----------  --------------  -------------------
/opt/airflow/dags/dag.py                           1           0  0.32s           2026-02-23T12:19:45
================================================================================
[2026-02-23T12:20:23.956+0000] {manager.py:893} INFO - 
================================================================================
DAG File Processing Stats

File Path                 PID    Runtime      # DAGs    # Errors  Last Runtime    Last Run
------------------------  -----  ---------  --------  ----------  --------------  -------------------
/opt/airflow/dags/dag.py                           1           0  0.32s           2026-02-23T12:20:16
================================================================================
[2026-02-23T12:20:54.439+0000] {manager.py:893} INFO - 
================================================================================
DAG File Processing Stats

File Path                 PID    Runtime      # DAGs    # Errors  Last Runtime    Last Run
------------------------  -----  ---------  --------  ----------  --------------  -------------------
/opt/airflow/dags/dag.py                           1           0  0.31s           2026-02-23T12:20:46
================================================================================
[2026-02-23T12:21:24.907+0000] {manager.py:893} INFO - 
================================================================================
DAG File Processing Stats

File Path                 PID    Runtime      # DAGs    # Errors  Last Runtime    Last Run
------------------------  -----  ---------  --------  ----------  --------------  -------------------
/opt/airflow/dags/dag.py                           1           0  0.34s           2026-02-23T12:21:17
================================================================================
[2026-02-23T12:21:55.420+0000] {manager.py:893} INFO - 
================================================================================
DAG File Processing Stats

File Path                 PID    Runtime      # DAGs    # Errors  Last Runtime    Last Run
------------------------  -----  ---------  --------  ----------  --------------  -------------------
/opt/airflow/dags/dag.py                           1           0  0.32s           2026-02-23T12:21:47
================================================================================
[2026-02-23T12:22:25.900+0000] {manager.py:893} INFO - 
================================================================================
DAG File Processing Stats

File Path                 PID    Runtime      # DAGs    # Errors  Last Runtime    Last Run
------------------------  -----  ---------  --------  ----------  --------------  -------------------
/opt/airflow/dags/dag.py                           1           0  0.31s           2026-02-23T12:22:18
================================================================================
[2026-02-23T12:22:56.391+0000] {manager.py:893} INFO - 
================================================================================
DAG File Processing Stats

File Path                 PID    Runtime      # DAGs    # Errors  Last Runtime    Last Run
------------------------  -----  ---------  --------  ----------  --------------  -------------------
/opt/airflow/dags/dag.py                           1           0  0.32s           2026-02-23T12:22:48
================================================================================
[2026-02-23T12:23:26.873+0000] {manager.py:893} INFO - 
================================================================================
DAG File Processing Stats

File Path                 PID    Runtime      # DAGs    # Errors  Last Runtime    Last Run
------------------------  -----  ---------  --------  ----------  --------------  -------------------
/opt/airflow/dags/dag.py                           1           0  0.32s           2026-02-23T12:23:19
================================================================================
[2026-02-23T12:23:57.353+0000] {manager.py:893} INFO - 
================================================================================
DAG File Processing Stats

File Path                 PID    Runtime      # DAGs    # Errors  Last Runtime    Last Run
------------------------  -----  ---------  --------  ----------  --------------  -------------------
/opt/airflow/dags/dag.py                           1           0  0.34s           2026-02-23T12:23:49
================================================================================
[2026-02-23T12:24:22.821+0000] {manager.py:759} INFO - Searching for files in /opt/airflow/dags
[2026-02-23T12:24:22.833+0000] {manager.py:762} INFO - There are 1 files in /opt/airflow/dags
[2026-02-23T12:24:27.868+0000] {manager.py:893} INFO - 
================================================================================
DAG File Processing Stats

File Path                 PID    Runtime      # DAGs    # Errors  Last Runtime    Last Run
------------------------  -----  ---------  --------  ----------  --------------  -------------------
/opt/airflow/dags/dag.py                           1           0  0.32s           2026-02-23T12:24:20
================================================================================
[2026-02-23T12:24:58.337+0000] {manager.py:893} INFO - 
================================================================================
DAG File Processing Stats

File Path                 PID    Runtime      # DAGs    # Errors  Last Runtime    Last Run
------------------------  -----  ---------  --------  ----------  --------------  -------------------
/opt/airflow/dags/dag.py                           1           0  0.31s           2026-02-23T12:24:50
================================================================================
[2026-02-23T12:25:28.811+0000] {manager.py:893} INFO - 
================================================================================
DAG File Processing Stats

File Path                 PID    Runtime      # DAGs    # Errors  Last Runtime    Last Run
------------------------  -----  ---------  --------  ----------  --------------  -------------------
/opt/airflow/dags/dag.py                           1           0  0.32s           2026-02-23T12:25:21
================================================================================
[2026-02-23T12:25:59.303+0000] {manager.py:893} INFO - 
================================================================================
DAG File Processing Stats

File Path                 PID    Runtime      # DAGs    # Errors  Last Runtime    Last Run
------------------------  -----  ---------  --------  ----------  --------------  -------------------
/opt/airflow/dags/dag.py                           1           0  0.32s           2026-02-23T12:25:51
================================================================================
[2026-02-23T12:26:29.779+0000] {manager.py:893} INFO - 
================================================================================
DAG File Processing Stats

File Path                 PID    Runtime      # DAGs    # Errors  Last Runtime    Last Run
------------------------  -----  ---------  --------  ----------  --------------  -------------------
/opt/airflow/dags/dag.py                           1           0  0.32s           2026-02-23T12:26:22
================================================================================
[2026-02-23T12:27:00.268+0000] {manager.py:893} INFO - 
================================================================================
DAG File Processing Stats

File Path                 PID    Runtime      # DAGs    # Errors  Last Runtime    Last Run
------------------------  -----  ---------  --------  ----------  --------------  -------------------
/opt/airflow/dags/dag.py                           1           0  0.31s           2026-02-23T12:26:52
================================================================================
[2026-02-23T12:27:30.747+0000] {manager.py:893} INFO - 
================================================================================
DAG File Processing Stats

File Path                 PID    Runtime      # DAGs    # Errors  Last Runtime    Last Run
------------------------  -----  ---------  --------  ----------  --------------  -------------------
/opt/airflow/dags/dag.py                           1           0  0.31s           2026-02-23T12:27:23
================================================================================
[2026-02-23T12:28:01.217+0000] {manager.py:893} INFO - 
================================================================================
DAG File Processing Stats

File Path                 PID    Runtime      # DAGs    # Errors  Last Runtime    Last Run
------------------------  -----  ---------  --------  ----------  --------------  -------------------
/opt/airflow/dags/dag.py                           1           0  0.31s           2026-02-23T12:27:53
================================================================================
[2026-02-23T12:28:31.686+0000] {manager.py:893} INFO - 
================================================================================
DAG File Processing Stats

File Path                 PID    Runtime      # DAGs    # Errors  Last Runtime    Last Run
------------------------  -----  ---------  --------  ----------  --------------  -------------------
/opt/airflow/dags/dag.py                           1           0  0.32s           2026-02-23T12:28:23
================================================================================
[2026-02-23T12:29:02.177+0000] {manager.py:893} INFO - 
================================================================================
DAG File Processing Stats

File Path                 PID    Runtime      # DAGs    # Errors  Last Runtime    Last Run
------------------------  -----  ---------  --------  ----------  --------------  -------------------
/opt/airflow/dags/dag.py                           1           0  0.31s           2026-02-23T12:28:54
================================================================================
[2026-02-23T12:29:23.298+0000] {manager.py:759} INFO - Searching for files in /opt/airflow/dags
[2026-02-23T12:29:23.308+0000] {manager.py:762} INFO - There are 1 files in /opt/airflow/dags
[2026-02-23T12:29:32.659+0000] {manager.py:893} INFO - 
================================================================================
DAG File Processing Stats

File Path                 PID    Runtime      # DAGs    # Errors  Last Runtime    Last Run
------------------------  -----  ---------  --------  ----------  --------------  -------------------
/opt/airflow/dags/dag.py                           1           0  0.32s           2026-02-23T12:29:24
================================================================================
[2026-02-23T12:30:03.133+0000] {manager.py:893} INFO - 
================================================================================
DAG File Processing Stats

File Path                 PID    Runtime      # DAGs    # Errors  Last Runtime    Last Run
------------------------  -----  ---------  --------  ----------  --------------  -------------------
/opt/airflow/dags/dag.py                           1           0  0.32s           2026-02-23T12:29:55
================================================================================
[2026-02-23T12:30:33.620+0000] {manager.py:893} INFO - 
================================================================================
DAG File Processing Stats

File Path                 PID    Runtime      # DAGs    # Errors  Last Runtime    Last Run
------------------------  -----  ---------  --------  ----------  --------------  -------------------
/opt/airflow/dags/dag.py                           1           0  0.32s           2026-02-23T12:30:25
================================================================================
[2026-02-23T12:31:04.102+0000] {manager.py:893} INFO - 
================================================================================
DAG File Processing Stats

File Path                 PID    Runtime      # DAGs    # Errors  Last Runtime    Last Run
------------------------  -----  ---------  --------  ----------  --------------  -------------------
/opt/airflow/dags/dag.py                           1           0  0.31s           2026-02-23T12:30:56
================================================================================
[2026-02-23T12:31:34.587+0000] {manager.py:893} INFO - 
================================================================================
DAG File Processing Stats

File Path                 PID    Runtime      # DAGs    # Errors  Last Runtime    Last Run
------------------------  -----  ---------  --------  ----------  --------------  -------------------
/opt/airflow/dags/dag.py                           1           0  0.31s           2026-02-23T12:31:26
================================================================================
[2026-02-23T12:32:05.064+0000] {manager.py:893} INFO - 
================================================================================
DAG File Processing Stats

File Path                 PID    Runtime      # DAGs    # Errors  Last Runtime    Last Run
------------------------  -----  ---------  --------  ----------  --------------  -------------------
/opt/airflow/dags/dag.py                           1           0  0.31s           2026-02-23T12:31:57
================================================================================
[2026-02-23T12:32:35.547+0000] {manager.py:893} INFO - 
================================================================================
DAG File Processing Stats

File Path                 PID    Runtime      # DAGs    # Errors  Last Runtime    Last Run
------------------------  -----  ---------  --------  ----------  --------------  -------------------
/opt/airflow/dags/dag.py                           1           0  0.32s           2026-02-23T12:32:27
================================================================================
[2026-02-23T12:33:06.033+0000] {manager.py:893} INFO - 
================================================================================
DAG File Processing Stats

File Path                 PID    Runtime      # DAGs    # Errors  Last Runtime    Last Run
------------------------  -----  ---------  --------  ----------  --------------  -------------------
/opt/airflow/dags/dag.py                           1           0  0.32s           2026-02-23T12:32:58
================================================================================
[2026-02-23T12:33:36.518+0000] {manager.py:893} INFO - 
================================================================================
DAG File Processing Stats

File Path                 PID    Runtime      # DAGs    # Errors  Last Runtime    Last Run
------------------------  -----  ---------  --------  ----------  --------------  -------------------
/opt/airflow/dags/dag.py                           1           0  0.32s           2026-02-23T12:33:28
================================================================================
[2026-02-23T12:34:07.005+0000] {manager.py:893} INFO - 
================================================================================
DAG File Processing Stats

File Path                 PID    Runtime      # DAGs    # Errors  Last Runtime    Last Run
------------------------  -----  ---------  --------  ----------  --------------  -------------------
/opt/airflow/dags/dag.py                           1           0  0.32s           2026-02-23T12:33:59
================================================================================
[2026-02-23T12:34:23.406+0000] {manager.py:759} INFO - Searching for files in /opt/airflow/dags
[2026-02-23T12:34:23.417+0000] {manager.py:762} INFO - There are 1 files in /opt/airflow/dags
[2026-02-23T12:34:37.512+0000] {manager.py:893} INFO - 
================================================================================
DAG File Processing Stats

File Path                 PID    Runtime      # DAGs    # Errors  Last Runtime    Last Run
------------------------  -----  ---------  --------  ----------  --------------  -------------------
/opt/airflow/dags/dag.py                           1           0  0.38s           2026-02-23T12:34:29
================================================================================
[2026-02-23T12:35:08.058+0000] {manager.py:893} INFO - 
================================================================================
DAG File Processing Stats

File Path                 PID    Runtime      # DAGs    # Errors  Last Runtime    Last Run
------------------------  -----  ---------  --------  ----------  --------------  -------------------
/opt/airflow/dags/dag.py                           1           0  0.35s           2026-02-23T12:35:00
================================================================================
[2026-02-23T12:35:38.576+0000] {manager.py:893} INFO - 
================================================================================
DAG File Processing Stats

File Path                 PID    Runtime      # DAGs    # Errors  Last Runtime    Last Run
------------------------  -----  ---------  --------  ----------  --------------  -------------------
/opt/airflow/dags/dag.py                           1           0  0.32s           2026-02-23T12:35:30
================================================================================
[2026-02-23T12:36:09.064+0000] {manager.py:893} INFO - 
================================================================================
DAG File Processing Stats

File Path                 PID    Runtime      # DAGs    # Errors  Last Runtime    Last Run
------------------------  -----  ---------  --------  ----------  --------------  -------------------
/opt/airflow/dags/dag.py                           1           0  0.33s           2026-02-23T12:36:01
================================================================================
[2026-02-23T12:36:39.553+0000] {manager.py:893} INFO - 
================================================================================
DAG File Processing Stats

File Path                 PID    Runtime      # DAGs    # Errors  Last Runtime    Last Run
------------------------  -----  ---------  --------  ----------  --------------  -------------------
/opt/airflow/dags/dag.py                           1           0  0.32s           2026-02-23T12:36:31
================================================================================
[2026-02-23T12:37:10.043+0000] {manager.py:893} INFO - 
================================================================================
DAG File Processing Stats

File Path                 PID    Runtime      # DAGs    # Errors  Last Runtime    Last Run
------------------------  -----  ---------  --------  ----------  --------------  -------------------
/opt/airflow/dags/dag.py                           1           0  0.32s           2026-02-23T12:37:02
================================================================================
[2026-02-23T12:37:40.525+0000] {manager.py:893} INFO - 
================================================================================
DAG File Processing Stats

File Path                 PID    Runtime      # DAGs    # Errors  Last Runtime    Last Run
------------------------  -----  ---------  --------  ----------  --------------  -------------------
/opt/airflow/dags/dag.py                           1           0  0.31s           2026-02-23T12:37:32
================================================================================
[2026-02-23T12:38:11.005+0000] {manager.py:893} INFO - 
================================================================================
DAG File Processing Stats

File Path                 PID    Runtime      # DAGs    # Errors  Last Runtime    Last Run
------------------------  -----  ---------  --------  ----------  --------------  -------------------
/opt/airflow/dags/dag.py                           1           0  0.32s           2026-02-23T12:38:03
================================================================================
[2026-02-23T12:38:41.478+0000] {manager.py:893} INFO - 
================================================================================
DAG File Processing Stats

File Path                 PID    Runtime      # DAGs    # Errors  Last Runtime    Last Run
------------------------  -----  ---------  --------  ----------  --------------  -------------------
/opt/airflow/dags/dag.py                           1           0  0.32s           2026-02-23T12:38:33
================================================================================
[2026-02-23T12:39:11.961+0000] {manager.py:893} INFO - 
================================================================================
DAG File Processing Stats

File Path                 PID    Runtime      # DAGs    # Errors  Last Runtime    Last Run
------------------------  -----  ---------  --------  ----------  --------------  -------------------
/opt/airflow/dags/dag.py                           1           0  0.32s           2026-02-23T12:39:04
================================================================================
[2026-02-23T12:39:24.035+0000] {manager.py:759} INFO - Searching for files in /opt/airflow/dags
[2026-02-23T12:39:24.047+0000] {manager.py:762} INFO - There are 1 files in /opt/airflow/dags
[2026-02-23T12:39:42.440+0000] {manager.py:893} INFO - 
================================================================================
DAG File Processing Stats

File Path                 PID    Runtime      # DAGs    # Errors  Last Runtime    Last Run
------------------------  -----  ---------  --------  ----------  --------------  -------------------
/opt/airflow/dags/dag.py                           1           0  0.32s           2026-02-23T12:39:34
================================================================================
[2026-02-23T12:40:12.919+0000] {manager.py:893} INFO - 
================================================================================
DAG File Processing Stats

File Path                 PID    Runtime      # DAGs    # Errors  Last Runtime    Last Run
------------------------  -----  ---------  --------  ----------  --------------  -------------------
/opt/airflow/dags/dag.py                           1           0  0.31s           2026-02-23T12:40:05
================================================================================
[2026-02-23T12:40:43.393+0000] {manager.py:893} INFO - 
================================================================================
DAG File Processing Stats

File Path                 PID    Runtime      # DAGs    # Errors  Last Runtime    Last Run
------------------------  -----  ---------  --------  ----------  --------------  -------------------
/opt/airflow/dags/dag.py                           1           0  0.32s           2026-02-23T12:40:35
================================================================================
[2026-02-23T12:41:13.875+0000] {manager.py:893} INFO - 
================================================================================
DAG File Processing Stats

File Path                 PID    Runtime      # DAGs    # Errors  Last Runtime    Last Run
------------------------  -----  ---------  --------  ----------  --------------  -------------------
/opt/airflow/dags/dag.py                           1           0  0.36s           2026-02-23T12:41:06
================================================================================
[2026-02-23T12:41:44.396+0000] {manager.py:893} INFO - 
================================================================================
DAG File Processing Stats

File Path                 PID    Runtime      # DAGs    # Errors  Last Runtime    Last Run
------------------------  -----  ---------  --------  ----------  --------------  -------------------
/opt/airflow/dags/dag.py                           1           0  0.34s           2026-02-23T12:41:36
================================================================================
[2026-02-23T12:42:14.906+0000] {manager.py:893} INFO - 
================================================================================
DAG File Processing Stats

File Path                 PID    Runtime      # DAGs    # Errors  Last Runtime    Last Run
------------------------  -----  ---------  --------  ----------  --------------  -------------------
/opt/airflow/dags/dag.py                           1           0  0.33s           2026-02-23T12:42:07
================================================================================
[2026-02-23T12:42:45.400+0000] {manager.py:893} INFO - 
================================================================================
DAG File Processing Stats

File Path                 PID    Runtime      # DAGs    # Errors  Last Runtime    Last Run
------------------------  -----  ---------  --------  ----------  --------------  -------------------
/opt/airflow/dags/dag.py                           1           0  0.31s           2026-02-23T12:42:37
================================================================================
[2026-02-23T12:43:15.873+0000] {manager.py:893} INFO - 
================================================================================
DAG File Processing Stats

File Path                 PID    Runtime      # DAGs    # Errors  Last Runtime    Last Run
------------------------  -----  ---------  --------  ----------  --------------  -------------------
/opt/airflow/dags/dag.py                           1           0  0.32s           2026-02-23T12:43:08
================================================================================
[2026-02-23T12:43:46.350+0000] {manager.py:893} INFO - 
================================================================================
DAG File Processing Stats

File Path                 PID    Runtime      # DAGs    # Errors  Last Runtime    Last Run
------------------------  -----  ---------  --------  ----------  --------------  -------------------
/opt/airflow/dags/dag.py                           1           0  0.31s           2026-02-23T12:43:38
================================================================================
[2026-02-23T12:44:16.821+0000] {manager.py:893} INFO - 
================================================================================
DAG File Processing Stats

File Path                 PID    Runtime      # DAGs    # Errors  Last Runtime    Last Run
------------------------  -----  ---------  --------  ----------  --------------  -------------------
/opt/airflow/dags/dag.py                           1           0  0.32s           2026-02-23T12:44:09
================================================================================
[2026-02-23T12:44:24.168+0000] {manager.py:759} INFO - Searching for files in /opt/airflow/dags
[2026-02-23T12:44:24.182+0000] {manager.py:762} INFO - There are 1 files in /opt/airflow/dags
[2026-02-23T12:44:47.325+0000] {manager.py:893} INFO - 
================================================================================
DAG File Processing Stats

File Path                 PID    Runtime      # DAGs    # Errors  Last Runtime    Last Run
------------------------  -----  ---------  --------  ----------  --------------  -------------------
/opt/airflow/dags/dag.py                           1           0  0.32s           2026-02-23T12:44:39
================================================================================
[2026-02-23T12:45:17.799+0000] {manager.py:893} INFO - 
================================================================================
DAG File Processing Stats

File Path                 PID    Runtime      # DAGs    # Errors  Last Runtime    Last Run
------------------------  -----  ---------  --------  ----------  --------------  -------------------
/opt/airflow/dags/dag.py                           1           0  0.31s           2026-02-23T12:45:10
================================================================================
[2026-02-23T12:45:48.274+0000] {manager.py:893} INFO - 
================================================================================
DAG File Processing Stats

File Path                 PID    Runtime      # DAGs    # Errors  Last Runtime    Last Run
------------------------  -----  ---------  --------  ----------  --------------  -------------------
/opt/airflow/dags/dag.py                           1           0  0.32s           2026-02-23T12:45:40
================================================================================
[2026-02-23T12:46:18.748+0000] {manager.py:893} INFO - 
================================================================================
DAG File Processing Stats

File Path                 PID    Runtime      # DAGs    # Errors  Last Runtime    Last Run
------------------------  -----  ---------  --------  ----------  --------------  -------------------
/opt/airflow/dags/dag.py                           1           0  0.33s           2026-02-23T12:46:11
================================================================================
[2026-02-23T12:46:49.242+0000] {manager.py:893} INFO - 
================================================================================
DAG File Processing Stats

File Path                 PID    Runtime      # DAGs    # Errors  Last Runtime    Last Run
------------------------  -----  ---------  --------  ----------  --------------  -------------------
/opt/airflow/dags/dag.py                           1           0  0.31s           2026-02-23T12:46:41
================================================================================
[2026-02-23T12:47:19.722+0000] {manager.py:893} INFO - 
================================================================================
DAG File Processing Stats

File Path                 PID    Runtime      # DAGs    # Errors  Last Runtime    Last Run
------------------------  -----  ---------  --------  ----------  --------------  -------------------
/opt/airflow/dags/dag.py                           1           0  0.32s           2026-02-23T12:47:11
================================================================================
[2026-02-23T12:47:50.219+0000] {manager.py:893} INFO - 
================================================================================
DAG File Processing Stats

File Path                 PID    Runtime      # DAGs    # Errors  Last Runtime    Last Run
------------------------  -----  ---------  --------  ----------  --------------  -------------------
/opt/airflow/dags/dag.py                           1           0  0.31s           2026-02-23T12:47:42
================================================================================
[2026-02-23T12:48:20.697+0000] {manager.py:893} INFO - 
================================================================================
DAG File Processing Stats

File Path                 PID    Runtime      # DAGs    # Errors  Last Runtime    Last Run
------------------------  -----  ---------  --------  ----------  --------------  -------------------
/opt/airflow/dags/dag.py                           1           0  0.32s           2026-02-23T12:48:12
================================================================================
[2026-02-23T12:48:51.185+0000] {manager.py:893} INFO - 
================================================================================
DAG File Processing Stats

File Path                 PID    Runtime      # DAGs    # Errors  Last Runtime    Last Run
------------------------  -----  ---------  --------  ----------  --------------  -------------------
/opt/airflow/dags/dag.py                           1           0  0.31s           2026-02-23T12:48:43
================================================================================
[2026-02-23T12:49:21.652+0000] {manager.py:893} INFO - 
================================================================================
DAG File Processing Stats

File Path                 PID    Runtime      # DAGs    # Errors  Last Runtime    Last Run
------------------------  -----  ---------  --------  ----------  --------------  -------------------
/opt/airflow/dags/dag.py                           1           0  0.32s           2026-02-23T12:49:13
================================================================================
[2026-02-23T12:49:24.667+0000] {manager.py:759} INFO - Searching for files in /opt/airflow/dags
[2026-02-23T12:49:24.680+0000] {manager.py:762} INFO - There are 1 files in /opt/airflow/dags
[2026-02-23T12:49:52.130+0000] {manager.py:893} INFO - 
================================================================================
DAG File Processing Stats

File Path                 PID    Runtime      # DAGs    # Errors  Last Runtime    Last Run
------------------------  -----  ---------  --------  ----------  --------------  -------------------
/opt/airflow/dags/dag.py                           1           0  0.31s           2026-02-23T12:49:44
================================================================================
[2026-02-23T12:50:22.605+0000] {manager.py:893} INFO - 
================================================================================
DAG File Processing Stats

File Path                 PID    Runtime      # DAGs    # Errors  Last Runtime    Last Run
------------------------  -----  ---------  --------  ----------  --------------  -------------------
/opt/airflow/dags/dag.py                           1           0  0.50s           2026-02-23T12:50:15
================================================================================
[2026-02-23T12:50:53.281+0000] {manager.py:893} INFO - 
================================================================================
DAG File Processing Stats

File Path                 PID    Runtime      # DAGs    # Errors  Last Runtime    Last Run
------------------------  -----  ---------  --------  ----------  --------------  -------------------
/opt/airflow/dags/dag.py                           1           0  0.32s           2026-02-23T12:50:45
================================================================================
[2026-02-23T12:51:23.764+0000] {manager.py:893} INFO - 
================================================================================
DAG File Processing Stats

File Path                 PID    Runtime      # DAGs    # Errors  Last Runtime    Last Run
------------------------  -----  ---------  --------  ----------  --------------  -------------------
/opt/airflow/dags/dag.py                           1           0  0.31s           2026-02-23T12:51:16
================================================================================
[2026-02-23T12:51:54.246+0000] {manager.py:893} INFO - 
================================================================================
DAG File Processing Stats

File Path                 PID    Runtime      # DAGs    # Errors  Last Runtime    Last Run
------------------------  -----  ---------  --------  ----------  --------------  -------------------
/opt/airflow/dags/dag.py                           1           0  0.31s           2026-02-23T12:51:46
================================================================================
[2026-02-23T12:52:24.721+0000] {manager.py:893} INFO - 
================================================================================
DAG File Processing Stats

File Path                 PID    Runtime      # DAGs    # Errors  Last Runtime    Last Run
------------------------  -----  ---------  --------  ----------  --------------  -------------------
/opt/airflow/dags/dag.py                           1           0  0.31s           2026-02-23T12:52:16
================================================================================
[2026-02-23T12:52:55.192+0000] {manager.py:893} INFO - 
================================================================================
DAG File Processing Stats

File Path                 PID    Runtime      # DAGs    # Errors  Last Runtime    Last Run
------------------------  -----  ---------  --------  ----------  --------------  -------------------
/opt/airflow/dags/dag.py                           1           0  0.32s           2026-02-23T12:52:47
================================================================================
[2026-02-23T12:53:25.670+0000] {manager.py:893} INFO - 
================================================================================
DAG File Processing Stats

File Path                 PID    Runtime      # DAGs    # Errors  Last Runtime    Last Run
------------------------  -----  ---------  --------  ----------  --------------  -------------------
/opt/airflow/dags/dag.py                           1           0  0.32s           2026-02-23T12:53:17
================================================================================
[2026-02-23T12:53:56.146+0000] {manager.py:893} INFO - 
================================================================================
DAG File Processing Stats

File Path                 PID    Runtime      # DAGs    # Errors  Last Runtime    Last Run
------------------------  -----  ---------  --------  ----------  --------------  -------------------
/opt/airflow/dags/dag.py                           1           0  0.32s           2026-02-23T12:53:48
================================================================================
[2026-02-23T12:54:24.943+0000] {manager.py:759} INFO - Searching for files in /opt/airflow/dags
[2026-02-23T12:54:24.953+0000] {manager.py:762} INFO - There are 1 files in /opt/airflow/dags
[2026-02-23T12:54:26.632+0000] {manager.py:893} INFO - 
================================================================================
DAG File Processing Stats

File Path                 PID    Runtime      # DAGs    # Errors  Last Runtime    Last Run
------------------------  -----  ---------  --------  ----------  --------------  -------------------
/opt/airflow/dags/dag.py                           1           0  0.32s           2026-02-23T12:54:18
================================================================================
[2026-02-23T12:54:57.135+0000] {manager.py:893} INFO - 
================================================================================
DAG File Processing Stats

File Path                 PID    Runtime      # DAGs    # Errors  Last Runtime    Last Run
------------------------  -----  ---------  --------  ----------  --------------  -------------------
/opt/airflow/dags/dag.py                           1           0  0.33s           2026-02-23T12:54:49
================================================================================
[2026-02-23T12:55:27.621+0000] {manager.py:893} INFO - 
================================================================================
DAG File Processing Stats

File Path                 PID    Runtime      # DAGs    # Errors  Last Runtime    Last Run
------------------------  -----  ---------  --------  ----------  --------------  -------------------
/opt/airflow/dags/dag.py                           1           0  0.32s           2026-02-23T12:55:19
================================================================================
[2026-02-23T12:55:58.098+0000] {manager.py:893} INFO - 
================================================================================
DAG File Processing Stats

File Path                 PID    Runtime      # DAGs    # Errors  Last Runtime    Last Run
------------------------  -----  ---------  --------  ----------  --------------  -------------------
/opt/airflow/dags/dag.py                           1           0  0.32s           2026-02-23T12:55:50
================================================================================
[2026-02-23T12:56:28.583+0000] {manager.py:893} INFO - 
================================================================================
DAG File Processing Stats

File Path                 PID    Runtime      # DAGs    # Errors  Last Runtime    Last Run
------------------------  -----  ---------  --------  ----------  --------------  -------------------
/opt/airflow/dags/dag.py                           1           0  0.33s           2026-02-23T12:56:20
================================================================================
[2026-02-23T12:56:59.072+0000] {manager.py:893} INFO - 
================================================================================
DAG File Processing Stats

File Path                 PID    Runtime      # DAGs    # Errors  Last Runtime    Last Run
------------------------  -----  ---------  --------  ----------  --------------  -------------------
/opt/airflow/dags/dag.py                           1           0  0.34s           2026-02-23T12:56:51
================================================================================
[2026-02-23T12:57:29.582+0000] {manager.py:893} INFO - 
================================================================================
DAG File Processing Stats

File Path                 PID    Runtime      # DAGs    # Errors  Last Runtime    Last Run
------------------------  -----  ---------  --------  ----------  --------------  -------------------
/opt/airflow/dags/dag.py                           1           0  0.31s           2026-02-23T12:57:21
================================================================================
[2026-02-23T12:58:00.062+0000] {manager.py:893} INFO - 
================================================================================
DAG File Processing Stats

File Path                 PID    Runtime      # DAGs    # Errors  Last Runtime    Last Run
------------------------  -----  ---------  --------  ----------  --------------  -------------------
/opt/airflow/dags/dag.py                           1           0  0.32s           2026-02-23T12:57:52
================================================================================
[2026-02-23T12:58:30.532+0000] {manager.py:893} INFO - 
================================================================================
DAG File Processing Stats

File Path                 PID    Runtime      # DAGs    # Errors  Last Runtime    Last Run
------------------------  -----  ---------  --------  ----------  --------------  -------------------
/opt/airflow/dags/dag.py                           1           0  0.32s           2026-02-23T12:58:22
================================================================================
[2026-02-23T12:59:01.021+0000] {manager.py:893} INFO - 
================================================================================
DAG File Processing Stats

File Path                 PID    Runtime      # DAGs    # Errors  Last Runtime    Last Run
------------------------  -----  ---------  --------  ----------  --------------  -------------------
/opt/airflow/dags/dag.py                           1           0  0.32s           2026-02-23T12:58:53
================================================================================
[2026-02-23T12:59:25.469+0000] {manager.py:759} INFO - Searching for files in /opt/airflow/dags
[2026-02-23T12:59:25.480+0000] {manager.py:762} INFO - There are 1 files in /opt/airflow/dags
[2026-02-23T12:59:31.522+0000] {manager.py:893} INFO - 
================================================================================
DAG File Processing Stats

File Path                 PID    Runtime      # DAGs    # Errors  Last Runtime    Last Run
------------------------  -----  ---------  --------  ----------  --------------  -------------------
/opt/airflow/dags/dag.py                           1           0  0.32s           2026-02-23T12:59:23
================================================================================
[2026-02-23T13:00:01.989+0000] {manager.py:893} INFO - 
================================================================================
DAG File Processing Stats

File Path                 PID    Runtime      # DAGs    # Errors  Last Runtime    Last Run
------------------------  -----  ---------  --------  ----------  --------------  -------------------
/opt/airflow/dags/dag.py                           1           0  0.32s           2026-02-23T12:59:54
================================================================================
[2026-02-23T13:00:32.482+0000] {manager.py:893} INFO - 
================================================================================
DAG File Processing Stats

File Path                 PID    Runtime      # DAGs    # Errors  Last Runtime    Last Run
------------------------  -----  ---------  --------  ----------  --------------  -------------------
/opt/airflow/dags/dag.py                           1           0  0.33s           2026-02-23T13:00:24
================================================================================
[2026-02-23T13:01:02.988+0000] {manager.py:893} INFO - 
================================================================================
DAG File Processing Stats

File Path                 PID    Runtime      # DAGs    # Errors  Last Runtime    Last Run
------------------------  -----  ---------  --------  ----------  --------------  -------------------
/opt/airflow/dags/dag.py                           1           0  0.32s           2026-02-23T13:00:55
================================================================================
[2026-02-23T13:01:33.478+0000] {manager.py:893} INFO - 
================================================================================
DAG File Processing Stats

File Path                 PID    Runtime      # DAGs    # Errors  Last Runtime    Last Run
------------------------  -----  ---------  --------  ----------  --------------  -------------------
/opt/airflow/dags/dag.py                           1           0  0.33s           2026-02-23T13:01:25
================================================================================
[2026-02-23T13:02:03.973+0000] {manager.py:893} INFO - 
================================================================================
DAG File Processing Stats

File Path                 PID    Runtime      # DAGs    # Errors  Last Runtime    Last Run
------------------------  -----  ---------  --------  ----------  --------------  -------------------
/opt/airflow/dags/dag.py                           1           0  0.32s           2026-02-23T13:01:56
================================================================================
[2026-02-23T13:02:34.455+0000] {manager.py:893} INFO - 
================================================================================
DAG File Processing Stats

File Path                 PID    Runtime      # DAGs    # Errors  Last Runtime    Last Run
------------------------  -----  ---------  --------  ----------  --------------  -------------------
/opt/airflow/dags/dag.py                           1           0  0.32s           2026-02-23T13:02:26
================================================================================
[2026-02-23T13:03:04.936+0000] {manager.py:893} INFO - 
================================================================================
DAG File Processing Stats

File Path                 PID    Runtime      # DAGs    # Errors  Last Runtime    Last Run
------------------------  -----  ---------  --------  ----------  --------------  -------------------
/opt/airflow/dags/dag.py                           1           0  0.33s           2026-02-23T13:02:57
================================================================================
[2026-02-23T13:03:35.427+0000] {manager.py:893} INFO - 
================================================================================
DAG File Processing Stats

File Path                 PID    Runtime      # DAGs    # Errors  Last Runtime    Last Run
------------------------  -----  ---------  --------  ----------  --------------  -------------------
/opt/airflow/dags/dag.py                           1           0  0.33s           2026-02-23T13:03:27
================================================================================
[2026-02-23T13:04:05.919+0000] {manager.py:893} INFO - 
================================================================================
DAG File Processing Stats

File Path                 PID    Runtime      # DAGs    # Errors  Last Runtime    Last Run
------------------------  -----  ---------  --------  ----------  --------------  -------------------
/opt/airflow/dags/dag.py                           1           0  0.32s           2026-02-23T13:03:58
================================================================================
[2026-02-23T13:04:26.027+0000] {manager.py:759} INFO - Searching for files in /opt/airflow/dags
[2026-02-23T13:04:26.039+0000] {manager.py:762} INFO - There are 1 files in /opt/airflow/dags
[2026-02-23T13:04:36.408+0000] {manager.py:893} INFO - 
================================================================================
DAG File Processing Stats

File Path                 PID    Runtime      # DAGs    # Errors  Last Runtime    Last Run
------------------------  -----  ---------  --------  ----------  --------------  -------------------
/opt/airflow/dags/dag.py                           1           0  0.33s           2026-02-23T13:04:28
================================================================================
[2026-02-23T13:05:06.894+0000] {manager.py:893} INFO - 
================================================================================
DAG File Processing Stats

File Path                 PID    Runtime      # DAGs    # Errors  Last Runtime    Last Run
------------------------  -----  ---------  --------  ----------  --------------  -------------------
/opt/airflow/dags/dag.py                           1           0  0.32s           2026-02-23T13:04:59
================================================================================
[2026-02-23T13:05:37.384+0000] {manager.py:893} INFO - 
================================================================================
DAG File Processing Stats

File Path                 PID    Runtime      # DAGs    # Errors  Last Runtime    Last Run
------------------------  -----  ---------  --------  ----------  --------------  -------------------
/opt/airflow/dags/dag.py                           1           0  0.33s           2026-02-23T13:05:29
================================================================================
[2026-02-23T13:06:07.873+0000] {manager.py:893} INFO - 
================================================================================
DAG File Processing Stats

File Path                 PID    Runtime      # DAGs    # Errors  Last Runtime    Last Run
------------------------  -----  ---------  --------  ----------  --------------  -------------------
/opt/airflow/dags/dag.py                           1           0  0.33s           2026-02-23T13:06:00
================================================================================
[2026-02-23T13:06:38.375+0000] {manager.py:893} INFO - 
================================================================================
DAG File Processing Stats

File Path                 PID    Runtime      # DAGs    # Errors  Last Runtime    Last Run
------------------------  -----  ---------  --------  ----------  --------------  -------------------
/opt/airflow/dags/dag.py                           1           0  0.35s           2026-02-23T13:06:30
================================================================================
[2026-02-23T13:07:08.908+0000] {manager.py:893} INFO - 
================================================================================
DAG File Processing Stats

File Path                 PID    Runtime      # DAGs    # Errors  Last Runtime    Last Run
------------------------  -----  ---------  --------  ----------  --------------  -------------------
/opt/airflow/dags/dag.py                           1           0  0.32s           2026-02-23T13:07:01
================================================================================
[2026-02-23T13:07:39.399+0000] {manager.py:893} INFO - 
================================================================================
DAG File Processing Stats

File Path                 PID    Runtime      # DAGs    # Errors  Last Runtime    Last Run
------------------------  -----  ---------  --------  ----------  --------------  -------------------
/opt/airflow/dags/dag.py                           1           0  0.32s           2026-02-23T13:07:31
================================================================================
[2026-02-23T13:08:09.898+0000] {manager.py:893} INFO - 
================================================================================
DAG File Processing Stats

File Path                 PID    Runtime      # DAGs    # Errors  Last Runtime    Last Run
------------------------  -----  ---------  --------  ----------  --------------  -------------------
/opt/airflow/dags/dag.py                           1           0  0.34s           2026-02-23T13:08:02
================================================================================
[2026-02-23T13:08:40.407+0000] {manager.py:893} INFO - 
================================================================================
DAG File Processing Stats

File Path                 PID    Runtime      # DAGs    # Errors  Last Runtime    Last Run
------------------------  -----  ---------  --------  ----------  --------------  -------------------
/opt/airflow/dags/dag.py                           1           0  0.32s           2026-02-23T13:08:32
================================================================================
[2026-02-23T13:09:10.901+0000] {manager.py:893} INFO - 
================================================================================
DAG File Processing Stats

File Path                 PID    Runtime      # DAGs    # Errors  Last Runtime    Last Run
------------------------  -----  ---------  --------  ----------  --------------  -------------------
/opt/airflow/dags/dag.py                           1           0  0.33s           2026-02-23T13:09:03
================================================================================
[2026-02-23T13:09:26.305+0000] {manager.py:759} INFO - Searching for files in /opt/airflow/dags
[2026-02-23T13:09:26.316+0000] {manager.py:762} INFO - There are 1 files in /opt/airflow/dags
[2026-02-23T13:09:41.417+0000] {manager.py:893} INFO - 
================================================================================
DAG File Processing Stats

File Path                 PID    Runtime      # DAGs    # Errors  Last Runtime    Last Run
------------------------  -----  ---------  --------  ----------  --------------  -------------------
/opt/airflow/dags/dag.py                           1           0  0.32s           2026-02-23T13:09:33
================================================================================
[2026-02-23T13:10:11.913+0000] {manager.py:893} INFO - 
================================================================================
DAG File Processing Stats

File Path                 PID    Runtime      # DAGs    # Errors  Last Runtime    Last Run
------------------------  -----  ---------  --------  ----------  --------------  -------------------
/opt/airflow/dags/dag.py                           1           0  0.32s           2026-02-23T13:10:04
================================================================================
[2026-02-23T13:10:42.421+0000] {manager.py:893} INFO - 
================================================================================
DAG File Processing Stats

File Path                 PID    Runtime      # DAGs    # Errors  Last Runtime    Last Run
------------------------  -----  ---------  --------  ----------  --------------  -------------------
/opt/airflow/dags/dag.py                           1           0  0.35s           2026-02-23T13:10:34
================================================================================
[2026-02-23T13:11:12.937+0000] {manager.py:893} INFO - 
================================================================================
DAG File Processing Stats

File Path                 PID    Runtime      # DAGs    # Errors  Last Runtime    Last Run
------------------------  -----  ---------  --------  ----------  --------------  -------------------
/opt/airflow/dags/dag.py                           1           0  0.32s           2026-02-23T13:11:05
================================================================================
[2026-02-23T13:11:43.422+0000] {manager.py:893} INFO - 
================================================================================
DAG File Processing Stats

File Path                 PID    Runtime      # DAGs    # Errors  Last Runtime    Last Run
------------------------  -----  ---------  --------  ----------  --------------  -------------------
/opt/airflow/dags/dag.py                           1           0  0.34s           2026-02-23T13:11:35
================================================================================
[2026-02-23T13:12:13.421+0000] {manager.py:893} INFO - 
================================================================================
DAG File Processing Stats

File Path                 PID    Runtime      # DAGs    # Errors  Last Runtime    Last Run
------------------------  -----  ---------  --------  ----------  --------------  -------------------
/opt/airflow/dags/dag.py                           1           0  0.37s           2026-02-23T13:12:06
================================================================================
[2026-02-23T13:12:43.592+0000] {manager.py:893} INFO - 
================================================================================
DAG File Processing Stats

File Path                 PID    Runtime      # DAGs    # Errors  Last Runtime    Last Run
------------------------  -----  ---------  --------  ----------  --------------  -------------------
/opt/airflow/dags/dag.py                           1           0  0.35s           2026-02-23T13:12:36
================================================================================
[2026-02-23T13:13:14.092+0000] {manager.py:893} INFO - 
================================================================================
DAG File Processing Stats

File Path                 PID    Runtime      # DAGs    # Errors  Last Runtime    Last Run
------------------------  -----  ---------  --------  ----------  --------------  -------------------
/opt/airflow/dags/dag.py                           1           0  0.36s           2026-02-23T13:13:07
================================================================================
[2026-02-23T13:13:44.235+0000] {manager.py:893} INFO - 
================================================================================
DAG File Processing Stats

File Path                 PID    Runtime      # DAGs    # Errors  Last Runtime    Last Run
------------------------  -----  ---------  --------  ----------  --------------  -------------------
/opt/airflow/dags/dag.py                           1           0  0.59s           2026-02-23T13:13:38
================================================================================
[2026-02-23T13:14:14.799+0000] {manager.py:893} INFO - 
================================================================================
DAG File Processing Stats

File Path                 PID    Runtime      # DAGs    # Errors  Last Runtime    Last Run
------------------------  -----  ---------  --------  ----------  --------------  -------------------
/opt/airflow/dags/dag.py                           1           0  0.38s           2026-02-23T13:14:08
================================================================================
[2026-02-23T13:14:26.870+0000] {manager.py:759} INFO - Searching for files in /opt/airflow/dags
[2026-02-23T13:14:26.881+0000] {manager.py:762} INFO - There are 1 files in /opt/airflow/dags
[2026-02-23T13:14:45.024+0000] {manager.py:893} INFO - 
================================================================================
DAG File Processing Stats

File Path                 PID    Runtime      # DAGs    # Errors  Last Runtime    Last Run
------------------------  -----  ---------  --------  ----------  --------------  -------------------
/opt/airflow/dags/dag.py                           1           0  0.36s           2026-02-23T13:14:39
================================================================================
